employee_id,signing_bonus,salary,degree_level,sex,yrs_experience,boss_id,dept
138719,0,273000.0,Master,M,2,43602,engineering
3192,0,301000.0,Bachelor,F,1,87847,sales
114657,0,261000.0,Master,F,2,180854,sales
29039,0,86000.0,High_School,F,4,88370,HR
118607,0,126000.0,Bachelor,F,3,23565,sales
91334,0,221000.0,PhD,F,2,62990,sales
101901,1,194000.0,PhD,M,12,7558,engineering
171111,1,119000.0,Master,F,1,30468,engineering
23443,1,217000.0,PhD,M,8,130585,sales
24195,0,230000.0,Master,M,4,1050,engineering
184295,0,218000.0,PhD,M,5,18627,marketing
153551,0,232000.0,PhD,M,10,47755,sales
104709,0,320000.0,PhD,M,6,94683,marketing
175864,0,394000.0,Master,M,5,110091,engineering
113738,1,204000.0,Bachelor,M,4,112643,sales
23737,0,76000.0,Bachelor,F,13,198893,HR
27476,0,358000.0,Bachelor,F,3,56451,sales
25181,0,171000.0,PhD,M,2,154381,sales
98520,0,300000.0,Master,M,7,70434,marketing
78629,0,187000.0,PhD,M,6,46997,sales
161480,0,287000.0,PhD,M,3,80728,engineering
32443,0,73000.0,High_School,M,3,183283,HR
37097,0,196000.0,Bachelor,M,3,192145,sales
121956,0,281000.0,High_School,F,3,85791,sales
186463,1,82000.0,Master,M,1,154891,engineering
186082,0,343000.0,PhD,M,1,175365,marketing
72481,0,160000.0,Master,M,7,182116,sales
195194,1,88000.0,High_School,F,1,39460,HR
161633,0,90000.0,PhD,F,5,43937,HR
121680,0,64000.0,High_School,M,3,54315,sales
189061,0,387000.0,High_School,M,7,116750,engineering
28915,1,122000.0,PhD,M,4,18939,sales
96249,0,345000.0,PhD,M,4,8856,marketing
76886,1,234000.0,Bachelor,M,5,153291,sales
66641,0,204000.0,PhD,M,1,198814,marketing
129610,0,113000.0,Bachelor,M,3,156927,marketing
88697,0,139000.0,Bachelor,M,1,180924,marketing
33686,0,192000.0,Bachelor,F,2,181219,marketing
198880,1,219000.0,Master,M,5,175593,sales
45482,1,110000.0,PhD,M,4,85717,sales
77317,1,135000.0,Bachelor,M,1,116774,engineering
15460,0,185000.0,Master,M,1,97878,sales
134371,0,239000.0,Master,F,8,103448,sales
66892,0,137000.0,High_School,F,2,195165,engineering
166336,0,119000.0,Bachelor,M,1,11275,marketing
181529,1,232000.0,High_School,F,5,177805,marketing
64364,0,313000.0,Master,M,5,12877,engineering
114955,0,309000.0,Master,F,1,64750,engineering
18742,0,109000.0,Master,F,1,139278,HR
132916,1,252000.0,High_School,M,3,69379,sales
76511,0,342000.0,Bachelor,M,3,144219,engineering
184214,0,146000.0,Bachelor,M,3,39417,engineering
10786,0,86000.0,Bachelor,M,10,165426,HR
114682,1,215000.0,Master,M,4,160169,sales
86656,0,302000.0,Bachelor,M,7,53109,sales
90984,1,363000.0,Master,M,4,29547,engineering
133819,0,322000.0,Bachelor,M,2,63077,sales
110797,0,361000.0,High_School,M,3,147249,engineering
198020,1,111000.0,High_School,F,1,177495,HR
39347,0,265000.0,High_School,M,4,66692,sales
55947,1,234000.0,Bachelor,F,1,176415,engineering
81158,1,183000.0,High_School,M,5,26757,marketing
115423,0,97000.0,Bachelor,M,1,141317,sales
137829,0,201000.0,High_School,M,7,191649,sales
91575,0,64000.0,Bachelor,M,3,199950,HR
187053,0,97000.0,Master,M,5,194121,engineering
142391,1,86000.0,Bachelor,M,3,53677,HR
56162,0,60000.0,High_School,F,1,21086,HR
196011,1,165000.0,Bachelor,M,2,189222,engineering
179787,1,125000.0,Master,M,4,18939,sales
172787,0,141000.0,PhD,M,7,78215,sales
57693,1,317000.0,PhD,M,3,69728,engineering
7227,0,192000.0,Bachelor,M,9,90237,sales
33814,0,95000.0,PhD,M,16,190801,engineering
48247,0,98000.0,High_School,F,1,81421,HR
185330,1,320000.0,PhD,M,3,144928,sales
45652,0,128000.0,Bachelor,F,1,190566,marketing
112245,1,274000.0,PhD,F,9,47755,sales
55269,0,99000.0,Bachelor,M,2,109254,sales
95838,0,64000.0,Bachelor,F,7,10786,HR
8711,0,250000.0,PhD,M,10,24489,marketing
21150,1,184000.0,Master,F,3,29960,marketing
65584,0,152000.0,High_School,M,5,19424,engineering
178821,0,174000.0,PhD,M,7,50761,marketing
198314,0,62000.0,Bachelor,M,2,9239,sales
89494,1,228000.0,Master,F,4,186086,engineering
76056,1,212000.0,PhD,M,7,112245,sales
174654,0,94000.0,PhD,F,5,56316,sales
6417,0,88000.0,Bachelor,M,2,67522,sales
149135,0,91000.0,Bachelor,M,8,119481,engineering
120912,0,95000.0,High_School,M,6,51923,HR
14736,0,95000.0,PhD,M,3,172948,HR
53438,1,279000.0,PhD,M,5,74264,marketing
142155,0,366000.0,PhD,M,1,128511,engineering
1791,0,95000.0,Bachelor,F,10,99397,HR
56244,0,86000.0,PhD,F,6,167188,HR
87999,0,362000.0,High_School,M,1,167877,sales
9036,1,283000.0,Bachelor,M,1,198531,sales
34510,0,232000.0,PhD,M,4,32572,marketing
175786,0,66000.0,PhD,F,7,181781,HR
148355,0,198000.0,Master,F,2,63077,sales
120086,0,262000.0,High_School,M,3,134048,sales
112523,0,82000.0,PhD,F,2,754,HR
43986,0,66000.0,Master,F,5,184885,HR
128528,0,83000.0,PhD,F,1,742,HR
148564,0,316000.0,Bachelor,M,3,66306,engineering
68881,0,69000.0,Master,F,3,164501,HR
98619,1,317000.0,PhD,M,3,60489,marketing
136229,0,155000.0,Bachelor,M,5,181421,sales
194889,0,183000.0,Bachelor,M,5,167877,sales
9059,1,72000.0,Bachelor,M,2,79237,marketing
73211,1,386000.0,PhD,M,7,183045,engineering
133465,1,62000.0,High_School,M,5,178954,engineering
99319,0,217000.0,High_School,M,2,12679,sales
196484,0,106000.0,PhD,M,19,176424,marketing
26635,0,123000.0,Master,M,9,65126,marketing
194871,0,192000.0,High_School,M,5,149135,engineering
134474,0,95000.0,PhD,F,8,35499,sales
23100,1,136000.0,PhD,M,11,132307,engineering
19961,1,391000.0,High_School,F,2,101901,engineering
72338,0,247000.0,Master,F,3,132283,engineering
194169,1,92000.0,Master,M,3,169231,sales
47487,1,122000.0,PhD,M,2,1610,engineering
16959,0,150000.0,Bachelor,F,7,160289,sales
70361,0,376000.0,Master,M,3,113566,engineering
97248,0,70000.0,High_School,F,4,55636,HR
85273,1,159000.0,Bachelor,M,2,8711,marketing
192719,0,225000.0,High_School,M,2,29960,marketing
45301,0,224000.0,PhD,F,1,11275,marketing
1285,0,333000.0,Bachelor,M,2,122197,engineering
140206,0,265000.0,Master,F,6,27704,sales
141079,0,283000.0,Bachelor,M,14,119481,engineering
69274,0,117000.0,Bachelor,M,1,73893,sales
154782,0,106000.0,High_School,M,3,25805,sales
7469,1,74000.0,High_School,F,1,144928,sales
120216,1,249000.0,High_School,M,3,127544,sales
111447,0,177000.0,PhD,M,1,8663,sales
103466,1,214000.0,Master,M,3,191454,marketing
88007,0,275000.0,Master,F,13,154897,sales
29419,0,168000.0,Bachelor,F,1,98520,marketing
60609,0,128000.0,Bachelor,F,3,94454,sales
112433,0,62000.0,PhD,F,1,23737,HR
126976,0,80000.0,PhD,F,2,197896,HR
163892,0,121000.0,High_School,M,1,132399,sales
178923,1,352000.0,Master,M,3,141079,engineering
104966,1,292000.0,PhD,M,4,148236,sales
93962,1,175000.0,Bachelor,M,7,87330,engineering
147679,0,194000.0,High_School,M,4,73982,sales
81577,0,146000.0,Master,F,2,191649,sales
136040,0,167000.0,Master,F,4,93223,engineering
193600,1,80000.0,PhD,F,6,23737,HR
189420,0,317000.0,PhD,M,2,69200,sales
17670,1,303000.0,High_School,F,4,29547,engineering
165978,1,261000.0,High_School,M,5,73489,sales
102210,0,163000.0,Bachelor,M,1,8182,sales
113028,0,87000.0,High_School,F,4,172541,HR
77923,0,70000.0,Master,F,7,183283,HR
142275,0,349000.0,PhD,F,4,51288,engineering
195540,0,205000.0,Master,M,4,147106,sales
68486,0,87000.0,Master,F,5,172541,HR
41080,0,115000.0,Master,F,11,77851,sales
88335,0,149000.0,Bachelor,M,1,65883,marketing
61136,0,226000.0,High_School,F,6,112643,sales
175361,0,234000.0,Bachelor,M,14,100942,sales
59052,0,79000.0,PhD,F,3,29733,HR
173017,0,116000.0,High_School,M,4,164501,HR
112097,0,83000.0,Master,F,1,4384,HR
152964,0,133000.0,PhD,M,3,29712,engineering
93073,1,215000.0,High_School,M,6,107547,sales
82835,0,184000.0,Master,M,1,96420,sales
190004,1,322000.0,PhD,F,1,196660,sales
35114,0,68000.0,Master,M,6,92585,marketing
153735,1,262000.0,Bachelor,M,3,76073,engineering
80661,0,177000.0,High_School,F,2,170431,marketing
125799,1,386000.0,Bachelor,M,4,132683,engineering
78200,0,79000.0,High_School,F,7,39460,HR
172717,0,70000.0,High_School,F,11,41533,HR
123040,1,174000.0,Master,M,1,110091,engineering
178134,1,284000.0,Master,F,1,55858,engineering
182996,0,307000.0,Master,M,4,32510,sales
124589,0,61000.0,High_School,F,2,126515,HR
104569,1,251000.0,High_School,M,2,134048,sales
172566,0,61000.0,High_School,F,4,31063,HR
5743,0,111000.0,PhD,M,12,49727,sales
74062,1,397000.0,PhD,M,33,110464,marketing
23759,0,93000.0,Bachelor,F,3,92210,sales
98855,1,342000.0,Bachelor,M,3,177166,engineering
56376,1,358000.0,PhD,M,2,67522,sales
8288,1,243000.0,Master,F,1,26468,engineering
85717,0,92000.0,Bachelor,F,8,47127,sales
61234,0,70000.0,Master,M,2,15768,HR
102684,0,86000.0,Master,F,2,92713,sales
156075,1,253000.0,Master,M,3,176415,engineering
160618,0,161000.0,PhD,M,6,83356,sales
22316,1,156000.0,Master,M,5,166729,marketing
126031,0,265000.0,Bachelor,M,2,70406,marketing
127788,0,227000.0,High_School,M,6,186283,engineering
153290,0,234000.0,PhD,M,1,102815,sales
128120,0,123000.0,High_School,M,1,100373,HR
137270,0,87000.0,Master,M,4,180006,HR
123270,0,264000.0,Bachelor,M,3,147642,sales
66090,1,349000.0,Master,M,20,34280,sales
135015,0,83000.0,Bachelor,F,8,171499,engineering
12028,1,225000.0,Bachelor,M,1,87613,engineering
121294,0,126000.0,Master,F,3,77844,sales
46026,1,103000.0,Bachelor,F,3,125114,HR
78743,0,203000.0,High_School,M,2,4421,sales
162877,0,126000.0,Master,M,6,199282,marketing
173465,0,63000.0,Bachelor,F,1,175548,HR
55493,0,251000.0,Master,M,4,102815,sales
52651,1,143000.0,PhD,F,1,128511,engineering
173786,1,188000.0,Bachelor,F,2,12679,sales
11627,0,141000.0,High_School,M,8,147783,sales
80889,0,90000.0,Bachelor,F,5,165442,sales
159070,0,66000.0,PhD,F,2,189742,HR
72655,0,202000.0,Master,M,2,78874,sales
120750,0,164000.0,Master,M,1,167877,sales
79637,0,91000.0,Bachelor,M,7,51923,HR
32193,1,177000.0,PhD,M,4,12877,engineering
134874,0,136000.0,Bachelor,M,4,91124,sales
139720,0,116000.0,PhD,M,4,74264,marketing
144872,0,117000.0,Master,M,6,183283,HR
108164,1,236000.0,PhD,M,4,32510,sales
41811,0,251000.0,Bachelor,M,2,116119,marketing
94871,1,185000.0,PhD,M,4,160476,sales
51549,1,175000.0,Bachelor,M,6,199184,sales
161037,0,70000.0,Master,F,9,174009,HR
163049,0,260000.0,Bachelor,F,13,56068,sales
177283,0,102000.0,Bachelor,F,1,160289,sales
21566,1,204000.0,PhD,M,3,41080,sales
34520,0,219000.0,Master,F,3,16073,marketing
66792,0,287000.0,Bachelor,F,2,52525,engineering
109934,0,141000.0,Master,F,2,180924,marketing
5448,1,171000.0,PhD,M,1,130585,sales
34837,0,311000.0,Bachelor,M,3,21470,marketing
3157,1,154000.0,PhD,F,1,98520,marketing
2112,1,332000.0,Bachelor,M,2,78516,sales
149037,0,72000.0,PhD,M,1,11507,HR
195820,0,194000.0,High_School,M,5,186086,engineering
51827,0,228000.0,PhD,F,1,16510,sales
163751,0,221000.0,Bachelor,F,3,57316,sales
168564,0,160000.0,PhD,M,9,8665,sales
188215,0,132000.0,Bachelor,M,4,77556,HR
3802,1,122000.0,PhD,F,15,133795,engineering
131620,1,236000.0,Master,M,9,40475,sales
180925,1,255000.0,Bachelor,M,9,141808,sales
77311,1,267000.0,Master,M,3,168342,engineering
144949,1,238000.0,Bachelor,F,1,47618,marketing
21387,0,248000.0,Master,M,3,168905,engineering
90566,0,190000.0,PhD,F,4,66591,sales
26839,1,223000.0,Bachelor,M,2,181787,marketing
19746,0,170000.0,PhD,F,4,76135,marketing
50427,1,182000.0,PhD,M,1,132283,engineering
81853,0,77000.0,Bachelor,F,3,61517,HR
56110,1,360000.0,Master,M,2,30640,engineering
173360,0,295000.0,Bachelor,M,6,81811,sales
94392,0,394000.0,Master,M,3,39417,engineering
133570,0,260000.0,Bachelor,F,3,147249,engineering
136398,0,61000.0,Master,F,3,180006,HR
55476,1,76000.0,Bachelor,M,11,82419,marketing
176610,0,92000.0,PhD,F,4,142276,HR
55160,1,260000.0,Master,F,2,27781,marketing
144675,0,262000.0,Bachelor,M,1,181219,marketing
91088,1,185000.0,Master,M,3,193518,sales
106770,0,181000.0,Master,M,2,156927,marketing
169231,0,162000.0,PhD,M,5,164851,sales
25934,1,282000.0,Bachelor,M,2,154285,engineering
157239,0,322000.0,PhD,F,4,180854,sales
16619,0,178000.0,Bachelor,M,3,57316,sales
13924,0,86000.0,High_School,F,1,64087,HR
161070,1,154000.0,High_School,M,1,90237,sales
121293,1,201000.0,Bachelor,M,1,167389,sales
45128,1,220000.0,Master,F,1,89837,marketing
160557,0,219000.0,Bachelor,M,2,69345,sales
7118,0,244000.0,Master,M,2,95169,sales
120037,0,160000.0,Master,M,2,38308,marketing
71532,0,252000.0,PhD,M,6,109308,marketing
158723,0,134000.0,PhD,F,1,180037,sales
6670,1,376000.0,Bachelor,F,1,67931,engineering
43386,1,241000.0,PhD,M,4,113189,sales
98047,0,93000.0,High_School,M,5,178314,marketing
100144,0,160000.0,Master,M,2,94611,engineering
104432,0,242000.0,High_School,F,1,144401,sales
164347,1,297000.0,Master,M,4,153551,sales
81227,0,93000.0,PhD,M,3,29733,HR
187469,0,145000.0,Bachelor,M,5,152960,sales
100883,0,225000.0,Bachelor,F,3,180037,sales
86703,0,122000.0,Master,M,2,158888,sales
81363,0,208000.0,Bachelor,M,3,4440,marketing
99414,0,162000.0,Bachelor,M,1,181219,marketing
92314,1,98000.0,Bachelor,F,3,80043,HR
163884,0,232000.0,Bachelor,F,1,12679,sales
87379,0,174000.0,Bachelor,M,19,176367,engineering
46653,1,343000.0,PhD,M,4,34134,sales
5282,0,267000.0,Bachelor,M,5,32248,sales
40494,0,107000.0,PhD,F,2,150189,HR
191083,1,68000.0,PhD,M,4,37154,marketing
27731,0,321000.0,Bachelor,M,3,73034,engineering
198910,0,376000.0,Master,M,2,82698,sales
65522,0,204000.0,Master,M,4,34051,sales
114858,1,278000.0,PhD,M,9,189222,engineering
10492,0,199000.0,Bachelor,M,2,198531,sales
118909,0,165000.0,PhD,M,3,5374,sales
159906,0,105000.0,Bachelor,M,2,65174,sales
117052,0,337000.0,Bachelor,F,3,48742,engineering
35357,0,231000.0,Master,M,8,81811,sales
27293,0,169000.0,Bachelor,M,4,56451,sales
145164,0,292000.0,PhD,M,3,19424,engineering
175253,0,192000.0,Master,M,5,148260,marketing
144365,1,243000.0,PhD,M,2,41335,engineering
43243,0,261000.0,Master,F,1,193763,engineering
51121,0,110000.0,High_School,F,5,59566,HR
4264,0,200000.0,Master,F,1,82463,marketing
165620,0,240000.0,Master,M,2,55481,engineering
197158,0,88000.0,Master,F,3,175548,HR
16708,0,155000.0,PhD,M,3,33266,marketing
18676,0,277000.0,Bachelor,M,1,147642,sales
66023,1,361000.0,Bachelor,M,1,102102,sales
174580,1,120000.0,PhD,M,3,194078,marketing
134816,0,148000.0,High_School,F,1,52796,sales
37407,0,387000.0,High_School,M,2,7255,engineering
177876,0,164000.0,Bachelor,M,4,175558,engineering
174478,0,182000.0,PhD,F,6,64452,sales
104365,1,216000.0,PhD,M,3,141079,engineering
137130,0,268000.0,High_School,M,2,198531,sales
111821,0,290000.0,High_School,M,2,189038,engineering
113231,0,65000.0,Bachelor,M,5,11275,marketing
181772,1,99000.0,Bachelor,M,9,54963,sales
186649,0,180000.0,Bachelor,M,2,126330,engineering
69382,1,232000.0,High_School,M,4,111082,sales
67522,0,124000.0,Master,M,5,141808,sales
46107,0,179000.0,Bachelor,M,4,73846,sales
40213,0,163000.0,Bachelor,M,4,27393,sales
18489,0,226000.0,Bachelor,M,5,82657,sales
101777,1,61000.0,PhD,F,1,31063,HR
107224,0,95000.0,Bachelor,F,4,123502,HR
134582,1,345000.0,Master,M,4,145710,engineering
81226,0,76000.0,Master,M,1,22887,HR
178457,0,299000.0,PhD,F,5,143317,sales
173673,1,93000.0,Master,M,4,98520,marketing
174959,1,242000.0,Bachelor,F,1,113245,sales
70399,1,112000.0,Master,F,1,181781,HR
67748,0,328000.0,High_School,M,6,144976,sales
180478,0,371000.0,High_School,M,1,149135,engineering
125339,0,212000.0,Master,F,4,111508,marketing
147776,0,355000.0,Bachelor,M,4,79735,engineering
173085,0,347000.0,Bachelor,F,4,101484,engineering
182765,0,365000.0,PhD,M,3,148260,marketing
27285,1,260000.0,Master,F,5,152791,sales
65379,1,67000.0,PhD,M,5,180854,sales
56198,1,228000.0,PhD,M,2,132360,sales
115176,1,101000.0,Master,F,2,177805,marketing
27718,0,78000.0,Master,F,3,89619,HR
191778,0,201000.0,Bachelor,F,8,155437,engineering
196043,0,173000.0,PhD,F,5,148032,sales
169319,0,83000.0,Bachelor,M,1,183283,HR
185639,1,276000.0,Master,M,1,92765,engineering
30040,1,99000.0,Master,F,2,189148,HR
167986,0,164000.0,Bachelor,M,4,109254,sales
133424,1,136000.0,Bachelor,M,4,95609,sales
13959,0,129000.0,Master,F,5,102498,HR
165794,1,69000.0,Bachelor,F,5,47260,HR
110529,0,166000.0,Master,F,4,48742,engineering
143888,0,88000.0,Bachelor,M,5,67178,HR
175358,0,133000.0,Master,M,3,198531,sales
57920,1,103000.0,Bachelor,F,2,115349,sales
173458,1,287000.0,PhD,M,4,1872,engineering
142745,0,93000.0,High_School,F,1,1791,HR
65782,0,142000.0,PhD,M,5,5282,sales
36498,0,377000.0,High_School,M,3,79807,engineering
151070,0,90000.0,Bachelor,M,3,159638,HR
176900,0,253000.0,PhD,M,5,162196,engineering
4781,0,159000.0,High_School,F,2,149696,sales
166653,0,209000.0,Bachelor,F,3,146629,engineering
146858,1,202000.0,PhD,F,1,126257,engineering
26109,1,140000.0,Bachelor,M,1,145126,sales
75374,1,301000.0,PhD,F,6,160618,sales
92990,1,274000.0,Bachelor,M,5,87929,sales
34525,0,84000.0,PhD,M,6,168942,HR
79698,0,114000.0,Bachelor,F,1,190778,marketing
181041,0,65000.0,Bachelor,F,4,103884,HR
80762,0,269000.0,Master,F,2,26757,marketing
46456,0,213000.0,Bachelor,M,5,175361,sales
8263,0,388000.0,PhD,M,7,150300,marketing
77946,1,314000.0,PhD,M,2,101819,engineering
173255,0,75000.0,Master,F,8,184885,HR
144110,0,83000.0,Master,M,3,129734,engineering
28167,1,67000.0,PhD,M,4,191083,marketing
17790,1,138000.0,High_School,M,5,147715,sales
124893,0,287000.0,PhD,M,18,149778,marketing
181421,0,304000.0,Master,M,5,107049,sales
129879,0,154000.0,High_School,M,3,40904,engineering
171266,0,153000.0,Master,M,8,71889,HR
182627,0,324000.0,Master,M,2,147819,sales
58658,0,165000.0,High_School,M,4,1050,engineering
33069,0,178000.0,Master,M,4,114572,marketing
79524,0,160000.0,High_School,F,1,195165,engineering
120274,0,146000.0,Master,F,2,26505,marketing
134728,1,188000.0,PhD,M,10,114137,marketing
177705,0,248000.0,Master,M,5,181421,sales
51802,0,213000.0,Master,F,3,168797,marketing
97859,0,207000.0,PhD,M,6,48120,engineering
125642,1,151000.0,Bachelor,M,7,186086,engineering
129565,0,206000.0,PhD,F,2,147103,engineering
107509,0,148000.0,High_School,M,5,168791,engineering
17395,0,213000.0,Master,M,21,96752,sales
39491,0,304000.0,High_School,M,4,151005,marketing
90834,0,293000.0,Master,F,13,157492,sales
51571,0,171000.0,Master,F,7,4110,sales
98550,0,221000.0,Bachelor,M,1,168564,sales
149430,1,132000.0,Bachelor,M,4,48690,sales
70563,1,80000.0,PhD,M,5,54997,sales
149745,0,104000.0,PhD,F,3,189627,sales
134038,1,151000.0,High_School,M,3,51288,engineering
190330,0,250000.0,Master,M,3,172246,sales
192377,1,372000.0,PhD,M,3,198778,engineering
15070,0,243000.0,Master,M,4,159906,sales
129120,1,96000.0,Bachelor,M,3,155437,engineering
79573,1,79000.0,PhD,M,5,80043,HR
13470,1,364000.0,Bachelor,M,7,101819,engineering
196058,0,149000.0,Master,M,13,5692,marketing
177166,0,168000.0,Bachelor,M,3,192589,engineering
173884,0,329000.0,PhD,F,2,103421,engineering
132810,0,162000.0,Bachelor,M,4,158056,engineering
111667,0,251000.0,Master,M,6,167921,engineering
71615,0,85000.0,Master,M,4,190060,sales
127089,1,254000.0,PhD,M,3,151005,marketing
98931,1,259000.0,High_School,F,5,103443,marketing
159599,0,113000.0,Bachelor,F,3,34134,sales
134457,1,209000.0,Master,M,4,84230,marketing
29536,0,63000.0,High_School,F,5,94447,HR
90188,0,70000.0,Bachelor,M,4,123154,HR
168861,0,241000.0,High_School,M,5,154170,engineering
24655,0,233000.0,PhD,F,2,64190,sales
95038,1,270000.0,High_School,M,7,110091,engineering
189119,0,64000.0,Master,F,6,87929,sales
52681,0,311000.0,High_School,M,2,150408,engineering
73434,0,257000.0,High_School,F,2,60489,marketing
13651,1,396000.0,High_School,F,4,64750,engineering
157064,0,75000.0,Master,M,3,125912,marketing
127544,0,231000.0,PhD,M,5,65451,sales
196379,1,215000.0,Master,M,1,55883,engineering
199323,1,278000.0,High_School,M,3,45803,sales
187995,0,319000.0,Bachelor,M,3,116289,engineering
106442,0,216000.0,Master,M,2,59555,marketing
103923,0,153000.0,Bachelor,M,5,126257,engineering
199014,1,163000.0,High_School,M,1,80128,sales
47123,0,90000.0,Master,M,3,135848,marketing
1811,0,99000.0,Master,M,7,16445,HR
98385,0,97000.0,PhD,F,6,151696,HR
48730,0,212000.0,PhD,M,8,181566,marketing
140284,1,72000.0,High_School,F,5,62161,marketing
100411,1,239000.0,Bachelor,M,3,98520,marketing
123696,1,167000.0,PhD,F,7,143050,marketing
2843,0,63000.0,PhD,F,2,8812,HR
43627,0,322000.0,Bachelor,M,1,182028,engineering
73084,0,115000.0,Bachelor,F,1,130342,HR
166458,1,90000.0,PhD,F,6,57185,engineering
56861,0,73000.0,PhD,M,6,1791,HR
118518,0,68000.0,High_School,F,4,178147,HR
116797,0,129000.0,High_School,F,2,62161,marketing
21086,0,79000.0,Master,M,4,24015,HR
114505,0,212000.0,High_School,M,4,51738,engineering
142104,1,383000.0,Master,F,8,47553,engineering
23438,0,267000.0,High_School,F,3,116119,marketing
157592,0,104000.0,PhD,F,2,71987,HR
3793,1,225000.0,Master,M,6,197832,marketing
161265,0,139000.0,High_School,M,8,191073,sales
82228,1,72000.0,Bachelor,M,2,79237,marketing
194796,0,128000.0,Master,M,2,8198,engineering
60130,0,207000.0,Bachelor,M,3,73846,sales
53389,1,124000.0,Bachelor,M,2,196058,marketing
134630,0,196000.0,Master,M,4,144976,sales
144335,0,81000.0,PhD,M,2,147783,sales
114216,0,65000.0,Bachelor,M,7,198624,HR
6880,1,121000.0,PhD,M,7,170076,engineering
133762,0,81000.0,PhD,F,6,72965,sales
99282,0,193000.0,Master,M,3,73893,sales
71923,1,333000.0,Bachelor,M,6,114011,engineering
11724,0,295000.0,Bachelor,M,2,115349,sales
76588,0,116000.0,Bachelor,F,1,29712,engineering
149858,0,287000.0,Master,F,2,48120,engineering
102768,1,266000.0,Bachelor,M,2,161727,engineering
174939,1,186000.0,Master,M,1,18312,engineering
195665,0,244000.0,PhD,M,8,65856,sales
77708,0,116000.0,Bachelor,F,8,189222,engineering
37454,1,77000.0,Bachelor,F,5,51121,HR
148578,1,291000.0,High_School,M,1,166729,marketing
10088,1,282000.0,Master,M,1,101981,sales
10922,0,220000.0,Master,F,12,198366,sales
111991,0,86000.0,Master,F,2,169849,HR
63086,0,247000.0,PhD,M,3,183045,engineering
188001,0,87000.0,Bachelor,F,3,150189,HR
177846,1,128000.0,PhD,F,1,5374,sales
162476,1,330000.0,PhD,F,33,51535,engineering
82649,0,166000.0,Bachelor,F,1,119774,sales
52230,1,225000.0,Bachelor,F,3,189890,engineering
71037,1,391000.0,Bachelor,M,5,195165,engineering
111149,0,294000.0,PhD,M,3,30749,engineering
75492,1,308000.0,PhD,F,4,37220,engineering
139177,1,304000.0,Bachelor,M,4,74066,engineering
77746,0,343000.0,PhD,M,2,3260,engineering
114239,0,166000.0,Master,M,5,119576,engineering
102196,0,237000.0,Bachelor,M,3,35499,sales
130051,0,99000.0,Master,F,4,150189,HR
192843,1,138000.0,Bachelor,F,4,96420,sales
80128,1,186000.0,PhD,M,2,171907,sales
39743,1,315000.0,PhD,M,1,191351,marketing
143116,1,264000.0,PhD,M,1,109254,sales
151099,0,219000.0,Master,M,3,34977,sales
19888,1,129000.0,Master,F,2,109671,marketing
157325,0,92000.0,Master,M,4,39417,engineering
163676,0,150000.0,PhD,F,3,174009,HR
158933,0,89000.0,Master,M,1,85426,HR
90783,0,191000.0,Bachelor,F,5,129626,marketing
80035,0,244000.0,Master,F,4,34977,sales
6839,0,91000.0,High_School,F,4,126515,HR
147238,0,309000.0,High_School,M,4,118769,engineering
9177,0,215000.0,Bachelor,M,6,180924,marketing
16567,1,190000.0,Bachelor,M,5,85717,sales
169585,1,192000.0,PhD,M,5,96664,marketing
52085,1,362000.0,Bachelor,M,3,75246,engineering
81183,0,363000.0,Bachelor,F,3,56316,sales
45531,0,155000.0,Bachelor,M,2,95473,sales
24534,0,219000.0,PhD,M,7,158777,marketing
73155,0,91000.0,Master,M,3,4421,sales
152377,0,91000.0,High_School,F,4,142276,HR
60945,0,67000.0,Bachelor,M,2,67151,engineering
42655,1,189000.0,PhD,M,1,124014,sales
109417,0,72000.0,Bachelor,M,1,136147,sales
125534,1,354000.0,Bachelor,M,2,183045,engineering
115405,0,156000.0,High_School,M,2,7255,engineering
92548,0,105000.0,Master,F,3,110089,HR
7641,0,65000.0,PhD,F,6,27018,HR
76806,0,183000.0,High_School,F,9,131620,sales
159480,0,233000.0,Master,M,6,16510,sales
119838,0,302000.0,Master,M,1,131620,sales
10024,1,370000.0,Bachelor,M,1,169664,engineering
173142,0,84000.0,PhD,F,2,8812,HR
56217,0,104000.0,Master,F,3,126368,sales
18195,0,73000.0,Bachelor,M,5,100373,HR
47309,0,119000.0,Bachelor,F,4,142630,HR
171990,0,168000.0,High_School,F,7,113124,sales
139515,0,63000.0,High_School,M,1,45803,sales
25011,0,321000.0,Master,M,2,41175,engineering
174909,0,358000.0,Master,F,5,19424,engineering
92746,0,236000.0,Master,F,3,34714,sales
26469,0,133000.0,Master,M,2,88936,sales
77092,0,198000.0,Bachelor,F,1,65856,sales
53237,0,287000.0,PhD,M,1,12679,sales
98265,0,69000.0,Master,F,3,85426,HR
539,0,172000.0,PhD,F,1,18627,marketing
115603,0,149000.0,Master,M,1,51293,sales
194078,0,77000.0,PhD,M,2,162889,marketing
13501,0,178000.0,Master,M,2,148032,sales
198586,0,156000.0,High_School,M,5,119658,engineering
121241,0,72000.0,High_School,M,6,123263,HR
179719,1,175000.0,Bachelor,F,2,192369,sales
109826,0,240000.0,PhD,M,1,32159,sales
97314,0,252000.0,High_School,M,2,94030,sales
196317,0,286000.0,Master,M,2,137776,engineering
167921,0,111000.0,PhD,M,4,147555,engineering
20199,1,155000.0,High_School,F,3,158888,sales
91759,0,87000.0,High_School,F,2,184885,HR
36233,1,292000.0,Master,M,1,40904,engineering
167305,0,136000.0,Bachelor,F,1,99121,marketing
59987,0,78000.0,Master,M,1,143473,HR
3663,0,191000.0,Master,F,6,43420,sales
190955,0,213000.0,Master,M,1,192145,sales
20135,1,330000.0,High_School,F,7,159098,engineering
2519,0,196000.0,PhD,M,2,67931,engineering
105575,0,216000.0,Bachelor,M,1,59862,engineering
28531,0,90000.0,PhD,F,3,150189,HR
170010,0,221000.0,Master,F,6,126368,sales
161540,1,209000.0,Bachelor,F,2,14470,sales
45415,0,339000.0,PhD,M,3,119576,engineering
176367,1,286000.0,Master,M,27,51535,engineering
52658,1,188000.0,Bachelor,M,5,95522,marketing
131043,0,194000.0,Master,M,2,27393,sales
35879,0,262000.0,Bachelor,M,8,52313,sales
61003,0,66000.0,PhD,M,8,22977,HR
16528,1,193000.0,PhD,F,1,158777,marketing
16446,0,62000.0,Master,M,3,180037,sales
355,0,289000.0,High_School,M,8,113245,sales
51537,1,271000.0,Bachelor,M,3,41335,engineering
102323,0,198000.0,PhD,F,3,94030,sales
156563,1,282000.0,Master,F,9,58522,engineering
111508,1,90000.0,PhD,F,8,82419,marketing
143027,0,67000.0,Master,M,4,43602,engineering
66979,0,62000.0,Master,F,1,23737,HR
56508,0,162000.0,High_School,M,2,32159,sales
90965,0,212000.0,Bachelor,F,1,182038,sales
17291,0,188000.0,Master,M,6,92713,sales
39494,1,318000.0,PhD,M,1,124186,marketing
115244,1,316000.0,High_School,F,5,87884,engineering
84055,0,80000.0,PhD,M,1,127266,marketing
42270,1,334000.0,PhD,M,18,79693,engineering
48793,0,259000.0,High_School,F,1,130834,engineering
9641,1,358000.0,High_School,F,5,40904,engineering
65433,1,75000.0,PhD,M,1,5743,sales
164046,0,197000.0,High_School,M,4,189627,sales
74505,0,354000.0,Bachelor,M,7,74170,sales
67291,0,246000.0,Master,F,3,53109,sales
145087,0,316000.0,PhD,F,1,23100,engineering
33266,0,304000.0,PhD,M,7,158490,marketing
26957,1,205000.0,High_School,F,4,198879,sales
115779,0,83000.0,PhD,F,5,123103,engineering
164378,0,188000.0,Bachelor,M,7,132360,sales
45477,0,130000.0,PhD,M,2,171940,marketing
118824,0,395000.0,Master,M,5,147103,engineering
159377,1,136000.0,PhD,M,3,77670,sales
191809,0,168000.0,High_School,M,4,181787,marketing
139963,0,278000.0,High_School,F,3,140393,engineering
191856,0,237000.0,Bachelor,M,4,74264,marketing
155980,0,130000.0,PhD,M,2,62161,marketing
133032,1,231000.0,High_School,M,2,137369,sales
1584,1,317000.0,Master,M,2,59862,engineering
198624,0,108000.0,PhD,M,6,157530,HR
185854,0,246000.0,Bachelor,M,5,142367,sales
143705,1,206000.0,High_School,M,2,63077,sales
94866,0,141000.0,PhD,M,4,40904,engineering
17160,1,75000.0,High_School,M,3,175365,marketing
50685,0,138000.0,Bachelor,M,1,152960,sales
6607,1,365000.0,Bachelor,M,2,114011,engineering
38219,0,73000.0,Bachelor,F,4,51121,HR
35374,1,104000.0,High_School,M,6,76073,engineering
186910,0,293000.0,PhD,F,1,181772,sales
51808,0,364000.0,PhD,M,4,41080,sales
59696,0,95000.0,PhD,F,2,194904,HR
160289,1,129000.0,Bachelor,M,7,79285,sales
54689,0,70000.0,Bachelor,M,5,91979,HR
68484,0,227000.0,Bachelor,M,9,102026,sales
93280,0,157000.0,PhD,F,1,192132,marketing
154433,1,200000.0,Bachelor,M,1,187053,engineering
167565,0,268000.0,Bachelor,M,9,54808,sales
102854,1,296000.0,High_School,M,2,37220,engineering
19052,1,175000.0,Master,M,6,136468,sales
131177,1,86000.0,Bachelor,M,4,98967,marketing
92916,0,204000.0,PhD,M,3,113124,sales
97055,0,151000.0,Master,M,6,179459,marketing
146070,0,164000.0,Bachelor,M,3,43420,sales
163211,1,397000.0,Master,M,3,94507,engineering
131595,0,276000.0,PhD,F,4,122197,engineering
40631,1,91000.0,PhD,F,3,103884,HR
75262,0,258000.0,PhD,M,2,155570,marketing
75705,0,93000.0,Bachelor,F,2,171266,HR
176912,1,227000.0,Bachelor,M,1,174800,marketing
8007,0,71000.0,Master,M,8,10786,HR
199858,0,274000.0,PhD,M,4,187183,marketing
35710,1,145000.0,Master,F,4,69200,sales
91763,0,217000.0,Bachelor,F,2,65883,marketing
46601,0,324000.0,Master,F,2,91002,marketing
4241,0,93000.0,Bachelor,M,5,148236,sales
115912,0,197000.0,Bachelor,M,1,180930,sales
142588,0,133000.0,High_School,M,1,141317,sales
96361,1,245000.0,High_School,M,1,180037,sales
150888,0,165000.0,Bachelor,M,3,164547,sales
39948,0,280000.0,Master,F,1,182116,sales
67719,0,61000.0,Master,M,3,68222,HR
98590,1,146000.0,Master,M,2,52923,sales
26529,0,95000.0,Master,M,2,24287,HR
191495,0,154000.0,Master,F,3,100942,sales
112505,0,140000.0,Bachelor,M,2,97919,HR
11754,0,167000.0,High_School,F,7,64724,marketing
139400,0,286000.0,Master,F,9,152960,sales
50701,0,71000.0,PhD,M,4,139278,HR
17383,0,281000.0,PhD,F,2,16510,sales
34051,0,359000.0,PhD,F,26,11277,sales
193452,0,162000.0,PhD,M,4,47755,sales
83423,1,205000.0,Master,M,3,101981,sales
37827,0,75000.0,Master,M,1,169231,sales
158490,1,319000.0,PhD,F,18,74062,marketing
48453,0,217000.0,Bachelor,M,1,18312,engineering
20576,1,104000.0,High_School,F,1,64858,HR
137765,0,159000.0,PhD,M,3,54136,marketing
31036,0,126000.0,PhD,F,7,64190,sales
38821,1,134000.0,PhD,M,3,161132,marketing
33819,0,221000.0,Bachelor,F,1,37434,sales
26859,0,146000.0,High_School,F,8,60609,sales
48657,0,91000.0,High_School,M,1,194904,HR
127577,1,63000.0,PhD,M,8,185285,HR
25202,0,296000.0,High_School,F,5,82463,marketing
40887,0,160000.0,Bachelor,F,6,194078,marketing
79237,0,123000.0,PhD,M,13,124893,marketing
104203,0,134000.0,PhD,F,1,112643,sales
32329,0,181000.0,PhD,M,2,27393,sales
87878,0,216000.0,Bachelor,M,1,102712,sales
20189,0,238000.0,High_School,F,3,88303,sales
28159,0,222000.0,Master,M,1,124186,marketing
20010,0,131000.0,PhD,M,4,42096,sales
175788,0,148000.0,PhD,F,1,81860,engineering
55636,0,65000.0,PhD,M,3,45969,HR
101667,0,105000.0,Bachelor,F,2,17211,HR
199161,0,249000.0,Master,M,4,181772,sales
181104,1,150000.0,Bachelor,M,3,124186,marketing
79920,0,227000.0,Master,M,6,41175,engineering
145230,0,317000.0,PhD,F,8,183824,engineering
38122,0,250000.0,PhD,M,6,66306,engineering
171180,1,182000.0,Bachelor,F,6,109102,sales
150051,0,145000.0,Bachelor,F,2,134944,sales
58859,1,139000.0,Bachelor,M,4,95609,sales
114240,0,71000.0,Bachelor,F,5,53856,HR
118618,0,254000.0,PhD,M,6,67151,engineering
73837,0,308000.0,Bachelor,M,3,119991,engineering
183563,0,177000.0,High_School,M,3,46997,sales
99385,0,158000.0,Bachelor,M,4,134944,sales
19562,0,101000.0,Master,F,4,165442,sales
152026,0,330000.0,High_School,M,5,195165,engineering
144869,0,319000.0,High_School,M,4,112302,engineering
129734,0,288000.0,PhD,M,3,17837,engineering
172510,1,169000.0,Master,M,3,59862,engineering
93159,1,186000.0,High_School,M,1,162381,engineering
171869,1,193000.0,PhD,M,1,132360,sales
103568,0,125000.0,Bachelor,F,3,144976,sales
141415,0,241000.0,Master,M,2,23120,marketing
45828,0,125000.0,Bachelor,M,5,142685,sales
42669,0,157000.0,PhD,M,1,96664,marketing
145951,1,162000.0,PhD,M,2,132683,engineering
118983,0,157000.0,High_School,M,4,136147,sales
3912,0,91000.0,Master,M,2,104759,HR
88812,0,257000.0,PhD,M,6,110878,engineering
38747,0,200000.0,Master,M,5,5374,sales
32197,0,183000.0,Master,M,8,131525,sales
111865,0,62000.0,Master,M,2,85426,HR
78441,1,169000.0,PhD,M,5,28979,sales
93860,0,210000.0,Master,M,2,174122,engineering
107842,0,363000.0,High_School,M,2,62043,engineering
109848,0,374000.0,High_School,M,5,3260,engineering
29525,0,78000.0,High_School,F,6,11507,HR
153224,0,367000.0,Bachelor,M,1,92210,sales
32006,1,192000.0,Master,M,6,175593,sales
108286,1,136000.0,High_School,F,1,166729,marketing
19424,0,318000.0,PhD,M,4,47553,engineering
13374,1,252000.0,Bachelor,M,3,129734,engineering
184671,0,346000.0,Bachelor,F,1,132683,engineering
25987,0,214000.0,High_School,M,1,181996,engineering
75630,0,90000.0,Bachelor,F,3,97919,HR
16972,1,144000.0,Bachelor,F,5,30749,engineering
100363,0,138000.0,PhD,M,4,150722,marketing
72811,0,259000.0,Master,F,2,130204,marketing
149850,0,228000.0,Master,M,5,27781,marketing
169428,0,206000.0,High_School,M,1,34163,sales
105240,0,225000.0,Master,M,5,32572,marketing
141343,0,237000.0,Bachelor,M,8,95522,marketing
91210,0,71000.0,Bachelor,M,7,185285,HR
2644,0,79000.0,PhD,M,2,154897,sales
187979,0,90000.0,Bachelor,F,3,43704,HR
115133,1,237000.0,Bachelor,M,4,119658,engineering
168942,0,69000.0,PhD,M,2,185138,HR
76760,0,67000.0,Bachelor,F,6,181781,HR
127964,0,202000.0,Bachelor,M,5,102102,sales
180356,0,150000.0,Bachelor,M,5,10357,marketing
120076,0,281000.0,High_School,M,1,79735,engineering
126257,0,251000.0,Bachelor,M,12,98225,engineering
56914,1,170000.0,PhD,F,3,191485,sales
183752,0,335000.0,PhD,F,4,47618,marketing
177240,1,62000.0,High_School,M,6,135848,marketing
156060,1,88000.0,PhD,F,2,85791,sales
159620,1,214000.0,PhD,M,5,179929,sales
76600,0,304000.0,Master,M,5,29547,engineering
156036,0,242000.0,PhD,M,13,74062,marketing
196280,1,261000.0,Bachelor,F,3,5743,sales
105927,0,66000.0,Master,F,4,742,HR
162143,0,67000.0,Master,M,2,51923,HR
66119,0,291000.0,PhD,F,21,34051,sales
167377,0,220000.0,Master,M,1,149245,marketing
188144,0,78000.0,Master,M,1,81421,HR
166758,0,128000.0,Master,M,3,187183,marketing
145745,0,155000.0,PhD,M,2,136468,sales
164897,1,259000.0,PhD,M,3,71130,engineering
36929,0,339000.0,Master,M,2,92403,sales
24261,0,113000.0,High_School,M,3,12214,sales
99072,0,240000.0,High_School,M,5,119964,marketing
150244,0,230000.0,Master,F,6,192132,marketing
94611,0,206000.0,Master,M,9,194121,engineering
128030,0,329000.0,Master,M,2,77613,sales
125164,0,209000.0,Master,M,3,41335,engineering
14081,0,162000.0,PhD,F,4,109102,sales
146932,0,237000.0,Master,M,3,7255,engineering
127075,0,67000.0,Master,M,3,29749,HR
179417,0,145000.0,PhD,M,6,191073,sales
188415,1,134000.0,Bachelor,F,5,47472,engineering
9948,1,220000.0,PhD,M,1,64452,sales
42756,0,135000.0,Bachelor,M,4,41991,sales
173182,0,179000.0,Bachelor,F,5,184998,sales
117973,0,83000.0,Master,F,1,89837,marketing
44930,1,185000.0,PhD,M,3,82657,sales
48971,0,64000.0,Bachelor,F,3,107694,HR
193227,0,202000.0,Bachelor,M,6,113578,marketing
164635,0,200000.0,Master,M,5,162518,sales
143414,0,281000.0,Master,F,3,151838,sales
108296,0,194000.0,Master,F,1,146473,marketing
74791,0,255000.0,PhD,F,6,60489,marketing
139846,1,326000.0,Master,M,3,158888,sales
183445,0,103000.0,Bachelor,M,1,69463,marketing
40237,0,241000.0,PhD,M,2,195165,engineering
158609,0,132000.0,Bachelor,M,5,193088,sales
8663,0,259000.0,Master,M,4,193088,sales
35029,0,204000.0,Bachelor,M,6,140061,sales
16178,1,122000.0,Bachelor,M,8,71889,HR
42644,0,347000.0,Master,F,4,98558,engineering
108055,1,241000.0,Bachelor,M,2,174800,marketing
152807,0,374000.0,PhD,F,2,150300,marketing
99200,0,134000.0,High_School,F,2,68222,HR
179416,0,200000.0,Master,M,2,62990,sales
72541,0,94000.0,PhD,M,4,129778,HR
81276,0,137000.0,High_School,M,3,190566,marketing
98159,0,88000.0,Bachelor,F,2,32405,HR
137208,0,318000.0,Master,M,3,5743,sales
43951,1,74000.0,PhD,F,2,54997,sales
137988,0,76000.0,Master,F,4,189742,HR
184511,0,273000.0,Bachelor,F,8,70547,marketing
2906,1,177000.0,High_School,M,6,88936,sales
113116,1,159000.0,High_School,M,2,30488,marketing
97010,0,78000.0,Bachelor,F,2,182028,engineering
55492,0,181000.0,Bachelor,M,3,191454,marketing
89577,1,117000.0,High_School,M,1,150722,marketing
46174,0,365000.0,PhD,M,3,79735,engineering
64642,0,62000.0,High_School,F,4,61517,HR
185124,0,271000.0,PhD,M,1,71130,engineering
162984,0,86000.0,High_School,M,5,23737,HR
696,1,67000.0,Bachelor,F,1,157064,marketing
139254,0,364000.0,High_School,M,3,191289,engineering
60855,1,221000.0,High_School,M,1,22145,sales
109120,0,111000.0,Master,M,5,83032,marketing
12531,0,214000.0,Bachelor,F,2,148865,sales
77980,0,355000.0,Master,M,1,186283,engineering
150096,0,294000.0,PhD,F,3,168797,marketing
52952,0,163000.0,High_School,M,7,158777,marketing
56354,1,102000.0,PhD,M,5,59555,marketing
146773,1,216000.0,PhD,F,3,37124,sales
124595,0,184000.0,Master,M,3,129410,sales
95892,0,363000.0,PhD,M,1,71130,engineering
8809,1,90000.0,Master,M,3,55972,HR
111518,1,180000.0,PhD,M,2,135846,sales
20101,0,195000.0,Master,F,5,169574,marketing
175512,0,85000.0,Bachelor,F,2,150290,HR
63165,1,391000.0,PhD,M,6,198648,marketing
182752,0,185000.0,High_School,M,2,197832,marketing
119210,0,89000.0,Bachelor,F,2,117376,HR
107049,0,155000.0,High_School,M,11,34280,sales
98337,0,145000.0,High_School,F,1,147106,sales
102195,0,101000.0,Master,F,1,142276,HR
161543,0,132000.0,PhD,F,3,144219,engineering
78149,1,259000.0,Bachelor,M,1,134671,sales
21950,0,212000.0,Master,M,1,102026,sales
43519,0,203000.0,PhD,M,4,112302,engineering
92601,0,305000.0,High_School,M,6,47472,engineering
177929,0,67000.0,Master,M,3,148865,sales
41529,1,75000.0,PhD,F,2,177489,marketing
90032,0,69000.0,Master,F,1,1791,HR
116547,1,67000.0,Master,F,3,55476,marketing
29801,0,267000.0,High_School,M,2,181219,marketing
113441,0,85000.0,Bachelor,F,2,134048,sales
110438,0,126000.0,Bachelor,F,3,144211,engineering
187790,0,202000.0,Bachelor,M,3,53374,sales
67896,1,173000.0,High_School,F,1,92585,marketing
106589,0,274000.0,Bachelor,M,1,144401,sales
78089,0,159000.0,Master,M,3,29960,marketing
69664,0,275000.0,Master,M,7,147249,engineering
179489,1,263000.0,Bachelor,F,2,129410,sales
65386,0,87000.0,Master,F,3,22977,HR
162469,0,80000.0,Master,F,2,180930,sales
119090,1,258000.0,Master,M,8,8198,engineering
66901,0,85000.0,PhD,F,1,252,HR
25626,0,244000.0,Master,M,2,14470,sales
89091,1,65000.0,Bachelor,F,2,151005,marketing
43200,1,328000.0,PhD,M,2,55481,engineering
1610,1,131000.0,Bachelor,M,9,145161,engineering
26589,0,145000.0,Bachelor,M,3,56316,sales
162583,0,73000.0,High_School,M,2,189148,HR
62298,0,83000.0,Bachelor,F,9,138823,HR
18503,0,166000.0,High_School,M,5,20828,marketing
28136,0,110000.0,Master,M,2,149485,sales
47618,1,156000.0,PhD,M,13,71532,marketing
64452,0,229000.0,High_School,M,11,3235,sales
77732,0,176000.0,High_School,M,3,102684,sales
146014,0,82000.0,Bachelor,F,5,115765,HR
192958,0,65000.0,Bachelor,M,3,143050,marketing
71757,0,136000.0,Bachelor,M,4,91869,marketing
20828,1,312000.0,Master,F,5,156036,marketing
191579,0,299000.0,PhD,M,5,11275,marketing
32938,0,237000.0,Bachelor,M,5,42270,engineering
113345,0,143000.0,Bachelor,M,3,142850,sales
140045,0,167000.0,Bachelor,M,4,148795,engineering
12488,0,236000.0,PhD,M,2,123258,marketing
131755,0,332000.0,High_School,M,6,77670,sales
161418,0,169000.0,PhD,F,4,5743,sales
171432,0,341000.0,PhD,M,7,119658,engineering
25819,0,338000.0,Master,M,1,68201,sales
149980,0,111000.0,Master,F,3,123502,HR
8207,1,126000.0,Bachelor,M,10,185673,engineering
60226,1,399000.0,Bachelor,M,2,46178,engineering
186958,1,294000.0,Master,M,7,174122,engineering
91030,0,274000.0,PhD,M,4,55883,engineering
94847,0,221000.0,Master,M,4,63785,engineering
80464,1,223000.0,High_School,M,3,103981,marketing
83990,0,282000.0,Master,M,4,148236,sales
43388,0,318000.0,PhD,M,1,123103,engineering
96198,1,62000.0,Bachelor,F,3,17211,HR
56156,1,146000.0,Bachelor,M,1,7349,marketing
27940,1,288000.0,High_School,M,5,168951,sales
17034,0,381000.0,High_School,M,2,120638,engineering
128132,0,294000.0,PhD,F,3,176415,engineering
25967,0,233000.0,PhD,F,3,83032,marketing
86790,0,196000.0,Bachelor,M,2,66160,sales
66470,1,226000.0,Bachelor,M,6,152791,sales
153197,0,351000.0,Bachelor,F,2,148646,engineering
139498,1,86000.0,Bachelor,F,6,27018,HR
124269,0,65000.0,High_School,F,5,5889,HR
182777,0,153000.0,Bachelor,M,4,124893,marketing
189462,0,78000.0,Master,M,3,139180,marketing
86107,0,246000.0,PhD,M,4,183824,engineering
139792,0,95000.0,Bachelor,M,5,39231,HR
126368,0,174000.0,PhD,M,3,183175,sales
96942,0,117000.0,Master,M,7,42096,sales
55390,0,164000.0,PhD,F,4,48690,sales
194029,0,179000.0,Bachelor,M,1,162035,sales
181476,0,276000.0,PhD,F,2,136468,sales
28096,0,340000.0,High_School,M,5,145710,engineering
74093,0,121000.0,Master,F,3,129287,HR
127979,0,255000.0,High_School,F,4,160476,sales
178109,0,158000.0,Master,F,3,156927,marketing
57647,1,258000.0,PhD,M,6,67931,engineering
120649,0,121000.0,PhD,F,2,66306,engineering
128296,0,316000.0,Bachelor,M,3,110508,engineering
7492,0,150000.0,Bachelor,M,2,57185,engineering
93273,0,341000.0,Master,M,2,92845,engineering
103470,0,231000.0,Bachelor,M,2,50761,marketing
178662,0,301000.0,Master,F,1,54808,sales
159427,1,355000.0,Master,M,3,92845,engineering
133779,0,354000.0,PhD,F,5,129410,sales
99494,0,281000.0,Master,F,6,180930,sales
84539,0,217000.0,PhD,M,2,73893,sales
83914,0,240000.0,PhD,M,6,7255,engineering
167175,0,287000.0,Bachelor,M,5,160261,marketing
185982,0,154000.0,PhD,F,7,171907,sales
108387,0,272000.0,PhD,M,1,167921,engineering
134607,0,384000.0,High_School,M,3,176415,engineering
166424,1,206000.0,PhD,M,5,134671,sales
116731,0,72000.0,PhD,M,7,104539,HR
802,0,280000.0,Master,F,2,170922,sales
169558,0,64000.0,Master,F,1,185285,HR
98767,0,120000.0,PhD,M,1,64724,marketing
107820,0,135000.0,High_School,M,5,88007,sales
58386,0,118000.0,PhD,M,6,103014,engineering
8175,0,63000.0,PhD,F,5,100373,HR
31340,0,329000.0,High_School,F,3,151838,sales
198094,1,71000.0,Master,M,3,112643,sales
29127,0,226000.0,PhD,M,5,189627,sales
14181,0,90000.0,Master,M,5,184885,HR
60733,0,268000.0,Master,M,4,197206,marketing
58741,0,85000.0,Master,F,3,77556,HR
17611,0,131000.0,Bachelor,M,4,41808,HR
174516,0,213000.0,High_School,M,4,189627,sales
89068,0,188000.0,Master,M,4,25367,marketing
18639,0,238000.0,Bachelor,F,4,67522,sales
139915,0,262000.0,Master,M,2,62043,engineering
94845,0,87000.0,Master,F,2,183283,HR
13707,0,136000.0,High_School,M,5,131525,sales
177250,0,210000.0,Bachelor,M,1,6536,marketing
8193,1,104000.0,High_School,F,2,152076,engineering
42193,0,191000.0,High_School,M,5,74264,marketing
3785,1,187000.0,High_School,M,3,190249,marketing
52923,1,248000.0,Bachelor,F,14,134865,sales
40611,0,140000.0,Master,M,5,32572,marketing
61670,0,104000.0,Bachelor,M,2,96060,HR
104999,1,296000.0,Bachelor,M,2,92845,engineering
127974,0,117000.0,PhD,F,1,11507,HR
129644,1,172000.0,Bachelor,M,1,183824,engineering
143782,0,234000.0,Master,M,2,87884,engineering
187657,0,63000.0,Bachelor,F,3,57701,HR
44695,0,75000.0,PhD,F,6,180006,HR
116120,0,178000.0,Master,F,4,43420,sales
46860,1,172000.0,Master,M,3,32159,sales
147265,0,235000.0,Bachelor,M,2,18939,sales
14455,0,248000.0,PhD,F,5,192414,sales
73496,0,214000.0,Master,F,1,150300,marketing
126631,0,259000.0,High_School,M,3,59555,marketing
30067,0,79000.0,PhD,F,6,33665,HR
99658,0,188000.0,PhD,M,1,147819,sales
179901,0,171000.0,Bachelor,M,5,158888,sales
22920,1,85000.0,Master,M,6,115694,engineering
153252,0,84000.0,Bachelor,M,3,119576,engineering
80322,0,249000.0,Bachelor,F,2,61811,sales
186623,0,178000.0,PhD,F,5,167877,sales
59477,0,78000.0,High_School,F,1,16445,HR
17813,0,257000.0,Bachelor,M,5,64452,sales
197313,0,176000.0,Bachelor,F,1,82698,sales
32489,1,121000.0,PhD,M,3,11275,marketing
196153,0,330000.0,High_School,M,3,35499,sales
102712,1,209000.0,Bachelor,F,8,157492,sales
40222,1,176000.0,High_School,M,2,148236,sales
36113,0,264000.0,PhD,M,3,132309,sales
135161,1,191000.0,PhD,M,4,1610,engineering
174551,0,274000.0,High_School,M,4,84193,marketing
129883,0,233000.0,PhD,M,6,115856,sales
181296,0,154000.0,PhD,F,2,159996,sales
34028,0,122000.0,Master,M,1,1651,engineering
7956,0,317000.0,PhD,M,1,142104,engineering
50989,0,282000.0,PhD,M,1,52796,sales
133927,0,210000.0,Master,M,14,42270,engineering
169935,0,203000.0,PhD,M,4,67522,sales
113830,1,108000.0,High_School,M,1,71987,HR
195798,0,76000.0,PhD,F,4,177495,HR
66698,0,274000.0,PhD,M,1,5374,sales
11535,0,325000.0,High_School,M,3,168905,engineering
141156,0,249000.0,PhD,M,6,108164,sales
147090,0,61000.0,High_School,F,4,174009,HR
66974,0,163000.0,Master,F,2,116180,engineering
78530,1,108000.0,PhD,M,2,146473,marketing
184236,0,82000.0,Master,F,12,59566,HR
13567,0,142000.0,High_School,M,3,5282,sales
183045,1,157000.0,PhD,M,9,39726,engineering
163170,0,366000.0,High_School,F,4,68821,engineering
177407,0,201000.0,Bachelor,M,8,185976,engineering
30375,0,291000.0,Master,M,4,73663,marketing
70659,0,375000.0,PhD,M,3,48352,engineering
2449,0,305000.0,PhD,M,3,50761,marketing
26053,1,180000.0,PhD,M,9,93708,HR
8350,0,180000.0,PhD,F,2,189627,sales
171940,0,245000.0,PhD,M,13,70434,marketing
103112,1,293000.0,PhD,M,1,88936,sales
2152,1,219000.0,High_School,F,4,8663,sales
190956,0,220000.0,PhD,F,2,154381,sales
81644,0,308000.0,PhD,M,4,146629,engineering
95834,0,117000.0,Master,M,3,55636,HR
115697,0,288000.0,PhD,M,3,57938,engineering
44645,0,142000.0,Bachelor,M,2,32159,sales
128419,1,284000.0,High_School,M,1,71945,engineering
146010,0,72000.0,Bachelor,M,2,115765,HR
112346,0,80000.0,PhD,M,2,172541,HR
4557,0,225000.0,Bachelor,M,3,168905,engineering
81565,0,77000.0,PhD,M,6,168942,HR
94978,0,281000.0,Bachelor,M,5,156927,marketing
154867,0,78000.0,Bachelor,F,2,169833,HR
129034,1,251000.0,PhD,F,7,87330,engineering
81449,0,253000.0,High_School,F,4,98520,marketing
152356,0,192000.0,Master,F,2,112643,sales
108992,0,262000.0,High_School,F,7,69943,sales
10962,1,133000.0,High_School,M,2,43858,engineering
72126,0,142000.0,PhD,M,2,92585,marketing
143050,0,173000.0,PhD,M,9,155485,marketing
50832,0,270000.0,Master,M,3,91002,marketing
85918,0,198000.0,Master,F,2,32159,sales
121687,0,144000.0,Master,M,1,113578,marketing
43937,0,118000.0,Master,F,7,95935,HR
53182,1,83000.0,High_School,M,1,48352,engineering
195265,0,82000.0,Bachelor,M,5,168415,HR
53684,1,88000.0,Master,F,7,146111,HR
194016,0,175000.0,Bachelor,M,3,165442,sales
127556,1,115000.0,PhD,F,5,29508,HR
81084,0,282000.0,High_School,M,3,160618,sales
21987,0,223000.0,Bachelor,M,1,159098,engineering
84684,0,139000.0,Bachelor,M,1,6536,marketing
183705,0,87000.0,Master,M,1,73254,HR
188962,0,297000.0,PhD,M,2,34714,sales
164572,1,237000.0,Master,M,3,125775,marketing
147736,0,70000.0,Bachelor,M,3,33665,HR
65541,1,66000.0,Bachelor,F,3,139278,HR
49683,0,72000.0,PhD,F,2,742,HR
53442,1,149000.0,PhD,M,5,95609,sales
159014,0,239000.0,High_School,M,2,113124,sales
132511,0,115000.0,High_School,F,5,179149,HR
153797,0,234000.0,Master,F,1,172250,marketing
127398,0,229000.0,High_School,M,1,75242,engineering
176279,0,244000.0,Master,M,1,179212,marketing
53280,0,204000.0,Master,F,3,196058,marketing
182317,0,251000.0,PhD,M,3,129626,marketing
186503,0,132000.0,PhD,M,5,34714,sales
139171,0,120000.0,Master,F,2,87707,sales
131950,0,182000.0,PhD,M,6,96752,sales
67891,0,181000.0,PhD,F,1,160289,sales
36837,0,67000.0,Master,F,1,143473,HR
46675,1,328000.0,Bachelor,F,3,166928,engineering
60610,0,280000.0,PhD,M,2,14241,marketing
182118,1,237000.0,Master,M,4,1872,engineering
61222,1,121000.0,Bachelor,M,2,193920,sales
164501,1,79000.0,PhD,M,11,138823,HR
95169,0,196000.0,Master,F,8,176804,sales
96489,0,155000.0,Master,M,1,123358,sales
150722,0,262000.0,PhD,M,9,124893,marketing
83531,0,124000.0,High_School,M,2,119964,marketing
26096,1,226000.0,High_School,F,4,127544,sales
109176,0,193000.0,High_School,F,2,146220,marketing
187660,0,247000.0,PhD,M,7,182028,engineering
55500,0,125000.0,Master,F,1,112643,sales
181201,0,125000.0,Master,M,6,139032,sales
83964,0,109000.0,Master,F,3,134728,marketing
108173,1,89000.0,Master,F,4,61517,HR
110265,1,261000.0,Bachelor,M,1,12649,engineering
70434,0,226000.0,PhD,M,11,149778,marketing
94825,1,365000.0,PhD,M,4,147249,engineering
13341,0,233000.0,Master,F,7,28979,sales
114051,1,212000.0,Bachelor,F,5,134048,sales
127423,1,202000.0,Master,M,3,16510,sales
20666,1,96000.0,Bachelor,M,6,61038,sales
198793,0,265000.0,Bachelor,F,4,85791,sales
175815,0,107000.0,Master,M,4,55636,HR
21993,0,293000.0,Master,M,7,193621,sales
167244,1,80000.0,Master,M,2,39417,engineering
188487,0,390000.0,PhD,F,2,119576,engineering
195368,1,66000.0,PhD,M,3,79735,engineering
89847,1,232000.0,Master,F,2,193920,sales
61443,1,75000.0,PhD,M,3,116660,HR
114521,0,82000.0,Bachelor,F,7,252,HR
63419,0,382000.0,PhD,M,1,57938,engineering
128373,0,336000.0,PhD,M,9,185982,sales
116766,0,69000.0,Master,M,2,14226,HR
1078,0,174000.0,Bachelor,F,2,23565,sales
95609,0,126000.0,Bachelor,F,2,119833,sales
137728,0,60000.0,Bachelor,F,5,55636,HR
18384,0,134000.0,PhD,F,3,181219,marketing
197380,0,298000.0,Bachelor,M,4,90065,engineering
51821,0,313000.0,Master,M,1,89837,marketing
73982,0,234000.0,PhD,M,7,65522,sales
131289,0,93000.0,High_School,M,3,71585,sales
43316,1,237000.0,PhD,F,3,4394,marketing
85451,0,207000.0,Bachelor,M,2,87762,sales
185487,0,331000.0,Master,F,3,17291,sales
39193,0,177000.0,PhD,M,3,78516,sales
106850,1,367000.0,PhD,M,1,125755,marketing
184136,0,87000.0,Master,M,5,190249,marketing
184020,0,61000.0,PhD,M,1,107694,HR
88885,0,190000.0,High_School,F,3,182996,sales
16880,1,161000.0,Bachelor,M,4,197832,marketing
90,0,226000.0,Master,F,10,183869,engineering
103981,0,295000.0,Master,F,12,69550,marketing
47748,0,81000.0,Master,M,3,89619,HR
89032,1,167000.0,Bachelor,M,2,32159,sales
10680,1,87000.0,PhD,F,2,184236,HR
161716,0,60000.0,Master,M,2,31063,HR
11237,0,324000.0,Master,F,2,180037,sales
160993,0,75000.0,High_School,F,4,81421,HR
38073,1,202000.0,Master,M,1,80728,engineering
177524,0,362000.0,High_School,M,6,12649,engineering
168179,1,252000.0,Bachelor,F,4,72965,sales
3686,0,315000.0,PhD,M,9,175365,marketing
140681,0,78000.0,Bachelor,F,2,115765,HR
56959,0,99000.0,Master,F,5,67931,engineering
69628,1,141000.0,High_School,M,3,179569,sales
157985,0,98000.0,Bachelor,F,2,102498,HR
154517,0,278000.0,High_School,M,2,8198,engineering
194665,0,81000.0,Master,F,3,167188,HR
133201,0,75000.0,Master,F,9,10786,HR
127266,0,302000.0,Bachelor,M,12,70434,marketing
34342,0,89000.0,Master,M,4,8198,engineering
46806,0,128000.0,High_School,M,2,8856,marketing
144342,0,169000.0,Master,F,5,43937,HR
29929,0,378000.0,Master,M,2,150408,engineering
63472,1,205000.0,Bachelor,M,5,168564,sales
156708,0,206000.0,Master,F,6,65126,marketing
23405,0,79000.0,PhD,M,1,123502,HR
47849,1,210000.0,Bachelor,M,7,172321,sales
20898,0,352000.0,Master,M,3,168905,engineering
74170,0,233000.0,PhD,M,12,191418,sales
196429,0,183000.0,Master,M,5,24979,marketing
31785,1,166000.0,High_School,M,1,76435,sales
167141,1,74000.0,Bachelor,M,6,197832,marketing
188678,0,86000.0,Master,F,4,181781,HR
151598,0,95000.0,Master,F,1,150189,HR
196877,0,198000.0,Bachelor,M,3,45803,sales
71472,0,85000.0,PhD,F,6,198624,HR
61148,0,360000.0,High_School,M,2,79735,engineering
186506,0,159000.0,Bachelor,M,1,55858,engineering
29508,1,90000.0,PhD,M,10,77857,HR
113128,0,384000.0,Master,M,4,12877,engineering
37765,1,99000.0,High_School,F,4,159906,sales
62066,0,272000.0,Bachelor,F,4,169231,sales
92143,0,186000.0,High_School,M,3,10773,engineering
37748,0,387000.0,Master,M,3,55653,sales
17991,0,83000.0,Master,F,1,117376,HR
190019,0,116000.0,PhD,F,2,156927,marketing
183201,0,334000.0,Master,M,6,185976,engineering
82463,0,254000.0,Master,F,13,158490,marketing
116819,0,175000.0,Master,F,3,105542,marketing
5002,0,209000.0,Bachelor,M,4,98967,marketing
167023,0,88000.0,Bachelor,F,3,21086,HR
98851,0,200000.0,PhD,F,1,109671,marketing
122594,1,115000.0,High_School,M,6,140393,engineering
57806,0,139000.0,Master,M,1,82698,sales
34066,0,75000.0,Master,M,2,39460,HR
192589,1,301000.0,PhD,M,22,55537,engineering
141665,1,163000.0,Bachelor,M,3,4259,engineering
159865,0,80000.0,PhD,M,1,23737,HR
5574,1,195000.0,Master,M,5,26757,marketing
103273,0,164000.0,High_School,F,3,168797,marketing
164387,0,212000.0,PhD,M,3,160289,sales
58129,1,65000.0,Master,M,9,64858,HR
4151,0,197000.0,Bachelor,F,2,61811,sales
125636,0,95000.0,PhD,F,3,29508,HR
26168,0,249000.0,Master,M,3,189222,engineering
14934,0,315000.0,High_School,M,4,111974,engineering
97293,0,71000.0,Bachelor,F,1,73254,HR
134536,1,335000.0,High_School,M,14,5342,engineering
43504,1,371000.0,PhD,M,3,165853,engineering
75728,0,210000.0,Master,M,3,5743,sales
21470,0,232000.0,PhD,M,14,143437,marketing
30570,1,227000.0,Master,F,3,126330,engineering
54136,0,324000.0,PhD,M,11,69550,marketing
66765,0,74000.0,Bachelor,M,5,96060,HR
164617,0,292000.0,Bachelor,F,2,119658,engineering
80710,1,243000.0,PhD,M,1,166928,engineering
193242,0,81000.0,Bachelor,F,4,150290,HR
104478,0,142000.0,PhD,F,6,3260,engineering
30445,0,76000.0,Master,F,2,184885,HR
46282,1,253000.0,High_School,M,1,38308,marketing
176986,0,148000.0,Master,M,1,167877,sales
187172,0,82000.0,Bachelor,F,4,177495,HR
112172,0,284000.0,Master,M,3,37124,sales
9907,0,63000.0,Master,M,1,178797,sales
139122,0,218000.0,PhD,M,2,62081,sales
10480,0,156000.0,Master,M,1,157064,marketing
173479,1,128000.0,Master,F,4,66591,sales
94364,0,102000.0,Bachelor,M,1,16073,marketing
92324,1,273000.0,Bachelor,M,4,171499,engineering
180336,0,240000.0,PhD,F,3,181219,marketing
178769,0,365000.0,Master,F,4,12877,engineering
16401,0,162000.0,Master,M,3,122762,sales
102904,0,207000.0,High_School,M,5,149696,sales
56639,1,342000.0,Bachelor,M,1,189890,engineering
39785,0,167000.0,Bachelor,M,24,177860,HR
46636,0,113000.0,PhD,M,3,32938,engineering
176855,0,67000.0,Master,M,1,53826,HR
97156,0,201000.0,High_School,F,1,103981,marketing
96952,1,139000.0,PhD,M,4,128966,sales
126478,0,246000.0,High_School,F,3,40904,engineering
66551,1,217000.0,PhD,F,1,169574,marketing
7095,0,98000.0,PhD,F,3,171266,HR
76777,0,185000.0,Master,M,4,5743,sales
50753,1,249000.0,Bachelor,M,3,77766,marketing
182562,1,280000.0,Master,M,3,53109,sales
16095,0,227000.0,High_School,F,5,54136,marketing
192020,0,349000.0,Bachelor,M,1,20828,marketing
191599,0,252000.0,High_School,M,2,148646,engineering
38927,0,303000.0,PhD,M,1,61988,engineering
52203,0,363000.0,High_School,M,3,30468,engineering
167347,1,218000.0,Master,M,3,73489,sales
155572,0,88000.0,High_School,M,4,16445,HR
69543,1,249000.0,Master,F,4,14241,marketing
27648,0,101000.0,Master,F,1,110089,HR
194487,0,94000.0,High_School,M,1,7095,HR
41555,0,166000.0,Bachelor,M,6,172889,sales
120281,0,261000.0,PhD,M,4,61811,sales
23577,0,183000.0,PhD,M,5,40904,engineering
158112,0,173000.0,Master,F,3,8711,marketing
120886,0,73000.0,PhD,F,3,29749,HR
33709,0,190000.0,Bachelor,M,1,127266,marketing
155047,1,376000.0,PhD,M,4,53012,marketing
4389,0,117000.0,PhD,F,2,149485,sales
72485,0,170000.0,Master,M,1,123358,sales
142890,1,388000.0,Master,F,1,87330,engineering
106547,0,97000.0,Bachelor,F,8,67151,engineering
174967,0,158000.0,Bachelor,M,4,32938,engineering
178493,0,198000.0,PhD,M,1,102102,sales
125131,0,227000.0,PhD,M,1,166653,engineering
36643,0,83000.0,Bachelor,M,5,151696,HR
33329,0,118000.0,High_School,F,2,25367,marketing
96752,0,234000.0,PhD,M,26,11277,sales
17048,0,238000.0,Bachelor,M,3,191649,sales
144090,0,299000.0,Master,F,2,99139,sales
82250,1,181000.0,Master,M,5,129734,engineering
135660,0,184000.0,PhD,M,2,33266,marketing
140815,1,252000.0,Bachelor,F,2,24979,marketing
90393,0,69000.0,High_School,M,1,43937,HR
29136,0,296000.0,Master,F,6,63077,sales
194895,1,75000.0,Bachelor,F,4,139278,HR
778,1,74000.0,PhD,M,6,25367,marketing
160476,0,105000.0,Bachelor,M,3,79285,sales
44062,0,69000.0,Master,M,2,54136,marketing
154460,1,325000.0,PhD,M,8,185976,engineering
111426,0,302000.0,PhD,F,5,177166,engineering
121571,0,84000.0,PhD,M,6,5889,HR
6674,1,265000.0,PhD,M,2,149135,engineering
192004,0,110000.0,PhD,M,2,34977,sales
93401,0,69000.0,Master,M,3,178147,HR
12871,0,94000.0,Master,M,4,85426,HR
23997,0,155000.0,Bachelor,F,4,102102,sales
47324,0,259000.0,Bachelor,M,3,182777,marketing
96420,1,232000.0,Master,F,3,59535,sales
33736,1,214000.0,Bachelor,M,6,177805,marketing
104085,0,123000.0,High_School,M,2,158056,engineering
191276,0,151000.0,PhD,F,1,197206,marketing
109559,1,188000.0,Bachelor,M,4,102043,marketing
42306,0,100000.0,Master,M,2,87847,sales
31049,1,230000.0,Master,M,1,113124,sales
151324,0,236000.0,Bachelor,M,4,27704,sales
197473,0,205000.0,High_School,F,2,141317,sales
122602,0,155000.0,Master,F,1,50761,marketing
77362,1,241000.0,High_School,M,1,59555,marketing
114538,0,293000.0,PhD,M,2,148795,engineering
193135,0,106000.0,High_School,M,1,18312,engineering
52137,1,135000.0,PhD,M,1,168905,engineering
54436,0,130000.0,High_School,M,6,92210,sales
6575,1,242000.0,PhD,M,5,76310,engineering
102714,1,267000.0,Master,M,5,4110,sales
150952,1,85000.0,PhD,M,2,90,engineering
65599,1,269000.0,Master,M,2,147249,engineering
9397,0,329000.0,Bachelor,M,2,20901,engineering
20014,0,133000.0,Bachelor,M,2,113578,marketing
67603,0,73000.0,Bachelor,F,1,62298,HR
134347,1,187000.0,PhD,M,4,144401,sales
23803,1,389000.0,Master,F,5,76073,engineering
12943,1,253000.0,High_School,M,1,158888,sales
13022,0,280000.0,Bachelor,F,6,190060,sales
118190,0,351000.0,Bachelor,M,4,14299,engineering
138403,0,92000.0,Master,F,3,146220,marketing
166020,0,75000.0,PhD,M,5,6335,sales
91049,0,72000.0,PhD,M,3,139278,HR
17360,0,174000.0,Bachelor,M,4,171940,marketing
179481,0,244000.0,Bachelor,M,4,98931,marketing
123213,0,117000.0,Bachelor,M,4,11275,marketing
139839,0,157000.0,Bachelor,M,3,193763,engineering
160045,0,351000.0,PhD,F,4,174092,sales
130246,0,88000.0,PhD,M,2,109102,sales
124260,0,278000.0,Master,M,1,139180,marketing
170906,0,164000.0,Bachelor,M,1,182116,sales
89554,0,118000.0,PhD,M,2,134728,marketing
68679,0,87000.0,Master,F,2,196490,HR
779,0,120000.0,Master,M,9,196484,marketing
198207,0,342000.0,Bachelor,F,2,12877,engineering
146046,0,230000.0,Master,M,3,161727,engineering
73039,0,279000.0,PhD,F,1,109102,sales
190008,0,180000.0,Master,M,3,45803,sales
94486,0,282000.0,Master,F,4,122145,engineering
154700,1,359000.0,Master,F,5,183528,engineering
78042,1,188000.0,Bachelor,F,2,56451,sales
184380,0,79000.0,PhD,M,3,101819,engineering
18802,0,217000.0,PhD,M,4,166591,sales
190249,0,263000.0,PhD,M,13,134556,marketing
106466,0,108000.0,Bachelor,M,1,88007,sales
77454,0,103000.0,Master,M,2,150722,marketing
143317,0,101000.0,Master,M,13,94362,sales
100502,0,104000.0,Bachelor,F,7,63832,marketing
77613,0,167000.0,Bachelor,M,3,66090,sales
100977,0,242000.0,Bachelor,F,6,127544,sales
115086,1,170000.0,PhD,M,3,34714,sales
63682,0,254000.0,PhD,F,3,52796,sales
188109,1,160000.0,Master,M,2,148865,sales
5613,0,99000.0,High_School,F,7,61517,HR
116876,1,368000.0,Master,M,2,29712,engineering
22155,1,158000.0,Bachelor,F,4,122762,sales
83675,0,166000.0,Bachelor,M,4,148795,engineering
58522,1,263000.0,Bachelor,M,7,39726,engineering
74800,1,146000.0,Master,M,4,191289,engineering
191653,0,63000.0,High_School,M,5,59327,HR
84212,1,122000.0,PhD,M,2,197832,marketing
71221,1,323000.0,Master,M,2,25367,marketing
41842,1,155000.0,Bachelor,F,3,108428,engineering
199165,0,284000.0,PhD,M,3,128511,engineering
6939,0,227000.0,PhD,M,1,150194,engineering
75371,0,109000.0,Bachelor,M,2,180925,sales
7495,0,105000.0,High_School,M,1,153551,sales
88963,0,67000.0,High_School,F,5,140838,HR
133769,1,90000.0,PhD,M,4,92585,marketing
118868,0,230000.0,PhD,M,6,153412,marketing
109125,0,102000.0,Master,F,1,181781,HR
61569,1,177000.0,Master,M,4,779,marketing
116919,1,171000.0,PhD,M,2,109102,sales
180722,0,229000.0,Master,M,2,181311,sales
166741,0,329000.0,PhD,F,22,97647,marketing
36772,0,79000.0,Master,F,4,39231,HR
23571,0,61000.0,PhD,M,5,167188,HR
132439,1,249000.0,High_School,F,1,110091,engineering
133975,1,220000.0,PhD,F,7,76135,marketing
155734,1,107000.0,PhD,M,2,131525,sales
31716,1,197000.0,PhD,M,4,66591,sales
57610,0,166000.0,PhD,M,1,34714,sales
49246,0,270000.0,Master,F,4,1651,engineering
52535,0,99000.0,Bachelor,M,4,159638,HR
58398,0,193000.0,High_School,M,4,166591,sales
86377,0,120000.0,PhD,M,4,147642,sales
82563,0,187000.0,High_School,M,2,190060,sales
76428,0,302000.0,Master,M,3,56451,sales
136335,0,231000.0,High_School,M,4,124014,sales
63659,0,173000.0,PhD,M,1,138948,marketing
174134,0,328000.0,High_School,M,5,159098,engineering
117555,1,73000.0,Bachelor,M,1,113189,sales
36277,0,296000.0,Master,M,7,87330,engineering
7349,1,301000.0,Bachelor,M,8,121233,marketing
172229,0,249000.0,Master,M,1,166591,sales
76310,0,114000.0,PhD,F,13,183869,engineering
187573,1,156000.0,High_School,M,2,107493,engineering
176557,0,264000.0,Master,F,4,144976,sales
140317,0,308000.0,High_School,M,19,107152,engineering
36594,1,219000.0,Bachelor,M,1,102632,marketing
88384,1,280000.0,Bachelor,F,5,46997,sales
139180,0,104000.0,Master,F,9,71532,marketing
179837,0,90000.0,Master,M,2,127266,marketing
174328,0,260000.0,PhD,F,4,171499,engineering
48913,0,146000.0,Master,F,5,136147,sales
112583,0,226000.0,Master,M,7,92403,sales
81528,0,130000.0,Master,F,4,71152,HR
179463,0,253000.0,Master,M,5,70406,marketing
138416,0,81000.0,PhD,M,3,177495,HR
141800,0,123000.0,Bachelor,F,2,132192,HR
197493,0,187000.0,Master,F,1,98520,marketing
109211,0,87000.0,Master,M,2,71130,engineering
172533,0,159000.0,PhD,F,2,198240,sales
122746,0,276000.0,PhD,M,2,6536,marketing
132622,0,243000.0,Master,M,2,69379,sales
147963,1,145000.0,Bachelor,M,2,138948,marketing
164851,1,138000.0,High_School,F,18,154041,sales
127745,0,67000.0,Bachelor,F,6,154375,HR
119558,0,118000.0,PhD,F,1,182038,sales
161466,0,63000.0,Master,M,5,174009,HR
156083,0,147000.0,Bachelor,M,3,183528,engineering
176206,1,78000.0,Bachelor,F,2,17211,HR
44721,1,252000.0,Master,M,1,48120,engineering
195033,0,63000.0,PhD,M,5,78215,sales
162341,0,238000.0,High_School,M,2,132683,engineering
146969,0,153000.0,High_School,F,4,136468,sales
167650,1,220000.0,High_School,F,14,119481,engineering
194528,0,109000.0,Bachelor,F,1,85791,sales
152015,0,273000.0,Bachelor,M,2,88936,sales
72965,1,289000.0,Bachelor,F,14,92713,sales
6120,0,145000.0,Bachelor,M,3,80728,engineering
47850,0,199000.0,Bachelor,M,3,8711,marketing
90290,1,177000.0,Bachelor,M,2,120381,sales
130965,1,62000.0,PhD,M,1,64724,marketing
135734,1,212000.0,Master,M,3,67522,sales
118745,0,61000.0,Master,M,2,150300,marketing
120028,0,65000.0,PhD,F,2,141211,HR
63338,1,123000.0,Master,F,3,85791,sales
176818,0,205000.0,High_School,F,1,48352,engineering
105302,0,264000.0,High_School,F,4,71115,engineering
148781,0,95000.0,High_School,M,1,140838,HR
27472,0,262000.0,Master,M,3,110508,engineering
135799,1,261000.0,PhD,M,2,108164,sales
46460,0,382000.0,PhD,F,4,169223,engineering
74322,0,218000.0,PhD,M,3,179212,marketing
77756,0,188000.0,PhD,M,2,27781,marketing
125114,1,132000.0,Master,F,5,41533,HR
177819,0,163000.0,Bachelor,M,5,182996,sales
121441,1,142000.0,PhD,F,6,102684,sales
168062,1,112000.0,Master,M,2,37220,engineering
188851,0,144000.0,Bachelor,M,4,146220,marketing
136589,0,147000.0,High_School,M,2,91002,marketing
129320,1,339000.0,Master,M,1,71585,sales
150300,1,218000.0,PhD,M,13,89053,marketing
73569,0,81000.0,PhD,F,1,178147,HR
86000,0,174000.0,Master,M,5,130204,marketing
180587,0,382000.0,High_School,F,2,101484,engineering
107593,0,194000.0,Bachelor,M,1,102043,marketing
89108,0,125000.0,Bachelor,F,1,180037,sales
175820,0,252000.0,Bachelor,M,2,176415,engineering
15305,1,95000.0,Bachelor,F,2,115694,engineering
84250,0,308000.0,PhD,M,2,170431,marketing
34235,0,104000.0,Master,F,4,27718,HR
130924,0,177000.0,Master,M,3,34714,sales
118028,0,213000.0,PhD,M,4,92210,sales
74514,0,243000.0,Master,M,3,102102,sales
66420,0,114000.0,Master,F,2,21604,HR
123223,1,308000.0,Master,M,2,62990,sales
124515,1,168000.0,Master,M,4,30468,engineering
98225,1,216000.0,Bachelor,M,16,162476,engineering
31294,1,210000.0,Master,M,4,37434,sales
6027,1,175000.0,PhD,F,11,74062,marketing
141808,0,230000.0,PhD,M,18,34051,sales
754,0,86000.0,Bachelor,F,6,25036,HR
176415,0,192000.0,PhD,M,6,39726,engineering
75108,0,66000.0,PhD,F,3,32405,HR
12679,1,152000.0,Master,F,7,3917,sales
26424,0,62000.0,High_School,F,4,31063,HR
161004,0,179000.0,PhD,M,2,84828,engineering
21196,1,289000.0,PhD,M,1,43420,sales
49535,0,226000.0,High_School,M,2,1610,engineering
126107,0,298000.0,High_School,M,3,23120,marketing
12652,0,182000.0,Master,M,4,192369,sales
101323,0,101000.0,Bachelor,M,2,115856,sales
45803,1,198000.0,Master,M,3,83356,sales
99623,0,70000.0,Bachelor,M,1,184236,HR
40458,1,276000.0,Master,F,3,124014,sales
180700,0,178000.0,High_School,F,1,135848,marketing
98468,0,326000.0,Master,M,1,181996,engineering
166796,0,195000.0,PhD,M,4,73893,sales
76966,1,291000.0,PhD,M,1,185976,engineering
181214,0,168000.0,Bachelor,F,7,144219,engineering
89871,0,154000.0,Bachelor,M,1,17291,sales
188129,0,300000.0,PhD,M,5,90834,sales
9056,1,193000.0,High_School,M,4,147249,engineering
82693,0,303000.0,High_School,M,3,127266,marketing
123352,1,235000.0,PhD,M,3,14470,sales
181674,1,114000.0,Master,M,1,182777,marketing
111877,0,247000.0,PhD,M,4,159838,marketing
742,0,109000.0,Master,M,6,192056,HR
80296,0,61000.0,High_School,F,1,51923,HR
91345,1,232000.0,Bachelor,M,6,32510,sales
122456,0,302000.0,Bachelor,M,2,76641,engineering
188167,1,115000.0,Bachelor,F,6,175365,marketing
158098,0,305000.0,Bachelor,M,1,134536,engineering
198889,0,251000.0,PhD,F,1,162035,sales
120639,0,217000.0,Master,M,5,142146,sales
49799,0,77000.0,Master,F,2,135804,HR
152382,0,75000.0,PhD,M,1,70406,marketing
126862,1,172000.0,Bachelor,M,3,53390,sales
6404,1,136000.0,PhD,M,5,60373,marketing
198626,1,320000.0,PhD,M,3,198648,marketing
156633,0,131000.0,High_School,F,3,196490,HR
164414,0,64000.0,Bachelor,M,1,117376,HR
565,0,68000.0,Bachelor,M,3,21470,marketing
2734,1,79000.0,Bachelor,F,8,47260,HR
48251,1,229000.0,PhD,M,3,148865,sales
103912,0,292000.0,High_School,M,5,89002,sales
141910,1,117000.0,Bachelor,M,3,112643,sales
136147,0,161000.0,Bachelor,M,5,100942,sales
124951,0,75000.0,Master,F,6,81421,HR
46173,0,341000.0,Bachelor,M,2,181772,sales
49729,1,275000.0,Master,F,3,191418,sales
132599,1,298000.0,Master,F,2,130204,marketing
81313,0,98000.0,PhD,F,5,159996,sales
184462,0,291000.0,Bachelor,M,3,174122,engineering
171048,1,233000.0,Bachelor,M,2,89837,marketing
96177,0,185000.0,High_School,M,5,77866,marketing
367,0,220000.0,PhD,F,1,118769,engineering
104068,0,98000.0,Bachelor,F,2,23737,HR
101647,0,267000.0,PhD,M,8,193518,sales
192369,0,131000.0,Bachelor,M,13,131950,sales
78678,0,73000.0,PhD,F,3,92403,sales
172587,1,132000.0,PhD,M,3,141079,engineering
74737,1,215000.0,Master,M,2,143317,sales
136730,1,300000.0,Master,M,4,10773,engineering
83260,0,75000.0,PhD,F,5,159638,HR
138823,1,95000.0,PhD,F,12,124994,HR
162461,0,203000.0,PhD,M,5,132399,sales
39663,1,95000.0,Master,M,1,95522,marketing
92226,0,113000.0,Master,M,3,198875,engineering
130568,1,95000.0,Bachelor,M,4,75246,engineering
127778,1,291000.0,PhD,M,4,134536,engineering
177391,0,125000.0,Master,M,3,134048,sales
130724,1,255000.0,PhD,M,9,129000,marketing
49720,0,67000.0,High_School,F,7,39460,HR
96060,1,61000.0,Bachelor,M,8,7531,HR
154843,1,155000.0,PhD,F,1,173939,marketing
75014,0,203000.0,High_School,F,1,132360,sales
99105,0,143000.0,Master,M,6,48877,marketing
27637,0,194000.0,Bachelor,M,2,88779,sales
20378,0,66000.0,PhD,M,5,124994,HR
142630,0,143000.0,PhD,F,13,171266,HR
71595,1,288000.0,PhD,M,19,55537,engineering
57105,0,219000.0,High_School,F,4,105395,engineering
97647,0,102000.0,High_School,F,23,110464,marketing
94667,0,104000.0,Master,F,3,149245,marketing
133518,0,354000.0,Bachelor,M,5,119576,engineering
119964,0,70000.0,Bachelor,M,4,167223,marketing
57078,0,193000.0,Bachelor,M,2,147783,sales
10357,1,309000.0,Master,F,7,196484,marketing
96548,1,233000.0,High_School,F,5,162196,engineering
198478,0,269000.0,Bachelor,M,4,198240,sales
150066,0,296000.0,PhD,M,2,51293,sales
177199,1,269000.0,High_School,M,2,109254,sales
156257,0,111000.0,High_School,F,2,22887,HR
52226,0,243000.0,PhD,M,2,110091,engineering
147111,0,151000.0,PhD,M,1,182777,marketing
150206,0,68000.0,Bachelor,M,6,151696,HR
112873,0,74000.0,Bachelor,F,3,43937,HR
183262,0,81000.0,Bachelor,F,1,7095,HR
118232,0,163000.0,PhD,M,2,126368,sales
86822,1,98000.0,Bachelor,F,2,20828,marketing
134944,0,201000.0,Master,M,8,181201,sales
54273,0,294000.0,Master,M,2,40904,engineering
87537,0,213000.0,Bachelor,M,4,191495,sales
166928,1,76000.0,Bachelor,F,3,189937,engineering
76256,0,282000.0,Master,M,1,89837,marketing
114582,0,259000.0,Master,M,1,88779,sales
62867,0,281000.0,PhD,F,2,189222,engineering
102809,0,70000.0,High_School,F,1,94447,HR
73133,0,301000.0,Bachelor,F,9,92765,engineering
12939,0,209000.0,High_School,M,3,177489,marketing
26468,1,338000.0,Master,F,4,189937,engineering
184993,0,171000.0,High_School,M,3,175361,sales
38603,1,341000.0,Master,F,2,144219,engineering
36137,0,187000.0,Master,M,2,177772,marketing
194519,1,159000.0,PhD,M,1,78215,sales
178147,0,106000.0,Master,M,5,24681,HR
85438,1,297000.0,Master,F,4,75198,marketing
81559,1,80000.0,Master,M,3,198879,sales
154897,0,247000.0,Master,M,19,34280,sales
15447,1,190000.0,High_School,M,6,92845,engineering
84521,0,78000.0,Master,M,2,94447,HR
151455,0,386000.0,Bachelor,F,5,55883,engineering
126176,0,166000.0,Bachelor,F,1,98419,marketing
173518,0,112000.0,Bachelor,M,8,102026,sales
90417,0,188000.0,Master,F,3,57938,engineering
133107,1,112000.0,Bachelor,M,1,107493,engineering
98558,0,338000.0,Master,M,10,145161,engineering
111951,0,78000.0,Bachelor,M,7,171461,HR
61288,0,195000.0,High_School,M,3,143050,marketing
126221,0,266000.0,PhD,M,3,110508,engineering
81788,0,125000.0,PhD,F,1,101901,engineering
35799,0,152000.0,Bachelor,M,2,79193,sales
58836,1,298000.0,High_School,M,4,155437,engineering
4421,0,216000.0,High_School,M,2,32510,sales
166367,1,270000.0,Bachelor,M,4,34134,sales
94013,0,196000.0,Master,F,2,5743,sales
79807,1,231000.0,High_School,F,9,92567,engineering
48069,1,246000.0,Bachelor,F,7,60489,marketing
179311,0,132000.0,Bachelor,M,4,123387,sales
73034,0,163000.0,High_School,M,2,161284,engineering
85780,1,338000.0,Bachelor,M,2,26468,engineering
175279,0,166000.0,High_School,M,3,148260,marketing
71987,0,137000.0,Master,M,4,24015,HR
158654,0,292000.0,Bachelor,M,3,3260,engineering
69988,0,243000.0,PhD,F,3,165668,engineering
4153,0,396000.0,Master,M,1,81111,engineering
153275,1,114000.0,High_School,M,2,198648,marketing
13399,0,187000.0,Master,M,3,51293,sales
15626,0,75000.0,Master,F,5,146111,HR
64633,1,272000.0,Master,F,2,84828,engineering
188716,0,79000.0,Bachelor,M,1,126515,HR
43381,0,284000.0,Bachelor,F,3,1050,engineering
46196,0,142000.0,PhD,F,5,160618,sales
38027,0,89000.0,Bachelor,M,1,191351,marketing
118109,0,79000.0,High_School,M,2,73254,HR
40277,0,277000.0,Master,M,3,5875,marketing
37480,0,153000.0,High_School,M,4,114011,engineering
87660,0,205000.0,Bachelor,M,1,174122,engineering
140697,0,159000.0,Bachelor,F,2,81644,engineering
66514,0,117000.0,Bachelor,F,2,44056,HR
165921,0,274000.0,PhD,F,1,166729,marketing
2420,1,123000.0,Master,M,8,112245,sales
102605,1,276000.0,Master,M,1,26505,marketing
146544,0,185000.0,Master,M,1,97878,sales
129786,0,329000.0,Bachelor,M,4,73106,engineering
113887,1,313000.0,High_School,F,2,197206,marketing
148787,1,274000.0,PhD,F,5,153291,sales
39067,0,89000.0,Bachelor,M,7,26183,sales
96569,0,287000.0,Master,F,2,180924,marketing
164530,1,123000.0,PhD,M,1,132283,engineering
129908,0,66000.0,Bachelor,M,6,150290,HR
58311,0,213000.0,PhD,M,3,177166,engineering
24740,0,133000.0,Master,F,3,146220,marketing
65382,1,90000.0,Master,M,4,90237,sales
141419,0,146000.0,High_School,M,2,147016,sales
97091,0,228000.0,Master,M,4,88779,sales
129748,0,221000.0,Bachelor,M,1,158609,sales
178243,0,61000.0,PhD,M,3,125114,HR
55634,1,221000.0,High_School,M,3,30488,marketing
137159,0,187000.0,High_School,F,2,27704,sales
190691,0,273000.0,Master,F,1,63077,sales
55279,1,187000.0,High_School,M,1,51288,engineering
55948,0,62000.0,PhD,F,2,150189,HR
129032,0,161000.0,Master,F,1,87884,engineering
146954,1,369000.0,PhD,M,2,136147,sales
76679,0,196000.0,High_School,M,1,48742,engineering
127677,1,325000.0,High_School,M,4,148418,engineering
64455,0,93000.0,Bachelor,F,3,39460,HR
38820,0,174000.0,PhD,M,1,103448,sales
111896,0,177000.0,Bachelor,F,1,134671,sales
115123,1,215000.0,PhD,M,2,154703,engineering
147761,1,132000.0,Bachelor,F,5,150194,engineering
21103,1,246000.0,Bachelor,F,8,182777,marketing
71324,0,216000.0,Bachelor,M,6,34134,sales
130025,0,165000.0,Bachelor,M,2,155437,engineering
108019,0,95000.0,Master,F,4,147016,sales
5605,0,229000.0,Master,M,2,128511,engineering
113681,0,89000.0,Bachelor,M,1,17211,HR
154008,0,209000.0,Bachelor,M,4,4394,marketing
50255,0,252000.0,Bachelor,M,1,113245,sales
74185,0,384000.0,PhD,M,4,75045,marketing
5408,1,393000.0,Master,F,1,167650,engineering
177703,0,91000.0,Master,M,5,138948,marketing
175979,1,251000.0,PhD,M,4,142104,engineering
182728,0,200000.0,PhD,F,2,134728,marketing
146198,0,254000.0,Bachelor,M,4,75198,marketing
198182,0,83000.0,Master,M,7,183824,engineering
86379,0,329000.0,Master,F,1,165853,engineering
148807,0,95000.0,Master,F,7,43704,HR
118720,0,334000.0,PhD,M,3,7212,marketing
30568,0,87000.0,Master,F,4,130135,HR
22104,1,373000.0,Bachelor,M,4,2644,sales
144064,0,151000.0,High_School,M,5,121419,engineering
127007,0,158000.0,Master,F,8,46997,sales
126515,0,79000.0,PhD,M,13,24681,HR
139350,0,389000.0,PhD,F,1,119774,sales
66299,0,220000.0,High_School,M,1,43420,sales
193621,1,221000.0,PhD,F,11,100942,sales
137751,0,199000.0,Master,F,3,134048,sales
63309,0,132000.0,High_School,M,5,186283,engineering
199903,0,206000.0,PhD,F,4,151005,marketing
70499,1,398000.0,Master,F,3,112750,engineering
172353,0,311000.0,Bachelor,F,2,134536,engineering
135993,1,182000.0,Bachelor,M,4,49729,sales
124159,1,324000.0,PhD,M,6,189038,engineering
26748,0,328000.0,Bachelor,F,4,34134,sales
148865,0,215000.0,Master,M,13,24691,sales
160422,0,297000.0,Bachelor,M,2,54136,marketing
154943,0,222000.0,Master,M,3,190065,marketing
92224,0,147000.0,Bachelor,M,2,138432,sales
169372,0,140000.0,Master,F,3,149970,marketing
182833,0,61000.0,Master,F,1,51121,HR
94362,0,226000.0,Bachelor,F,18,34051,sales
9121,0,347000.0,Bachelor,M,1,128447,engineering
115276,0,60000.0,PhD,M,3,160169,sales
74148,1,209000.0,Bachelor,M,4,12877,engineering
908,0,64000.0,High_School,M,8,59327,HR
43442,0,80000.0,PhD,F,3,123154,HR
11847,0,191000.0,PhD,M,6,111508,marketing
30714,0,68000.0,PhD,M,3,41808,HR
143977,0,107000.0,Bachelor,M,4,143317,sales
62957,0,197000.0,PhD,M,1,174092,sales
56197,0,121000.0,Bachelor,M,4,131525,sales
60831,0,99000.0,Master,F,6,1791,HR
85061,1,133000.0,PhD,M,4,132360,sales
24681,0,116000.0,Master,F,18,124994,HR
75198,0,196000.0,Bachelor,F,14,146600,marketing
121195,0,96000.0,PhD,F,1,198624,HR
49545,0,246000.0,PhD,M,3,29712,engineering
170804,1,318000.0,High_School,M,2,40904,engineering
142051,0,212000.0,High_School,M,3,43420,sales
73106,1,362000.0,PhD,M,5,60121,engineering
180266,1,203000.0,Bachelor,M,2,10922,sales
23989,0,125000.0,Master,F,7,74818,sales
52367,0,208000.0,Bachelor,F,4,9706,sales
92526,0,284000.0,PhD,M,8,182777,marketing
140026,0,354000.0,Master,M,7,166653,engineering
169653,1,187000.0,Master,M,1,126257,engineering
149334,0,115000.0,Master,F,3,7966,sales
86590,0,245000.0,Bachelor,F,2,38308,marketing
55431,0,330000.0,PhD,F,9,100942,sales
106449,0,73000.0,Bachelor,F,4,14465,HR
54983,0,225000.0,PhD,M,1,85717,sales
161218,1,261000.0,Master,M,2,79237,marketing
194614,1,301000.0,High_School,M,7,154170,engineering
136635,0,191000.0,Bachelor,M,2,103448,sales
64767,0,60000.0,PhD,M,3,742,HR
114472,0,141000.0,Master,F,20,197876,sales
60319,1,162000.0,PhD,M,5,65174,sales
114835,1,286000.0,High_School,M,2,74066,engineering
156577,0,165000.0,High_School,M,7,166729,marketing
140333,0,224000.0,Bachelor,M,3,34714,sales
75821,1,367000.0,Bachelor,M,4,133927,engineering
18928,0,294000.0,PhD,M,1,165717,sales
110575,0,63000.0,PhD,M,2,182556,sales
60713,1,140000.0,Master,F,5,168742,sales
192592,0,335000.0,Bachelor,M,2,43858,engineering
37951,0,165000.0,Master,M,7,107493,engineering
125254,1,200000.0,Master,M,5,122567,engineering
130903,1,83000.0,Master,M,2,180924,marketing
41840,0,312000.0,PhD,M,4,153412,marketing
160011,1,356000.0,PhD,F,3,118769,engineering
20674,0,95000.0,High_School,F,5,57185,engineering
139678,0,155000.0,PhD,M,2,12649,engineering
38652,0,196000.0,High_School,M,4,96664,marketing
128560,0,166000.0,Bachelor,M,8,119576,engineering
144326,0,195000.0,Bachelor,F,2,78874,sales
174122,0,313000.0,Bachelor,M,3,152076,engineering
12954,0,78000.0,Bachelor,F,1,172948,HR
77883,1,145000.0,High_School,M,3,127266,marketing
56375,0,223000.0,Master,F,5,9239,sales
191649,0,60000.0,PhD,M,7,94454,sales
41510,1,141000.0,Bachelor,M,3,147715,sales
165235,1,283000.0,PhD,M,3,198240,sales
182694,1,78000.0,Bachelor,M,2,53390,sales
158156,0,86000.0,PhD,M,1,198424,marketing
88008,0,162000.0,Master,M,3,175434,sales
144177,1,107000.0,High_School,F,5,180930,sales
20766,0,89000.0,Master,M,3,16445,HR
102058,0,122000.0,High_School,M,4,131525,sales
9052,1,281000.0,Master,M,2,159098,engineering
13458,0,133000.0,PhD,M,2,159838,marketing
1415,0,131000.0,High_School,F,1,9239,sales
14886,0,226000.0,High_School,M,1,172250,marketing
148619,0,241000.0,PhD,M,7,14470,sales
185200,0,205000.0,High_School,M,3,14299,engineering
70705,1,99000.0,Bachelor,F,9,102498,HR
79582,0,157000.0,PhD,M,4,60489,marketing
104958,0,227000.0,Bachelor,M,2,2644,sales
93388,0,87000.0,Master,M,3,53826,HR
58212,1,205000.0,Master,M,2,94507,engineering
54106,1,228000.0,Bachelor,M,2,134671,sales
145308,1,238000.0,Master,M,6,158056,engineering
197481,1,360000.0,PhD,F,6,73489,sales
156382,1,255000.0,Bachelor,M,2,133927,engineering
178499,1,70000.0,Master,M,1,75198,marketing
98607,1,273000.0,Bachelor,F,1,57185,engineering
120480,1,125000.0,Bachelor,M,5,159906,sales
29410,0,315000.0,PhD,M,14,145161,engineering
20032,0,203000.0,PhD,F,2,88779,sales
98707,0,212000.0,High_School,F,6,19424,engineering
167790,0,160000.0,High_School,M,8,126330,engineering
153321,0,165000.0,High_School,M,7,30640,engineering
15405,0,172000.0,Master,M,6,148260,marketing
112769,1,222000.0,PhD,M,1,189222,engineering
44046,1,267000.0,PhD,M,1,94683,marketing
113026,1,203000.0,Bachelor,M,1,186283,engineering
191289,1,278000.0,PhD,M,9,71595,engineering
158402,0,106000.0,Bachelor,F,4,15768,HR
21276,0,376000.0,Bachelor,M,4,144219,engineering
131301,0,72000.0,PhD,M,8,129778,HR
160121,0,249000.0,Master,F,3,75246,engineering
71500,0,169000.0,PhD,M,4,156010,engineering
116154,0,306000.0,Bachelor,M,3,68821,engineering
190274,1,313000.0,PhD,M,1,4440,marketing
196637,0,290000.0,PhD,F,13,189937,engineering
87330,1,104000.0,Bachelor,F,3,91654,engineering
112743,0,364000.0,High_School,F,2,122567,engineering
52322,1,210000.0,Bachelor,M,5,77613,sales
198824,0,160000.0,PhD,F,1,69200,sales
30639,0,112000.0,PhD,M,5,52319,sales
59218,1,148000.0,Bachelor,M,3,121419,engineering
81849,0,88000.0,Master,F,4,123154,HR
80289,0,78000.0,Bachelor,M,4,88370,HR
17149,0,249000.0,High_School,M,5,94507,engineering
119897,0,89000.0,High_School,M,6,67522,sales
192132,0,146000.0,High_School,M,12,37154,marketing
147845,1,136000.0,Bachelor,F,4,51923,HR
79070,0,61000.0,Bachelor,M,1,31063,HR
85081,1,280000.0,Bachelor,M,2,41991,sales
192105,1,217000.0,Master,M,4,101901,engineering
92320,0,127000.0,PhD,F,1,188118,sales
19057,0,201000.0,Bachelor,F,3,132026,marketing
181394,0,323000.0,Bachelor,M,6,171940,marketing
124641,1,134000.0,Bachelor,F,2,182038,sales
116417,1,175000.0,PhD,F,4,25934,engineering
170710,0,301000.0,Bachelor,M,2,179929,sales
52498,1,181000.0,Master,M,5,182777,marketing
189516,1,193000.0,Master,F,2,160618,sales
30050,0,82000.0,Master,M,4,119231,HR
130780,0,174000.0,Bachelor,M,1,80728,engineering
133343,1,62000.0,PhD,M,4,150189,HR
99589,0,360000.0,Master,F,1,131063,marketing
116714,1,289000.0,Bachelor,F,3,148418,engineering
44967,0,62000.0,Bachelor,M,4,8812,HR
71499,0,359000.0,PhD,M,26,110464,marketing
42576,0,201000.0,Bachelor,M,3,24979,marketing
11423,0,189000.0,Master,M,2,124014,sales
100854,1,88000.0,Master,M,3,73106,engineering
128446,1,341000.0,Bachelor,M,4,53374,sales
165072,0,194000.0,High_School,F,7,148032,sales
154381,0,327000.0,PhD,M,5,66090,sales
181340,0,94000.0,PhD,M,7,81490,sales
469,0,79000.0,Master,M,1,21470,marketing
192911,0,166000.0,Master,F,3,164439,marketing
109804,1,199000.0,PhD,M,24,51535,engineering
128522,0,74000.0,Bachelor,F,6,39460,HR
63303,0,92000.0,PhD,F,1,44056,HR
187931,0,181000.0,Bachelor,M,1,134658,sales
89731,0,159000.0,Bachelor,M,2,186086,engineering
76859,1,125000.0,Bachelor,M,3,52923,sales
143473,0,75000.0,Master,F,7,59566,HR
183718,0,379000.0,PhD,F,2,92845,engineering
130834,1,360000.0,PhD,F,13,98225,engineering
191485,0,322000.0,PhD,M,11,89002,sales
159974,1,168000.0,High_School,F,2,162035,sales
82591,1,290000.0,Bachelor,M,5,87884,engineering
141849,0,82000.0,Bachelor,F,4,119302,HR
32959,0,95000.0,Bachelor,M,2,142276,HR
148599,0,244000.0,High_School,M,4,21470,marketing
24913,0,173000.0,Bachelor,M,5,66160,sales
97381,0,68000.0,Master,F,6,172717,HR
67211,1,173000.0,High_School,M,5,48690,sales
86787,1,91000.0,Bachelor,M,8,168942,HR
10768,0,188000.0,PhD,M,1,87733,sales
152748,1,207000.0,PhD,M,3,175434,sales
133748,1,205000.0,PhD,M,3,127544,sales
13395,0,211000.0,Master,M,4,109254,sales
106349,0,78000.0,PhD,M,3,22977,HR
121739,0,222000.0,Master,M,3,181787,marketing
77212,0,281000.0,PhD,M,5,29547,engineering
156450,1,218000.0,Master,M,2,92845,engineering
97932,0,281000.0,High_School,M,3,135846,sales
5374,0,171000.0,Master,M,4,167941,sales
110310,0,114000.0,Bachelor,M,5,75705,HR
196291,1,202000.0,Bachelor,F,5,29712,engineering
54808,1,344000.0,PhD,M,8,163049,sales
196513,0,395000.0,High_School,F,1,52525,engineering
119763,0,89000.0,Bachelor,M,3,52313,sales
76649,0,149000.0,Bachelor,F,2,5374,sales
178516,0,63000.0,Bachelor,M,3,129734,engineering
1349,1,123000.0,PhD,M,3,134658,sales
28435,0,174000.0,Bachelor,M,6,20828,marketing
1628,0,159000.0,Bachelor,M,3,53109,sales
62816,1,188000.0,PhD,M,1,95169,sales
133826,1,115000.0,High_School,M,3,87762,sales
149492,1,273000.0,Bachelor,M,6,40904,engineering
34868,1,213000.0,High_School,F,6,77670,sales
160478,0,60000.0,Master,M,7,123502,HR
97504,1,168000.0,Master,M,1,76073,engineering
7725,1,277000.0,Bachelor,M,5,90,engineering
133388,0,398000.0,Master,M,6,67151,engineering
70987,1,221000.0,PhD,M,2,4394,marketing
127825,0,70000.0,Master,F,4,189742,HR
100495,0,193000.0,PhD,F,2,103448,sales
174518,0,196000.0,Master,M,4,79934,engineering
30717,1,186000.0,Master,M,1,138948,marketing
198933,0,172000.0,Master,M,2,144219,engineering
18501,1,172000.0,Master,F,2,19424,engineering
22956,0,231000.0,Bachelor,M,6,132309,sales
127356,0,70000.0,Master,M,5,184885,HR
21022,1,124000.0,PhD,F,1,192145,sales
58296,0,316000.0,Master,M,2,59555,marketing
53548,0,180000.0,PhD,M,6,102712,sales
136594,0,186000.0,Bachelor,M,5,51288,engineering
152500,0,112000.0,Master,M,19,93708,HR
18968,0,86000.0,PhD,F,1,11507,HR
108284,0,323000.0,Master,M,4,75242,engineering
15039,0,338000.0,PhD,M,5,175558,engineering
134049,0,128000.0,PhD,F,2,19806,sales
61706,0,104000.0,Master,F,8,82657,sales
108033,0,86000.0,High_School,M,4,104759,HR
162487,1,328000.0,High_School,M,1,84828,engineering
159581,0,104000.0,PhD,F,5,97422,HR
108494,1,171000.0,PhD,M,3,198879,sales
139370,0,96000.0,Master,M,7,32572,marketing
19815,1,108000.0,High_School,F,3,4421,sales
158371,0,358000.0,Bachelor,M,3,7255,engineering
107840,0,89000.0,Master,M,2,138772,sales
199397,0,274000.0,Bachelor,M,1,199184,sales
101394,0,77000.0,High_School,M,6,91979,HR
49533,1,177000.0,PhD,M,5,134671,sales
184393,1,135000.0,Master,M,3,48120,engineering
165874,0,297000.0,Bachelor,M,2,40904,engineering
79384,1,224000.0,Master,M,1,162518,sales
65355,0,272000.0,Bachelor,F,3,66306,engineering
62873,0,90000.0,PhD,F,2,102727,marketing
17615,1,348000.0,PhD,M,3,116180,engineering
97583,1,352000.0,Bachelor,M,2,198814,marketing
195702,0,140000.0,Bachelor,F,3,5743,sales
97126,0,76000.0,High_School,F,4,77866,marketing
108439,0,258000.0,Bachelor,M,4,142685,sales
161031,0,154000.0,High_School,F,3,10357,marketing
138249,0,234000.0,PhD,M,1,90834,sales
175073,0,172000.0,PhD,M,3,118329,sales
148724,1,288000.0,Master,F,4,199282,marketing
14379,0,94000.0,High_School,F,2,73254,HR
171697,0,152000.0,Bachelor,M,2,90065,engineering
182534,0,305000.0,PhD,M,2,23100,engineering
38291,1,130000.0,Master,M,5,122145,engineering
174657,1,98000.0,Master,M,3,74264,marketing
86114,1,168000.0,Master,M,4,186283,engineering
27406,0,212000.0,Bachelor,M,4,19806,sales
187003,1,174000.0,Master,M,1,118329,sales
174993,0,71000.0,Master,F,1,43937,HR
29742,0,100000.0,Bachelor,M,2,76641,engineering
176330,0,62000.0,High_School,F,3,182996,sales
58136,0,73000.0,Master,F,5,24287,HR
104460,1,93000.0,High_School,M,1,62081,sales
191207,0,268000.0,Master,F,2,150300,marketing
46994,1,128000.0,Master,M,4,169223,engineering
49927,1,273000.0,High_School,F,2,87707,sales
71308,1,206000.0,PhD,M,3,116289,engineering
124433,0,341000.0,High_School,M,8,176415,engineering
154456,0,166000.0,PhD,M,2,62081,sales
39020,1,126000.0,PhD,M,4,90,engineering
136561,0,156000.0,High_School,M,1,60319,sales
167061,1,324000.0,Bachelor,F,1,87762,sales
60028,1,246000.0,Master,M,6,66591,sales
12804,0,71000.0,Bachelor,F,2,168415,HR
163136,1,367000.0,Bachelor,F,2,30468,engineering
24371,1,68000.0,PhD,F,3,172541,HR
123263,0,119000.0,PhD,M,11,21604,HR
29749,0,84000.0,PhD,M,4,39785,HR
75282,1,387000.0,PhD,F,1,115694,engineering
26505,1,118000.0,Master,F,2,121233,marketing
45966,1,211000.0,Master,F,4,90,engineering
129538,0,311000.0,Master,M,4,67151,engineering
52102,0,201000.0,Bachelor,M,5,159996,sales
118243,0,186000.0,High_School,F,5,98419,marketing
64112,0,65000.0,Master,F,3,199950,HR
134338,1,168000.0,Master,M,1,77866,marketing
3780,0,207000.0,PhD,M,4,1808,engineering
146629,0,205000.0,PhD,M,19,190801,engineering
117117,1,76000.0,Bachelor,M,5,175365,marketing
61403,0,228000.0,PhD,M,12,69728,engineering
5425,1,156000.0,Bachelor,F,4,77866,marketing
81245,0,79000.0,High_School,F,2,33665,HR
96981,0,253000.0,Bachelor,M,1,168905,engineering
80456,0,97000.0,PhD,M,3,76435,sales
99499,0,101000.0,Master,M,2,51738,engineering
91139,1,110000.0,Bachelor,M,3,145126,sales
170172,0,224000.0,PhD,M,1,19524,marketing
110336,0,173000.0,High_School,M,2,110878,engineering
42884,1,100000.0,PhD,M,3,102684,sales
4730,0,60000.0,Master,M,7,158777,marketing
113771,0,140000.0,Master,M,5,51738,engineering
147824,0,195000.0,Master,M,3,168564,sales
45969,0,136000.0,Bachelor,F,17,26053,HR
16073,0,241000.0,PhD,F,6,139507,marketing
107119,0,103000.0,High_School,F,3,25805,sales
47755,1,295000.0,Master,F,5,154041,sales
82089,0,306000.0,Bachelor,M,4,127266,marketing
180228,0,130000.0,PhD,M,3,181886,sales
142022,0,314000.0,Master,F,5,116289,engineering
91192,0,126000.0,PhD,M,1,109102,sales
181566,1,205000.0,PhD,M,22,97647,marketing
117708,0,236000.0,PhD,M,3,179929,sales
57917,0,217000.0,PhD,F,1,113245,sales
128055,0,356000.0,PhD,M,1,159098,engineering
47954,0,173000.0,Bachelor,F,7,29410,engineering
34577,1,155000.0,Bachelor,M,6,170076,engineering
102109,0,215000.0,High_School,M,3,87613,engineering
39236,1,183000.0,Master,F,7,181886,sales
73436,1,160000.0,Master,M,4,79,sales
156333,1,197000.0,High_School,M,1,195165,engineering
29455,1,135000.0,High_School,F,1,8711,marketing
125806,1,132000.0,PhD,F,3,108428,engineering
167354,0,167000.0,PhD,F,4,95609,sales
165668,0,392000.0,PhD,M,11,140317,engineering
116613,1,249000.0,PhD,F,2,134658,sales
80089,0,203000.0,Master,F,7,150408,engineering
94964,1,342000.0,Master,M,3,157931,engineering
6881,1,196000.0,Master,F,2,167921,engineering
65437,1,223000.0,PhD,F,5,134982,sales
20012,0,123000.0,Master,M,2,159996,sales
176424,0,191000.0,Master,M,15,110464,marketing
59539,0,263000.0,Bachelor,M,1,22145,sales
55972,1,95000.0,Master,M,8,59566,HR
174126,1,97000.0,High_School,M,1,18939,sales
184555,0,85000.0,Bachelor,M,5,77556,HR
38402,0,114000.0,High_School,M,3,75045,marketing
127223,1,304000.0,High_School,M,5,55431,sales
66184,1,232000.0,PhD,M,1,196660,sales
182556,0,217000.0,High_School,M,4,107049,sales
68557,1,216000.0,Master,M,1,62990,sales
181836,0,120000.0,High_School,M,2,119302,HR
94480,0,118000.0,High_School,F,1,110089,HR
59862,0,352000.0,Bachelor,M,7,145161,engineering
114790,0,98000.0,High_School,M,7,2644,sales
97067,0,200000.0,Master,M,5,62990,sales
136025,1,311000.0,Bachelor,M,2,171940,marketing
97719,0,100000.0,Bachelor,M,1,98419,marketing
132005,0,86000.0,Master,M,5,182028,engineering
21602,0,140000.0,High_School,F,2,41808,HR
134168,1,363000.0,Master,F,5,26183,sales
69252,1,249000.0,PhD,M,4,131525,sales
127450,0,186000.0,Bachelor,M,2,25367,marketing
141542,0,66000.0,Bachelor,F,3,185285,HR
137256,0,249000.0,Bachelor,F,1,134982,sales
122831,0,62000.0,Bachelor,M,4,17291,sales
81154,1,148000.0,PhD,F,8,14241,marketing
79304,0,138000.0,Bachelor,M,6,48730,marketing
155901,1,344000.0,PhD,M,4,83032,marketing
88303,0,97000.0,Bachelor,M,10,3235,sales
179149,0,70000.0,Master,F,9,21604,HR
133091,1,94000.0,PhD,M,7,103421,engineering
71348,0,65000.0,PhD,F,2,61517,HR
40,0,71000.0,Master,F,3,123502,HR
77301,1,155000.0,PhD,F,6,87707,sales
82743,1,105000.0,Bachelor,M,2,196058,marketing
140181,0,103000.0,Bachelor,F,1,136861,sales
47553,0,356000.0,Master,M,6,69728,engineering
142031,0,293000.0,Master,M,3,79934,engineering
135124,0,246000.0,PhD,M,2,6335,sales
120266,0,242000.0,Bachelor,M,4,151005,marketing
106374,0,220000.0,PhD,M,4,74264,marketing
76855,0,63000.0,Bachelor,M,4,184998,sales
109027,0,67000.0,Master,F,2,143473,HR
178686,0,69000.0,High_School,M,2,14299,engineering
171907,0,326000.0,Bachelor,M,7,142146,sales
122102,0,322000.0,Bachelor,F,5,58522,engineering
71205,0,229000.0,Master,M,1,168564,sales
107510,0,198000.0,High_School,M,4,1872,engineering
129591,0,208000.0,High_School,M,3,164638,sales
99404,0,303000.0,Bachelor,F,1,181219,marketing
58902,0,384000.0,PhD,F,6,41335,engineering
39366,0,69000.0,Bachelor,F,4,104539,HR
69390,0,333000.0,Master,M,1,87733,sales
84007,1,97000.0,Bachelor,F,3,51288,engineering
37081,0,314000.0,Bachelor,M,7,181886,sales
36437,0,220000.0,Master,F,4,191454,marketing
133448,0,179000.0,PhD,F,1,158888,sales
51134,1,205000.0,High_School,M,7,101981,sales
129977,0,62000.0,Master,F,2,130342,HR
12075,0,172000.0,Bachelor,M,3,43420,sales
71833,0,362000.0,Master,M,4,10357,marketing
111068,0,194000.0,High_School,M,4,87847,sales
54633,0,84000.0,High_School,M,5,47748,HR
91114,1,250000.0,Bachelor,F,2,132399,sales
116791,1,253000.0,Bachelor,F,5,22090,marketing
129870,1,267000.0,PhD,F,1,132026,marketing
71817,0,314000.0,Master,M,3,41080,sales
36255,1,88000.0,Bachelor,F,5,132187,engineering
67726,0,293000.0,PhD,F,2,190566,marketing
63104,0,69000.0,PhD,F,2,53826,HR
15020,0,195000.0,PhD,F,9,181219,marketing
2659,0,353000.0,Master,M,2,115694,engineering
152884,0,362000.0,Bachelor,F,1,132187,engineering
23778,1,267000.0,PhD,M,4,198814,marketing
181390,0,184000.0,Master,M,6,105542,marketing
55029,0,239000.0,Master,M,3,135848,marketing
69120,0,65000.0,Master,F,3,44056,HR
167398,0,60000.0,PhD,M,2,130135,HR
4606,0,283000.0,High_School,M,6,68821,engineering
66324,1,102000.0,High_School,M,3,1610,engineering
97891,0,113000.0,Bachelor,F,1,77866,marketing
16144,0,180000.0,PhD,F,4,178954,engineering
138338,0,268000.0,Bachelor,M,5,63785,engineering
198494,0,140000.0,High_School,M,3,120381,sales
120302,0,260000.0,PhD,M,3,149245,marketing
182531,1,232000.0,Bachelor,M,13,47127,sales
111431,0,207000.0,PhD,F,2,175593,sales
94491,0,233000.0,PhD,M,4,122567,engineering
52476,0,278000.0,High_School,F,5,60373,marketing
152022,0,140000.0,Bachelor,F,2,92765,engineering
100211,1,176000.0,Master,M,3,170076,engineering
23295,0,194000.0,Master,M,1,75860,engineering
88966,1,206000.0,Bachelor,M,3,172321,sales
64750,1,341000.0,Master,M,6,183869,engineering
118656,1,84000.0,Master,F,4,138772,sales
65913,1,197000.0,PhD,M,1,14299,engineering
134658,0,137000.0,Master,F,8,65522,sales
161132,1,153000.0,PhD,M,8,114137,marketing
160532,0,320000.0,PhD,F,4,185982,sales
166793,1,392000.0,Master,M,3,183045,engineering
109693,0,72000.0,PhD,F,4,59327,HR
1305,0,165000.0,PhD,M,8,73846,sales
20620,0,114000.0,PhD,F,5,73106,engineering
88960,1,149000.0,Bachelor,F,3,198032,sales
68439,0,163000.0,Master,M,4,79237,marketing
97405,0,76000.0,PhD,F,7,117376,HR
75313,1,273000.0,Master,M,3,63785,engineering
37789,0,292000.0,Master,M,4,69345,sales
96761,1,255000.0,Bachelor,F,3,48730,marketing
62244,1,153000.0,Bachelor,F,3,162518,sales
111974,1,301000.0,PhD,F,10,192589,engineering
64239,0,277000.0,PhD,F,4,164547,sales
113744,0,382000.0,PhD,F,2,63785,engineering
20234,0,153000.0,High_School,F,5,77766,marketing
55687,0,80000.0,PhD,M,1,177772,marketing
144685,0,181000.0,Bachelor,M,3,131063,marketing
79365,0,174000.0,PhD,F,3,188118,sales
105408,1,243000.0,PhD,M,3,137776,engineering
89740,1,347000.0,PhD,M,3,116774,engineering
128474,0,138000.0,Master,M,4,124014,sales
187301,0,66000.0,Bachelor,F,3,14465,HR
170745,0,160000.0,High_School,M,7,114011,engineering
24605,0,90000.0,High_School,M,4,16445,HR
86931,0,154000.0,PhD,F,5,16073,marketing
132598,0,220000.0,PhD,M,1,4440,marketing
54137,0,336000.0,High_School,M,3,122197,engineering
41304,1,178000.0,High_School,M,2,175593,sales
151403,1,336000.0,Master,M,6,99121,marketing
179334,1,124000.0,Master,F,5,124186,marketing
188088,0,77000.0,Bachelor,M,3,16445,HR
110742,0,214000.0,Bachelor,M,1,54315,sales
160261,1,340000.0,PhD,M,4,23830,marketing
40958,1,276000.0,Bachelor,F,1,132187,engineering
108473,0,121000.0,PhD,F,6,175548,HR
3164,0,94000.0,PhD,M,2,164501,HR
69504,0,91000.0,Master,F,3,66420,HR
101583,1,152000.0,Master,F,6,132026,marketing
57701,1,123000.0,PhD,M,11,77857,HR
6072,0,70000.0,Master,F,2,123263,HR
189611,1,105000.0,PhD,M,1,55883,engineering
88152,1,83000.0,Bachelor,M,2,43858,engineering
171947,0,82000.0,PhD,F,4,252,HR
41756,0,224000.0,High_School,M,3,58365,marketing
24382,0,110000.0,Master,F,1,84230,marketing
23476,0,134000.0,Bachelor,F,1,131063,marketing
82874,0,163000.0,Bachelor,F,5,62081,sales
13261,1,248000.0,PhD,M,4,119991,engineering
180909,0,70000.0,High_School,F,5,10786,HR
45200,0,68000.0,High_School,F,4,29733,HR
58476,0,361000.0,Master,M,9,198875,engineering
103709,0,129000.0,High_School,F,7,122762,sales
21681,0,260000.0,PhD,M,4,48877,marketing
114529,0,157000.0,PhD,M,2,102043,marketing
8665,0,269000.0,Master,F,13,34051,sales
161262,0,72000.0,Master,F,2,51923,HR
175204,1,126000.0,Bachelor,M,4,115856,sales
138914,1,121000.0,Master,M,1,90237,sales
59327,0,74000.0,High_School,F,11,24681,HR
85532,0,258000.0,Bachelor,M,3,172321,sales
19258,0,256000.0,PhD,M,1,103448,sales
140829,0,72000.0,PhD,F,3,39231,HR
48039,0,247000.0,PhD,M,3,154891,engineering
35227,1,178000.0,PhD,M,1,148418,engineering
178954,1,202000.0,PhD,M,9,189937,engineering
84,0,131000.0,PhD,F,7,182038,sales
16462,0,89000.0,PhD,F,3,29508,HR
134105,1,194000.0,Master,M,1,111363,sales
79938,1,68000.0,PhD,M,5,742,HR
5214,0,64000.0,PhD,M,2,178147,HR
11672,0,237000.0,Master,F,7,151838,sales
157831,0,192000.0,Bachelor,M,5,48690,sales
57724,1,346000.0,High_School,M,4,141079,engineering
118583,0,225000.0,PhD,M,1,71757,marketing
130992,0,153000.0,Master,F,1,52796,sales
19528,0,395000.0,Master,F,2,132683,engineering
143437,0,144000.0,Bachelor,M,11,71499,marketing
41335,1,381000.0,Bachelor,M,4,33814,engineering
75638,0,72000.0,PhD,M,5,61443,HR
57443,0,64000.0,High_School,F,2,8812,HR
72627,0,62000.0,PhD,M,5,51923,HR
103932,0,64000.0,PhD,F,1,67178,HR
115450,1,246000.0,PhD,M,2,186086,engineering
21046,1,65000.0,Bachelor,F,1,66420,HR
68413,1,229000.0,High_School,M,1,119964,marketing
135028,0,237000.0,Bachelor,M,6,196660,sales
54260,1,259000.0,High_School,F,9,16073,marketing
176748,0,173000.0,High_School,M,1,182531,sales
100299,1,213000.0,Bachelor,M,3,87613,engineering
149973,0,126000.0,Master,M,2,130204,marketing
17120,0,69000.0,Bachelor,M,3,103421,engineering
3739,0,155000.0,Master,M,2,76641,engineering
37731,0,320000.0,Master,M,2,143317,sales
195188,0,139000.0,Bachelor,M,2,165717,sales
159095,1,357000.0,Bachelor,M,1,52319,sales
186587,1,210000.0,Master,M,3,148646,engineering
9432,1,82000.0,PhD,M,2,34977,sales
137323,0,100000.0,Bachelor,M,6,41808,HR
186465,0,76000.0,Bachelor,F,4,61443,HR
102815,1,187000.0,PhD,F,3,79285,sales
123947,1,391000.0,Master,M,1,61988,engineering
117599,0,154000.0,Bachelor,F,3,23565,sales
172311,1,280000.0,Bachelor,M,2,119658,engineering
135099,0,206000.0,Master,M,3,52313,sales
64163,1,250000.0,Master,M,3,63832,marketing
127350,1,220000.0,High_School,M,1,110508,engineering
12934,0,100000.0,Master,M,4,134944,sales
69793,0,60000.0,PhD,F,1,4384,HR
43229,1,134000.0,Bachelor,M,1,63785,engineering
55874,1,60000.0,Bachelor,M,1,172541,HR
175619,0,74000.0,PhD,F,7,142630,HR
155225,0,215000.0,Bachelor,M,1,154292,engineering
112833,1,237000.0,Master,M,3,139180,marketing
31843,0,63000.0,Bachelor,M,2,91979,HR
171598,0,109000.0,High_School,F,6,29508,HR
49063,1,268000.0,High_School,M,1,148418,engineering
31371,0,136000.0,PhD,M,6,103912,sales
128518,0,237000.0,PhD,M,2,155437,engineering
55744,0,133000.0,Master,F,2,54136,marketing
24903,0,89000.0,Master,M,3,75705,HR
68994,0,92000.0,High_School,F,2,197896,HR
77361,0,106000.0,Master,F,4,175361,sales
106652,0,81000.0,PhD,M,1,185285,HR
82137,0,302000.0,PhD,F,3,127769,engineering
56714,0,118000.0,PhD,F,2,18627,marketing
42381,0,136000.0,Master,M,5,182556,sales
87570,1,141000.0,High_School,M,2,153412,marketing
186926,0,138000.0,Bachelor,M,1,88007,sales
112948,1,291000.0,Master,F,2,98558,engineering
8419,0,63000.0,Bachelor,F,1,8812,HR
108132,0,176000.0,Bachelor,M,1,16785,engineering
101223,0,149000.0,Master,M,2,4440,marketing
102262,1,280000.0,PhD,M,2,1610,engineering
5127,0,141000.0,Bachelor,M,6,101484,engineering
62047,0,157000.0,PhD,F,1,68998,marketing
196583,1,138000.0,Master,M,1,130204,marketing
85791,0,76000.0,PhD,M,4,134865,sales
108661,0,238000.0,Bachelor,M,1,7966,sales
4440,0,272000.0,Bachelor,M,7,155485,marketing
74179,0,300000.0,Bachelor,F,2,60489,marketing
189934,0,133000.0,Bachelor,F,4,121527,marketing
131776,1,209000.0,Master,F,3,144927,sales
88872,1,268000.0,Master,M,4,175558,engineering
45311,0,283000.0,Bachelor,M,6,193621,sales
84485,0,269000.0,Master,M,1,113124,sales
109374,1,355000.0,High_School,F,1,115591,sales
26830,0,200000.0,Master,F,3,159906,sales
127278,0,91000.0,Master,M,5,94447,HR
42200,0,184000.0,Master,M,4,160618,sales
123387,0,276000.0,PhD,F,14,66090,sales
7605,0,78000.0,High_School,M,3,17211,HR
189412,1,61000.0,Master,M,5,87884,engineering
48341,0,259000.0,PhD,F,8,198875,engineering
4495,1,376000.0,High_School,M,5,41335,engineering
72524,0,80000.0,Master,M,2,25367,marketing
159982,0,119000.0,High_School,M,3,192145,sales
56254,0,238000.0,PhD,M,1,182116,sales
144622,0,168000.0,PhD,M,2,165853,engineering
115929,0,158000.0,PhD,M,1,45803,sales
160170,0,60000.0,Master,F,3,139278,HR
182807,0,61000.0,PhD,M,2,85426,HR
115684,0,71000.0,High_School,F,2,57701,HR
35982,0,65000.0,Bachelor,F,3,126515,HR
88112,0,290000.0,High_School,M,2,73893,sales
43813,0,316000.0,Master,M,3,79237,marketing
96360,1,119000.0,PhD,M,2,101819,engineering
182928,0,82000.0,PhD,F,4,169833,HR
148687,0,218000.0,Master,M,5,125755,marketing
33513,0,78000.0,Bachelor,M,2,39460,HR
57344,0,222000.0,PhD,M,2,83032,marketing
23266,0,253000.0,Master,M,1,142685,sales
105578,0,185000.0,Master,M,7,148984,sales
85515,0,62000.0,PhD,F,3,61443,HR
175548,0,133000.0,Master,M,11,116660,HR
190778,1,159000.0,PhD,M,8,155485,marketing
36852,1,386000.0,Bachelor,M,4,161727,engineering
160762,1,136000.0,Master,M,4,95609,sales
153576,0,242000.0,PhD,F,2,195165,engineering
118739,1,204000.0,Bachelor,F,2,75246,engineering
44025,1,149000.0,Bachelor,M,4,160289,sales
120710,0,188000.0,PhD,M,6,193920,sales
101162,0,170000.0,PhD,M,8,113578,marketing
115740,1,148000.0,Master,F,5,6536,marketing
72914,1,208000.0,High_School,M,7,88007,sales
166615,1,72000.0,Master,M,2,67931,engineering
54819,0,249000.0,Master,F,6,182038,sales
79086,1,128000.0,Bachelor,M,6,76135,marketing
35055,0,274000.0,PhD,M,2,166928,engineering
2652,1,160000.0,Master,F,5,182531,sales
137105,0,169000.0,Bachelor,M,2,41991,sales
103753,1,195000.0,Bachelor,M,1,157966,marketing
109671,1,281000.0,Bachelor,M,6,191391,marketing
185166,0,66000.0,High_School,M,6,177495,HR
155179,1,300000.0,Bachelor,F,1,197832,marketing
100565,0,96000.0,Master,M,3,107694,HR
109999,0,285000.0,PhD,M,1,96664,marketing
2206,1,146000.0,High_School,M,3,142104,engineering
53918,1,180000.0,Master,M,4,126330,engineering
140892,0,207000.0,Master,M,2,123387,sales
24287,0,71000.0,Bachelor,M,9,192056,HR
171232,0,311000.0,Master,F,3,89523,sales
79552,1,103000.0,Master,F,4,111508,marketing
59513,1,113000.0,Bachelor,F,5,149245,marketing
56500,1,199000.0,High_School,F,1,155437,engineering
150518,0,199000.0,Master,M,7,193763,engineering
182119,1,246000.0,Bachelor,M,3,164547,sales
74771,1,95000.0,High_School,F,6,84193,marketing
73553,0,189000.0,High_School,M,5,102815,sales
138434,0,128000.0,PhD,M,2,55476,marketing
84948,1,175000.0,High_School,M,3,182531,sales
124824,0,145000.0,Master,M,1,41991,sales
82152,0,75000.0,Master,M,5,189148,HR
56854,1,111000.0,Master,F,3,6536,marketing
79718,0,315000.0,PhD,M,6,103421,engineering
187839,1,146000.0,Bachelor,M,5,134982,sales
70518,0,225000.0,PhD,M,5,166591,sales
149950,1,327000.0,PhD,M,2,26183,sales
182719,0,269000.0,High_School,F,1,20901,engineering
65316,0,80000.0,Master,F,2,168415,HR
150115,1,142000.0,PhD,M,2,168797,marketing
144976,0,185000.0,PhD,M,3,145667,sales
179769,1,213000.0,Master,M,1,73893,sales
176250,1,288000.0,PhD,M,1,59555,marketing
147201,0,201000.0,Bachelor,M,1,83032,marketing
51416,0,67000.0,Bachelor,M,1,91345,sales
93864,0,262000.0,Bachelor,F,5,190566,marketing
160658,0,110000.0,Master,F,5,53856,HR
169271,0,225000.0,Master,M,4,146600,marketing
178622,0,84000.0,Master,M,7,115765,HR
21432,0,171000.0,PhD,F,2,72965,sales
139397,1,194000.0,PhD,F,2,21470,marketing
189890,0,280000.0,Master,F,14,171351,engineering
178363,1,379000.0,Bachelor,M,5,122145,engineering
65548,1,183000.0,PhD,F,1,85717,sales
10745,1,145000.0,Master,M,3,95522,marketing
37423,0,168000.0,High_School,M,3,134048,sales
118389,0,213000.0,Bachelor,F,2,167389,sales
101149,0,92000.0,High_School,M,3,116750,engineering
34711,1,203000.0,High_School,M,4,150722,marketing
26474,1,282000.0,PhD,F,4,59862,engineering
135848,1,217000.0,High_School,M,3,121096,marketing
172580,0,75000.0,Master,M,7,177495,HR
148359,1,179000.0,Bachelor,F,3,4110,sales
175929,0,117000.0,PhD,M,7,195165,engineering
168545,0,257000.0,Bachelor,M,8,176424,marketing
163398,0,254000.0,High_School,F,6,24979,marketing
184291,0,348000.0,Bachelor,M,2,66692,sales
157982,1,299000.0,PhD,F,7,196660,sales
120041,1,294000.0,Master,M,2,32938,engineering
98958,0,153000.0,PhD,M,1,177772,marketing
92593,1,86000.0,PhD,M,3,133420,sales
92023,0,253000.0,PhD,M,3,27704,sales
165154,0,298000.0,Bachelor,M,2,103912,sales
144725,0,226000.0,Master,M,3,2644,sales
61708,1,248000.0,Master,M,9,81111,engineering
143281,0,265000.0,PhD,M,3,46957,sales
130887,1,213000.0,PhD,M,1,91254,marketing
152368,1,166000.0,Master,M,2,46957,sales
142245,1,99000.0,Bachelor,M,3,113124,sales
167563,0,399000.0,Master,M,5,109102,sales
128997,1,78000.0,Master,F,3,146473,marketing
130619,0,193000.0,PhD,M,1,164326,sales
164250,0,162000.0,Master,F,5,20901,engineering
44346,0,307000.0,Bachelor,F,7,90834,sales
188509,1,347000.0,High_School,M,4,101484,engineering
20025,1,145000.0,Bachelor,F,2,157931,engineering
153987,0,187000.0,PhD,M,1,153551,sales
146538,1,325000.0,Master,M,2,109254,sales
83252,0,98000.0,Bachelor,F,2,61443,HR
187749,1,159000.0,PhD,M,2,95841,engineering
42044,0,98000.0,High_School,M,2,146473,marketing
93828,1,124000.0,High_School,F,6,92585,marketing
79,0,96000.0,Master,M,4,65174,sales
136431,0,106000.0,Bachelor,F,4,64087,HR
99226,1,87000.0,Master,F,2,111082,sales
132652,0,113000.0,PhD,F,2,742,HR
94165,1,160000.0,Bachelor,F,1,110091,engineering
121034,0,137000.0,Master,M,1,197206,marketing
125912,1,182000.0,Bachelor,F,21,107658,marketing
126662,0,158000.0,PhD,M,2,76135,marketing
59617,0,75000.0,Bachelor,F,2,159638,HR
67957,0,201000.0,High_School,M,3,171499,engineering
112663,1,259000.0,Master,M,4,24071,engineering
45965,0,207000.0,Master,M,1,69379,sales
92266,0,140000.0,Master,M,2,165853,engineering
2829,0,217000.0,Master,M,3,46957,sales
80198,0,337000.0,PhD,M,2,168905,engineering
94152,0,168000.0,Bachelor,M,3,193621,sales
29996,0,150000.0,Bachelor,M,3,197832,marketing
153913,1,144000.0,High_School,M,7,93223,engineering
1904,0,103000.0,PhD,M,6,129734,engineering
49803,1,81000.0,PhD,F,3,33665,HR
65910,1,383000.0,Master,M,1,12649,engineering
110508,0,175000.0,Bachelor,M,4,183869,engineering
36705,0,66000.0,Master,F,7,61443,HR
172989,0,83000.0,Master,M,11,34051,sales
128450,0,335000.0,High_School,M,3,10922,sales
84629,0,94000.0,High_School,M,2,81421,HR
29009,0,281000.0,High_School,M,3,167650,engineering
34773,0,199000.0,Bachelor,M,8,71757,marketing
128752,1,219000.0,PhD,M,5,196058,marketing
153075,0,203000.0,Master,M,2,159906,sales
47821,0,295000.0,PhD,M,2,62081,sales
151101,0,264000.0,Master,M,6,147783,sales
124491,0,266000.0,Master,M,2,148032,sales
39396,1,120000.0,PhD,F,1,33266,marketing
158936,1,366000.0,High_School,M,4,189038,engineering
117368,0,199000.0,PhD,M,3,162035,sales
188925,1,261000.0,PhD,M,2,52313,sales
19937,1,213000.0,PhD,F,3,7212,marketing
190315,1,80000.0,Bachelor,F,4,24287,HR
64256,1,212000.0,PhD,M,6,29960,marketing
167143,1,88000.0,High_School,M,5,197832,marketing
198783,0,81000.0,Bachelor,M,2,97422,HR
62105,1,173000.0,Master,F,2,98419,marketing
112152,0,68000.0,Bachelor,F,1,185285,HR
43174,0,71000.0,Master,F,2,185285,HR
168222,1,133000.0,High_School,M,2,71945,engineering
92863,1,211000.0,PhD,M,4,105542,marketing
180841,0,205000.0,PhD,M,4,123387,sales
42096,0,207000.0,Master,M,3,89002,sales
85245,1,246000.0,High_School,M,5,93223,engineering
116151,1,272000.0,Bachelor,M,3,89837,marketing
112055,1,192000.0,High_School,M,1,137369,sales
149987,0,86000.0,Bachelor,F,1,125114,HR
110437,0,108000.0,PhD,M,2,73846,sales
163275,0,127000.0,PhD,M,8,149970,marketing
34447,0,217000.0,High_School,M,1,140393,engineering
151214,0,76000.0,Bachelor,M,1,164501,HR
126402,1,290000.0,Master,M,2,116750,engineering
73223,1,218000.0,Master,M,2,185982,sales
34977,1,325000.0,Master,M,11,94362,sales
664,1,134000.0,PhD,M,6,147819,sales
66591,0,257000.0,Master,M,4,78493,sales
17907,1,136000.0,Master,F,1,168742,sales
199568,1,124000.0,High_School,M,1,123000,sales
117226,1,203000.0,Bachelor,M,1,159996,sales
106521,0,286000.0,Master,M,2,75242,engineering
97130,0,328000.0,Bachelor,F,3,101819,engineering
195905,0,74000.0,Master,F,3,102043,marketing
113218,0,86000.0,High_School,F,5,10786,HR
197863,0,246000.0,PhD,M,3,149970,marketing
166665,1,201000.0,Master,M,3,70406,marketing
3430,1,93000.0,Master,F,3,172541,HR
150626,0,111000.0,PhD,M,5,21086,HR
194161,0,216000.0,PhD,F,5,127266,marketing
22142,0,159000.0,High_School,M,5,94039,sales
112601,0,137000.0,High_School,F,3,87847,sales
91654,0,395000.0,PhD,M,10,109804,engineering
108138,1,195000.0,Bachelor,M,2,82463,marketing
84840,1,164000.0,Master,M,3,76135,marketing
59745,0,74000.0,Master,F,1,115765,HR
62863,1,375000.0,Master,M,4,73663,marketing
67227,1,70000.0,PhD,M,5,115765,HR
44429,1,109000.0,Master,M,7,93223,engineering
141317,1,246000.0,Master,M,10,24691,sales
139979,0,146000.0,PhD,M,4,87847,sales
64435,0,118000.0,Master,F,2,198875,engineering
77283,1,266000.0,Bachelor,F,4,115694,engineering
107152,1,99000.0,PhD,F,13,51535,engineering
130557,0,89000.0,PhD,M,3,143473,HR
193759,0,87000.0,Bachelor,M,5,154375,HR
112375,0,180000.0,High_School,M,5,184998,sales
60066,0,176000.0,Master,M,3,141317,sales
135238,0,164000.0,High_School,M,19,84011,sales
50966,0,274000.0,High_School,M,3,194078,marketing
61556,0,169000.0,PhD,M,3,148032,sales
36209,0,314000.0,Master,M,2,7966,sales
27127,1,110000.0,Master,M,4,92585,marketing
3152,1,215000.0,High_School,M,4,95169,sales
35602,1,162000.0,High_School,M,7,77670,sales
12009,1,165000.0,Master,M,1,9239,sales
16537,0,226000.0,High_School,M,4,99139,sales
74588,0,307000.0,PhD,M,2,182038,sales
156901,1,119000.0,High_School,M,1,144219,engineering
76531,1,143000.0,Bachelor,M,4,182028,engineering
76296,0,219000.0,High_School,F,4,6536,marketing
50760,0,360000.0,Master,M,3,94611,engineering
115678,0,231000.0,High_School,F,2,193920,sales
49753,0,185000.0,PhD,F,3,113618,marketing
151987,0,60000.0,PhD,F,1,73254,HR
41553,0,232000.0,PhD,M,1,198424,marketing
60642,0,164000.0,High_School,M,3,79237,marketing
169330,0,111000.0,High_School,M,1,167877,sales
117914,1,301000.0,High_School,M,2,176415,engineering
7953,0,105000.0,Master,M,1,190249,marketing
134950,0,360000.0,PhD,M,1,81860,engineering
12718,1,348000.0,High_School,M,5,178954,engineering
107634,0,201000.0,Master,M,8,98419,marketing
135915,1,331000.0,High_School,F,3,159098,engineering
79996,0,227000.0,Bachelor,M,3,81644,engineering
20100,0,60000.0,Bachelor,F,2,126515,HR
47929,0,75000.0,PhD,F,5,151696,HR
41524,0,251000.0,Master,M,3,73846,sales
156917,1,378000.0,High_School,M,1,75860,engineering
16592,0,209000.0,Bachelor,M,2,129000,marketing
117199,0,142000.0,Bachelor,M,2,144219,engineering
42444,0,119000.0,Master,M,4,162381,engineering
55253,0,145000.0,PhD,M,4,160511,marketing
14897,0,86000.0,High_School,M,2,56451,sales
53096,0,201000.0,High_School,M,5,69943,sales
85430,0,113000.0,High_School,M,1,79193,sales
109947,1,356000.0,Bachelor,M,4,92765,engineering
67140,0,124000.0,Master,M,4,136147,sales
20667,1,163000.0,PhD,M,1,116289,engineering
188062,0,262000.0,Master,M,3,70406,marketing
150184,0,115000.0,Bachelor,M,6,102727,marketing
195823,0,198000.0,PhD,M,4,1872,engineering
1446,0,199000.0,High_School,F,4,8193,engineering
22981,1,104000.0,High_School,M,1,165668,engineering
63090,0,371000.0,PhD,M,2,128065,engineering
58685,0,214000.0,Bachelor,M,2,192145,sales
93492,0,77000.0,Bachelor,M,8,91979,HR
142276,0,108000.0,Master,F,6,185138,HR
6335,0,138000.0,Bachelor,M,8,91117,sales
73916,0,381000.0,Bachelor,M,3,26468,engineering
135398,0,61000.0,PhD,F,2,75705,HR
193919,0,210000.0,Bachelor,F,7,94507,engineering
162151,1,296000.0,High_School,F,6,5222,sales
63724,0,91000.0,Master,F,4,53826,HR
197538,0,87000.0,PhD,F,7,21086,HR
184654,0,139000.0,Bachelor,M,1,187183,marketing
118492,0,63000.0,High_School,F,2,754,HR
69903,0,173000.0,Master,M,3,17837,engineering
111937,1,285000.0,Bachelor,F,6,21470,marketing
49131,0,310000.0,PhD,M,3,119576,engineering
59354,0,93000.0,PhD,F,6,51121,HR
128511,0,73000.0,High_School,M,4,57693,engineering
53852,1,306000.0,PhD,F,4,102026,sales
74066,0,185000.0,Master,M,7,61403,engineering
123807,0,329000.0,PhD,F,3,164326,sales
190630,0,229000.0,Bachelor,M,2,1050,engineering
65602,1,69000.0,High_School,M,4,91002,marketing
47127,0,295000.0,High_School,M,7,84011,sales
142562,1,207000.0,Master,F,1,167389,sales
124994,0,181000.0,High_School,F,18,93708,HR
199064,1,224000.0,High_School,M,3,119576,engineering
90752,1,114000.0,PhD,M,5,77556,HR
58956,1,104000.0,Bachelor,M,7,26757,marketing
7170,1,78000.0,Master,M,1,97422,HR
54319,1,152000.0,PhD,M,1,192414,sales
101530,0,184000.0,Master,M,5,25805,sales
22941,0,372000.0,Bachelor,M,2,198778,engineering
108063,0,276000.0,Bachelor,F,3,87733,sales
27868,0,321000.0,Master,F,2,62043,engineering
44118,0,284000.0,PhD,F,7,57185,engineering
7558,1,268000.0,Master,F,16,69728,engineering
2371,1,219000.0,Master,M,5,119658,engineering
119072,1,199000.0,Master,F,1,154891,engineering
118396,0,101000.0,PhD,M,5,52923,sales
19286,0,149000.0,PhD,M,5,88303,sales
46850,0,384000.0,PhD,M,3,29410,engineering
111817,0,105000.0,Bachelor,M,1,22977,HR
114435,0,74000.0,PhD,M,8,103884,HR
78140,0,76000.0,Master,F,2,123154,HR
45308,0,140000.0,Bachelor,F,1,137369,sales
39815,1,166000.0,High_School,M,2,141079,engineering
191073,0,295000.0,Master,M,9,181201,sales
127346,0,97000.0,Bachelor,F,4,193818,HR
166325,0,394000.0,Bachelor,M,1,43602,engineering
127397,0,365000.0,Bachelor,F,1,76135,marketing
195653,1,73000.0,PhD,M,4,76310,engineering
20211,1,383000.0,PhD,M,5,180037,sales
124530,1,207000.0,Master,M,2,84230,marketing
97792,0,94000.0,High_School,F,3,159638,HR
194784,0,83000.0,High_School,M,4,59327,HR
126223,0,334000.0,Master,F,2,73034,engineering
141962,0,107000.0,Master,F,3,72965,sales
72034,0,305000.0,Bachelor,M,6,114011,engineering
67008,1,166000.0,Bachelor,M,4,132283,engineering
46428,1,143000.0,High_School,M,3,167389,sales
18627,0,278000.0,Master,M,8,115907,marketing
144384,0,171000.0,Master,M,2,181772,sales
39748,0,345000.0,PhD,M,1,75246,engineering
100091,1,245000.0,Bachelor,M,2,69903,engineering
55681,0,140000.0,PhD,F,4,162518,sales
104174,0,70000.0,High_School,F,4,64858,HR
135385,0,276000.0,Master,M,1,1808,engineering
98886,0,137000.0,High_School,F,1,83032,marketing
1491,0,183000.0,Master,M,2,109671,marketing
18525,1,224000.0,PhD,F,3,87929,sales
8876,0,81000.0,Bachelor,M,3,142276,HR
40624,0,239000.0,Bachelor,M,1,51738,engineering
153693,0,165000.0,Master,M,3,73663,marketing
149144,0,109000.0,Bachelor,M,2,192414,sales
34261,1,97000.0,PhD,M,1,29712,engineering
162196,1,243000.0,High_School,M,14,39726,engineering
152811,0,331000.0,PhD,M,5,14299,engineering
133267,0,264000.0,Master,M,2,154891,engineering
58903,1,78000.0,PhD,M,5,150290,HR
63585,1,306000.0,PhD,M,5,155437,engineering
71466,0,377000.0,High_School,F,1,170922,sales
185512,0,69000.0,Bachelor,F,1,85426,HR
88163,0,219000.0,PhD,M,4,181787,marketing
180026,0,275000.0,Bachelor,M,1,71115,engineering
188663,0,107000.0,Master,M,1,27018,HR
18007,1,176000.0,Master,M,2,5222,sales
187512,0,127000.0,PhD,M,3,198403,sales
55554,0,330000.0,Bachelor,F,4,32938,engineering
82929,0,157000.0,PhD,M,5,41175,engineering
104276,0,157000.0,PhD,M,3,41175,engineering
102979,0,289000.0,Bachelor,F,4,161132,marketing
190715,0,225000.0,Master,M,9,8663,sales
68448,0,243000.0,PhD,F,1,118329,sales
196149,1,141000.0,PhD,M,4,198032,sales
44143,0,320000.0,Bachelor,M,2,164638,sales
113574,1,268000.0,Bachelor,M,7,148865,sales
190039,0,108000.0,PhD,M,1,22090,marketing
162272,0,182000.0,PhD,M,8,182038,sales
14487,0,70000.0,Bachelor,F,1,33665,HR
80717,0,248000.0,Bachelor,M,4,113566,engineering
8975,1,271000.0,Master,F,6,30488,marketing
169237,0,65000.0,Master,M,3,71987,HR
189038,0,105000.0,High_School,M,8,87379,engineering
30921,0,319000.0,PhD,M,3,161727,engineering
32412,0,337000.0,Bachelor,M,3,48912,engineering
54998,0,160000.0,PhD,M,2,198875,engineering
109550,0,63000.0,Bachelor,M,3,146111,HR
139621,0,144000.0,Master,M,4,80128,sales
94022,0,67000.0,Master,M,3,171461,HR
75503,0,183000.0,Master,M,5,121527,marketing
141211,0,60000.0,High_School,M,9,116660,HR
28336,0,232000.0,Master,M,2,52313,sales
23903,1,297000.0,Master,M,4,164439,marketing
35659,1,91000.0,High_School,M,5,41808,HR
17877,0,282000.0,Bachelor,F,3,112750,engineering
85865,0,125000.0,Bachelor,M,2,64724,marketing
45088,0,248000.0,PhD,M,2,75860,engineering
94583,1,173000.0,High_School,M,2,81490,sales
62057,0,345000.0,High_School,M,5,79735,engineering
50576,0,187000.0,High_School,M,3,66692,sales
122830,0,397000.0,Bachelor,F,5,101484,engineering
102157,0,182000.0,High_School,F,3,24071,engineering
154546,0,105000.0,Bachelor,M,4,68998,marketing
177142,0,102000.0,Bachelor,M,1,7349,marketing
103953,1,142000.0,Master,M,1,192132,marketing
79399,0,196000.0,Master,F,5,134671,sales
79151,1,255000.0,PhD,M,3,8182,sales
131965,0,137000.0,Master,M,4,54315,sales
45741,0,118000.0,Bachelor,F,2,8812,HR
43420,0,180000.0,Master,M,13,24691,sales
33261,1,187000.0,PhD,F,3,198814,marketing
153669,0,61000.0,Bachelor,F,2,47748,HR
70578,0,241000.0,PhD,F,4,151005,marketing
5093,0,179000.0,PhD,M,4,54315,sales
38210,0,69000.0,Bachelor,M,4,84828,engineering
103689,0,73000.0,High_School,M,3,19806,sales
151303,0,68000.0,Bachelor,M,2,48912,engineering
124164,0,116000.0,Master,F,1,115593,HR
47902,1,179000.0,Master,M,4,108428,engineering
110649,0,201000.0,Master,M,2,143050,marketing
83098,0,92000.0,PhD,F,6,67178,HR
183030,0,96000.0,Bachelor,F,7,23100,engineering
199683,1,256000.0,Master,M,1,198875,engineering
156938,0,222000.0,Bachelor,F,1,74818,sales
36609,0,62000.0,Master,F,2,39388,sales
126330,0,345000.0,PhD,M,2,119481,engineering
47830,1,211000.0,Master,F,2,24071,engineering
154051,1,189000.0,Master,M,2,1610,engineering
123497,0,298000.0,High_School,M,3,34163,sales
80691,0,67000.0,PhD,F,3,39231,HR
166680,0,153000.0,High_School,M,4,57185,engineering
70379,1,280000.0,Master,M,1,81111,engineering
109391,0,66000.0,Master,F,8,171461,HR
144211,0,329000.0,Master,M,9,194121,engineering
77766,1,95000.0,PhD,M,9,6027,marketing
87949,1,300000.0,Bachelor,M,1,162381,engineering
98274,0,70000.0,Master,M,1,29508,HR
41024,1,389000.0,Bachelor,M,5,26757,marketing
155978,1,175000.0,PhD,M,1,3260,engineering
153511,0,83000.0,Bachelor,F,6,71987,HR
83885,0,285000.0,Bachelor,M,1,150408,engineering
76507,0,219000.0,Bachelor,M,1,168791,engineering
176782,0,137000.0,PhD,M,2,8193,engineering
50921,0,103000.0,Master,F,2,71152,HR
158457,0,147000.0,Master,M,1,84230,marketing
97705,0,181000.0,Master,M,2,47618,marketing
5699,0,100000.0,PhD,F,3,169833,HR
153206,1,202000.0,Master,M,4,151838,sales
103093,1,141000.0,High_School,F,1,189890,engineering
157733,0,71000.0,Bachelor,F,2,172246,sales
142171,1,163000.0,PhD,F,2,7255,engineering
46528,0,139000.0,High_School,M,1,150300,marketing
73247,0,344000.0,High_School,F,2,52796,sales
198648,1,245000.0,Master,M,12,114137,marketing
182866,1,289000.0,Bachelor,M,4,1808,engineering
143877,1,199000.0,Bachelor,M,4,43420,sales
143914,0,114000.0,Master,F,4,183283,HR
98678,0,226000.0,PhD,M,2,68821,engineering
158691,0,114000.0,Bachelor,M,7,77766,marketing
161113,0,73000.0,Master,F,3,55636,HR
13426,1,214000.0,Master,M,1,165853,engineering
10241,0,207000.0,Master,M,9,82657,sales
64176,0,61000.0,Master,F,1,22887,HR
188816,0,115000.0,Master,M,5,33266,marketing
82791,0,72000.0,Master,M,1,15768,HR
42645,1,180000.0,High_School,M,3,115591,sales
129007,0,203000.0,High_School,M,5,196058,marketing
120585,0,81000.0,High_School,F,4,81421,HR
46896,0,100000.0,PhD,F,1,4384,HR
103650,1,78000.0,Master,F,1,70547,marketing
11953,1,60000.0,PhD,F,4,53677,HR
170476,0,378000.0,PhD,M,4,169574,marketing
64641,0,235000.0,Master,M,3,98931,marketing
152919,1,382000.0,Bachelor,M,9,154292,engineering
87753,0,198000.0,Bachelor,F,1,199282,marketing
61023,0,197000.0,Master,F,4,69345,sales
174389,0,122000.0,PhD,F,2,104539,HR
145287,0,102000.0,Bachelor,F,4,125114,HR
148646,1,367000.0,Master,M,8,47553,engineering
100213,1,133000.0,Bachelor,F,2,158056,engineering
155296,0,99000.0,Master,F,1,193621,sales
64724,1,253000.0,Master,F,9,37154,marketing
168744,0,191000.0,Bachelor,M,3,18627,marketing
127313,0,260000.0,Master,F,3,125775,marketing
81860,1,258000.0,Master,M,6,49002,engineering
51239,0,259000.0,PhD,F,4,110091,engineering
52796,0,85000.0,Bachelor,M,3,135238,sales
13411,1,258000.0,Master,M,2,191495,sales
175611,0,181000.0,PhD,M,2,144211,engineering
49236,0,258000.0,Bachelor,M,3,193621,sales
96261,0,309000.0,PhD,F,5,17291,sales
193969,0,321000.0,Bachelor,M,9,154292,engineering
157995,1,230000.0,Bachelor,F,4,29960,marketing
13631,0,147000.0,PhD,F,5,139180,marketing
122469,0,240000.0,Bachelor,F,4,105395,engineering
21656,0,227000.0,Master,M,4,61988,engineering
13212,0,236000.0,Bachelor,F,1,189627,sales
135363,0,74000.0,PhD,F,1,2644,sales
151712,0,80000.0,High_School,M,5,173939,marketing
70819,0,257000.0,PhD,M,8,161284,engineering
54723,0,94000.0,Bachelor,F,1,88370,HR
94131,0,95000.0,PhD,F,5,8711,marketing
186001,0,192000.0,PhD,M,2,84230,marketing
28657,0,73000.0,PhD,F,5,75705,HR
154292,0,377000.0,Bachelor,M,9,72243,engineering
180863,0,324000.0,PhD,M,5,75246,engineering
187183,0,271000.0,Bachelor,M,5,143437,marketing
18825,0,181000.0,PhD,M,5,180930,sales
187387,0,71000.0,Bachelor,F,2,198624,HR
93431,1,335000.0,High_School,M,4,176415,engineering
33483,0,64000.0,Master,M,2,142630,HR
111284,1,216000.0,Bachelor,F,3,118769,engineering
194179,1,116000.0,Master,M,2,34163,sales
131820,0,310000.0,Bachelor,F,3,149696,sales
44737,1,83000.0,Master,F,7,191495,sales
131556,0,202000.0,Master,M,2,53012,marketing
179230,1,89000.0,Bachelor,F,3,150189,HR
69223,0,85000.0,Bachelor,F,6,100373,HR
111007,0,204000.0,PhD,F,2,87613,engineering
189888,1,247000.0,High_School,M,3,148865,sales
182113,1,167000.0,PhD,F,2,148032,sales
147327,0,87000.0,PhD,F,1,16445,HR
190825,0,286000.0,Bachelor,M,4,130449,sales
195956,1,173000.0,PhD,M,1,7212,marketing
139712,0,340000.0,High_School,M,7,176415,engineering
154040,0,144000.0,PhD,F,3,103981,marketing
68998,0,311000.0,Master,M,12,70434,marketing
108176,0,319000.0,Bachelor,M,4,55481,engineering
47779,0,67000.0,Master,M,1,123263,HR
146110,0,122000.0,Master,M,4,94611,engineering
101371,1,157000.0,Bachelor,M,2,78874,sales
197122,0,137000.0,PhD,F,3,119964,marketing
152844,0,190000.0,Master,F,5,4110,sales
133064,1,138000.0,High_School,M,2,5222,sales
48800,1,188000.0,High_School,F,9,121527,marketing
162889,0,308000.0,PhD,F,16,109308,marketing
152155,1,243000.0,Master,M,1,187053,engineering
183065,0,278000.0,Bachelor,M,7,8207,engineering
29796,1,243000.0,High_School,M,1,98419,marketing
177560,0,174000.0,PhD,M,9,198814,marketing
84892,0,308000.0,Bachelor,F,5,43858,engineering
58369,0,127000.0,Bachelor,M,4,114011,engineering
178177,0,171000.0,Bachelor,F,3,90237,sales
126615,0,215000.0,Master,F,4,114572,marketing
166962,0,120000.0,Master,M,1,138772,sales
150290,0,106000.0,PhD,F,3,185138,HR
180273,0,193000.0,PhD,M,6,60609,sales
11772,1,295000.0,Master,F,2,142685,sales
26093,0,208000.0,PhD,M,1,81811,sales
27823,0,309000.0,High_School,M,3,146404,marketing
63196,1,139000.0,Bachelor,M,1,1651,engineering
63515,0,158000.0,Bachelor,F,4,28979,sales
191418,0,154000.0,Master,F,10,36075,sales
148926,0,280000.0,Bachelor,M,7,159098,engineering
114459,0,74000.0,Bachelor,F,5,135804,HR
174376,0,338000.0,PhD,M,2,132283,engineering
81217,0,81000.0,Master,M,5,160261,marketing
52296,1,322000.0,PhD,M,4,73034,engineering
1379,1,205000.0,PhD,M,4,150194,engineering
157548,0,87000.0,Bachelor,F,1,14465,HR
80545,0,228000.0,High_School,M,2,158777,marketing
11623,1,224000.0,High_School,M,8,12877,engineering
33343,0,180000.0,Bachelor,M,8,149696,sales
53953,0,145000.0,Bachelor,M,8,132309,sales
28522,0,250000.0,Bachelor,M,3,122762,sales
100889,0,274000.0,Bachelor,M,5,12679,sales
49745,0,278000.0,Master,M,4,158777,marketing
154905,1,214000.0,High_School,M,5,95841,engineering
166034,1,379000.0,Master,M,6,116750,engineering
6583,0,140000.0,Master,F,6,156927,marketing
172204,1,92000.0,High_School,M,2,27018,HR
125202,0,88000.0,Master,F,2,126515,HR
109882,0,247000.0,Bachelor,M,3,65856,sales
186313,0,73000.0,Bachelor,F,3,151696,HR
24632,0,300000.0,Master,M,1,52796,sales
119967,1,350000.0,Master,F,4,150408,engineering
129092,0,151000.0,Bachelor,M,2,9706,sales
143770,0,177000.0,Master,M,3,103421,engineering
171774,0,163000.0,Bachelor,M,2,30749,engineering
54334,0,362000.0,Bachelor,M,5,57938,engineering
20965,0,64000.0,Bachelor,F,3,5889,HR
12065,0,286000.0,Master,M,6,90065,engineering
168660,1,190000.0,PhD,F,4,121419,engineering
2733,1,203000.0,Master,F,5,134944,sales
102337,0,197000.0,PhD,M,3,87929,sales
9480,0,154000.0,Bachelor,M,2,92403,sales
60434,0,185000.0,Bachelor,F,2,189627,sales
116033,0,345000.0,Bachelor,M,2,166729,marketing
49928,0,175000.0,Bachelor,F,2,199184,sales
105286,0,198000.0,PhD,M,3,63077,sales
46651,1,136000.0,Master,F,3,54808,sales
35031,0,201000.0,Master,F,1,158888,sales
180734,0,262000.0,Bachelor,M,1,160169,sales
51253,1,182000.0,PhD,M,5,102632,marketing
20451,0,272000.0,Bachelor,M,3,77844,sales
37699,0,381000.0,Bachelor,M,4,186086,engineering
30287,0,182000.0,Master,M,1,2644,sales
115208,0,201000.0,Bachelor,M,2,175361,sales
163206,0,298000.0,PhD,F,2,5374,sales
5332,1,289000.0,Master,M,4,103981,marketing
188233,0,292000.0,High_School,M,2,167650,engineering
168791,1,370000.0,Master,F,8,5342,engineering
180428,0,144000.0,Bachelor,M,7,8182,sales
128148,0,81000.0,High_School,M,1,195795,sales
4111,0,113000.0,Master,M,1,77670,sales
132306,0,171000.0,Master,M,1,75045,marketing
96322,0,174000.0,Master,M,5,34977,sales
185101,1,296000.0,Master,M,6,197206,marketing
131999,1,84000.0,Master,F,1,95522,marketing
165415,0,143000.0,Master,F,3,148032,sales
161631,1,218000.0,Master,M,4,73846,sales
136704,0,176000.0,Bachelor,M,5,198879,sales
147374,1,86000.0,Master,M,2,18627,marketing
71087,0,109000.0,PhD,M,1,23565,sales
192691,0,142000.0,PhD,F,3,172889,sales
185358,1,286000.0,High_School,M,2,68821,engineering
110210,1,153000.0,PhD,M,1,7255,engineering
8014,1,136000.0,Bachelor,M,3,155437,engineering
133403,0,108000.0,Bachelor,M,4,139180,marketing
50570,1,95000.0,Master,F,5,92403,sales
38245,1,178000.0,Master,M,1,147103,engineering
135266,0,247000.0,Master,M,5,138772,sales
194894,0,130000.0,Master,M,5,57316,sales
117564,0,210000.0,Bachelor,M,2,39388,sales
45026,0,280000.0,Bachelor,M,3,197206,marketing
72812,0,94000.0,High_School,M,1,129626,marketing
171138,0,72000.0,Master,F,3,172541,HR
66140,0,108000.0,Bachelor,F,2,193818,HR
164354,0,321000.0,PhD,F,2,180930,sales
160213,0,213000.0,Master,M,1,45803,sales
53677,0,89000.0,Master,M,12,41533,HR
9703,0,124000.0,Master,F,6,180037,sales
194847,0,237000.0,Bachelor,M,4,102632,marketing
74079,0,138000.0,Bachelor,F,2,134728,marketing
132713,1,275000.0,Bachelor,M,5,131525,sales
69463,1,158000.0,High_School,M,5,91869,marketing
146258,1,69000.0,Bachelor,M,3,52319,sales
32405,0,66000.0,Master,M,10,24681,HR
176306,0,329000.0,Master,M,1,14299,engineering
140777,0,72000.0,Bachelor,F,9,22977,HR
79323,0,324000.0,PhD,M,1,64750,engineering
33160,0,251000.0,PhD,M,3,189222,engineering
196927,0,94000.0,Bachelor,M,2,52319,sales
169565,0,113000.0,PhD,M,3,88007,sales
145892,0,131000.0,Bachelor,F,9,132309,sales
196551,1,208000.0,Master,M,4,90639,marketing
80192,1,148000.0,Master,M,6,146220,marketing
113979,1,156000.0,High_School,F,1,111363,sales
34777,1,113000.0,Master,F,1,159838,marketing
38123,0,102000.0,Master,F,3,102498,HR
85596,1,262000.0,Bachelor,M,2,21470,marketing
23801,0,211000.0,PhD,M,3,54136,marketing
52096,1,91000.0,Bachelor,M,1,141317,sales
113336,0,132000.0,PhD,M,2,135848,marketing
19517,1,314000.0,PhD,M,6,138948,marketing
113980,0,283000.0,High_School,M,4,129626,marketing
169856,0,301000.0,High_School,M,2,165853,engineering
194968,0,71000.0,PhD,M,1,104759,HR
173223,0,159000.0,PhD,M,2,164547,sales
43568,0,215000.0,Bachelor,F,3,98419,marketing
171867,0,199000.0,PhD,M,6,37434,sales
80532,0,319000.0,High_School,F,3,122197,engineering
132159,0,309000.0,Bachelor,M,6,126330,engineering
149611,0,202000.0,Master,M,4,64724,marketing
119835,1,359000.0,Bachelor,M,4,168797,marketing
185940,1,330000.0,Bachelor,M,3,80728,engineering
63781,1,60000.0,PhD,M,3,83032,marketing
41278,1,90000.0,High_School,M,7,57316,sales
113215,0,198000.0,High_School,M,4,129410,sales
136301,1,100000.0,Bachelor,M,1,191495,sales
144396,0,91000.0,Bachelor,M,1,150290,HR
192253,0,98000.0,PhD,M,3,158609,sales
17820,0,203000.0,Bachelor,M,5,16073,marketing
143444,0,236000.0,Bachelor,M,4,146404,marketing
143019,0,110000.0,PhD,M,4,116180,engineering
110838,0,267000.0,PhD,M,4,52920,sales
154134,0,119000.0,High_School,F,3,32405,HR
116536,0,168000.0,Bachelor,F,3,20828,marketing
1258,0,134000.0,PhD,M,1,127266,marketing
165575,0,273000.0,Master,M,3,41335,engineering
42030,0,78000.0,PhD,F,2,53856,HR
37254,0,86000.0,PhD,M,1,107694,HR
85573,1,207000.0,Master,M,5,132283,engineering
29523,0,98000.0,Master,M,7,95169,sales
195948,0,62000.0,Master,M,4,14226,HR
163494,0,145000.0,High_School,F,2,139180,marketing
53489,0,148000.0,High_School,M,1,122762,sales
138933,0,337000.0,Master,F,3,1808,engineering
193381,0,175000.0,PhD,M,1,183065,engineering
33169,0,270000.0,High_School,M,2,68201,sales
35499,1,94000.0,High_School,M,5,134865,sales
103890,0,143000.0,Master,M,1,121527,marketing
174254,0,90000.0,Master,M,3,118506,HR
26183,0,258000.0,Master,M,12,145667,sales
156417,0,127000.0,PhD,M,4,21377,sales
123410,1,165000.0,PhD,M,3,111363,sales
14103,0,126000.0,Bachelor,M,5,111363,sales
26266,0,113000.0,Bachelor,M,5,1610,engineering
158806,0,327000.0,High_School,M,4,81644,engineering
60314,0,359000.0,Bachelor,F,1,76310,engineering
37343,0,128000.0,Bachelor,M,4,105542,marketing
116361,1,274000.0,PhD,F,4,8663,sales
13325,0,211000.0,Master,F,3,49729,sales
132762,0,83000.0,Master,M,7,38308,marketing
77988,1,146000.0,Bachelor,M,1,187053,engineering
52245,0,64000.0,Bachelor,M,2,140838,HR
47889,1,265000.0,Bachelor,M,2,74818,sales
172992,0,280000.0,PhD,F,2,34977,sales
147200,0,93000.0,High_School,M,5,66420,HR
39215,1,326000.0,Master,F,2,146473,marketing
64413,0,287000.0,PhD,F,5,149135,engineering
3308,1,344000.0,PhD,F,1,1050,engineering
115043,0,280000.0,High_School,M,4,154703,engineering
112023,1,305000.0,High_School,M,3,12649,engineering
142850,0,145000.0,Master,M,7,78493,sales
172312,0,60000.0,Master,F,5,61443,HR
159148,0,239000.0,Bachelor,M,1,134728,marketing
45998,1,347000.0,High_School,M,5,70819,engineering
151696,0,110000.0,High_School,F,11,77857,HR
131520,1,103000.0,Bachelor,M,2,183065,engineering
185979,0,77000.0,PhD,M,4,169271,marketing
43351,1,246000.0,Bachelor,F,3,29547,engineering
46364,0,208000.0,PhD,M,3,142926,engineering
62161,1,152000.0,PhD,F,2,125912,marketing
194485,0,181000.0,Bachelor,M,6,8711,marketing
46514,0,226000.0,Bachelor,M,3,74066,engineering
120559,1,90000.0,PhD,M,2,168905,engineering
46432,0,213000.0,High_School,M,2,191649,sales
133829,0,130000.0,Bachelor,F,2,14465,HR
172803,1,361000.0,Master,M,3,22090,marketing
116727,0,257000.0,Bachelor,M,3,147106,sales
146473,1,140000.0,Bachelor,F,13,156036,marketing
78099,1,62000.0,PhD,F,3,139278,HR
49578,1,111000.0,Master,M,1,192414,sales
36003,1,241000.0,Master,M,1,147715,sales
49028,1,313000.0,PhD,M,7,138432,sales
41137,0,80000.0,Master,F,3,8812,HR
115539,0,277000.0,PhD,F,22,71499,marketing
15024,0,174000.0,Master,F,3,38308,marketing
106384,0,288000.0,PhD,M,5,110091,engineering
104821,0,181000.0,Master,M,6,4394,marketing
168301,0,224000.0,PhD,F,5,22145,sales
52695,1,150000.0,Bachelor,M,1,40904,engineering
133301,1,267000.0,PhD,M,6,46178,engineering
126389,1,191000.0,PhD,M,1,59353,engineering
10890,0,306000.0,PhD,F,3,126330,engineering
271,1,68000.0,Bachelor,M,1,195795,sales
178900,0,160000.0,Bachelor,M,4,1651,engineering
14517,0,216000.0,Bachelor,F,1,67522,sales
81811,1,84000.0,Bachelor,F,12,94454,sales
100398,1,89000.0,Master,M,2,198648,marketing
141152,0,141000.0,PhD,M,2,149485,sales
144927,1,127000.0,PhD,M,11,94454,sales
81736,1,154000.0,Bachelor,F,4,84828,engineering
115765,0,80000.0,Master,M,12,192056,HR
141844,0,303000.0,Bachelor,F,2,190566,marketing
17837,0,60000.0,PhD,M,19,176367,engineering
49605,0,295000.0,Bachelor,M,1,25934,engineering
30273,1,142000.0,Bachelor,F,1,103421,engineering
94533,1,86000.0,Bachelor,M,1,129287,HR
25844,1,113000.0,Master,M,4,170922,sales
82493,0,307000.0,High_School,M,2,159906,sales
72770,1,319000.0,Bachelor,M,2,122145,engineering
72430,1,331000.0,High_School,M,2,14299,engineering
71115,0,307000.0,Master,M,2,92567,engineering
49905,0,217000.0,Bachelor,M,5,121419,engineering
65953,1,125000.0,Bachelor,F,3,132399,sales
9347,0,209000.0,Master,F,5,158056,engineering
182184,0,178000.0,High_School,F,5,113124,sales
92794,0,107000.0,PhD,F,4,21086,HR
165853,0,266000.0,PhD,F,8,18295,engineering
21094,0,86000.0,PhD,M,7,133927,engineering
91547,0,135000.0,Master,F,1,64452,sales
151082,0,116000.0,PhD,M,2,11507,HR
61193,0,175000.0,Master,M,1,132283,engineering
8388,0,192000.0,Bachelor,M,3,113189,sales
65388,1,74000.0,Bachelor,M,3,127266,marketing
17123,0,84000.0,Master,F,1,179149,HR
67644,0,242000.0,PhD,F,1,149485,sales
120180,1,259000.0,Master,F,3,191454,marketing
65027,0,77000.0,Master,M,3,74818,sales
110915,1,257000.0,Master,M,2,169664,engineering
184637,0,218000.0,Master,F,4,144927,sales
95725,0,107000.0,High_School,M,3,43602,engineering
50808,0,243000.0,PhD,M,3,157064,marketing
151126,1,69000.0,High_School,F,4,169223,engineering
80030,0,193000.0,High_School,F,5,62990,sales
92901,1,150000.0,Master,M,2,95522,marketing
119121,0,116000.0,High_School,M,1,34714,sales
153738,0,173000.0,PhD,M,4,191495,sales
21600,0,338000.0,Master,M,1,52525,engineering
14993,0,88000.0,Master,F,2,139278,HR
99828,0,273000.0,Bachelor,M,2,98967,marketing
174241,0,81000.0,High_School,M,1,172246,sales
83473,0,65000.0,High_School,F,2,81421,HR
173414,0,70000.0,Bachelor,F,1,171461,HR
97274,0,95000.0,Master,F,7,151696,HR
102759,0,229000.0,PhD,M,8,142104,engineering
198763,1,237000.0,Bachelor,F,6,55431,sales
165982,0,203000.0,Bachelor,F,3,132399,sales
129778,0,85000.0,Master,M,2,59566,HR
103884,0,136000.0,PhD,F,6,39785,HR
66355,0,207000.0,Bachelor,M,1,150408,engineering
31643,0,70000.0,Bachelor,F,1,61517,HR
37878,1,230000.0,PhD,F,2,113566,engineering
116962,0,257000.0,Bachelor,F,3,142850,sales
63827,0,136000.0,High_School,M,2,39417,engineering
63048,0,76000.0,Master,M,2,23565,sales
147567,0,174000.0,Master,F,6,74170,sales
65137,0,180000.0,PhD,F,1,193920,sales
60489,0,293000.0,Bachelor,M,8,24489,marketing
71152,0,85000.0,PhD,M,10,21604,HR
39231,0,66000.0,PhD,F,5,24681,HR
92769,1,246000.0,Bachelor,M,5,154891,engineering
103443,0,140000.0,Master,M,18,97647,marketing
184149,0,184000.0,PhD,F,4,7966,sales
177772,1,208000.0,Master,M,3,134556,marketing
127000,0,76000.0,High_School,M,4,61517,HR
77728,0,77000.0,Master,M,5,7095,HR
88014,0,322000.0,PhD,M,2,138432,sales
129050,0,201000.0,Bachelor,M,1,142685,sales
185829,1,70000.0,PhD,F,3,197896,HR
1331,1,275000.0,PhD,F,3,98520,marketing
114137,1,206000.0,Bachelor,M,24,107658,marketing
83765,1,82000.0,Bachelor,F,6,142630,HR
106405,0,62000.0,PhD,M,5,5889,HR
89118,1,179000.0,Bachelor,F,1,20828,marketing
109727,0,91000.0,PhD,M,5,742,HR
69273,0,207000.0,Master,M,2,195165,engineering
173992,0,105000.0,Bachelor,F,5,78215,sales
14106,1,340000.0,Master,F,2,47863,engineering
94528,0,256000.0,Master,F,3,113245,sales
30864,0,255000.0,PhD,M,4,11275,marketing
98921,1,224000.0,PhD,M,7,161727,engineering
114182,0,257000.0,Bachelor,M,3,76135,marketing
123829,1,61000.0,PhD,M,3,1791,HR
26680,0,61000.0,Bachelor,F,3,110089,HR
82260,0,161000.0,PhD,M,2,4440,marketing
46080,0,86000.0,PhD,M,1,23737,HR
59835,1,144000.0,PhD,F,2,52920,sales
87035,0,205000.0,Master,M,3,18939,sales
32977,0,319000.0,PhD,M,2,27781,marketing
51681,0,70000.0,Master,F,5,112750,engineering
130327,1,256000.0,High_School,M,3,161727,engineering
124911,0,165000.0,High_School,M,4,195795,sales
15830,1,344000.0,PhD,F,8,79934,engineering
8840,0,83000.0,Master,F,5,53826,HR
126234,0,364000.0,PhD,F,2,30488,marketing
176788,1,378000.0,PhD,M,4,15277,engineering
40084,0,87000.0,Master,M,4,199950,HR
56687,0,223000.0,Master,M,3,173939,marketing
1947,1,149000.0,High_School,M,2,68201,sales
43257,1,81000.0,Master,M,4,129778,HR
123804,0,132000.0,Master,F,2,75045,marketing
157624,0,356000.0,High_School,F,3,46957,sales
88639,0,212000.0,Bachelor,M,1,199184,sales
119991,1,109000.0,PhD,M,7,184512,engineering
151348,1,118000.0,Bachelor,M,3,148984,sales
8599,0,244000.0,PhD,F,5,132026,marketing
55909,0,187000.0,Bachelor,M,2,113124,sales
68116,0,198000.0,Master,F,6,177166,engineering
180460,0,98000.0,Bachelor,F,4,51121,HR
1545,0,278000.0,Master,F,2,122762,sales
59143,0,128000.0,PhD,F,2,69379,sales
1128,1,342000.0,Bachelor,M,2,12214,sales
31668,0,321000.0,PhD,M,4,109102,sales
113301,1,191000.0,PhD,M,3,190249,marketing
156228,0,127000.0,Master,F,1,55653,sales
168821,0,152000.0,High_School,M,5,87733,sales
1872,1,187000.0,Master,M,9,154285,engineering
76060,1,180000.0,PhD,F,3,129410,sales
123483,0,358000.0,High_School,M,5,145710,engineering
147948,0,69000.0,Master,M,3,96664,marketing
141705,1,166000.0,PhD,M,3,46997,sales
72921,0,182000.0,PhD,M,3,164326,sales
112600,0,315000.0,Bachelor,F,1,119658,engineering
160380,1,99000.0,High_School,M,2,90065,engineering
180198,0,60000.0,Bachelor,M,4,47748,HR
169175,0,166000.0,Bachelor,F,6,175365,marketing
126246,0,117000.0,PhD,M,8,184998,sales
47879,1,143000.0,PhD,M,2,69943,sales
122128,1,138000.0,PhD,F,1,72965,sales
33333,0,115000.0,Master,F,6,126515,HR
12300,0,215000.0,Bachelor,F,5,198879,sales
32146,1,303000.0,PhD,M,3,21470,marketing
145854,0,104000.0,High_School,M,4,99139,sales
82615,0,86000.0,High_School,M,2,161727,engineering
14971,0,70000.0,Master,F,5,139278,HR
98326,1,103000.0,Bachelor,M,2,134048,sales
139119,1,168000.0,High_School,M,3,25934,engineering
133832,1,239000.0,Master,F,3,79,sales
4621,0,269000.0,PhD,M,1,142367,sales
173624,0,336000.0,Bachelor,M,4,52525,engineering
196199,1,249000.0,Master,M,1,115694,engineering
83596,0,159000.0,PhD,M,2,59705,sales
18137,0,294000.0,PhD,M,1,154292,engineering
58062,1,172000.0,High_School,M,2,32159,sales
1039,1,80000.0,PhD,M,6,88370,HR
92585,1,153000.0,Bachelor,M,10,114137,marketing
142380,0,228000.0,Master,F,4,103448,sales
158438,0,100000.0,Bachelor,M,2,115591,sales
129600,1,174000.0,Master,M,2,126368,sales
70778,1,151000.0,PhD,F,4,172250,marketing
199298,1,237000.0,Bachelor,M,1,101484,engineering
24047,1,261000.0,Master,M,1,53012,marketing
188542,0,230000.0,Master,M,5,59939,marketing
53934,0,224000.0,Master,F,4,177805,marketing
89053,1,152000.0,Master,M,12,97647,marketing
187952,0,217000.0,Master,F,2,180854,sales
133638,0,194000.0,High_School,M,1,30749,engineering
70665,0,162000.0,PhD,M,1,157966,marketing
26526,0,66000.0,Bachelor,F,1,47260,HR
27355,0,197000.0,High_School,F,4,46957,sales
46117,0,180000.0,PhD,F,1,129410,sales
19977,0,228000.0,PhD,M,2,1651,engineering
119595,1,103000.0,Master,F,3,8711,marketing
157493,1,126000.0,Master,F,3,129778,HR
119979,0,168000.0,PhD,M,8,62161,marketing
177810,1,313000.0,Bachelor,F,5,154703,engineering
171457,0,114000.0,Master,F,4,26468,engineering
11464,1,160000.0,Bachelor,M,2,26757,marketing
86450,0,252000.0,PhD,M,2,40904,engineering
73112,0,104000.0,Bachelor,M,1,113124,sales
129454,0,357000.0,PhD,M,2,30749,engineering
106398,0,236000.0,Master,M,4,119576,engineering
80966,1,218000.0,Bachelor,M,1,133420,sales
125781,1,101000.0,High_School,F,6,61517,HR
47935,0,81000.0,Master,M,6,22887,HR
12377,0,266000.0,Bachelor,F,7,53390,sales
54315,1,259000.0,Master,M,6,78493,sales
76432,0,376000.0,Bachelor,F,1,159838,marketing
104960,0,224000.0,Master,M,2,115856,sales
10773,0,261000.0,PhD,M,8,113589,engineering
24784,0,99000.0,Master,M,5,194904,HR
157952,0,106000.0,Master,F,1,22977,HR
171037,1,328000.0,PhD,M,5,12877,engineering
6734,1,289000.0,PhD,F,1,116180,engineering
149245,0,91000.0,Master,M,14,91869,marketing
153383,0,266000.0,High_School,M,8,177805,marketing
70675,0,272000.0,Master,F,2,125755,marketing
193097,0,101000.0,Bachelor,F,5,4110,sales
172170,0,223000.0,Master,M,4,76641,engineering
72165,1,206000.0,Bachelor,M,5,7212,marketing
125775,0,231000.0,Bachelor,M,8,91869,marketing
183797,0,169000.0,Bachelor,M,3,135848,marketing
191399,0,150000.0,Master,F,7,14470,sales
129287,0,62000.0,High_School,M,14,99397,HR
95489,0,91000.0,PhD,M,5,43420,sales
64190,1,258000.0,Master,F,10,157492,sales
146080,0,172000.0,Master,M,4,167877,sales
60856,0,217000.0,Master,M,5,8711,marketing
99125,0,94000.0,Master,M,3,109254,sales
93547,0,158000.0,High_School,M,2,168797,marketing
182028,1,354000.0,Bachelor,M,2,184512,engineering
160091,1,304000.0,Bachelor,F,3,90237,sales
135846,0,254000.0,PhD,M,10,77851,sales
53268,0,153000.0,Master,M,4,158888,sales
59939,1,71000.0,PhD,M,9,91869,marketing
198814,0,389000.0,Bachelor,M,5,181566,marketing
157492,0,293000.0,Master,F,10,34280,sales
73649,0,261000.0,Master,M,11,167941,sales
60036,1,164000.0,PhD,M,6,40904,engineering
132192,0,105000.0,Master,M,6,89619,HR
97160,0,74000.0,PhD,F,1,8711,marketing
138490,0,254000.0,Master,M,4,15277,engineering
14299,0,331000.0,Master,M,4,194121,engineering
69200,0,246000.0,Master,M,9,79285,sales
40973,1,203000.0,High_School,M,2,108164,sales
58140,1,215000.0,Bachelor,M,2,4259,engineering
2347,1,196000.0,Master,M,1,124014,sales
53250,0,62000.0,Bachelor,M,3,150290,HR
11698,1,304000.0,High_School,F,1,75242,engineering
153560,1,369000.0,Master,M,1,12649,engineering
124209,0,113000.0,PhD,M,4,19806,sales
110230,0,245000.0,High_School,M,7,1808,engineering
175690,1,316000.0,Bachelor,F,2,192369,sales
9706,0,62000.0,Master,M,8,78493,sales
85984,0,117000.0,Master,F,2,116119,marketing
129848,1,163000.0,Bachelor,M,1,132399,sales
60194,0,259000.0,PhD,M,4,189222,engineering
103177,1,313000.0,Master,M,3,76073,engineering
55883,1,219000.0,PhD,M,12,49002,engineering
33203,0,170000.0,Master,M,5,144928,sales
6736,0,106000.0,Master,F,4,191495,sales
199396,1,137000.0,Master,M,2,182116,sales
145740,1,220000.0,PhD,M,1,64452,sales
95727,0,258000.0,High_School,M,3,119576,engineering
85725,0,93000.0,High_School,M,6,42096,sales
193824,0,107000.0,Master,F,4,34977,sales
158243,0,181000.0,Master,F,6,79807,engineering
70685,1,241000.0,PhD,M,2,37220,engineering
152271,0,62000.0,Master,M,4,129778,HR
89868,0,375000.0,Bachelor,M,1,1872,engineering
75189,0,63000.0,PhD,F,3,126515,HR
151364,0,148000.0,PhD,M,4,41080,sales
133219,0,251000.0,Bachelor,F,3,61038,sales
84048,0,217000.0,Master,M,3,73034,engineering
12512,1,360000.0,High_School,M,3,59862,engineering
130649,0,266000.0,PhD,M,2,111082,sales
154891,0,135000.0,Master,F,8,146629,engineering
136304,0,186000.0,Bachelor,M,1,145710,engineering
9117,1,199000.0,PhD,M,7,141317,sales
96940,1,334000.0,PhD,M,3,79934,engineering
102797,1,232000.0,PhD,M,1,178314,marketing
149485,0,230000.0,Bachelor,M,14,172989,sales
165390,0,102000.0,Bachelor,M,6,184236,HR
158660,0,200000.0,Master,M,3,198424,marketing
34163,0,231000.0,Bachelor,F,11,65451,sales
29960,1,266000.0,Bachelor,M,11,118233,marketing
48874,0,277000.0,PhD,M,2,178954,engineering
162564,0,218000.0,Bachelor,M,1,40904,engineering
86951,1,277000.0,Master,M,3,132399,sales
177182,0,239000.0,High_School,M,1,47863,engineering
29605,0,67000.0,Master,F,4,158888,sales
153170,0,177000.0,High_School,M,3,121419,engineering
182041,1,170000.0,Bachelor,M,2,119991,engineering
168580,0,325000.0,High_School,F,6,101981,sales
182828,1,276000.0,Bachelor,F,5,5282,sales
70894,1,163000.0,Bachelor,M,2,169231,sales
144164,1,393000.0,High_School,M,4,87330,engineering
37070,0,238000.0,Master,F,4,193763,engineering
182038,1,354000.0,Bachelor,M,7,79285,sales
157881,1,177000.0,High_School,F,8,62043,engineering
150158,0,297000.0,High_School,M,4,87847,sales
69577,1,277000.0,PhD,F,7,105395,engineering
62219,1,119000.0,Bachelor,M,1,85426,HR
92575,1,140000.0,Bachelor,M,2,14299,engineering
49075,0,311000.0,PhD,M,4,173939,marketing
76291,1,268000.0,Bachelor,M,6,144928,sales
104957,0,263000.0,PhD,M,1,95522,marketing
143602,0,185000.0,PhD,F,2,47472,engineering
100276,0,227000.0,PhD,M,3,77844,sales
68756,0,156000.0,High_School,F,1,101484,engineering
119617,1,312000.0,Bachelor,M,1,92845,engineering
120904,0,97000.0,High_School,M,4,72965,sales
95101,0,167000.0,Master,F,2,136147,sales
20000,1,209000.0,Bachelor,M,9,142685,sales
155385,1,232000.0,High_School,M,1,154292,engineering
174929,0,182000.0,PhD,M,5,102712,sales
31943,0,230000.0,Bachelor,F,5,134944,sales
17850,1,68000.0,Master,F,6,88007,sales
59252,0,394000.0,PhD,M,3,101819,engineering
29579,0,72000.0,High_School,F,2,4384,HR
109254,0,213000.0,PhD,M,4,191418,sales
65097,0,277000.0,Master,F,3,191083,marketing
104684,1,282000.0,Master,M,5,75198,marketing
166271,1,331000.0,Master,F,3,101484,engineering
134671,1,149000.0,High_School,M,10,114472,sales
66992,0,264000.0,Master,F,1,149245,marketing
97780,1,241000.0,High_School,M,2,167650,engineering
119481,1,213000.0,Master,M,8,79693,engineering
4345,0,192000.0,High_School,F,4,107547,sales
165078,1,178000.0,PhD,F,2,168797,marketing
120628,1,85000.0,PhD,M,6,23737,HR
92365,0,104000.0,Master,F,3,140838,HR
184984,0,257000.0,Master,F,4,25367,marketing
53258,1,98000.0,PhD,F,1,132192,HR
153047,0,84000.0,Master,F,4,21086,HR
35305,0,232000.0,PhD,M,6,90639,marketing
61450,0,337000.0,PhD,M,7,95841,engineering
96645,0,214000.0,PhD,F,5,116180,engineering
184691,1,229000.0,Master,M,1,153412,marketing
46471,0,70000.0,Bachelor,F,1,123263,HR
176421,0,65000.0,High_School,M,4,110508,engineering
62501,0,206000.0,Bachelor,F,8,113245,sales
117479,0,341000.0,Master,M,1,84828,engineering
151748,1,224000.0,PhD,F,1,81490,sales
130585,0,230000.0,PhD,M,6,3235,sales
16648,0,71000.0,High_School,F,1,171940,marketing
3235,0,277000.0,PhD,M,4,84011,sales
22887,0,152000.0,Master,F,10,24015,HR
176688,0,91000.0,Master,M,7,17291,sales
171489,0,180000.0,High_School,M,2,156010,engineering
84669,1,355000.0,Master,M,3,141079,engineering
49675,0,394000.0,High_School,M,4,73893,sales
186342,0,90000.0,Bachelor,F,1,27718,HR
43334,0,317000.0,PhD,F,3,173939,marketing
188950,0,110000.0,Bachelor,M,3,87929,sales
59650,0,99000.0,Bachelor,F,6,8812,HR
196007,1,159000.0,PhD,F,7,55476,marketing
20979,0,259000.0,High_School,F,1,70547,marketing
64501,1,233000.0,Bachelor,M,3,187183,marketing
18283,1,232000.0,High_School,F,6,142850,sales
191825,0,127000.0,High_School,M,2,98967,marketing
91523,0,155000.0,PhD,M,2,160261,marketing
107612,0,96000.0,Master,F,3,63077,sales
87221,0,142000.0,PhD,F,3,46957,sales
286,0,330000.0,Bachelor,M,3,113189,sales
194950,0,255000.0,High_School,M,4,133927,engineering
55335,0,82000.0,PhD,F,2,183283,HR
153586,0,213000.0,Bachelor,F,2,148646,engineering
24103,0,195000.0,Master,F,4,149245,marketing
147934,1,79000.0,Bachelor,F,2,43704,HR
64557,0,230000.0,High_School,M,3,144219,engineering
8593,0,71000.0,Master,M,4,193518,sales
111625,0,109000.0,Master,M,4,85791,sales
87947,1,102000.0,PhD,M,3,118769,engineering
149436,1,281000.0,Bachelor,M,2,114572,marketing
190103,0,290000.0,Master,F,2,21470,marketing
102763,0,126000.0,Bachelor,F,4,177495,HR
108926,1,163000.0,Master,M,3,4421,sales
171876,0,176000.0,Bachelor,F,3,133420,sales
131612,0,113000.0,Master,M,1,73489,sales
164638,1,202000.0,Master,M,2,47755,sales
58976,0,264000.0,Master,M,3,48730,marketing
187993,0,177000.0,Bachelor,M,1,168951,sales
110004,1,371000.0,PhD,M,4,64750,engineering
104754,0,68000.0,Master,M,3,71152,HR
64708,0,72000.0,Master,F,2,193818,HR
65758,1,144000.0,High_School,M,5,34134,sales
7966,0,293000.0,Master,M,7,49727,sales
66832,0,94000.0,Master,M,2,111082,sales
160388,0,150000.0,Master,F,6,19806,sales
85815,0,289000.0,Master,F,3,148260,marketing
142795,0,262000.0,PhD,F,5,112643,sales
140972,0,95000.0,PhD,F,2,151696,HR
194252,0,197000.0,PhD,F,3,132283,engineering
94326,1,166000.0,Bachelor,M,3,76641,engineering
89239,0,383000.0,PhD,M,6,23100,engineering
154603,0,152000.0,High_School,M,2,175365,marketing
165666,0,128000.0,PhD,M,1,111363,sales
154613,0,354000.0,Master,M,1,79735,engineering
3531,1,195000.0,Master,M,1,73982,sales
17119,0,176000.0,PhD,M,7,165853,engineering
153410,0,73000.0,Bachelor,F,2,23737,HR
65208,0,267000.0,High_School,F,5,182777,marketing
50927,0,313000.0,Master,M,6,68998,marketing
156742,0,278000.0,High_School,M,2,81644,engineering
190824,0,106000.0,PhD,M,3,88007,sales
53510,0,254000.0,PhD,F,1,177166,engineering
179459,1,144000.0,Master,M,9,37154,marketing
100942,0,153000.0,PhD,F,16,36075,sales
25857,1,391000.0,PhD,M,2,122197,engineering
109784,0,63000.0,Master,F,4,97422,HR
127121,1,147000.0,Master,M,4,113618,marketing
60691,0,365000.0,PhD,M,1,113124,sales
44381,0,65000.0,PhD,F,7,22887,HR
172344,1,281000.0,PhD,M,3,29410,engineering
157931,0,298000.0,High_School,M,6,61403,engineering
92008,1,207000.0,Master,M,1,45803,sales
152562,0,150000.0,Master,M,5,167877,sales
170206,1,153000.0,Master,M,1,75198,marketing
188292,0,69000.0,High_School,M,1,189148,HR
181629,1,270000.0,Master,M,2,144211,engineering
7941,0,202000.0,Bachelor,F,3,27704,sales
162465,1,145000.0,PhD,F,2,5222,sales
180006,0,120000.0,Bachelor,M,6,24681,HR
146794,0,296000.0,Master,M,3,77766,marketing
161458,0,260000.0,Master,F,1,69200,sales
1950,0,101000.0,PhD,F,5,10786,HR
194628,0,62000.0,PhD,F,3,119231,HR
39346,1,150000.0,Master,M,1,171940,marketing
148195,1,122000.0,PhD,M,6,103912,sales
165480,0,177000.0,PhD,M,7,187183,marketing
189794,0,296000.0,Bachelor,M,1,18627,marketing
87607,0,204000.0,High_School,F,4,29960,marketing
167639,0,69000.0,Master,F,1,189742,HR
143926,0,123000.0,Bachelor,M,2,64750,engineering
18366,0,218000.0,Bachelor,M,6,170076,engineering
126097,0,139000.0,PhD,M,3,9706,sales
24807,0,132000.0,Master,M,1,158777,marketing
150515,0,63000.0,PhD,F,5,132192,HR
88019,0,302000.0,High_School,F,3,102632,marketing
152837,0,353000.0,Bachelor,M,4,19424,engineering
110763,1,284000.0,Master,F,6,69379,sales
156710,1,194000.0,PhD,M,4,132309,sales
192309,0,72000.0,Bachelor,M,2,169833,HR
81770,0,238000.0,PhD,M,5,122197,engineering
124402,0,275000.0,Bachelor,M,7,118769,engineering
145140,1,315000.0,High_School,M,2,67931,engineering
140960,1,105000.0,Bachelor,M,1,120381,sales
48690,1,299000.0,Bachelor,F,5,92713,sales
82466,0,347000.0,High_School,M,4,172889,sales
131734,0,78000.0,Master,M,2,1610,engineering
29408,0,109000.0,Master,F,3,5889,HR
95413,0,160000.0,Master,F,3,197832,marketing
87826,1,227000.0,High_School,M,2,198875,engineering
115744,1,226000.0,High_School,M,3,126257,engineering
129830,0,243000.0,PhD,F,1,159098,engineering
55665,1,318000.0,High_School,M,8,57316,sales
165554,0,195000.0,High_School,F,2,148795,engineering
128748,1,278000.0,Bachelor,F,2,62081,sales
41945,0,328000.0,PhD,M,16,84011,sales
101075,0,103000.0,Bachelor,F,6,88936,sales
143678,1,126000.0,Master,M,6,188118,sales
25568,0,312000.0,Bachelor,M,6,87884,engineering
148273,0,76000.0,Master,M,3,22887,HR
78,1,348000.0,PhD,M,2,168342,engineering
131703,0,103000.0,Bachelor,M,7,102026,sales
30765,1,108000.0,Bachelor,M,1,19524,marketing
54833,0,281000.0,PhD,M,5,140393,engineering
63479,0,165000.0,PhD,M,8,103912,sales
53390,0,253000.0,Master,M,7,8665,sales
193010,1,69000.0,Master,M,2,44056,HR
129885,0,175000.0,PhD,M,3,73106,engineering
83356,0,125000.0,Master,F,20,84011,sales
31899,0,330000.0,High_School,M,4,5875,marketing
184968,0,283000.0,PhD,M,2,190249,marketing
107223,1,264000.0,Master,F,4,136313,engineering
120467,0,75000.0,High_School,F,5,59327,HR
102727,0,165000.0,Bachelor,F,7,114137,marketing
18476,0,85000.0,PhD,M,5,140542,sales
125223,0,226000.0,PhD,M,2,180854,sales
151707,0,219000.0,High_School,M,3,199184,sales
27815,0,189000.0,PhD,M,4,88936,sales
79248,0,235000.0,Master,M,1,81490,sales
155570,1,166000.0,PhD,F,3,71532,marketing
111020,0,71000.0,Bachelor,M,6,28979,sales
40976,1,328000.0,High_School,M,2,77670,sales
89605,0,231000.0,High_School,M,1,113578,marketing
57938,1,221000.0,Master,M,2,192589,engineering
112848,1,283000.0,PhD,M,2,91002,marketing
86412,0,231000.0,Bachelor,M,4,146473,marketing
21766,1,155000.0,High_School,M,2,70406,marketing
6081,0,393000.0,Bachelor,M,4,115591,sales
16722,0,218000.0,Bachelor,M,2,74170,sales
157742,1,196000.0,Bachelor,F,1,158888,sales
121174,0,269000.0,PhD,M,4,180930,sales
78494,0,230000.0,Bachelor,M,4,4110,sales
18239,1,365000.0,Master,F,1,177166,engineering
159566,0,216000.0,Bachelor,M,4,92585,marketing
49601,0,233000.0,Bachelor,M,3,134536,engineering
20569,0,223000.0,Bachelor,F,4,7212,marketing
41815,0,134000.0,High_School,M,2,180924,marketing
97430,0,248000.0,Master,M,6,153412,marketing
100979,0,84000.0,PhD,M,8,55972,HR
72243,0,144000.0,PhD,M,6,162476,engineering
180970,0,157000.0,Master,M,1,182028,engineering
45994,0,184000.0,PhD,M,3,199282,marketing
17211,1,68000.0,Bachelor,M,12,185138,HR
81594,0,111000.0,High_School,F,2,182028,engineering
167860,0,217000.0,Bachelor,F,3,197832,marketing
172182,0,286000.0,Master,F,7,50761,marketing
188118,0,194000.0,Bachelor,M,6,114472,sales
31320,0,265000.0,PhD,M,3,179929,sales
163763,0,83000.0,PhD,F,4,142630,HR
2483,0,72000.0,Master,M,1,169849,HR
73466,0,175000.0,PhD,M,1,10922,sales
61788,0,91000.0,High_School,M,3,69345,sales
5889,0,91000.0,High_School,M,5,21604,HR
148260,1,286000.0,Master,F,2,89053,marketing
29394,0,178000.0,Bachelor,M,5,113566,engineering
7993,1,256000.0,Master,F,2,131620,sales
163387,1,350000.0,Master,M,2,1651,engineering
159286,0,116000.0,Master,M,2,140393,engineering
41891,0,169000.0,High_School,F,5,164326,sales
117796,0,188000.0,Bachelor,M,2,41175,engineering
22546,0,89000.0,Bachelor,F,2,46997,sales
188856,0,165000.0,Bachelor,M,3,147106,sales
19060,1,187000.0,PhD,M,5,4110,sales
162734,0,115000.0,PhD,F,4,155570,marketing
7583,0,356000.0,Bachelor,F,2,10773,engineering
163606,1,84000.0,Bachelor,M,3,47260,HR
63275,1,258000.0,Master,M,4,1610,engineering
58027,0,352000.0,PhD,M,3,123387,sales
40917,0,226000.0,PhD,M,3,108428,engineering
53071,0,267000.0,PhD,M,2,48352,engineering
192863,0,71000.0,Bachelor,F,3,150189,HR
45791,1,249000.0,PhD,F,4,160169,sales
195252,0,173000.0,Master,F,6,192145,sales
64162,0,162000.0,PhD,F,3,43420,sales
173016,0,246000.0,PhD,F,4,45803,sales
83809,1,332000.0,Master,M,2,18312,engineering
19073,0,123000.0,High_School,M,4,62043,engineering
130161,0,211000.0,High_School,M,3,144976,sales
105752,0,305000.0,Master,M,3,59555,marketing
136744,0,188000.0,Bachelor,F,1,83032,marketing
140462,0,175000.0,Bachelor,F,3,5875,marketing
95440,0,329000.0,Master,F,2,48352,engineering
165298,1,231000.0,PhD,M,1,149245,marketing
44989,0,274000.0,High_School,M,1,154292,engineering
19219,0,190000.0,Master,M,3,179929,sales
135868,1,236000.0,Master,M,3,134944,sales
16781,0,133000.0,Master,M,9,134728,marketing
161548,1,105000.0,High_School,M,1,78516,sales
134060,0,94000.0,Master,M,2,102043,marketing
81180,0,200000.0,Master,M,4,19806,sales
181350,0,177000.0,Master,F,2,22090,marketing
114186,1,338000.0,Bachelor,M,2,98931,marketing
167237,1,176000.0,Master,F,3,84828,engineering
188846,0,283000.0,Master,M,1,129626,marketing
162107,0,169000.0,Bachelor,F,3,54808,sales
59956,0,80000.0,Master,F,4,53856,HR
100107,0,72000.0,Master,M,7,166928,engineering
20957,0,67000.0,PhD,F,4,14226,HR
47423,0,337000.0,PhD,M,1,161132,marketing
132283,1,123000.0,PhD,M,11,49002,engineering
26757,0,273000.0,Master,M,14,23830,marketing
58608,0,68000.0,Bachelor,F,7,199950,HR
77365,1,195000.0,PhD,M,5,89523,sales
100287,0,84000.0,Bachelor,F,9,22887,HR
18815,1,263000.0,Master,F,5,5374,sales
128473,1,122000.0,PhD,F,1,135846,sales
147106,0,142000.0,PhD,M,3,164851,sales
190367,0,147000.0,Bachelor,M,6,129734,engineering
81810,0,141000.0,High_School,M,5,7212,marketing
122601,0,323000.0,Bachelor,F,6,107493,engineering
34540,0,140000.0,Bachelor,M,4,168905,engineering
183040,0,209000.0,High_School,M,6,111082,sales
67800,0,359000.0,PhD,M,1,161727,engineering
131516,1,280000.0,High_School,M,2,85791,sales
116915,0,104000.0,Bachelor,F,1,77670,sales
28833,0,159000.0,PhD,F,3,55481,engineering
198875,0,75000.0,PhD,M,9,87379,engineering
56219,1,265000.0,PhD,M,6,61038,sales
147498,0,88000.0,PhD,M,3,85426,HR
179482,1,62000.0,PhD,F,1,24287,HR
61849,0,116000.0,High_School,M,1,160511,marketing
12197,1,210000.0,High_School,M,4,170922,sales
88667,0,210000.0,High_School,M,4,7349,marketing
122286,1,193000.0,Master,F,4,175434,sales
79705,1,387000.0,PhD,M,1,181772,sales
135532,0,229000.0,Master,M,4,154891,engineering
15326,0,190000.0,PhD,M,1,150300,marketing
92094,1,129000.0,Bachelor,M,2,191485,sales
102381,0,117000.0,PhD,M,1,132026,marketing
190143,0,222000.0,Master,F,2,95169,sales
192639,1,127000.0,Bachelor,M,5,157064,marketing
164806,0,301000.0,PhD,M,1,79237,marketing
20060,1,215000.0,Master,M,5,159098,engineering
156449,0,60000.0,Master,M,1,71987,HR
180442,0,66000.0,Master,F,5,172947,marketing
130279,0,74000.0,Master,F,5,132192,HR
78723,0,191000.0,Master,M,4,138432,sales
104582,0,175000.0,PhD,M,4,143317,sales
191693,0,135000.0,PhD,M,3,22090,marketing
196444,0,164000.0,Master,M,3,133927,engineering
175841,0,310000.0,Bachelor,M,1,170076,engineering
62205,0,66000.0,Master,F,5,197896,HR
117092,0,222000.0,Master,M,5,170076,engineering
183561,0,180000.0,Bachelor,F,4,30488,marketing
8507,0,247000.0,Bachelor,M,1,157064,marketing
78762,0,221000.0,Bachelor,M,3,198424,marketing
172618,1,226000.0,High_School,M,6,94507,engineering
35816,0,177000.0,High_School,M,3,154703,engineering
4259,0,341000.0,Master,M,3,193330,engineering
187211,0,76000.0,PhD,F,2,140838,HR
113087,0,219000.0,PhD,M,4,102712,sales
90274,0,172000.0,Master,M,2,51293,sales
116425,0,101000.0,High_School,M,5,169833,HR
81143,1,114000.0,Bachelor,M,2,71757,marketing
109611,0,224000.0,PhD,M,5,161727,engineering
184921,0,74000.0,PhD,M,2,191454,marketing
106322,0,158000.0,Bachelor,M,1,41721,marketing
55414,1,125000.0,Master,M,5,87884,engineering
117583,1,331000.0,PhD,M,6,95841,engineering
119156,0,183000.0,PhD,M,1,182777,marketing
29829,1,133000.0,Master,M,2,9239,sales
86253,1,63000.0,PhD,F,4,193818,HR
22367,0,303000.0,Bachelor,F,2,48912,engineering
83872,1,290000.0,Master,F,3,148865,sales
73839,1,245000.0,Bachelor,M,4,136861,sales
2325,0,330000.0,PhD,M,1,73034,engineering
23192,0,120000.0,PhD,F,4,31063,HR
138363,1,182000.0,High_School,M,1,190060,sales
96141,0,375000.0,Master,M,4,54997,sales
10971,0,140000.0,Bachelor,F,4,98419,marketing
15741,0,74000.0,PhD,F,1,9400,HR
39646,0,162000.0,Master,M,5,73106,engineering
165761,0,218000.0,PhD,M,2,14241,marketing
23854,0,224000.0,Master,M,2,182531,sales
120816,0,241000.0,Bachelor,M,1,55883,engineering
170238,1,291000.0,Bachelor,M,1,75246,engineering
123299,0,250000.0,Master,F,7,198531,sales
105698,0,91000.0,High_School,M,2,172948,HR
91869,0,387000.0,PhD,M,15,40920,marketing
72711,0,235000.0,Master,M,1,198240,sales
175366,0,190000.0,Master,M,8,8663,sales
108016,1,83000.0,Master,F,2,16445,HR
3497,0,235000.0,PhD,M,6,140542,sales
88767,1,265000.0,Master,M,5,8198,engineering
46800,1,106000.0,PhD,M,3,59939,marketing
125153,1,302000.0,PhD,M,1,90,engineering
197272,1,114000.0,Bachelor,M,5,198778,engineering
26945,0,334000.0,PhD,M,1,170076,engineering
78412,0,267000.0,Bachelor,M,4,178954,engineering
36983,0,262000.0,Master,M,5,170076,engineering
121233,0,289000.0,High_School,F,21,176424,marketing
140343,0,167000.0,Master,M,1,4110,sales
141073,0,117000.0,Bachelor,F,3,129287,HR
11121,0,311000.0,Bachelor,M,1,114572,marketing
188300,0,150000.0,Bachelor,M,1,105542,marketing
8505,1,183000.0,PhD,M,7,109671,marketing
160775,0,138000.0,Master,F,5,69345,sales
36630,0,121000.0,Bachelor,M,9,26757,marketing
59470,1,255000.0,Master,M,2,8663,sales
118078,0,82000.0,High_School,M,4,52319,sales
39248,0,67000.0,Master,F,2,11507,HR
143359,0,133000.0,Bachelor,M,1,175434,sales
41286,0,282000.0,Bachelor,M,5,144211,engineering
66873,1,265000.0,PhD,M,6,8198,engineering
3732,0,105000.0,Bachelor,F,2,169833,HR
84050,0,149000.0,Bachelor,M,6,73846,sales
139938,1,213000.0,Master,M,2,779,marketing
47570,0,96000.0,Bachelor,F,4,71757,marketing
148126,0,66000.0,Master,M,1,104539,HR
165201,0,286000.0,Master,M,6,29547,engineering
196516,0,77000.0,Master,M,4,66420,HR
62879,0,235000.0,Master,F,2,191495,sales
155850,1,229000.0,High_School,M,5,65883,marketing
124324,0,229000.0,PhD,M,2,181421,sales
61499,0,192000.0,Master,M,1,48877,marketing
110550,0,299000.0,Master,F,3,95841,engineering
151549,0,66000.0,Master,M,9,135848,marketing
199294,0,187000.0,PhD,F,6,192132,marketing
196223,1,199000.0,PhD,F,5,171499,engineering
39397,1,237000.0,Bachelor,M,2,27704,sales
22262,0,343000.0,Master,M,6,157064,marketing
148572,0,360000.0,High_School,M,2,134671,sales
50180,0,154000.0,Bachelor,M,2,191351,marketing
183869,0,396000.0,Bachelor,M,4,185673,engineering
33474,0,88000.0,Master,F,3,81421,HR
97136,1,78000.0,Master,F,4,134658,sales
44612,1,88000.0,Master,F,2,47748,HR
142244,0,72000.0,High_School,M,6,183283,HR
191736,0,87000.0,PhD,M,4,85426,HR
112312,0,214000.0,PhD,M,1,102684,sales
22855,0,144000.0,High_School,F,4,167877,sales
87707,0,150000.0,Bachelor,M,9,32248,sales
68656,0,133000.0,PhD,M,1,175365,marketing
98328,1,107000.0,Bachelor,M,3,143050,marketing
33671,0,64000.0,High_School,M,4,191073,sales
196896,0,174000.0,PhD,F,1,91124,sales
63785,0,373000.0,PhD,F,5,49002,engineering
74952,0,156000.0,PhD,F,4,77844,sales
41186,0,89000.0,Master,M,5,47748,HR
175880,0,190000.0,PhD,F,3,190249,marketing
31832,0,222000.0,Master,M,4,174122,engineering
38995,0,300000.0,Bachelor,M,1,84828,engineering
58972,0,115000.0,Bachelor,M,2,7095,HR
113746,1,143000.0,PhD,M,4,90834,sales
80108,0,252000.0,Bachelor,M,4,95609,sales
184021,1,277000.0,Bachelor,F,4,75198,marketing
107282,0,77000.0,PhD,F,2,53677,HR
77783,0,126000.0,PhD,F,1,64087,HR
177184,0,267000.0,Bachelor,F,1,169271,marketing
169662,1,180000.0,Master,M,6,181996,engineering
160044,1,387000.0,PhD,M,4,148865,sales
84805,0,191000.0,PhD,F,1,90639,marketing
157303,0,132000.0,High_School,M,6,56451,sales
52383,0,220000.0,High_School,F,1,78874,sales
163550,0,215000.0,High_School,M,1,165853,engineering
136948,1,213000.0,Master,F,4,147642,sales
174723,0,202000.0,Bachelor,F,1,90639,marketing
72775,0,97000.0,PhD,M,3,197896,HR
22716,0,278000.0,Master,M,3,134536,engineering
153404,1,123000.0,Master,F,6,51121,HR
12168,0,170000.0,Master,M,3,181886,sales
54203,1,358000.0,Master,M,1,39417,engineering
181266,1,84000.0,Master,F,5,169833,HR
170830,0,74000.0,Master,F,1,118506,HR
165293,1,200000.0,Bachelor,M,2,123358,sales
35057,0,298000.0,Bachelor,M,6,149135,engineering
1216,0,238000.0,Bachelor,F,4,130585,sales
40920,0,369000.0,Master,M,24,110464,marketing
186283,1,366000.0,High_School,M,3,132307,engineering
54760,0,89000.0,High_School,F,1,164501,HR
60003,0,76000.0,Bachelor,F,7,33665,HR
99722,0,267000.0,PhD,M,2,150722,marketing
112323,1,291000.0,PhD,M,4,69463,marketing
133745,0,166000.0,Master,M,3,191649,sales
84045,0,360000.0,Bachelor,F,6,148984,sales
191514,1,91000.0,High_School,M,2,112302,engineering
87500,0,76000.0,Bachelor,M,2,123358,sales
911,1,323000.0,High_School,M,3,25934,engineering
5250,0,88000.0,PhD,F,3,754,HR
193369,1,125000.0,PhD,M,1,144928,sales
69737,1,259000.0,Bachelor,F,4,144976,sales
186127,1,277000.0,Bachelor,M,1,120638,engineering
138483,1,204000.0,Bachelor,M,3,164547,sales
23531,0,118000.0,Master,F,1,51293,sales
140092,1,360000.0,Master,M,2,176415,engineering
120945,0,216000.0,Master,F,7,79237,marketing
133858,0,103000.0,PhD,M,2,184512,engineering
171810,0,267000.0,High_School,M,5,141079,engineering
190578,0,80000.0,Master,M,2,4384,HR
80462,0,290000.0,PhD,M,2,165668,engineering
37730,0,154000.0,High_School,M,1,165717,sales
100584,1,309000.0,High_School,M,5,198875,engineering
191305,0,296000.0,Master,M,5,7255,engineering
98402,0,80000.0,PhD,F,3,97422,HR
159730,0,287000.0,Bachelor,F,5,76073,engineering
183316,1,139000.0,Bachelor,F,4,174800,marketing
90901,1,135000.0,Master,M,7,137369,sales
37921,1,164000.0,Bachelor,M,3,102043,marketing
123785,0,69000.0,Master,F,1,32572,marketing
61966,0,218000.0,Bachelor,M,1,169271,marketing
45473,0,289000.0,Master,F,4,168951,sales
168620,0,207000.0,Bachelor,M,4,80128,sales
20891,1,282000.0,Master,M,3,73034,engineering
148007,0,61000.0,Master,M,6,168942,HR
11732,0,379000.0,Bachelor,M,1,146404,marketing
66692,0,154000.0,PhD,M,5,66090,sales
98210,0,61000.0,PhD,F,3,27718,HR
152732,0,228000.0,Bachelor,F,3,123387,sales
47686,0,125000.0,Bachelor,F,5,186086,engineering
131562,1,167000.0,Bachelor,F,4,94030,sales
74649,1,81000.0,Master,M,2,189890,engineering
70771,0,61000.0,Master,M,2,196490,HR
87786,1,212000.0,PhD,M,8,4394,marketing
87847,1,84000.0,PhD,M,5,91117,sales
95279,0,286000.0,High_School,M,5,196058,marketing
168159,1,173000.0,Master,F,3,162035,sales
180475,1,333000.0,PhD,M,4,133927,engineering
121833,0,99000.0,Master,F,5,51121,HR
36528,0,86000.0,Bachelor,M,4,132026,marketing
169711,0,279000.0,Bachelor,M,3,169231,sales
100930,0,212000.0,Master,M,2,81860,engineering
144480,0,283000.0,Master,M,3,23120,marketing
183475,0,224000.0,High_School,M,3,113566,engineering
145461,1,115000.0,Master,F,2,154891,engineering
165266,0,89000.0,Bachelor,M,5,185285,HR
151958,0,90000.0,Master,F,6,64858,HR
114821,0,353000.0,Bachelor,M,2,148236,sales
33336,0,213000.0,High_School,M,3,45803,sales
192962,1,344000.0,PhD,M,3,81111,engineering
168312,1,277000.0,Bachelor,M,3,16785,engineering
143664,0,271000.0,High_School,F,2,190065,marketing
169959,0,185000.0,High_School,M,1,76641,engineering
23677,0,284000.0,PhD,M,2,26505,marketing
45535,1,262000.0,High_School,F,2,41335,engineering
119231,0,106000.0,PhD,F,10,165426,HR
190595,0,90000.0,PhD,M,3,97422,HR
64862,0,91000.0,Bachelor,M,1,112245,sales
162450,0,61000.0,Bachelor,M,7,53826,HR
123427,0,223000.0,High_School,M,2,8663,sales
20533,0,191000.0,High_School,M,1,194078,marketing
153255,1,365000.0,PhD,F,7,134536,engineering
124290,0,308000.0,High_School,M,4,30749,engineering
46479,0,187000.0,PhD,F,6,157931,engineering
52567,0,192000.0,Bachelor,F,1,160511,marketing
64802,1,157000.0,PhD,F,2,779,marketing
198978,0,236000.0,Master,F,3,79735,engineering
10289,1,190000.0,Bachelor,M,1,140061,sales
63387,0,256000.0,High_School,M,2,170922,sales
195165,0,178000.0,PhD,F,8,113589,engineering
116119,0,302000.0,PhD,F,13,125912,marketing
106595,0,92000.0,PhD,M,3,90237,sales
104735,0,343000.0,Bachelor,M,7,131525,sales
158777,0,76000.0,Bachelor,F,9,71532,marketing
141381,0,116000.0,Bachelor,M,3,51121,HR
126117,1,318000.0,Master,M,3,68532,engineering
164081,0,141000.0,Master,M,6,132360,sales
52124,1,302000.0,Bachelor,M,9,11275,marketing
86494,0,77000.0,PhD,M,3,112302,engineering
60413,1,309000.0,High_School,M,6,91002,marketing
139877,0,326000.0,Master,M,5,123358,sales
65292,1,68000.0,High_School,M,4,189890,engineering
171251,1,93000.0,Bachelor,M,2,94447,HR
91117,0,248000.0,Master,M,17,34051,sales
127834,0,93000.0,Bachelor,F,4,80043,HR
86345,0,259000.0,Master,M,4,76641,engineering
77091,0,327000.0,Master,M,3,73106,engineering
45374,0,214000.0,Bachelor,M,1,7349,marketing
21693,0,85000.0,PhD,M,4,46178,engineering
146510,0,87000.0,High_School,M,3,179459,marketing
60205,0,323000.0,Bachelor,M,5,90065,engineering
153732,0,76000.0,PhD,M,1,4384,HR
102003,0,63000.0,Master,M,3,129000,marketing
151098,0,105000.0,Bachelor,F,2,7095,HR
22595,0,179000.0,Master,F,5,144401,sales
14563,0,188000.0,Master,F,5,8711,marketing
92765,0,278000.0,PhD,M,6,42270,engineering
72346,1,82000.0,PhD,M,1,77766,marketing
21082,1,116000.0,High_School,F,1,147016,sales
52586,0,259000.0,PhD,M,1,196058,marketing
49784,1,217000.0,High_School,M,2,187053,engineering
87929,0,99000.0,Bachelor,M,13,2308,sales
123129,0,159000.0,Bachelor,M,2,127266,marketing
112786,1,168000.0,High_School,M,4,153412,marketing
14470,0,69000.0,High_School,M,11,191418,sales
162063,1,90000.0,Bachelor,M,1,159098,engineering
43011,1,122000.0,Bachelor,M,1,8856,marketing
65305,0,306000.0,Bachelor,M,5,132187,engineering
59766,0,85000.0,PhD,M,1,64087,HR
107838,1,316000.0,Bachelor,F,3,99139,sales
36890,1,238000.0,High_School,F,7,128966,sales
153655,0,81000.0,PhD,F,9,184236,HR
111054,1,223000.0,PhD,M,3,112302,engineering
125860,1,108000.0,Master,M,3,182116,sales
188492,0,330000.0,Master,M,1,127275,engineering
7323,0,217000.0,Master,F,1,67151,engineering
64025,0,364000.0,High_School,M,2,62043,engineering
76239,0,242000.0,Master,F,3,150408,engineering
160856,1,262000.0,Master,M,5,94030,sales
28037,1,274000.0,Master,F,2,132683,engineering
135101,0,241000.0,High_School,M,1,91002,marketing
74097,0,258000.0,Bachelor,M,1,9239,sales
151279,0,198000.0,PhD,M,3,132026,marketing
129000,0,295000.0,Master,F,14,6027,marketing
154231,0,313000.0,Bachelor,M,2,115349,sales
196660,0,238000.0,High_School,M,14,94454,sales
125056,0,220000.0,Master,M,2,7212,marketing
56188,0,89000.0,Bachelor,F,6,102632,marketing
80728,1,231000.0,PhD,M,7,39726,engineering
111317,0,105000.0,Bachelor,F,3,125114,HR
171536,1,255000.0,PhD,F,2,179569,sales
35379,0,203000.0,Bachelor,M,2,187183,marketing
189124,1,195000.0,Bachelor,M,1,29410,engineering
118769,0,198000.0,Bachelor,F,9,119832,engineering
126636,0,75000.0,PhD,M,5,51121,HR
43748,0,322000.0,PhD,F,5,128511,engineering
43704,1,96000.0,Bachelor,M,2,39785,HR
113287,1,193000.0,Master,F,3,137776,engineering
34247,0,279000.0,PhD,M,7,78215,sales
98372,0,177000.0,Master,M,7,66453,engineering
178356,0,286000.0,Bachelor,F,2,103981,marketing
102068,0,177000.0,Bachelor,M,5,52796,sales
27272,0,275000.0,Bachelor,F,1,59939,marketing
132307,0,203000.0,Bachelor,F,11,185673,engineering
185578,0,338000.0,Bachelor,F,7,154170,engineering
15156,0,156000.0,PhD,F,2,73649,sales
85321,0,333000.0,Master,M,5,127769,engineering
1205,0,112000.0,Master,M,3,70819,engineering
105960,0,61000.0,Bachelor,M,5,172541,HR
87733,0,136000.0,Bachelor,M,2,198366,sales
24164,0,200000.0,Bachelor,F,3,34977,sales
11275,0,119000.0,Master,M,12,87344,marketing
112302,0,133000.0,Bachelor,F,10,71595,engineering
71424,1,115000.0,Master,M,3,16510,sales
70460,0,60000.0,Bachelor,F,3,118506,HR
72230,0,277000.0,PhD,M,5,84828,engineering
65847,1,170000.0,Master,M,7,43420,sales
41970,0,262000.0,Bachelor,M,2,136313,engineering
101841,0,171000.0,High_School,F,2,168951,sales
151566,0,115000.0,Master,M,2,131620,sales
161246,0,89000.0,Master,F,6,139278,HR
137031,0,76000.0,Bachelor,M,3,151696,HR
134659,1,201000.0,Master,M,3,198403,sales
39771,0,309000.0,PhD,M,1,193763,engineering
32572,0,129000.0,PhD,F,3,125912,marketing
161195,1,169000.0,PhD,M,4,79934,engineering
101819,0,384000.0,Master,M,9,87379,engineering
40475,1,237000.0,PhD,M,20,56068,sales
195709,1,311000.0,PhD,M,3,113618,marketing
143620,0,136000.0,High_School,F,4,128966,sales
132846,1,111000.0,Bachelor,M,1,103421,engineering
173370,0,147000.0,Master,F,1,180854,sales
87072,0,101000.0,Bachelor,F,3,43937,HR
67187,1,157000.0,High_School,M,3,5743,sales
55169,1,315000.0,Bachelor,M,1,71130,engineering
15040,0,80000.0,Master,F,1,252,HR
71129,1,226000.0,PhD,M,2,191649,sales
8113,0,66000.0,PhD,F,2,43937,HR
61811,0,305000.0,PhD,F,2,78493,sales
58737,1,308000.0,PhD,M,3,84828,engineering
72094,0,213000.0,High_School,M,7,79193,sales
77364,0,62000.0,PhD,M,2,164501,HR
59265,0,320000.0,Master,M,4,184998,sales
170204,0,74000.0,PhD,F,1,64087,HR
9597,0,160000.0,Master,M,1,98520,marketing
51225,0,216000.0,Master,M,6,111974,engineering
195578,0,267000.0,PhD,M,7,189222,engineering
147005,0,388000.0,Master,M,3,73034,engineering
128372,0,303000.0,PhD,M,3,149135,engineering
129185,0,63000.0,PhD,M,2,181787,marketing
55763,0,195000.0,High_School,M,5,52796,sales
62456,0,184000.0,Bachelor,F,3,37124,sales
62143,1,78000.0,Master,M,3,102712,sales
115402,0,283000.0,Bachelor,M,3,73034,engineering
99593,1,117000.0,High_School,F,1,172250,marketing
7481,0,85000.0,Bachelor,M,6,64858,HR
127586,0,222000.0,High_School,F,3,113245,sales
151730,1,316000.0,High_School,M,2,52525,engineering
136195,0,288000.0,Master,F,4,190060,sales
37375,0,133000.0,High_School,M,4,98520,marketing
21942,0,84000.0,Bachelor,F,4,27018,HR
74606,0,162000.0,Bachelor,M,3,87929,sales
38760,1,230000.0,PhD,M,3,154170,engineering
75979,0,246000.0,Master,M,3,19424,engineering
163975,1,118000.0,Master,M,4,111974,engineering
163651,0,191000.0,Bachelor,M,4,190065,marketing
1780,1,134000.0,PhD,F,3,179212,marketing
172328,0,105000.0,Bachelor,M,1,64087,HR
56667,0,158000.0,High_School,F,2,150408,engineering
19210,1,129000.0,PhD,M,3,26183,sales
158730,1,63000.0,Bachelor,F,1,88370,HR
30874,1,265000.0,Bachelor,M,2,150300,marketing
10287,1,388000.0,Bachelor,F,9,55481,engineering
163846,0,61000.0,High_School,M,4,181781,HR
42880,0,352000.0,Bachelor,M,1,1651,engineering
3552,1,82000.0,Master,M,2,160261,marketing
179929,1,141000.0,Bachelor,M,11,114472,sales
17285,0,192000.0,PhD,M,2,193518,sales
192109,0,92000.0,High_School,M,7,102712,sales
91002,1,276000.0,High_School,M,11,24489,marketing
22993,1,114000.0,High_School,M,1,70819,engineering
28623,0,64000.0,Bachelor,F,1,51923,HR
73489,0,80000.0,Bachelor,M,5,198366,sales
33715,1,242000.0,PhD,F,3,92765,engineering
26541,0,231000.0,High_School,F,4,198531,sales
138178,0,64000.0,PhD,F,2,9400,HR
168797,1,229000.0,PhD,M,6,6027,marketing
123202,1,249000.0,High_School,M,5,143317,sales
169909,0,97000.0,PhD,M,6,10922,sales
59515,1,112000.0,PhD,M,2,63832,marketing
20935,0,213000.0,Master,M,3,179569,sales
37434,0,205000.0,Master,M,8,171907,sales
28135,0,146000.0,Master,M,4,127544,sales
46220,1,150000.0,High_School,M,3,61038,sales
9987,0,94000.0,PhD,M,1,4394,marketing
4500,0,116000.0,Master,F,3,60373,marketing
78225,1,183000.0,PhD,F,2,11275,marketing
51757,0,67000.0,Master,F,5,127769,engineering
84032,1,69000.0,Master,M,4,90834,sales
31418,0,363000.0,PhD,M,3,133420,sales
148382,0,100000.0,Bachelor,M,7,178797,sales
105941,0,194000.0,High_School,M,3,134944,sales
178817,0,125000.0,Bachelor,M,2,191649,sales
181310,0,194000.0,PhD,M,6,139032,sales
60127,0,68000.0,Master,M,1,150189,HR
80029,0,347000.0,PhD,F,7,57938,engineering
56960,0,232000.0,High_School,F,4,8856,marketing
8260,0,247000.0,Bachelor,M,4,84193,marketing
70036,1,237000.0,PhD,M,7,175361,sales
13175,0,366000.0,High_School,F,1,137776,engineering
29656,0,94000.0,Bachelor,M,1,123358,sales
85190,0,341000.0,PhD,M,2,136147,sales
113474,0,145000.0,PhD,F,3,198648,marketing
34068,1,164000.0,High_School,F,1,90639,marketing
92409,0,224000.0,PhD,F,3,73846,sales
58215,0,322000.0,PhD,M,3,87929,sales
59363,1,82000.0,PhD,F,3,94447,HR
19085,1,89000.0,PhD,M,6,64087,HR
155528,1,104000.0,Master,F,1,192369,sales
164637,0,247000.0,Bachelor,M,4,73893,sales
59534,0,203000.0,Master,M,5,134048,sales
29489,0,77000.0,Master,M,3,11507,HR
104934,0,207000.0,Bachelor,M,5,191454,marketing
197520,0,207000.0,High_School,M,1,98967,marketing
63732,0,181000.0,Master,M,1,64452,sales
107396,0,96000.0,Bachelor,F,3,146111,HR
146806,0,91000.0,PhD,M,4,189742,HR
15795,0,173000.0,Master,M,4,55858,engineering
12301,1,197000.0,Master,M,1,192145,sales
139907,1,64000.0,High_School,M,4,5889,HR
132026,0,121000.0,Master,M,6,167223,marketing
58227,1,317000.0,PhD,F,5,158056,engineering
77381,1,364000.0,Bachelor,F,2,189222,engineering
93646,0,194000.0,Master,M,2,102102,sales
53577,0,61000.0,High_School,M,8,12214,sales
47472,0,304000.0,Master,M,4,7558,engineering
53,1,175000.0,Master,M,6,170076,engineering
4472,0,144000.0,Bachelor,M,3,159906,sales
25479,0,179000.0,Master,M,2,75242,engineering
73468,0,208000.0,High_School,F,6,20901,engineering
94773,1,67000.0,Bachelor,F,1,178147,HR
163589,0,170000.0,Bachelor,M,2,61811,sales
26208,1,121000.0,PhD,M,2,182028,engineering
34426,0,233000.0,Bachelor,F,1,166591,sales
152986,1,90000.0,PhD,F,2,172321,sales
88051,0,235000.0,PhD,M,4,170076,engineering
23099,0,199000.0,Bachelor,F,2,85791,sales
138798,0,101000.0,Master,F,1,123258,marketing
85770,1,333000.0,Bachelor,M,1,182116,sales
67248,0,78000.0,Master,F,1,169849,HR
193134,1,196000.0,Bachelor,F,2,87733,sales
50665,0,204000.0,Master,M,3,71889,HR
186963,0,281000.0,PhD,F,5,55476,marketing
131788,0,268000.0,High_School,M,3,190778,marketing
87891,1,240000.0,PhD,M,4,11275,marketing
1832,0,131000.0,Master,M,1,100373,HR
171270,1,264000.0,High_School,F,5,138948,marketing
120552,0,271000.0,Master,M,1,183045,engineering
70042,0,256000.0,Master,M,2,168342,engineering
106818,0,355000.0,PhD,F,3,190566,marketing
93459,0,83000.0,High_School,F,6,100373,HR
127623,1,91000.0,High_School,M,3,72243,engineering
85219,0,100000.0,Master,M,4,81421,HR
31694,0,158000.0,PhD,M,2,186086,engineering
157703,1,250000.0,Master,F,2,5374,sales
66172,0,319000.0,Master,M,2,147715,sales
3833,1,253000.0,Master,M,3,190778,marketing
55374,1,392000.0,Bachelor,M,5,113124,sales
96486,0,202000.0,High_School,F,2,20901,engineering
5687,0,180000.0,PhD,F,1,34134,sales
98500,0,101000.0,Master,M,2,191351,marketing
173241,0,272000.0,High_School,F,2,159098,engineering
29337,1,399000.0,Bachelor,F,3,15277,engineering
7255,1,118000.0,Bachelor,M,4,167482,engineering
7106,0,268000.0,Master,F,4,54997,sales
74216,0,101000.0,High_School,M,4,197206,marketing
154041,0,284000.0,Bachelor,M,15,11277,sales
199649,1,200000.0,Bachelor,M,3,92403,sales
6536,0,256000.0,PhD,M,4,162889,marketing
52714,0,255000.0,Master,M,1,41335,engineering
99139,0,230000.0,PhD,M,4,3917,sales
134503,0,146000.0,Bachelor,M,5,30749,engineering
5086,0,212000.0,Master,F,1,78516,sales
41707,0,64000.0,Bachelor,M,2,146111,HR
172279,0,108000.0,Master,F,6,102498,HR
49594,0,66000.0,Bachelor,M,1,39231,HR
181237,0,300000.0,PhD,M,8,179212,marketing
46033,0,96000.0,Bachelor,M,1,34977,sales
96359,1,96000.0,Master,M,1,142850,sales
38165,0,90000.0,PhD,M,8,73254,HR
157811,0,146000.0,High_School,M,4,128065,engineering
71222,0,353000.0,Master,M,2,87613,engineering
137369,1,274000.0,Master,F,3,41945,sales
56904,0,207000.0,PhD,M,2,65883,marketing
197749,1,87000.0,Bachelor,F,2,191351,marketing
71376,0,63000.0,High_School,F,4,71987,HR
87280,1,153000.0,High_School,M,3,74264,marketing
102043,0,189000.0,Bachelor,F,5,89053,marketing
27875,0,183000.0,Master,M,1,94030,sales
173485,0,334000.0,Bachelor,M,2,154292,engineering
90715,0,199000.0,High_School,F,2,26757,marketing
195457,0,212000.0,PhD,F,5,159906,sales
145844,1,184000.0,High_School,M,3,5374,sales
98147,1,182000.0,PhD,M,1,199282,marketing
22458,0,87000.0,High_School,M,3,194904,HR
130002,0,360000.0,Bachelor,M,7,119991,engineering
395,0,360000.0,PhD,M,1,7255,engineering
70424,1,182000.0,PhD,F,7,118329,sales
8337,1,173000.0,High_School,F,2,16073,marketing
175117,1,219000.0,PhD,M,1,102043,marketing
42239,1,245000.0,Bachelor,M,2,103014,engineering
184024,0,143000.0,Bachelor,M,2,180924,marketing
159618,0,88000.0,Bachelor,M,8,184885,HR
150495,0,160000.0,High_School,M,5,59555,marketing
35624,0,292000.0,Master,M,2,88936,sales
100675,0,124000.0,Bachelor,M,1,8711,marketing
50459,1,69000.0,PhD,M,6,30488,marketing
839,0,182000.0,Bachelor,F,2,37124,sales
90445,1,156000.0,Bachelor,M,3,71115,engineering
60675,0,332000.0,PhD,M,5,166928,engineering
166121,0,100000.0,PhD,F,3,742,HR
108555,1,185000.0,Bachelor,M,9,185976,engineering
115641,1,178000.0,PhD,M,4,25805,sales
41239,0,129000.0,Bachelor,F,6,29960,marketing
197654,1,165000.0,Master,M,1,112302,engineering
82858,1,199000.0,Bachelor,M,3,55476,marketing
154502,0,220000.0,Master,M,3,141079,engineering
120381,1,262000.0,Master,M,6,164851,sales
83665,0,120000.0,Bachelor,M,4,175558,engineering
29712,0,213000.0,PhD,F,12,47553,engineering
5692,1,117000.0,Master,M,13,149778,marketing
124742,0,171000.0,Master,M,6,22090,marketing
75744,0,239000.0,Bachelor,M,3,153291,sales
45598,0,131000.0,Bachelor,M,3,8663,sales
169811,0,111000.0,High_School,F,1,64858,HR
186571,0,76000.0,Bachelor,F,1,139278,HR
129279,1,144000.0,Master,M,1,88936,sales
45802,0,224000.0,PhD,M,1,195795,sales
44455,0,214000.0,PhD,M,5,169574,marketing
51039,1,87000.0,Bachelor,M,1,181781,HR
164748,1,186000.0,PhD,M,5,134048,sales
103448,1,274000.0,PhD,M,14,198366,sales
193518,1,206000.0,PhD,M,13,78493,sales
160494,0,170000.0,PhD,M,4,172250,marketing
105936,1,176000.0,Master,M,2,10357,marketing
187074,0,186000.0,PhD,F,2,175558,engineering
3797,0,243000.0,PhD,M,3,43420,sales
195107,0,90000.0,Bachelor,F,2,15768,HR
123358,1,203000.0,PhD,F,6,167941,sales
66352,1,146000.0,High_School,F,2,191073,sales
167387,0,79000.0,Bachelor,M,2,61517,HR
96741,0,163000.0,PhD,M,3,99139,sales
198170,0,113000.0,Bachelor,F,1,177772,marketing
108356,0,180000.0,Bachelor,M,6,99121,marketing
54110,0,363000.0,Master,M,1,55883,engineering
43618,1,214000.0,Bachelor,F,2,103014,engineering
130500,0,184000.0,PhD,M,6,82698,sales
62363,1,232000.0,Master,M,2,147103,engineering
80251,0,140000.0,PhD,F,6,148865,sales
141728,1,203000.0,PhD,M,3,81111,engineering
73604,0,391000.0,PhD,M,2,99139,sales
83871,0,86000.0,Master,F,6,101901,engineering
26410,1,215000.0,Bachelor,M,3,61988,engineering
145161,1,324000.0,Master,M,9,69728,engineering
63363,0,194000.0,High_School,M,2,73846,sales
24489,1,259000.0,Master,M,7,176424,marketing
53246,0,165000.0,PhD,M,4,136468,sales
192710,1,344000.0,Master,M,5,148795,engineering
86835,0,318000.0,Bachelor,F,7,141079,engineering
152405,0,119000.0,Bachelor,F,2,189038,engineering
156377,0,125000.0,Bachelor,F,8,19424,engineering
160569,1,146000.0,Master,F,1,174800,marketing
23316,1,124000.0,PhD,F,4,147642,sales
8182,0,229000.0,PhD,F,7,181310,sales
184543,1,242000.0,Master,F,4,110091,engineering
107318,0,88000.0,PhD,F,6,43937,HR
188692,0,86000.0,Master,M,3,73254,HR
44997,1,140000.0,Bachelor,F,5,132309,sales
174692,0,231000.0,Bachelor,F,5,78516,sales
50844,0,157000.0,High_School,F,9,87733,sales
169518,1,378000.0,Master,M,3,98558,engineering
162518,1,83000.0,PhD,M,13,32510,sales
132091,0,194000.0,PhD,F,4,77670,sales
168951,0,294000.0,PhD,M,5,120639,sales
198032,1,158000.0,Master,F,14,183175,sales
70820,0,351000.0,Master,M,1,51288,engineering
140278,0,204000.0,Bachelor,M,3,84230,marketing
21741,0,214000.0,Master,M,1,180925,sales
52281,0,236000.0,Bachelor,F,9,192414,sales
108397,0,206000.0,Master,M,6,10357,marketing
195743,1,351000.0,High_School,M,4,152960,sales
59572,1,291000.0,Bachelor,M,6,25934,engineering
185138,0,127000.0,PhD,M,3,152500,HR
171325,0,108000.0,Master,F,1,178147,HR
64931,1,85000.0,PhD,M,3,171940,marketing
164036,0,185000.0,PhD,M,5,97878,sales
97144,0,213000.0,Master,M,3,115591,sales
6321,1,217000.0,Bachelor,M,4,186086,engineering
197214,0,156000.0,PhD,F,2,191649,sales
174251,0,187000.0,Master,M,3,151838,sales
15465,0,216000.0,Bachelor,F,4,76435,sales
113491,0,97000.0,High_School,M,3,142630,HR
176941,0,130000.0,Bachelor,F,4,198814,marketing
191158,0,211000.0,High_School,M,1,48690,sales
72157,0,275000.0,Bachelor,M,4,142685,sales
29939,0,255000.0,Bachelor,M,3,160618,sales
63845,0,77000.0,Master,M,1,182996,sales
43677,0,73000.0,Bachelor,F,2,129287,HR
131737,1,398000.0,Bachelor,M,1,190065,marketing
96233,1,155000.0,Bachelor,M,3,79237,marketing
15273,1,144000.0,Bachelor,F,3,124014,sales
23017,0,120000.0,PhD,F,6,87929,sales
95646,0,95000.0,High_School,F,5,66420,HR
162106,0,147000.0,Bachelor,F,3,144928,sales
185976,0,311000.0,High_School,F,2,119832,engineering
195416,0,85000.0,Bachelor,M,3,141317,sales
18350,0,74000.0,Master,M,4,190566,marketing
41830,0,146000.0,Master,M,4,73982,sales
66580,1,226000.0,Master,M,1,35499,sales
113643,0,81000.0,PhD,M,4,14241,marketing
46921,0,73000.0,Bachelor,M,1,178147,HR
79693,1,241000.0,PhD,M,19,51535,engineering
22091,0,86000.0,Bachelor,M,3,75705,HR
171939,0,164000.0,PhD,M,8,181219,marketing
143353,0,259000.0,Master,M,1,128447,engineering
11782,0,148000.0,PhD,M,1,191485,sales
70548,1,75000.0,Bachelor,F,1,116289,engineering
75485,1,107000.0,PhD,M,4,70547,marketing
6703,1,192000.0,High_School,M,6,64750,engineering
54668,1,130000.0,Master,F,7,135846,sales
132887,0,75000.0,High_School,F,2,23737,HR
2729,1,167000.0,High_School,M,5,64750,engineering
152076,0,295000.0,PhD,M,14,69728,engineering
148984,0,189000.0,High_School,M,2,3917,sales
96508,0,240000.0,Master,M,5,149970,marketing
124820,0,281000.0,Master,M,5,54997,sales
120707,0,120000.0,Bachelor,M,3,5374,sales
58531,0,260000.0,Master,M,3,119774,sales
79682,0,346000.0,PhD,F,3,168564,sales
114237,0,70000.0,Master,M,4,10786,HR
97009,0,218000.0,PhD,M,6,73663,marketing
107132,0,67000.0,PhD,F,7,123263,HR
161056,0,396000.0,High_School,M,6,1651,engineering
14728,0,265000.0,Master,F,2,147249,engineering
160566,0,221000.0,Master,M,5,71757,marketing
196157,1,197000.0,Bachelor,F,3,193518,sales
151646,0,273000.0,Master,M,3,128447,engineering
91881,0,183000.0,Bachelor,F,1,68998,marketing
12623,1,66000.0,PhD,M,4,115591,sales
68826,1,208000.0,Master,M,5,181996,engineering
79354,0,143000.0,Bachelor,M,2,175361,sales
21197,1,173000.0,Bachelor,F,5,68532,engineering
47934,0,67000.0,Master,F,7,154375,HR
125247,0,154000.0,Master,M,2,87330,engineering
170929,0,80000.0,PhD,F,6,104759,HR
191509,0,148000.0,Bachelor,M,1,192369,sales
198366,1,193000.0,PhD,F,12,142146,sales
73939,0,176000.0,PhD,F,1,182556,sales
176578,1,214000.0,Master,M,2,131063,marketing
78873,1,88000.0,PhD,M,8,172321,sales
185285,0,103000.0,PhD,F,7,198893,HR
163430,0,115000.0,Master,F,3,110089,HR
125742,0,272000.0,Master,M,1,8711,marketing
198054,0,280000.0,Master,M,8,7255,engineering
139032,1,346000.0,PhD,F,32,11277,sales
109394,0,287000.0,Bachelor,M,1,160511,marketing
46411,0,131000.0,Master,M,9,144976,sales
33176,1,166000.0,PhD,F,4,82657,sales
130209,0,190000.0,Bachelor,F,2,50761,marketing
37584,1,190000.0,High_School,F,4,5374,sales
125194,1,243000.0,High_School,M,6,144401,sales
17962,0,126000.0,High_School,M,5,173939,marketing
187898,1,234000.0,Bachelor,M,1,108428,engineering
142508,0,332000.0,High_School,M,5,55883,engineering
106356,0,149000.0,Bachelor,F,2,183824,engineering
118865,1,65000.0,Master,F,4,64190,sales
95841,1,379000.0,Master,M,13,183869,engineering
78077,0,99000.0,Master,M,5,98520,marketing
158125,0,188000.0,Master,F,4,142367,sales
148418,1,317000.0,PhD,F,4,167482,engineering
160515,0,99000.0,High_School,M,3,14465,HR
157572,1,64000.0,Bachelor,F,1,115765,HR
115586,1,126000.0,High_School,M,5,168742,sales
152081,0,275000.0,Bachelor,F,3,12214,sales
98972,0,260000.0,PhD,M,3,111508,marketing
131133,0,123000.0,PhD,M,4,55653,sales
48877,0,62000.0,High_School,F,10,37154,marketing
6320,0,125000.0,Bachelor,F,4,146473,marketing
7724,0,71000.0,High_School,M,2,14465,HR
100827,0,343000.0,Bachelor,M,1,187053,engineering
61028,0,225000.0,PhD,M,3,79807,engineering
136319,0,132000.0,High_School,M,6,52313,sales
119898,0,114000.0,High_School,F,9,4421,sales
18939,1,244000.0,Bachelor,M,3,167941,sales
66872,1,136000.0,Bachelor,M,2,144976,sales
65883,1,198000.0,PhD,M,12,103443,marketing
105247,0,295000.0,Master,M,3,103912,sales
178081,0,76000.0,PhD,M,5,151696,HR
54902,1,194000.0,PhD,M,3,64452,sales
19524,0,199000.0,Master,F,9,167223,marketing
110405,1,178000.0,Bachelor,M,2,112643,sales
191396,1,251000.0,Bachelor,M,4,71757,marketing
99934,0,372000.0,Bachelor,M,3,110091,engineering
135268,1,149000.0,Bachelor,F,2,32572,marketing
56766,0,201000.0,High_School,F,5,182038,sales
69345,1,176000.0,Master,M,5,163049,sales
109695,0,289000.0,PhD,M,7,175365,marketing
171335,1,153000.0,PhD,F,2,183065,engineering
186344,1,290000.0,Master,F,1,132283,engineering
4394,0,109000.0,High_School,M,13,118233,marketing
32652,0,254000.0,PhD,M,6,168342,engineering
144626,0,161000.0,Bachelor,M,3,180037,sales
18664,0,233000.0,Master,M,1,41721,marketing
199715,1,67000.0,Master,F,2,22977,HR
147789,0,373000.0,PhD,M,1,141079,engineering
94683,1,137000.0,Master,M,7,124893,marketing
91661,1,199000.0,PhD,M,6,3260,engineering
112262,0,91000.0,Bachelor,F,2,196490,HR
173269,0,205000.0,PhD,F,6,116119,marketing
138772,1,217000.0,Bachelor,F,9,94362,sales
179228,0,94000.0,Bachelor,F,3,97040,HR
114214,1,350000.0,Bachelor,M,1,193763,engineering
72187,0,154000.0,High_School,F,2,132360,sales
45701,0,212000.0,Bachelor,M,5,154703,engineering
110344,0,295000.0,Bachelor,M,7,190065,marketing
83497,1,217000.0,Master,M,3,128065,engineering
135790,1,81000.0,PhD,M,3,162518,sales
181311,0,203000.0,Bachelor,M,10,17395,sales
169849,0,118000.0,High_School,M,10,192056,HR
39558,0,62000.0,Master,F,4,197896,HR
27035,1,108000.0,Bachelor,M,3,76135,marketing
74316,0,169000.0,Bachelor,F,4,57316,sales
52119,0,124000.0,High_School,M,2,162196,engineering
71907,1,173000.0,PhD,M,2,69200,sales
76696,0,138000.0,Bachelor,F,3,18939,sales
140158,0,169000.0,Bachelor,M,1,113124,sales
176804,1,155000.0,PhD,M,20,139032,sales
101408,1,157000.0,High_School,M,3,195795,sales
99121,0,137000.0,PhD,M,5,146600,marketing
191108,1,309000.0,Bachelor,F,6,147106,sales
93597,0,114000.0,High_School,M,6,73982,sales
106730,0,181000.0,High_School,M,1,193452,sales
114479,0,216000.0,Master,M,3,22145,sales
25241,0,149000.0,PhD,M,1,52525,engineering
84020,1,173000.0,High_School,M,5,57185,engineering
195545,0,381000.0,PhD,M,2,148260,marketing
55515,0,93000.0,PhD,M,4,190778,marketing
38081,0,241000.0,High_School,F,5,22145,sales
59876,1,345000.0,PhD,M,5,150408,engineering
616,0,218000.0,Bachelor,M,2,168797,marketing
150437,1,236000.0,High_School,M,1,53390,sales
63717,0,266000.0,Master,M,1,75045,marketing
190566,1,67000.0,PhD,M,8,168545,marketing
147332,0,75000.0,Bachelor,M,6,146111,HR
100586,0,104000.0,High_School,M,1,82463,marketing
115008,1,66000.0,PhD,M,1,130135,HR
123154,0,79000.0,PhD,F,14,116660,HR
82728,0,71000.0,Master,F,9,169833,HR
53109,1,231000.0,Master,M,8,130489,sales
18837,1,330000.0,Bachelor,M,4,1050,engineering
86534,0,265000.0,Master,F,2,1808,engineering
4513,0,151000.0,Master,F,6,172321,sales
31260,0,226000.0,Bachelor,F,1,115591,sales
57757,0,178000.0,PhD,M,6,119964,marketing
103815,0,234000.0,High_School,M,2,109671,marketing
110089,0,104000.0,Bachelor,M,12,41533,HR
56494,1,89000.0,Master,M,3,75246,engineering
46272,0,186000.0,Master,M,3,57316,sales
73169,0,210000.0,Master,M,2,173939,marketing
115907,1,181000.0,PhD,F,17,97647,marketing
137326,0,82000.0,PhD,F,4,178147,HR
86444,0,93000.0,Bachelor,M,3,164501,HR
6498,0,309000.0,PhD,M,2,148646,engineering
162557,1,66000.0,PhD,M,6,123358,sales
124716,0,177000.0,Bachelor,M,3,52923,sales
85539,0,151000.0,PhD,M,7,158609,sales
165717,0,137000.0,Bachelor,M,2,157492,sales
124721,0,174000.0,PhD,F,1,191351,marketing
22709,0,196000.0,Bachelor,M,1,147106,sales
97028,0,212000.0,PhD,M,1,30468,engineering
20440,1,293000.0,Bachelor,F,5,1808,engineering
192414,0,151000.0,Master,F,9,47755,sales
109103,1,246000.0,Bachelor,F,1,125775,marketing
77998,0,150000.0,High_School,M,2,76073,engineering
1908,0,80000.0,Bachelor,F,5,64858,HR
123362,0,268000.0,High_School,F,4,48120,engineering
42577,0,240000.0,Bachelor,M,3,34714,sales
14636,0,170000.0,High_School,F,1,96420,sales
65470,1,303000.0,Master,M,3,81860,engineering
185561,0,155000.0,PhD,M,2,29960,marketing
99258,0,181000.0,Bachelor,M,2,148260,marketing
171156,0,105000.0,High_School,F,4,21086,HR
94977,0,379000.0,Bachelor,M,2,142926,engineering
78785,0,220000.0,PhD,M,4,187183,marketing
136968,0,186000.0,Master,F,5,184998,sales
136042,0,80000.0,High_School,M,1,4421,sales
40173,0,234000.0,Master,F,1,139180,marketing
46893,0,292000.0,Bachelor,M,2,148418,engineering
36817,0,187000.0,Master,M,1,134982,sales
81253,0,253000.0,Bachelor,M,5,181886,sales
5111,0,63000.0,Master,F,5,64087,HR
172267,1,159000.0,Master,M,5,8182,sales
105725,0,171000.0,Master,M,7,95609,sales
42511,0,80000.0,Master,M,7,97919,HR
47439,1,178000.0,Master,M,4,156010,engineering
18200,1,92000.0,High_School,M,1,64724,marketing
123961,1,193000.0,PhD,M,4,50761,marketing
198275,1,169000.0,Master,F,1,173939,marketing
179819,0,66000.0,PhD,M,5,177495,HR
175418,0,326000.0,Master,F,6,15277,engineering
29334,0,207000.0,Bachelor,F,1,92210,sales
94187,1,369000.0,PhD,M,1,148236,sales
6222,0,217000.0,PhD,M,5,4421,sales
149192,0,395000.0,Master,F,8,41335,engineering
184936,0,330000.0,Master,M,5,160261,marketing
163041,0,161000.0,High_School,F,5,21470,marketing
9211,0,68000.0,Bachelor,M,8,55972,HR
130504,0,355000.0,Bachelor,F,3,167921,engineering
126988,1,295000.0,Bachelor,M,4,135846,sales
1701,0,89000.0,Master,F,4,181781,HR
187618,1,152000.0,Master,F,1,111974,engineering
185261,0,92000.0,PhD,F,3,80240,HR
175641,1,246000.0,Master,F,2,159906,sales
119581,1,77000.0,High_School,F,2,122567,engineering
47066,0,125000.0,Master,M,7,88936,sales
148236,0,70000.0,Bachelor,F,5,2308,sales
21047,1,206000.0,PhD,M,2,149970,marketing
90065,1,322000.0,PhD,M,13,194121,engineering
156818,0,183000.0,PhD,M,1,63832,marketing
109335,0,182000.0,Bachelor,M,1,26468,engineering
94956,0,372000.0,Bachelor,M,6,162196,engineering
196675,0,217000.0,Master,M,5,199184,sales
180212,0,229000.0,High_School,M,2,53390,sales
160580,0,198000.0,High_School,M,1,189890,engineering
60475,0,151000.0,Master,M,2,71945,engineering
59398,0,303000.0,PhD,M,2,24071,engineering
48832,0,259000.0,PhD,F,5,45803,sales
28583,0,225000.0,Bachelor,F,1,63077,sales
73080,0,260000.0,Master,M,4,198879,sales
134744,0,276000.0,PhD,M,1,20901,engineering
174779,0,63000.0,PhD,M,2,181311,sales
54393,0,109000.0,High_School,M,1,51331,HR
121453,0,61000.0,PhD,F,2,94447,HR
171327,0,266000.0,Master,F,2,156927,marketing
130532,0,81000.0,Bachelor,M,4,187183,marketing
61773,0,92000.0,PhD,F,5,197896,HR
61191,0,188000.0,Master,M,5,68821,engineering
22228,1,62000.0,PhD,M,6,40904,engineering
28697,0,365000.0,PhD,F,23,79693,engineering
5798,0,188000.0,Bachelor,F,3,172321,sales
29493,1,173000.0,Bachelor,M,5,180925,sales
139973,0,293000.0,High_School,F,1,78997,engineering
74631,0,339000.0,Bachelor,M,6,175558,engineering
180037,0,102000.0,Master,M,2,167941,sales
128966,1,281000.0,High_School,F,9,107049,sales
129469,0,300000.0,High_School,M,1,84828,engineering
118484,0,148000.0,Bachelor,M,2,10773,engineering
14429,0,340000.0,PhD,M,2,198531,sales
122567,1,89000.0,Master,M,4,42270,engineering
162812,0,150000.0,PhD,M,6,129000,marketing
76542,0,126000.0,Bachelor,M,9,122567,engineering
17582,0,186000.0,Master,F,5,102727,marketing
115796,0,126000.0,Bachelor,M,5,87733,sales
131779,1,135000.0,Bachelor,M,3,167877,sales
195238,1,128000.0,Master,M,1,157064,marketing
134556,0,89000.0,PhD,F,24,138045,marketing
44544,0,66000.0,Master,M,3,41991,sales
193524,0,199000.0,Master,M,4,192369,sales
147425,0,78000.0,Master,M,3,252,HR
50864,1,210000.0,High_School,M,3,66453,engineering
123388,0,107000.0,Bachelor,M,4,177495,HR
193851,1,230000.0,Master,F,2,113618,marketing
124114,0,145000.0,High_School,M,3,24979,marketing
187756,0,364000.0,PhD,F,1,188118,sales
56196,0,123000.0,Bachelor,M,3,78215,sales
108614,1,95000.0,Bachelor,M,4,84193,marketing
119418,0,151000.0,Bachelor,M,1,12649,engineering
79602,1,220000.0,High_School,M,2,113618,marketing
55566,0,206000.0,High_School,M,4,103421,engineering
62520,1,316000.0,Bachelor,M,2,102102,sales
120383,1,189000.0,Master,M,3,169223,engineering
65366,0,246000.0,Bachelor,M,2,8198,engineering
169574,1,373000.0,PhD,M,6,114137,marketing
182939,0,83000.0,Bachelor,F,2,101901,engineering
66859,0,76000.0,Master,M,3,116289,engineering
124854,1,122000.0,Master,M,2,160618,sales
33933,0,196000.0,High_School,F,4,55431,sales
111453,0,209000.0,Master,M,3,95522,marketing
132015,0,61000.0,Bachelor,M,3,139278,HR
26100,0,266000.0,PhD,M,5,127266,marketing
183109,0,308000.0,PhD,F,1,50679,sales
69943,0,257000.0,Bachelor,M,11,154897,sales
183551,0,86000.0,PhD,F,1,123502,HR
130431,0,361000.0,PhD,M,2,61811,sales
133331,1,146000.0,Bachelor,F,2,175434,sales
53608,0,111000.0,Bachelor,M,3,146404,marketing
69074,0,68000.0,Master,M,1,9400,HR
175757,0,156000.0,PhD,F,6,160618,sales
91979,0,87000.0,Master,F,4,116660,HR
2230,0,209000.0,High_School,M,5,151005,marketing
60592,1,182000.0,High_School,F,7,130449,sales
97376,1,294000.0,High_School,M,1,190566,marketing
169921,0,284000.0,Master,M,2,118769,engineering
160428,1,247000.0,PhD,F,3,148418,engineering
80855,0,189000.0,Master,M,1,108164,sales
5129,0,92000.0,Bachelor,F,5,184236,HR
193355,0,99000.0,Master,F,5,8812,HR
34597,0,328000.0,Master,F,9,8193,engineering
140491,1,285000.0,Master,M,4,191289,engineering
117535,0,154000.0,Master,M,5,76135,marketing
193866,0,241000.0,PhD,M,5,189038,engineering
57969,0,148000.0,Bachelor,M,2,5282,sales
158557,0,134000.0,PhD,F,1,129287,HR
29733,1,144000.0,Master,F,14,50665,HR
66249,1,299000.0,High_School,M,3,1872,engineering
95390,0,286000.0,Master,M,8,12214,sales
167321,0,104000.0,High_School,F,4,95169,sales
90337,0,84000.0,PhD,F,2,188118,sales
118554,0,250000.0,Bachelor,M,3,46957,sales
118960,0,316000.0,High_School,M,3,62990,sales
173137,0,97000.0,High_School,M,3,754,HR
190009,1,67000.0,Bachelor,F,3,742,HR
191705,0,124000.0,PhD,F,7,32405,HR
155801,1,321000.0,High_School,M,6,41335,engineering
186118,0,195000.0,Bachelor,M,1,82463,marketing
62305,0,236000.0,PhD,F,9,185976,engineering
188336,0,78000.0,Master,F,1,61517,HR
160158,1,119000.0,High_School,F,2,144928,sales
179108,1,187000.0,PhD,F,3,64724,marketing
64458,1,129000.0,Bachelor,M,1,149135,engineering
147779,1,140000.0,PhD,F,1,164501,HR
136706,0,366000.0,PhD,M,2,127769,engineering
134683,1,62000.0,High_School,F,1,23737,HR
104205,0,110000.0,High_School,F,4,68998,marketing
89627,1,264000.0,Bachelor,M,1,39417,engineering
10301,1,115000.0,Master,M,1,134982,sales
195917,0,87000.0,Bachelor,M,5,90065,engineering
168669,1,222000.0,Bachelor,F,1,60373,marketing
89420,0,185000.0,PhD,F,3,142367,sales
133795,0,251000.0,PhD,M,11,51535,engineering
79923,0,132000.0,PhD,M,2,69379,sales
60801,0,63000.0,Master,M,7,8812,HR
179009,0,71000.0,Bachelor,M,2,84230,marketing
14465,0,101000.0,Master,F,9,116660,HR
39333,0,182000.0,High_School,M,1,89837,marketing
133595,1,95000.0,Master,F,1,90639,marketing
68912,0,166000.0,Bachelor,M,1,148236,sales
42714,0,298000.0,High_School,M,6,145126,sales
156179,1,190000.0,Master,F,4,181772,sales
167941,0,278000.0,Master,M,16,34051,sales
101095,1,235000.0,PhD,M,1,41991,sales
166420,0,86000.0,PhD,M,5,132399,sales
178762,0,210000.0,Master,M,2,118769,engineering
80100,0,194000.0,PhD,F,3,168564,sales
117728,0,160000.0,Master,M,3,46957,sales
93482,0,293000.0,Master,M,1,8663,sales
71547,0,258000.0,PhD,M,2,164638,sales
172336,0,171000.0,PhD,M,5,178954,engineering
183056,0,217000.0,Master,M,4,73893,sales
73145,0,195000.0,Bachelor,M,2,185976,engineering
178320,0,117000.0,Bachelor,F,5,185285,HR
138229,0,60000.0,Master,F,1,123263,HR
121813,0,298000.0,PhD,M,2,112302,engineering
19127,0,253000.0,Bachelor,F,6,92403,sales
186341,0,64000.0,PhD,M,8,91979,HR
189254,0,308000.0,Bachelor,M,1,147249,engineering
88597,0,202000.0,Master,M,8,132399,sales
103100,0,202000.0,Bachelor,M,2,158777,marketing
159671,1,286000.0,Master,F,1,62990,sales
87704,0,247000.0,Master,M,6,132283,engineering
85453,1,145000.0,High_School,F,1,87762,sales
190713,0,187000.0,Bachelor,F,6,54997,sales
140936,0,223000.0,Master,M,5,33266,marketing
57999,0,239000.0,Bachelor,M,7,180925,sales
35391,0,151000.0,High_School,M,1,192414,sales
33896,0,63000.0,Bachelor,M,6,55636,HR
189422,0,358000.0,PhD,F,4,67931,engineering
36765,0,76000.0,PhD,M,4,10786,HR
54865,0,149000.0,PhD,M,6,98558,engineering
107750,0,203000.0,PhD,M,1,180924,marketing
48120,1,398000.0,Master,M,3,140317,engineering
192011,0,281000.0,PhD,M,8,128065,engineering
3742,0,126000.0,Bachelor,F,2,69379,sales
38388,1,394000.0,PhD,F,3,127623,engineering
192318,0,83000.0,Master,F,2,180006,HR
97894,0,347000.0,Master,F,3,102632,marketing
69362,0,102000.0,Bachelor,F,2,198403,sales
24437,0,261000.0,Bachelor,M,7,98520,marketing
144705,0,84000.0,Bachelor,M,4,61038,sales
66021,0,88000.0,Master,M,3,95841,engineering
169379,0,123000.0,PhD,M,3,113566,engineering
159482,1,175000.0,Bachelor,M,5,148032,sales
70453,1,325000.0,Bachelor,F,5,63785,engineering
105851,0,212000.0,Master,F,7,135848,marketing
27116,1,123000.0,PhD,M,4,78215,sales
97482,1,127000.0,PhD,M,3,21377,sales
132825,0,252000.0,Master,M,4,115591,sales
198920,1,158000.0,Bachelor,F,6,69943,sales
53433,0,263000.0,Master,M,2,147249,engineering
141083,0,304000.0,Bachelor,M,1,156010,engineering
180225,0,380000.0,High_School,M,1,127623,engineering
95030,0,202000.0,PhD,F,1,72965,sales
10342,1,314000.0,High_School,M,5,102815,sales
30093,0,174000.0,High_School,M,2,189627,sales
153656,0,177000.0,Master,M,1,189627,sales
98419,1,72000.0,PhD,F,13,69550,marketing
39828,0,276000.0,Bachelor,F,4,115591,sales
159550,1,79000.0,Bachelor,M,1,132192,HR
22354,0,333000.0,Master,M,2,41175,engineering
115552,0,163000.0,High_School,F,7,191083,marketing
11247,1,176000.0,High_School,M,5,160476,sales
41134,0,276000.0,High_School,M,3,80728,engineering
139474,1,240000.0,High_School,F,2,196637,engineering
169833,0,124000.0,PhD,F,14,59566,HR
46674,0,87000.0,PhD,F,3,159638,HR
38743,1,273000.0,Master,M,1,48742,engineering
194904,1,108000.0,Bachelor,F,12,21604,HR
101254,0,275000.0,Master,F,1,116774,engineering
97863,0,108000.0,PhD,F,1,61517,HR
36666,0,103000.0,Bachelor,F,3,64858,HR
191624,0,62000.0,Master,M,4,12214,sales
130359,0,257000.0,Master,F,2,172889,sales
89748,0,108000.0,Master,M,5,127266,marketing
150248,0,175000.0,Master,M,4,61038,sales
174597,0,73000.0,Bachelor,F,3,154381,sales
126891,0,210000.0,Master,F,2,74066,engineering
181206,0,61000.0,High_School,F,2,146111,HR
129133,0,63000.0,Master,M,3,5743,sales
99259,1,305000.0,PhD,F,7,145710,engineering
29647,1,158000.0,PhD,M,5,89523,sales
103251,1,137000.0,High_School,M,1,76641,engineering
107184,1,222000.0,Bachelor,M,5,92845,engineering
113600,0,126000.0,PhD,M,2,112643,sales
132068,1,65000.0,Bachelor,M,2,79193,sales
66261,0,348000.0,PhD,M,4,1872,engineering
183620,0,232000.0,Bachelor,F,6,5282,sales
178023,0,89000.0,PhD,M,1,108164,sales
48871,1,308000.0,PhD,M,1,94507,engineering
66783,1,133000.0,Bachelor,M,3,20901,engineering
130598,0,143000.0,Bachelor,M,2,136468,sales
143686,1,280000.0,Bachelor,F,4,16073,marketing
76641,0,399000.0,Master,F,8,154285,engineering
95403,0,184000.0,Master,M,3,114572,marketing
61959,1,295000.0,PhD,M,3,116119,marketing
152890,0,149000.0,PhD,M,4,198648,marketing
125924,0,321000.0,PhD,F,7,155437,engineering
67884,0,119000.0,Master,M,4,39231,HR
179998,0,70000.0,High_School,M,2,252,HR
137811,0,209000.0,PhD,M,7,132399,sales
5729,1,71000.0,PhD,M,3,100373,HR
22090,0,63000.0,Master,M,10,156036,marketing
178070,1,287000.0,Master,M,2,49729,sales
35649,0,127000.0,PhD,M,2,71130,engineering
72447,1,147000.0,Bachelor,M,4,87330,engineering
93361,0,215000.0,Bachelor,F,7,171499,engineering
132309,0,113000.0,High_School,M,5,163049,sales
153607,0,227000.0,Bachelor,F,5,69943,sales
130018,0,254000.0,PhD,M,3,88007,sales
167961,0,230000.0,PhD,F,1,87707,sales
158234,0,111000.0,PhD,F,1,178954,engineering
171668,1,294000.0,High_School,F,2,147016,sales
188953,0,92000.0,Bachelor,F,5,101901,engineering
63178,0,249000.0,PhD,F,3,177772,marketing
62043,0,86000.0,PhD,M,4,189937,engineering
34370,0,173000.0,High_School,F,3,91345,sales
63832,0,210000.0,PhD,M,8,167223,marketing
185729,0,161000.0,Master,M,1,177489,marketing
24163,0,332000.0,Bachelor,F,5,74170,sales
40069,1,288000.0,Bachelor,M,2,140542,sales
97040,1,115000.0,Master,F,7,95935,HR
123521,1,202000.0,Bachelor,M,2,94611,engineering
83007,1,67000.0,PhD,F,2,159638,HR
146023,0,97000.0,Master,F,8,68998,marketing
27975,0,113000.0,Bachelor,M,5,123358,sales
181264,1,164000.0,Master,M,7,7349,marketing
80043,0,75000.0,Bachelor,F,6,99397,HR
89619,0,73000.0,PhD,M,5,26053,HR
136660,0,136000.0,PhD,M,7,171499,engineering
146600,0,190000.0,Bachelor,M,14,107658,marketing
117826,0,122000.0,Bachelor,F,7,147783,sales
168331,0,286000.0,Master,F,4,111082,sales
188863,1,203000.0,Master,M,9,178314,marketing
25090,0,74000.0,Bachelor,F,5,194904,HR
191612,0,139000.0,PhD,F,4,115694,engineering
197716,0,245000.0,High_School,M,4,73489,sales
31813,0,85000.0,Master,F,4,169849,HR
166881,1,261000.0,Master,M,4,14470,sales
146830,0,87000.0,Bachelor,F,1,104539,HR
75093,0,74000.0,PhD,F,3,100373,HR
185656,1,228000.0,PhD,M,4,132283,engineering
129631,0,331000.0,Bachelor,M,1,157064,marketing
132683,0,234000.0,Master,M,8,146629,engineering
110844,1,88000.0,Master,M,4,153291,sales
35099,1,98000.0,High_School,M,3,122197,engineering
131,0,241000.0,PhD,F,7,133420,sales
58431,0,267000.0,Bachelor,F,3,55431,sales
5506,0,296000.0,Bachelor,M,2,130204,marketing
193566,0,229000.0,Master,M,1,167877,sales
26800,0,181000.0,Bachelor,M,3,25805,sales
122197,1,184000.0,High_School,M,3,145161,engineering
1540,0,100000.0,Bachelor,F,5,196660,sales
178733,0,196000.0,Master,M,1,75198,marketing
135956,1,182000.0,Bachelor,M,5,148984,sales
43371,1,81000.0,High_School,M,3,113245,sales
35401,1,228000.0,PhD,M,3,160511,marketing
59347,0,112000.0,Bachelor,M,7,75705,HR
152323,0,166000.0,Bachelor,M,4,193452,sales
181704,0,238000.0,PhD,M,4,94039,sales
120829,1,61000.0,Master,F,2,113578,marketing
159580,0,182000.0,Master,M,2,62161,marketing
88784,0,115000.0,Bachelor,F,4,135804,HR
108709,1,177000.0,PhD,M,1,30640,engineering
77345,1,113000.0,Master,M,1,53374,sales
173342,0,363000.0,Master,M,3,51288,engineering
52319,0,300000.0,Bachelor,M,3,154897,sales
153890,0,283000.0,Bachelor,F,2,146473,marketing
156169,0,198000.0,Bachelor,M,1,4110,sales
7295,0,112000.0,Master,F,3,80043,HR
159926,1,253000.0,Bachelor,F,7,153551,sales
161003,0,167000.0,PhD,M,3,23120,marketing
102093,0,243000.0,PhD,M,3,148032,sales
56391,0,117000.0,Master,F,2,123502,HR
134812,0,66000.0,PhD,F,1,5889,HR
148120,0,67000.0,Bachelor,M,7,754,HR
166097,1,154000.0,High_School,M,1,182556,sales
155605,0,121000.0,High_School,M,4,146404,marketing
76894,0,268000.0,Master,M,3,161727,engineering
172196,1,61000.0,PhD,M,1,96060,HR
133734,0,222000.0,PhD,M,8,77866,marketing
76028,0,83000.0,Master,F,1,14226,HR
172626,0,117000.0,Bachelor,M,6,48742,engineering
32940,0,216000.0,Master,M,1,121419,engineering
55286,0,166000.0,High_School,M,2,133420,sales
151838,0,161000.0,Master,M,8,3917,sales
65239,0,85000.0,Master,F,4,21470,marketing
156964,0,83000.0,High_School,M,1,198648,marketing
160175,0,61000.0,Master,F,4,54315,sales
178602,0,370000.0,Bachelor,F,7,37220,engineering
129381,0,211000.0,PhD,M,8,142146,sales
68808,0,260000.0,Master,M,2,5374,sales
86864,0,191000.0,High_School,F,2,53374,sales
41730,0,129000.0,PhD,M,4,55972,HR
107735,0,144000.0,Master,M,3,136861,sales
28676,0,99000.0,Bachelor,M,2,191485,sales
49853,1,66000.0,Bachelor,M,4,31063,HR
30935,0,133000.0,PhD,F,1,53374,sales
82123,0,368000.0,Bachelor,M,3,87330,engineering
82830,0,62000.0,High_School,M,6,88370,HR
122834,0,63000.0,Bachelor,F,3,53826,HR
85495,1,102000.0,PhD,F,4,64087,HR
9152,1,191000.0,High_School,M,1,198403,sales
90973,0,312000.0,Bachelor,M,3,155437,engineering
53283,0,287000.0,PhD,F,5,198403,sales
177448,1,301000.0,PhD,F,3,95841,engineering
35707,0,182000.0,Master,M,1,130449,sales
29010,0,293000.0,High_School,M,3,159906,sales
123051,0,69000.0,High_School,F,2,66420,HR
30238,0,263000.0,Master,F,5,149970,marketing
198765,0,175000.0,Master,M,3,79807,engineering
25805,1,195000.0,Bachelor,F,13,8665,sales
37286,0,211000.0,Master,M,5,148418,engineering
170431,0,327000.0,Master,M,2,5692,marketing
160647,0,310000.0,Bachelor,F,5,62081,sales
87762,1,385000.0,PhD,M,5,154897,sales
78516,0,79000.0,PhD,M,8,164851,sales
37124,0,158000.0,Bachelor,F,10,120639,sales
61753,0,72000.0,Bachelor,M,4,8812,HR
133420,1,253000.0,PhD,F,9,120639,sales
17423,1,207000.0,Master,M,2,23565,sales
56726,0,265000.0,Bachelor,M,3,19806,sales
196259,1,113000.0,High_School,M,1,173939,marketing
110263,1,214000.0,High_School,M,1,184998,sales
30786,0,74000.0,PhD,F,3,141211,HR
128544,0,62000.0,High_School,M,5,122762,sales
131696,0,258000.0,PhD,M,3,170922,sales
181199,0,251000.0,Master,F,5,51288,engineering
172522,0,158000.0,PhD,F,2,93223,engineering
81163,0,92000.0,Bachelor,M,1,71987,HR
535,1,360000.0,PhD,M,3,71945,engineering
57140,1,198000.0,Bachelor,M,6,162381,engineering
137748,0,104000.0,Bachelor,M,6,175548,HR
46328,0,181000.0,High_School,F,5,158777,marketing
110588,1,184000.0,Master,M,1,101819,engineering
15818,1,144000.0,Master,F,4,111508,marketing
123732,0,93000.0,PhD,F,3,87707,sales
2256,0,69000.0,PhD,M,2,66591,sales
103394,0,83000.0,PhD,M,7,39231,HR
87805,1,207000.0,PhD,F,2,148795,engineering
149056,0,241000.0,Bachelor,M,4,126257,engineering
52425,1,208000.0,Master,F,2,8711,marketing
85426,0,63000.0,PhD,M,3,24015,HR
82045,0,268000.0,PhD,M,4,94683,marketing
28516,0,196000.0,Master,M,1,181219,marketing
180032,0,95000.0,Bachelor,M,2,29712,engineering
43468,1,62000.0,High_School,M,2,52525,engineering
24843,1,164000.0,High_School,M,6,102043,marketing
186086,1,260000.0,Master,M,2,184512,engineering
122414,0,83000.0,PhD,F,2,9400,HR
187369,0,248000.0,Master,M,4,103448,sales
4863,0,327000.0,PhD,F,2,152791,sales
184453,0,223000.0,Bachelor,M,4,135846,sales
65690,1,286000.0,Bachelor,M,5,35499,sales
19642,0,228000.0,Master,F,4,144928,sales
136617,0,123000.0,Master,M,3,51121,HR
116180,1,228000.0,Master,F,7,113589,engineering
72326,0,207000.0,Master,M,4,133927,engineering
163843,0,259000.0,High_School,M,2,152791,sales
93194,1,113000.0,Bachelor,M,1,48912,engineering
46178,1,126000.0,Bachelor,M,5,42270,engineering
22846,0,106000.0,Master,M,3,20828,marketing
79007,0,236000.0,PhD,F,4,52796,sales
150204,1,292000.0,Bachelor,M,4,116180,engineering
155992,1,152000.0,Bachelor,M,3,128966,sales
84737,1,222000.0,PhD,M,2,103912,sales
15756,0,326000.0,Master,M,1,160476,sales
138954,0,209000.0,PhD,M,3,123358,sales
155903,1,106000.0,Master,M,4,189890,engineering
142295,0,194000.0,Bachelor,M,5,147642,sales
60038,0,242000.0,PhD,M,2,47472,engineering
124044,0,212000.0,Master,F,6,26183,sales
61331,0,184000.0,High_School,F,3,25934,engineering
92210,1,283000.0,Bachelor,M,14,78493,sales
91860,0,266000.0,High_School,M,4,194078,marketing
159129,0,80000.0,PhD,F,6,142630,HR
73716,0,132000.0,Master,F,2,65856,sales
150098,1,150000.0,Master,M,1,190249,marketing
65682,0,378000.0,PhD,F,2,167650,engineering
175388,0,186000.0,High_School,F,6,34714,sales
104399,0,170000.0,PhD,M,5,190060,sales
103421,1,237000.0,PhD,F,9,5342,engineering
27441,1,173000.0,Master,M,8,80128,sales
192998,0,127000.0,Bachelor,F,9,88303,sales
99387,0,84000.0,Master,F,3,144401,sales
23051,0,133000.0,Master,M,4,69379,sales
171970,1,93000.0,PhD,M,3,108164,sales
171579,0,323000.0,Bachelor,M,2,121527,marketing
69892,1,317000.0,Bachelor,M,2,140393,engineering
169744,0,65000.0,Bachelor,M,2,55636,HR
151188,0,352000.0,High_School,M,8,68532,engineering
45967,0,208000.0,Master,M,3,136468,sales
31169,1,61000.0,Master,M,2,4384,HR
69184,0,100000.0,Bachelor,F,5,171461,HR
131100,1,142000.0,Master,F,4,140061,sales
174535,0,235000.0,PhD,M,2,148032,sales
106642,1,212000.0,Bachelor,M,6,48912,engineering
142367,0,62000.0,PhD,M,6,181201,sales
196953,0,288000.0,Bachelor,M,2,76135,marketing
31200,0,188000.0,PhD,M,2,58522,engineering
92048,0,138000.0,High_School,M,5,135848,marketing
60851,0,84000.0,Master,M,3,167188,HR
73152,0,274000.0,Bachelor,M,3,92765,engineering
136437,0,153000.0,Master,F,4,7212,marketing
54341,1,181000.0,High_School,F,3,160169,sales
84609,1,213000.0,Bachelor,M,4,198240,sales
18455,1,179000.0,PhD,M,2,157966,marketing
78222,1,328000.0,Bachelor,F,3,67931,engineering
33901,1,86000.0,High_School,F,1,175365,marketing
83551,0,307000.0,High_School,M,5,110878,engineering
49953,0,200000.0,High_School,F,3,144401,sales
146678,0,118000.0,Master,M,3,183045,engineering
100280,1,173000.0,PhD,F,2,71945,engineering
75583,1,238000.0,High_School,F,2,92403,sales
23442,0,212000.0,Master,M,3,144401,sales
198093,0,216000.0,Bachelor,M,2,98931,marketing
116774,0,128000.0,High_School,M,11,71595,engineering
59823,0,164000.0,Master,F,5,52319,sales
154030,0,89000.0,PhD,F,5,131063,marketing
141265,1,204000.0,Bachelor,M,3,39417,engineering
166591,1,136000.0,Bachelor,M,8,17395,sales
119513,1,131000.0,Master,M,3,75198,marketing
107299,0,202000.0,Master,F,2,147783,sales
160003,0,237000.0,High_School,M,3,137369,sales
173732,1,118000.0,Bachelor,M,5,101981,sales
184361,0,203000.0,PhD,M,2,172947,marketing
135446,0,63000.0,PhD,F,4,184885,HR
37220,0,195000.0,Bachelor,M,9,7558,engineering
177495,0,113000.0,Master,M,10,39785,HR
149807,0,315000.0,PhD,M,3,81644,engineering
22938,0,206000.0,PhD,F,3,124186,marketing
106167,1,237000.0,Master,F,5,52920,sales
198996,1,102000.0,Master,M,1,30468,engineering
74818,1,69000.0,PhD,M,6,181310,sales
39199,1,82000.0,Master,F,7,194904,HR
29231,1,259000.0,Bachelor,M,2,175434,sales
196521,0,210000.0,PhD,M,4,146473,marketing
175310,0,74000.0,Master,M,2,75705,HR
197361,0,135000.0,Bachelor,M,5,169271,marketing
31544,0,267000.0,Master,M,1,179212,marketing
4553,0,109000.0,Bachelor,M,4,174092,sales
127727,1,332000.0,Master,M,1,58365,marketing
137131,0,340000.0,PhD,F,3,191351,marketing
79438,1,376000.0,Bachelor,M,1,122567,engineering
139383,1,373000.0,PhD,F,1,30468,engineering
158450,1,233000.0,High_School,M,5,138772,sales
23250,1,130000.0,Master,M,9,162381,engineering
115856,0,157000.0,Master,F,5,3235,sales
195222,0,147000.0,High_School,M,3,26505,marketing
60373,0,190000.0,Master,F,2,155485,marketing
63908,0,135000.0,Master,F,1,7255,engineering
52260,0,86000.0,Bachelor,M,1,52923,sales
185623,0,112000.0,Master,M,7,22090,marketing
52993,1,178000.0,High_School,M,1,71585,sales
65539,1,128000.0,High_School,M,6,71945,engineering
188629,0,202000.0,PhD,M,3,61811,sales
144947,1,93000.0,High_School,F,1,154375,HR
166255,1,263000.0,Bachelor,F,1,69200,sales
110950,0,284000.0,Bachelor,M,4,165717,sales
143748,0,185000.0,Bachelor,F,4,148032,sales
42085,0,262000.0,Master,M,5,134536,engineering
29547,1,80000.0,Bachelor,F,6,47553,engineering
12305,0,278000.0,Bachelor,M,3,132026,marketing
21692,0,212000.0,PhD,M,6,166729,marketing
159339,1,261000.0,Master,M,1,53374,sales
25031,1,130000.0,PhD,M,1,145710,engineering
174429,1,145000.0,PhD,M,6,126257,engineering
78694,0,242000.0,High_School,M,1,160511,marketing
157111,0,187000.0,Bachelor,M,2,5282,sales
196442,1,183000.0,PhD,M,1,65856,sales
71889,0,325000.0,Master,M,24,93708,HR
56468,1,138000.0,Master,M,7,52920,sales
95617,0,62000.0,Master,M,3,73254,HR
73011,0,66000.0,Bachelor,F,1,47748,HR
197082,1,248000.0,PhD,M,3,55431,sales
74904,0,302000.0,High_School,F,3,53374,sales
127433,0,72000.0,High_School,F,1,142630,HR
148249,1,100000.0,High_School,M,7,198240,sales
17304,0,185000.0,Master,F,5,68998,marketing
46442,0,87000.0,Bachelor,M,1,59327,HR
147249,1,336000.0,Master,F,3,27660,engineering
77636,1,324000.0,Bachelor,M,1,93223,engineering
24962,0,192000.0,High_School,F,3,146404,marketing
90925,0,126000.0,PhD,F,7,132187,engineering
71316,0,315000.0,Bachelor,M,1,160511,marketing
183701,0,178000.0,Bachelor,F,2,158888,sales
23729,0,84000.0,Master,F,2,61443,HR
100944,0,89000.0,PhD,F,4,27018,HR
4815,0,136000.0,PhD,M,2,182038,sales
192129,1,293000.0,Master,F,1,167650,engineering
19233,0,286000.0,Bachelor,M,5,7349,marketing
57283,1,278000.0,High_School,M,1,123358,sales
156026,0,100000.0,Bachelor,M,2,142850,sales
164074,1,206000.0,Bachelor,M,6,116180,engineering
33727,0,233000.0,Master,M,4,199184,sales
4736,1,207000.0,Bachelor,M,7,79735,engineering
70024,0,72000.0,PhD,F,3,160289,sales
140107,1,171000.0,Bachelor,F,3,154170,engineering
142895,1,264000.0,Bachelor,M,1,29547,engineering
195220,0,135000.0,PhD,M,3,122145,engineering
190316,1,279000.0,Master,F,3,103421,engineering
59566,1,156000.0,PhD,F,8,125855,HR
57148,0,207000.0,Bachelor,M,3,168905,engineering
53826,1,68000.0,Bachelor,F,6,185138,HR
101952,0,253000.0,PhD,M,2,41991,sales
181248,0,251000.0,Bachelor,F,3,48912,engineering
168672,0,171000.0,Master,M,1,10773,engineering
45022,0,185000.0,Master,M,3,154703,engineering
93720,1,110000.0,PhD,M,7,102712,sales
19152,1,289000.0,Master,M,1,79934,engineering
155485,0,381000.0,PhD,M,15,40920,marketing
180411,0,139000.0,Bachelor,M,7,49729,sales
15132,0,283000.0,Bachelor,M,2,180854,sales
176953,1,283000.0,High_School,F,2,41721,marketing
7531,1,131000.0,PhD,M,7,152500,HR
183625,0,103000.0,PhD,M,1,30640,engineering
16527,0,87000.0,High_School,F,3,43937,HR
64637,0,300000.0,Bachelor,F,3,34163,sales
68085,1,177000.0,PhD,F,1,158777,marketing
19354,0,117000.0,PhD,F,8,166928,engineering
106586,1,237000.0,Master,M,8,70547,marketing
153748,0,196000.0,Master,M,5,85791,sales
153174,0,256000.0,High_School,M,2,75045,marketing
81391,1,199000.0,PhD,M,3,101981,sales
60304,1,273000.0,Master,M,4,50679,sales
165665,0,176000.0,Master,F,2,138432,sales
188562,0,71000.0,Master,F,6,184885,HR
133710,0,361000.0,PhD,M,1,128447,engineering
59028,0,328000.0,PhD,M,6,169231,sales
22557,1,240000.0,PhD,F,1,155570,marketing
149778,1,177000.0,Bachelor,M,10,110464,marketing
37154,0,344000.0,PhD,M,6,138045,marketing
17538,1,195000.0,High_School,M,1,60373,marketing
66489,0,365000.0,Bachelor,M,3,108428,engineering
18725,0,130000.0,PhD,M,1,130585,sales
49994,0,91000.0,Bachelor,F,2,150290,HR
147454,1,181000.0,PhD,M,1,4421,sales
156985,1,211000.0,PhD,M,3,189222,engineering
147796,0,79000.0,Bachelor,F,1,32405,HR
132397,0,160000.0,PhD,M,6,70547,marketing
139857,0,115000.0,Bachelor,M,3,84193,marketing
58186,1,199000.0,High_School,M,3,79735,engineering
108269,0,273000.0,High_School,F,7,102632,marketing
107617,1,107000.0,PhD,F,2,21377,sales
86202,0,157000.0,Bachelor,M,4,81811,sales
118671,0,286000.0,Bachelor,F,1,74170,sales
182098,0,98000.0,Bachelor,F,8,196490,HR
131390,1,159000.0,Bachelor,F,3,123258,marketing
97597,0,125000.0,PhD,F,6,197206,marketing
76682,0,256000.0,Bachelor,M,2,120381,sales
117458,0,172000.0,Master,M,1,198814,marketing
145759,0,85000.0,PhD,M,4,21086,HR
119126,0,75000.0,PhD,M,1,178147,HR
119894,0,192000.0,Master,F,5,61811,sales
47612,0,241000.0,High_School,M,3,77844,sales
25916,0,133000.0,Master,M,2,32938,engineering
134431,0,100000.0,Master,F,6,67178,HR
24015,0,134000.0,PhD,F,20,125855,HR
124186,1,263000.0,Master,M,11,103443,marketing
65126,1,236000.0,Master,M,13,125912,marketing
65093,0,94000.0,Bachelor,M,6,138432,sales
34852,0,247000.0,Master,F,2,32159,sales
89472,0,100000.0,High_School,M,5,30488,marketing
29065,1,97000.0,PhD,F,6,89523,sales
65729,0,259000.0,Master,M,4,65883,marketing
190304,1,77000.0,Bachelor,F,2,55972,HR
159996,0,133000.0,Bachelor,M,4,94362,sales
128292,0,210000.0,High_School,F,3,43858,engineering
110811,0,136000.0,PhD,M,2,168905,engineering
132187,1,231000.0,Master,M,9,146629,engineering
135032,0,70000.0,Master,F,1,23737,HR
134358,1,331000.0,Master,F,1,71945,engineering
134774,1,320000.0,Master,M,1,79193,sales
102347,0,206000.0,Master,M,9,75198,marketing
95522,0,269000.0,High_School,F,13,91869,marketing
5438,0,269000.0,PhD,M,1,103448,sales
141053,0,230000.0,Master,F,5,10922,sales
66558,0,118000.0,PhD,F,1,52920,sales
158575,0,132000.0,PhD,F,2,190065,marketing
117021,0,214000.0,Master,M,8,183045,engineering
36624,1,339000.0,Bachelor,M,1,92765,engineering
65743,0,277000.0,PhD,F,2,92403,sales
35392,0,308000.0,High_School,F,2,81111,engineering
95679,0,108000.0,High_School,F,2,182996,sales
188979,0,369000.0,High_School,M,5,94611,engineering
24686,0,261000.0,PhD,M,5,26183,sales
2721,0,118000.0,Master,M,2,111508,marketing
177090,0,225000.0,Bachelor,F,4,98558,engineering
49176,0,234000.0,PhD,M,4,35499,sales
197373,0,217000.0,Bachelor,M,3,175361,sales
102217,0,217000.0,PhD,M,5,123000,sales
194090,1,331000.0,PhD,M,9,47863,engineering
20386,0,81000.0,Bachelor,M,4,96060,HR
159048,0,133000.0,Master,M,3,87707,sales
197970,1,273000.0,High_School,F,2,15277,engineering
174477,0,316000.0,Master,M,5,59353,engineering
192742,0,290000.0,High_School,M,5,84828,engineering
51780,0,316000.0,PhD,F,6,79934,engineering
33323,1,81000.0,Bachelor,F,1,59327,HR
55428,1,164000.0,PhD,F,3,127544,sales
160885,0,162000.0,Master,F,1,67522,sales
8153,0,112000.0,PhD,F,1,142630,HR
85643,0,174000.0,Bachelor,M,6,34977,sales
135095,0,349000.0,Master,M,1,123387,sales
164356,0,79000.0,Master,M,2,14465,HR
180151,0,250000.0,Master,M,3,129734,engineering
141647,1,271000.0,Bachelor,M,1,109254,sales
42366,0,193000.0,Master,M,6,52920,sales
107116,0,192000.0,PhD,M,1,197206,marketing
22726,0,65000.0,High_School,F,3,107694,HR
127045,1,136000.0,Bachelor,M,1,193763,engineering
21274,0,235000.0,Master,F,6,71115,engineering
124364,1,184000.0,Master,F,3,156927,marketing
65334,0,202000.0,Master,M,1,103014,engineering
103501,0,203000.0,High_School,F,5,159906,sales
31251,1,85000.0,PhD,M,8,57185,engineering
194744,0,303000.0,PhD,M,2,78516,sales
87419,0,126000.0,Bachelor,F,3,5374,sales
18478,0,127000.0,Bachelor,M,7,154381,sales
122893,0,218000.0,PhD,M,5,74170,sales
111133,1,280000.0,PhD,M,2,57938,engineering
55105,1,213000.0,Master,M,6,3260,engineering
20707,0,181000.0,High_School,M,1,138772,sales
6275,0,325000.0,Bachelor,M,2,129734,engineering
31140,0,243000.0,Master,M,8,37124,sales
169615,0,117000.0,Bachelor,M,2,112750,engineering
145071,1,112000.0,PhD,F,2,53390,sales
59062,0,315000.0,Bachelor,M,3,166928,engineering
15732,0,184000.0,Bachelor,M,3,177772,marketing
26639,0,195000.0,Bachelor,F,5,77866,marketing
64050,0,137000.0,PhD,F,2,169231,sales
55188,0,68000.0,PhD,F,3,119302,HR
27662,0,365000.0,High_School,M,2,87929,sales
5993,1,100000.0,Bachelor,F,1,196490,HR
125755,1,223000.0,Master,M,11,158490,marketing
77952,0,153000.0,Master,M,6,118329,sales
24499,0,204000.0,PhD,F,2,51288,engineering
137984,1,178000.0,High_School,M,3,78215,sales
141840,0,118000.0,PhD,M,3,48352,engineering
13036,0,97000.0,High_School,M,2,123154,HR
92551,0,213000.0,Master,F,5,5282,sales
148774,0,224000.0,PhD,M,6,6335,sales
189423,0,299000.0,PhD,M,1,147783,sales
85469,0,63000.0,Bachelor,M,7,172541,HR
34992,0,72000.0,Master,F,1,88370,HR
109344,0,306000.0,PhD,M,3,98931,marketing
194994,1,141000.0,Master,M,8,133858,engineering
86935,1,160000.0,Bachelor,F,3,140061,sales
95598,1,261000.0,High_School,M,6,79193,sales
183175,1,169000.0,PhD,M,10,197876,sales
122297,0,252000.0,Bachelor,M,1,41335,engineering
68643,0,86000.0,High_School,F,2,9400,HR
132002,0,244000.0,Master,M,7,103421,engineering
55102,1,194000.0,Master,M,1,28979,sales
77277,1,182000.0,Master,F,2,124014,sales
85096,0,252000.0,Master,F,3,122197,engineering
131488,0,279000.0,High_School,M,6,66453,engineering
195795,0,217000.0,PhD,F,3,59535,sales
169355,1,285000.0,Master,M,2,156010,engineering
11020,1,358000.0,High_School,F,4,193518,sales
149768,0,238000.0,PhD,M,4,102632,marketing
178459,1,190000.0,High_School,M,2,136147,sales
16501,0,162000.0,Master,M,2,136468,sales
70216,1,207000.0,Bachelor,M,3,147819,sales
140393,1,182000.0,Master,F,2,117030,engineering
125605,1,365000.0,PhD,F,2,118769,engineering
47923,1,371000.0,High_School,M,3,149135,engineering
126754,0,350000.0,Master,F,4,1050,engineering
65245,1,60000.0,PhD,M,5,78874,sales
74363,0,144000.0,Master,M,5,82463,marketing
26893,1,73000.0,Bachelor,M,1,144927,sales
118685,0,190000.0,PhD,F,1,162035,sales
192080,0,154000.0,PhD,M,3,185982,sales
109284,0,85000.0,High_School,F,2,44056,HR
169469,0,155000.0,High_School,F,3,145126,sales
25456,1,81000.0,PhD,F,2,7095,HR
111387,0,63000.0,High_School,F,5,175548,HR
25606,0,85000.0,Bachelor,F,1,130135,HR
191718,1,214000.0,PhD,M,1,103981,marketing
187248,1,291000.0,Master,M,3,54315,sales
195435,0,183000.0,PhD,M,4,184998,sales
68841,1,137000.0,Bachelor,M,3,137776,engineering
53553,0,148000.0,Bachelor,M,5,181421,sales
60797,0,234000.0,Bachelor,F,8,7966,sales
124988,0,65000.0,Master,F,3,139278,HR
147715,1,199000.0,PhD,M,11,24691,sales
167482,0,144000.0,Master,M,5,133795,engineering
32368,0,83000.0,Bachelor,F,3,16445,HR
142247,1,333000.0,Bachelor,M,4,65856,sales
115437,0,92000.0,PhD,F,3,140838,HR
63383,1,126000.0,High_School,F,5,21470,marketing
14296,0,66000.0,Bachelor,M,3,125114,HR
107773,1,263000.0,High_School,M,2,185976,engineering
192885,0,227000.0,Master,M,5,30640,engineering
59992,0,195000.0,High_School,M,1,79237,marketing
117191,1,62000.0,Master,F,4,80240,HR
123258,0,328000.0,Master,M,12,69550,marketing
114734,0,121000.0,Bachelor,M,2,22090,marketing
178759,0,60000.0,High_School,M,3,113245,sales
115671,0,158000.0,PhD,F,1,175434,sales
139278,0,63000.0,High_School,M,9,171266,HR
139359,0,71000.0,Bachelor,M,1,62298,HR
187110,0,376000.0,High_School,M,4,155570,marketing
45588,0,272000.0,Master,M,2,54136,marketing
59476,0,308000.0,PhD,M,1,18312,engineering
102549,1,109000.0,PhD,F,7,91979,HR
103062,0,263000.0,Master,M,7,58365,marketing
78341,0,66000.0,Master,F,3,25934,engineering
111661,0,309000.0,Bachelor,M,4,42096,sales
84535,0,68000.0,High_School,F,2,68222,HR
184941,0,295000.0,Bachelor,M,2,1610,engineering
126409,0,138000.0,PhD,M,1,173939,marketing
141900,1,237000.0,High_School,F,1,140542,sales
98489,0,105000.0,Master,M,4,55972,HR
161983,1,175000.0,High_School,M,2,159838,marketing
73359,1,150000.0,Bachelor,M,2,142850,sales
188821,1,85000.0,PhD,F,2,182996,sales
160531,1,69000.0,Bachelor,F,3,175548,HR
143329,1,368000.0,Bachelor,M,3,168905,engineering
126833,1,70000.0,Master,F,5,88779,sales
80189,1,277000.0,Master,M,3,79,sales
11793,0,135000.0,Bachelor,M,2,127623,engineering
172518,0,147000.0,Master,M,2,149696,sales
26159,0,296000.0,PhD,M,3,133858,engineering
12638,0,202000.0,Master,F,7,132309,sales
131525,0,261000.0,PhD,F,14,172989,sales
127766,1,216000.0,High_School,M,2,41991,sales
4942,0,184000.0,Bachelor,F,7,74818,sales
74430,0,273000.0,PhD,M,2,160261,marketing
77846,1,174000.0,PhD,F,6,57316,sales
748,0,116000.0,High_School,M,1,2644,sales
107047,0,269000.0,PhD,M,1,10357,marketing
195263,1,158000.0,High_School,M,3,53374,sales
28558,0,94000.0,PhD,F,1,51121,HR
44755,0,386000.0,Master,M,3,126330,engineering
145245,0,194000.0,Bachelor,F,8,154381,sales
135240,0,236000.0,High_School,F,1,21377,sales
136903,0,263000.0,PhD,M,2,149970,marketing
79276,1,107000.0,Master,M,2,115694,engineering
197581,0,77000.0,PhD,F,1,94447,HR
166450,0,120000.0,PhD,F,3,32159,sales
192881,0,77000.0,Master,M,3,129287,HR
182384,0,256000.0,PhD,F,2,142685,sales
181058,1,64000.0,High_School,M,1,29508,HR
104414,0,199000.0,Master,F,4,190566,marketing
181430,0,70000.0,High_School,M,2,127623,engineering
199601,0,235000.0,Master,M,1,32572,marketing
52071,0,303000.0,Bachelor,M,7,105395,engineering
41769,0,156000.0,Master,F,3,175361,sales
21589,1,66000.0,PhD,M,1,166591,sales
104417,0,268000.0,High_School,F,4,157064,marketing
189030,1,336000.0,Bachelor,M,5,74818,sales
5500,0,255000.0,High_School,M,5,157931,engineering
15768,0,64000.0,Bachelor,M,10,77857,HR
197706,1,239000.0,PhD,M,1,128065,engineering
130794,0,95000.0,PhD,F,3,184236,HR
32791,1,61000.0,Master,M,6,77613,sales
144370,1,203000.0,Master,F,3,32938,engineering
74799,1,166000.0,Bachelor,M,7,101819,engineering
80162,0,84000.0,Master,F,1,53677,HR
29561,0,102000.0,High_School,F,2,33665,HR
27078,0,147000.0,Bachelor,M,4,61038,sales
172541,0,71000.0,High_School,F,12,138823,HR
81901,0,143000.0,High_School,M,2,65126,marketing
115534,0,165000.0,High_School,M,5,3260,engineering
44715,0,148000.0,PhD,F,4,160261,marketing
94665,0,261000.0,Bachelor,M,3,74818,sales
21327,1,83000.0,Master,F,4,119576,engineering
79133,1,351000.0,Master,F,3,75242,engineering
183023,1,110000.0,PhD,M,1,16510,sales
54014,0,157000.0,Bachelor,F,3,68201,sales
40362,1,286000.0,Master,M,1,35499,sales
182595,1,196000.0,Master,F,2,123103,engineering
74264,1,260000.0,Bachelor,M,2,82419,marketing
121283,0,325000.0,PhD,M,7,134982,sales
19364,0,182000.0,Master,F,2,180854,sales
133427,0,104000.0,PhD,M,8,165442,sales
78268,0,241000.0,Master,M,3,12649,engineering
105585,0,396000.0,PhD,F,1,130834,engineering
151281,0,88000.0,Bachelor,F,2,171461,HR
27561,0,311000.0,Master,M,2,182996,sales
101981,1,202000.0,PhD,F,7,134865,sales
104423,0,214000.0,High_School,M,3,198879,sales
46049,1,206000.0,Master,F,8,73846,sales
165151,0,183000.0,Bachelor,F,1,192369,sales
27781,0,153000.0,Master,M,2,121233,marketing
170450,0,259000.0,PhD,M,4,78516,sales
20201,0,331000.0,Master,M,2,78516,sales
61940,0,302000.0,PhD,M,5,30468,engineering
184362,0,73000.0,Master,F,3,151696,HR
110020,1,175000.0,Bachelor,M,1,148236,sales
3909,0,180000.0,Bachelor,F,4,113189,sales
104760,0,200000.0,PhD,F,2,69903,engineering
82339,0,151000.0,High_School,F,3,165442,sales
24926,1,262000.0,High_School,M,7,90834,sales
44732,0,288000.0,Master,F,1,142685,sales
167453,0,350000.0,High_School,M,5,129626,marketing
95567,1,193000.0,PhD,M,3,144927,sales
122493,0,245000.0,PhD,M,5,150194,engineering
133230,1,183000.0,Master,M,1,102632,marketing
9245,0,244000.0,PhD,F,1,59705,sales
64087,0,126000.0,PhD,M,4,45969,HR
168037,0,146000.0,Bachelor,M,2,78997,engineering
105942,0,195000.0,Bachelor,F,1,108164,sales
69804,0,155000.0,PhD,M,1,95609,sales
19812,1,221000.0,Bachelor,M,3,132360,sales
32653,1,284000.0,Bachelor,F,8,186283,engineering
99871,0,96000.0,Bachelor,F,6,32405,HR
99231,0,75000.0,Bachelor,M,6,192369,sales
19232,0,214000.0,Master,F,2,69200,sales
83656,1,258000.0,Master,F,6,181311,sales
186323,1,162000.0,PhD,M,1,109102,sales
155579,0,117000.0,High_School,F,5,135848,marketing
82060,1,263000.0,PhD,M,1,54808,sales
42915,0,200000.0,PhD,F,3,189038,engineering
9658,0,60000.0,Master,F,2,189742,HR
147117,1,128000.0,Master,F,1,64087,HR
184247,0,381000.0,Master,M,4,185976,engineering
108496,0,137000.0,High_School,F,7,162035,sales
66505,0,307000.0,Bachelor,F,6,51738,engineering
53759,0,132000.0,Master,M,2,148260,marketing
23195,0,144000.0,Master,F,1,102026,sales
122671,0,74000.0,Bachelor,F,1,53826,HR
89670,0,157000.0,PhD,M,2,32159,sales
11522,0,225000.0,Master,M,1,26183,sales
53770,1,322000.0,Bachelor,M,3,162381,engineering
130873,0,170000.0,High_School,F,1,108164,sales
24776,0,104000.0,High_School,F,8,129410,sales
1109,0,392000.0,Master,M,4,170076,engineering
171351,0,194000.0,Bachelor,M,17,79693,engineering
54811,0,75000.0,PhD,M,5,185285,HR
884,0,180000.0,PhD,M,2,155570,marketing
168368,0,261000.0,Master,F,2,62043,engineering
114547,0,174000.0,Master,M,7,14470,sales
14677,0,261000.0,PhD,M,4,168951,sales
97878,0,68000.0,Master,M,8,94362,sales
40332,0,90000.0,Bachelor,M,7,11507,HR
67824,0,186000.0,High_School,M,4,88936,sales
20795,0,115000.0,High_School,M,3,58365,marketing
166729,1,140000.0,PhD,M,14,125912,marketing
61038,1,313000.0,Master,M,13,65451,sales
101484,0,115000.0,PhD,M,4,91654,engineering
27704,0,281000.0,PhD,F,10,171907,sales
198240,0,155000.0,Master,F,9,94454,sales
99116,0,89000.0,PhD,M,4,177166,engineering
39717,0,347000.0,PhD,F,8,119576,engineering
195502,1,95000.0,Bachelor,M,5,76135,marketing
638,0,124000.0,Master,M,2,94683,marketing
169360,0,63000.0,High_School,F,5,14465,HR
5342,0,292000.0,PhD,M,3,133795,engineering
1841,0,191000.0,PhD,F,2,73489,sales
164051,0,142000.0,Bachelor,F,2,57316,sales
113997,0,61000.0,PhD,M,6,189148,HR
82725,0,348000.0,Bachelor,F,3,128447,engineering
129762,0,158000.0,Master,M,5,123103,engineering
32724,0,253000.0,Master,M,3,76310,engineering
119658,0,374000.0,PhD,M,11,61403,engineering
72374,0,237000.0,PhD,M,4,32159,sales
97606,1,127000.0,Master,M,2,138432,sales
170772,0,299000.0,PhD,F,7,87929,sales
71125,0,347000.0,Master,F,5,57185,engineering
109308,0,210000.0,Master,F,21,110464,marketing
9757,0,79000.0,PhD,F,1,95609,sales
147003,1,310000.0,Master,M,3,63077,sales
127400,0,133000.0,Master,F,5,78516,sales
17193,0,339000.0,High_School,M,2,47863,engineering
72343,0,194000.0,Master,F,3,182028,engineering
2978,0,89000.0,Bachelor,F,3,130135,HR
63182,1,139000.0,Bachelor,M,2,27704,sales
197533,0,244000.0,Bachelor,F,4,145126,sales
105597,1,140000.0,Bachelor,M,4,133927,engineering
27660,1,378000.0,Master,M,3,69728,engineering
674,0,152000.0,Master,M,3,190249,marketing
113618,0,275000.0,Master,F,12,103443,marketing
196450,0,196000.0,High_School,M,2,7255,engineering
154261,1,224000.0,Bachelor,M,1,92585,marketing
118172,0,233000.0,Master,M,3,146220,marketing
108774,0,220000.0,High_School,M,3,161132,marketing
176985,1,107000.0,High_School,F,1,148032,sales
56157,1,294000.0,PhD,F,3,5743,sales
14797,0,318000.0,High_School,M,2,171940,marketing
140214,0,291000.0,PhD,F,3,47618,marketing
199826,0,147000.0,High_School,M,3,192414,sales
173667,0,169000.0,High_School,F,5,185982,sales
143209,1,149000.0,High_School,M,5,55653,sales
170407,0,242000.0,Bachelor,F,2,179212,marketing
64373,0,259000.0,High_School,M,5,74170,sales
92060,0,259000.0,Bachelor,M,1,136861,sales
55816,0,177000.0,PhD,M,4,55476,marketing
154170,0,278000.0,PhD,F,12,27660,engineering
8889,0,92000.0,High_School,M,4,21086,HR
181606,0,264000.0,Bachelor,M,8,69463,marketing
30488,0,309000.0,PhD,M,6,115539,marketing
96221,0,244000.0,PhD,M,2,46957,sales
87200,0,67000.0,Master,F,1,66420,HR
150189,0,108000.0,High_School,F,9,138823,HR
192551,0,219000.0,PhD,M,1,78874,sales
112340,1,189000.0,High_School,F,4,74170,sales
85445,1,66000.0,High_School,F,5,123263,HR
94030,0,209000.0,Bachelor,M,12,78493,sales
167384,0,225000.0,Master,M,3,161132,marketing
46339,0,253000.0,PhD,F,7,41175,engineering
124365,0,194000.0,Master,M,4,77613,sales
50317,1,93000.0,PhD,M,2,102102,sales
136610,0,177000.0,Master,M,1,182996,sales
29894,1,181000.0,Bachelor,M,2,71115,engineering
82037,0,296000.0,High_School,M,1,68532,engineering
169962,0,118000.0,Bachelor,M,4,171940,marketing
103686,1,114000.0,PhD,F,1,52319,sales
163228,0,285000.0,Master,F,5,130585,sales
144516,1,166000.0,PhD,M,3,76135,marketing
168294,1,109000.0,PhD,F,8,121527,marketing
85845,0,82000.0,PhD,M,1,17211,HR
143655,0,69000.0,Bachelor,F,5,123154,HR
141046,0,360000.0,Bachelor,M,1,1050,engineering
186928,1,204000.0,High_School,M,2,109102,sales
175333,1,172000.0,Bachelor,M,3,61811,sales
110260,1,107000.0,PhD,M,20,125855,HR
167743,0,216000.0,PhD,M,2,109102,sales
42972,0,164000.0,Bachelor,M,1,181772,sales
184296,1,196000.0,Bachelor,M,3,111363,sales
54715,1,233000.0,Master,M,2,174122,engineering
169294,1,180000.0,Master,M,1,60489,marketing
130978,0,131000.0,High_School,M,1,81811,sales
104759,0,75000.0,Master,F,11,20378,HR
33263,0,306000.0,PhD,M,2,57938,engineering
94447,0,155000.0,Master,M,8,39785,HR
40512,0,275000.0,High_School,F,3,32572,marketing
52249,0,386000.0,Master,F,5,167389,sales
44252,0,106000.0,High_School,F,3,146473,marketing
138908,1,83000.0,PhD,M,1,134048,sales
128657,1,70000.0,Master,M,3,9239,sales
154716,0,97000.0,Master,M,5,73254,HR
2067,0,167000.0,Bachelor,M,5,8193,engineering
146072,0,276000.0,PhD,M,4,122145,engineering
140241,0,213000.0,PhD,M,1,126330,engineering
93668,0,225000.0,Bachelor,M,2,198403,sales
150161,0,220000.0,PhD,F,3,69379,sales
168572,0,83000.0,High_School,F,3,14226,HR
199471,0,248000.0,High_School,M,2,103014,engineering
86025,0,99000.0,High_School,M,3,133420,sales
44056,0,60000.0,PhD,F,10,16178,HR
50632,1,183000.0,Bachelor,M,1,81644,engineering
70108,0,281000.0,Master,M,8,119576,engineering
110625,0,101000.0,Master,M,1,71152,HR
91017,1,196000.0,Master,F,1,157064,marketing
162223,0,178000.0,Bachelor,M,4,28979,sales
29882,0,242000.0,Master,M,3,94039,sales
62578,1,174000.0,Bachelor,F,5,198032,sales
168295,1,272000.0,Master,M,1,168905,engineering
123192,0,178000.0,Master,F,3,95473,sales
33843,0,137000.0,High_School,M,7,64087,HR
34631,1,228000.0,Bachelor,M,2,37220,engineering
86076,1,250000.0,PhD,F,9,136147,sales
71537,1,297000.0,High_School,F,2,64190,sales
86905,0,302000.0,Bachelor,M,5,147103,engineering
114271,1,114000.0,Master,F,5,185285,HR
27307,1,313000.0,Bachelor,F,4,192414,sales
62299,1,292000.0,Bachelor,M,2,42096,sales
25569,0,223000.0,High_School,M,1,170431,marketing
75246,0,190000.0,Master,M,13,140317,engineering
15959,0,216000.0,PhD,M,7,48742,engineering
72347,0,152000.0,Bachelor,F,1,159838,marketing
51566,0,207000.0,Master,F,2,168905,engineering
77495,0,251000.0,Bachelor,F,1,87884,engineering
59366,0,294000.0,PhD,M,5,142850,sales
23619,0,310000.0,Bachelor,M,2,10773,engineering
71223,1,280000.0,PhD,M,1,47472,engineering
35850,1,141000.0,Master,F,1,130834,engineering
199543,0,123000.0,Bachelor,F,2,68222,HR
34438,0,164000.0,High_School,M,1,178314,marketing
68967,0,168000.0,Master,M,3,17291,sales
91527,0,199000.0,Bachelor,M,2,113578,marketing
137063,1,298000.0,Master,M,5,181996,engineering
56686,1,113000.0,Bachelor,F,1,172321,sales
84370,0,112000.0,Bachelor,M,1,150189,HR
163989,0,60000.0,Bachelor,M,3,14226,HR
28202,0,302000.0,Bachelor,M,3,115856,sales
133204,1,211000.0,PhD,F,4,114572,marketing
130384,0,152000.0,PhD,M,5,109671,marketing
136313,0,172000.0,PhD,F,4,8207,engineering
161284,1,394000.0,Bachelor,M,10,109804,engineering
71255,0,125000.0,PhD,F,2,102498,HR
13667,0,153000.0,Bachelor,M,2,58365,marketing
162967,1,141000.0,Master,M,3,67522,sales
183570,0,195000.0,High_School,M,2,59705,sales
145137,0,249000.0,Bachelor,M,5,171499,engineering
128251,0,118000.0,Master,M,3,47618,marketing
36466,1,183000.0,Bachelor,M,4,51293,sales
175346,1,186000.0,Master,M,1,134982,sales
106535,1,86000.0,PhD,M,2,149135,engineering
47260,0,71000.0,Bachelor,M,5,24015,HR
122145,1,196000.0,PhD,M,2,72243,engineering
167987,0,197000.0,Master,M,3,142104,engineering
21703,0,282000.0,Bachelor,M,2,50679,sales
108116,0,61000.0,Bachelor,F,2,104759,HR
132680,1,186000.0,Bachelor,M,3,199282,marketing
128599,0,134000.0,Bachelor,M,4,61811,sales
34660,0,89000.0,PhD,M,3,17211,HR
43171,0,83000.0,PhD,M,1,29960,marketing
130173,1,208000.0,PhD,M,7,127266,marketing
192398,1,87000.0,High_School,F,2,184885,HR
70256,1,266000.0,PhD,M,4,94039,sales
151693,0,298000.0,High_School,M,3,168951,sales
135213,0,71000.0,Bachelor,M,6,62081,sales
95144,0,177000.0,PhD,M,2,74264,marketing
62107,1,113000.0,PhD,M,5,5282,sales
21841,0,115000.0,Bachelor,F,4,104539,HR
31511,0,148000.0,Bachelor,M,6,95841,engineering
46167,1,131000.0,Master,M,2,145126,sales
177089,0,252000.0,Bachelor,M,1,164439,marketing
42374,1,170000.0,PhD,M,3,122567,engineering
171461,0,77000.0,Bachelor,M,8,138823,HR
197083,0,301000.0,PhD,M,2,138432,sales
146220,0,228000.0,PhD,M,2,196484,marketing
81111,0,313000.0,PhD,M,9,18295,engineering
178939,0,271000.0,Bachelor,M,2,61988,engineering
110153,0,220000.0,Master,M,4,8711,marketing
10213,0,245000.0,Master,F,1,5222,sales
139999,1,201000.0,Master,M,4,26183,sales
6281,0,299000.0,Master,F,3,191495,sales
32992,0,163000.0,Master,F,5,110878,engineering
57761,0,253000.0,Bachelor,M,4,116750,engineering
91242,0,162000.0,Master,F,1,69345,sales
176022,0,115000.0,Bachelor,M,4,14470,sales
119589,0,245000.0,Bachelor,M,8,119576,engineering
172621,0,335000.0,Bachelor,F,2,7349,marketing
138973,0,67000.0,Bachelor,M,3,754,HR
78359,0,246000.0,PhD,F,3,30488,marketing
29255,0,142000.0,Master,F,6,62990,sales
149886,0,211000.0,Master,F,2,161132,marketing
6819,0,327000.0,Bachelor,F,3,4110,sales
160304,0,85000.0,Master,M,5,123502,HR
2382,0,207000.0,PhD,F,1,111974,engineering
165096,0,198000.0,High_School,M,7,191073,sales
106915,0,254000.0,Bachelor,M,1,70819,engineering
82419,1,61000.0,PhD,F,21,74062,marketing
133302,0,93000.0,PhD,M,4,129287,HR
29283,0,169000.0,High_School,M,5,132309,sales
113279,0,255000.0,Bachelor,M,1,150194,engineering
51923,0,65000.0,PhD,F,13,41533,HR
24343,0,90000.0,Bachelor,M,2,102727,marketing
169223,0,316000.0,Bachelor,M,12,5342,engineering
184311,0,326000.0,High_School,M,4,127275,engineering
54837,1,353000.0,High_School,M,2,191073,sales
94209,1,231000.0,PhD,F,5,146220,marketing
198788,0,189000.0,PhD,F,4,68201,sales
54952,1,99000.0,PhD,F,6,127544,sales
64666,1,203000.0,Bachelor,F,1,108164,sales
189418,0,197000.0,PhD,F,4,19806,sales
18285,1,79000.0,Bachelor,F,1,29508,HR
2806,0,193000.0,Master,M,1,126368,sales
7723,1,120000.0,Master,M,5,60489,marketing
84230,0,127000.0,PhD,M,4,5692,marketing
34531,0,178000.0,Master,M,7,116180,engineering
164547,1,218000.0,Master,F,7,32510,sales
199239,0,128000.0,Master,F,1,148236,sales
145328,0,220000.0,Bachelor,M,3,121527,marketing
137121,0,137000.0,Bachelor,M,7,185982,sales
73254,0,129000.0,Bachelor,M,9,192056,HR
185171,1,99000.0,Bachelor,M,3,99121,marketing
59217,1,72000.0,Master,M,4,4384,HR
99441,0,326000.0,PhD,M,6,101819,engineering
78004,0,75000.0,Master,M,4,148984,sales
185591,0,99000.0,PhD,M,1,55883,engineering
48379,1,237000.0,Master,F,4,70406,marketing
47799,1,120000.0,Bachelor,F,4,76073,engineering
49793,0,274000.0,PhD,M,2,115694,engineering
72376,0,100000.0,PhD,M,2,75860,engineering
150690,1,195000.0,Master,M,1,73649,sales
90033,0,279000.0,Bachelor,M,5,79,sales
147642,0,88000.0,Master,M,9,100942,sales
143478,1,207000.0,Bachelor,M,4,35499,sales
142920,1,163000.0,Master,F,1,168905,engineering
170452,0,83000.0,PhD,F,1,104539,HR
30132,0,62000.0,PhD,M,3,65856,sales
192065,1,174000.0,PhD,M,1,142685,sales
67320,1,221000.0,PhD,M,3,102815,sales
169087,0,147000.0,Master,F,1,119964,marketing
174189,0,157000.0,Master,M,1,47863,engineering
134398,1,161000.0,Master,M,3,160289,sales
146471,1,117000.0,PhD,M,5,168905,engineering
73936,1,246000.0,Bachelor,F,5,64750,engineering
94934,1,148000.0,High_School,F,2,123258,marketing
192056,0,131000.0,Master,M,20,71889,HR
119890,1,293000.0,PhD,F,2,64190,sales
121347,1,278000.0,High_School,F,3,29712,engineering
30595,1,230000.0,Master,F,3,110878,engineering
56382,0,296000.0,Bachelor,F,2,93223,engineering
78059,0,399000.0,PhD,M,9,110091,engineering
74778,1,184000.0,Bachelor,M,2,180930,sales
48364,0,77000.0,PhD,M,3,41175,engineering
48884,0,102000.0,PhD,M,2,132399,sales
58850,0,304000.0,Master,M,6,171499,engineering
55481,1,332000.0,PhD,M,11,72243,engineering
137595,0,243000.0,Bachelor,M,6,82463,marketing
88893,0,266000.0,Master,M,2,85791,sales
159843,0,93000.0,PhD,F,4,85426,HR
45328,0,231000.0,PhD,F,6,147715,sales
78924,0,187000.0,High_School,M,5,182531,sales
169654,1,199000.0,High_School,M,2,32159,sales
112428,0,242000.0,Bachelor,M,4,162381,engineering
11390,0,240000.0,Master,M,5,68532,engineering
101713,0,188000.0,High_School,M,5,110091,engineering
168961,1,152000.0,Bachelor,F,3,149696,sales
168415,0,71000.0,Bachelor,F,12,39785,HR
38684,0,154000.0,Bachelor,M,2,194078,marketing
124014,0,230000.0,Master,M,11,79285,sales
176278,1,332000.0,Bachelor,F,1,150300,marketing
21503,0,324000.0,High_School,M,2,89837,marketing
54078,0,143000.0,Master,M,2,94507,engineering
92755,0,67000.0,High_School,F,2,173939,marketing
165320,1,308000.0,Bachelor,M,1,80728,engineering
80911,0,99000.0,Master,M,1,140393,engineering
1651,0,325000.0,Bachelor,M,4,146629,engineering
24805,1,183000.0,Master,M,5,138948,marketing
147937,0,240000.0,Master,M,6,77766,marketing
112653,0,74000.0,High_School,F,1,21086,HR
27452,1,127000.0,PhD,F,5,85717,sales
124812,1,346000.0,PhD,M,4,184998,sales
134295,0,213000.0,PhD,F,2,147016,sales
133387,1,200000.0,Bachelor,M,1,144401,sales
174603,0,189000.0,PhD,M,5,182777,marketing
165884,1,139000.0,PhD,M,1,125775,marketing
113298,1,204000.0,High_School,M,1,56451,sales
171793,1,64000.0,Bachelor,F,4,180006,HR
134982,0,238000.0,Bachelor,M,9,66119,sales
118612,0,77000.0,PhD,M,1,172717,HR
53025,0,163000.0,Master,M,6,55653,sales
194373,0,371000.0,PhD,M,2,134048,sales
82056,1,315000.0,PhD,M,2,9239,sales
130736,1,74000.0,High_School,F,3,81421,HR
172250,0,136000.0,PhD,F,7,115907,marketing
17970,0,394000.0,High_School,M,4,171499,engineering
135214,1,63000.0,Master,F,4,39231,HR
98045,1,323000.0,High_School,M,3,126368,sales
5721,0,239000.0,Bachelor,M,4,12214,sales
109596,0,107000.0,Master,F,3,110878,engineering
127601,1,125000.0,High_School,F,6,53826,HR
62081,0,104000.0,PhD,M,9,3917,sales
118110,0,189000.0,PhD,M,7,78874,sales
90237,1,91000.0,High_School,M,3,193088,sales
21181,0,300000.0,Bachelor,M,3,5875,marketing
27881,0,67000.0,Master,F,4,5889,HR
63501,0,294000.0,Bachelor,F,4,23120,marketing
21073,1,215000.0,Bachelor,M,4,67151,engineering
13342,0,96000.0,Bachelor,F,2,96420,sales
100991,1,192000.0,High_School,F,2,10922,sales
92050,0,226000.0,High_School,F,5,84193,marketing
105629,1,164000.0,Master,M,1,167921,engineering
82904,0,122000.0,PhD,M,1,153291,sales
100654,0,71000.0,Bachelor,F,1,184236,HR
29908,0,104000.0,Bachelor,F,7,73489,sales
171973,0,250000.0,Master,M,2,119964,marketing
69344,0,375000.0,Master,M,3,62043,engineering
136468,1,356000.0,Master,M,6,167941,sales
154109,1,162000.0,Master,F,5,75860,engineering
150837,0,197000.0,Bachelor,M,4,76073,engineering
47952,0,287000.0,Master,M,1,191649,sales
10979,1,296000.0,Bachelor,M,1,162381,engineering
79328,1,183000.0,PhD,M,1,138432,sales
149927,1,103000.0,Bachelor,F,2,28979,sales
26989,0,396000.0,Bachelor,M,2,159098,engineering
195911,0,224000.0,PhD,F,3,103912,sales
53777,0,254000.0,PhD,M,5,66306,engineering
181787,1,126000.0,Master,M,11,23830,marketing
2422,0,135000.0,Bachelor,M,4,4440,marketing
382,0,212000.0,Bachelor,M,2,166653,engineering
154534,0,329000.0,Master,M,1,107493,engineering
181122,0,278000.0,Bachelor,F,4,102632,marketing
28460,0,305000.0,Bachelor,M,8,10773,engineering
178037,0,219000.0,Bachelor,M,3,138432,sales
123916,0,220000.0,Master,M,1,193621,sales
166896,0,62000.0,Bachelor,M,3,39231,HR
6798,0,245000.0,PhD,F,2,45803,sales
95164,0,226000.0,Bachelor,F,1,103421,engineering
196824,1,372000.0,Bachelor,M,1,132283,engineering
40677,0,291000.0,Bachelor,M,3,112750,engineering
143558,0,268000.0,Master,M,1,94683,marketing
98882,0,76000.0,Bachelor,M,1,123154,HR
3693,0,180000.0,PhD,M,3,132683,engineering
187360,0,83000.0,PhD,F,1,181781,HR
114572,0,192000.0,Bachelor,M,10,5692,marketing
13299,1,72000.0,Bachelor,M,7,110089,HR
167059,0,76000.0,PhD,M,1,75705,HR
66998,0,250000.0,PhD,M,1,135848,marketing
121527,0,397000.0,PhD,M,3,139507,marketing
123780,0,80000.0,Master,M,1,779,marketing
197004,1,258000.0,Master,M,3,140393,engineering
58290,0,90000.0,PhD,M,1,180925,sales
170121,1,144000.0,Bachelor,M,5,95169,sales
18483,1,89000.0,PhD,F,2,164439,marketing
179945,0,99000.0,Bachelor,F,3,183283,HR
112750,0,296000.0,Master,F,8,39726,engineering
143015,0,213000.0,Master,M,4,84828,engineering
61053,1,153000.0,High_School,M,5,182556,sales
66455,0,74000.0,PhD,M,8,180006,HR
12603,1,161000.0,Master,M,5,25367,marketing
41316,1,289000.0,High_School,F,1,9239,sales
190818,1,113000.0,PhD,F,7,140393,engineering
53856,0,138000.0,Master,M,3,16178,HR
14978,1,247000.0,Master,F,3,119774,sales
94955,1,271000.0,High_School,F,1,73106,engineering
9965,0,93000.0,PhD,M,6,41721,marketing
191454,0,222000.0,Bachelor,M,7,191391,marketing
36350,1,133000.0,Master,M,1,102043,marketing
193288,0,110000.0,Master,M,1,134536,engineering
61175,0,118000.0,PhD,M,4,122762,sales
31680,1,142000.0,PhD,M,4,73663,marketing
6110,0,117000.0,Bachelor,M,1,77613,sales
59529,0,88000.0,High_School,M,2,82463,marketing
37903,0,67000.0,Master,M,2,145710,engineering
6158,0,265000.0,High_School,M,1,93223,engineering
32510,1,285000.0,Master,M,23,197876,sales
105246,1,315000.0,High_School,M,2,190249,marketing
167389,1,167000.0,PhD,M,2,181201,sales
98316,0,211000.0,Bachelor,M,3,191495,sales
196987,0,123000.0,Bachelor,F,1,87762,sales
152219,1,185000.0,PhD,F,5,70819,engineering
157372,1,197000.0,Bachelor,M,4,87707,sales
8856,1,201000.0,Master,M,4,134556,marketing
114011,1,122000.0,Master,F,14,28697,engineering
146537,0,63000.0,PhD,F,9,199950,HR
3396,1,285000.0,Bachelor,M,2,148795,engineering
84909,0,271000.0,Bachelor,F,7,112245,sales
41619,0,88000.0,Bachelor,F,1,17211,HR
181380,0,76000.0,Bachelor,M,1,142104,engineering
88649,0,292000.0,High_School,M,5,71945,engineering
93964,1,208000.0,PhD,M,1,150194,engineering
174847,1,225000.0,PhD,F,4,53390,sales
177003,0,79000.0,Bachelor,M,6,55972,HR
51984,1,117000.0,Bachelor,M,3,162035,sales
180885,1,230000.0,PhD,F,2,147715,sales
191409,0,65000.0,PhD,M,2,182996,sales
20077,0,81000.0,Master,F,3,15768,HR
135854,0,72000.0,High_School,M,1,32159,sales
78365,0,345000.0,Master,F,2,142104,engineering
121816,0,247000.0,PhD,F,5,148984,sales
97456,0,117000.0,High_School,F,1,14299,engineering
61079,0,211000.0,High_School,F,5,88936,sales
142146,1,380000.0,PhD,F,34,11277,sales
193302,1,286000.0,High_School,M,2,132283,engineering
9794,1,162000.0,Bachelor,M,3,32572,marketing
58032,0,229000.0,PhD,M,1,81860,engineering
79322,1,180000.0,PhD,F,2,52920,sales
102527,0,125000.0,High_School,F,2,118329,sales
175825,0,146000.0,Bachelor,M,4,76135,marketing
174793,0,82000.0,PhD,F,5,110089,HR
29759,0,128000.0,Bachelor,F,7,189742,HR
96313,0,228000.0,Bachelor,M,4,33266,marketing
50523,0,343000.0,Master,M,5,174122,engineering
118357,0,302000.0,High_School,M,4,69379,sales
115421,0,219000.0,PhD,M,3,113618,marketing
184133,1,114000.0,Bachelor,M,3,41721,marketing
195445,0,197000.0,PhD,M,6,118329,sales
187949,0,182000.0,High_School,M,3,94039,sales
111539,0,189000.0,Bachelor,M,1,1050,engineering
127693,0,179000.0,Master,M,1,159838,marketing
89390,1,205000.0,PhD,F,4,123358,sales
79780,0,337000.0,Bachelor,M,6,95841,engineering
102382,0,207000.0,High_School,M,1,7966,sales
171129,1,273000.0,Master,F,4,94039,sales
152549,1,148000.0,PhD,M,9,10357,marketing
13970,1,284000.0,PhD,F,2,46178,engineering
42512,0,226000.0,Bachelor,F,2,168951,sales
54201,1,131000.0,Bachelor,F,3,8182,sales
115888,1,194000.0,Bachelor,M,2,127623,engineering
31916,0,261000.0,Bachelor,M,2,132309,sales
148795,1,224000.0,Master,M,13,49002,engineering
18289,1,278000.0,PhD,M,5,59862,engineering
18840,0,314000.0,Bachelor,F,5,143317,sales
184363,0,90000.0,High_School,M,3,110089,HR
118732,1,91000.0,PhD,M,3,132683,engineering
117402,0,162000.0,PhD,M,2,136468,sales
110085,0,210000.0,PhD,M,2,165853,engineering
178999,1,327000.0,Bachelor,M,7,176415,engineering
157864,1,99000.0,High_School,F,1,71152,HR
66300,0,159000.0,PhD,M,1,182556,sales
91762,0,293000.0,High_School,F,2,148418,engineering
146317,1,272000.0,High_School,F,3,141317,sales
21787,0,211000.0,Bachelor,M,1,153291,sales
172321,0,103000.0,Master,M,5,145667,sales
135412,0,92000.0,Bachelor,F,3,151696,HR
162752,0,80000.0,Master,M,3,57185,engineering
181185,0,215000.0,High_School,M,2,55653,sales
47905,1,319000.0,Master,M,7,65856,sales
131063,0,70000.0,Master,M,5,5692,marketing
33751,0,288000.0,Bachelor,M,2,126257,engineering
63656,1,168000.0,PhD,M,4,92765,engineering
116813,1,84000.0,High_School,M,3,7095,HR
169527,0,272000.0,Bachelor,M,7,188118,sales
89,0,83000.0,Bachelor,F,6,189742,HR
21192,0,307000.0,Bachelor,M,4,133927,engineering
197467,0,131000.0,PhD,F,1,26505,marketing
82199,1,177000.0,High_School,M,3,5282,sales
46649,1,361000.0,PhD,M,3,98558,engineering
39869,0,320000.0,PhD,M,2,92845,engineering
123610,1,178000.0,High_School,F,3,114572,marketing
18291,1,226000.0,PhD,M,1,147103,engineering
156652,1,249000.0,Bachelor,M,2,19424,engineering
87853,0,222000.0,High_School,M,5,12649,engineering
13852,0,88000.0,Master,M,4,175548,HR
137914,1,234000.0,Master,M,2,87929,sales
26173,0,128000.0,Bachelor,F,1,66453,engineering
86962,0,346000.0,High_School,M,3,191485,sales
123000,1,115000.0,PhD,F,11,94454,sales
157380,0,62000.0,High_School,M,2,181781,HR
98861,1,372000.0,Bachelor,M,7,112750,engineering
73846,0,116000.0,PhD,F,10,171907,sales
139507,1,71000.0,PhD,M,7,97647,marketing
23744,0,208000.0,Master,M,2,779,marketing
51738,1,354000.0,Bachelor,F,12,183869,engineering
54004,0,287000.0,Bachelor,M,3,134982,sales
49810,0,179000.0,Bachelor,M,4,61811,sales
49849,0,127000.0,PhD,F,2,129778,HR
4434,0,76000.0,Master,M,2,117376,HR
82819,1,220000.0,PhD,M,4,96420,sales
43182,1,204000.0,Master,F,2,52525,engineering
32660,0,94000.0,PhD,M,4,187183,marketing
33390,0,215000.0,Bachelor,M,2,119774,sales
91265,1,211000.0,Master,F,5,69463,marketing
11032,0,168000.0,Master,M,2,63832,marketing
17923,1,158000.0,PhD,M,3,59939,marketing
35198,1,248000.0,High_School,M,1,8856,marketing
47450,0,65000.0,Master,M,1,66420,HR
44711,1,138000.0,PhD,F,6,142367,sales
47175,1,118000.0,Bachelor,F,2,198403,sales
11117,0,283000.0,Master,F,2,137369,sales
146404,0,142000.0,PhD,M,5,143437,marketing
63396,0,71000.0,PhD,M,2,102498,HR
28954,0,75000.0,Bachelor,F,2,181311,sales
142868,0,134000.0,Bachelor,F,2,53390,sales
125881,0,86000.0,Bachelor,M,8,160618,sales
142086,0,79000.0,Bachelor,F,2,139278,HR
31133,1,76000.0,High_School,F,1,54136,marketing
100532,0,177000.0,PhD,M,3,21470,marketing
140263,0,110000.0,PhD,M,5,110089,HR
162105,0,242000.0,High_School,M,5,71130,engineering
24071,0,225000.0,Bachelor,M,11,119832,engineering
89895,0,205000.0,PhD,F,7,73982,sales
198893,0,88000.0,PhD,M,12,124994,HR
107622,0,65000.0,Master,M,5,21086,HR
166301,0,82000.0,Master,M,6,34163,sales
52971,0,92000.0,PhD,F,1,172717,HR
156720,0,85000.0,High_School,F,1,88370,HR
86774,0,175000.0,Bachelor,M,2,50679,sales
21660,0,76000.0,Bachelor,M,3,96060,HR
46640,0,240000.0,Bachelor,M,1,157064,marketing
11088,0,203000.0,PhD,M,1,6335,sales
27576,0,111000.0,High_School,M,3,84230,marketing
48737,1,60000.0,PhD,M,1,4384,HR
39417,1,222000.0,Bachelor,M,8,140317,engineering
28383,0,370000.0,Bachelor,F,2,45803,sales
84828,1,171000.0,PhD,F,13,33814,engineering
103853,0,185000.0,Master,M,9,60609,sales
172039,0,240000.0,PhD,M,1,92403,sales
183101,0,177000.0,PhD,M,2,150300,marketing
105954,0,205000.0,High_School,F,1,150408,engineering
27012,0,98000.0,Master,M,3,51121,HR
106478,0,220000.0,Master,M,6,162518,sales
3530,0,296000.0,PhD,F,3,112302,engineering
104746,0,167000.0,Master,M,6,69345,sales
119009,0,219000.0,Master,M,6,198531,sales
65794,1,272000.0,PhD,M,3,98558,engineering
42617,0,104000.0,Bachelor,F,3,175361,sales
129745,0,81000.0,PhD,F,1,47748,HR
72878,0,155000.0,Bachelor,F,4,79237,marketing
103553,1,205000.0,PhD,M,3,95522,marketing
197832,0,235000.0,Master,F,4,139507,marketing
107159,1,377000.0,Master,M,1,25934,engineering
47002,0,132000.0,Master,M,2,132360,sales
100555,0,61000.0,High_School,F,2,5875,marketing
35806,0,84000.0,Master,F,6,184885,HR
7862,0,75000.0,Bachelor,F,1,161727,engineering
128243,0,167000.0,PhD,M,6,115591,sales
123605,0,281000.0,Bachelor,F,4,87733,sales
181692,0,119000.0,Bachelor,M,1,107547,sales
175783,0,289000.0,Master,M,1,53390,sales
77857,1,217000.0,Bachelor,M,17,152500,HR
69544,0,164000.0,PhD,F,6,64190,sales
173361,0,137000.0,Master,F,2,12679,sales
90716,1,358000.0,PhD,F,1,116774,engineering
73893,1,280000.0,Bachelor,M,10,134865,sales
149932,0,166000.0,Master,M,1,125755,marketing
166259,0,299000.0,PhD,M,6,55883,engineering
119302,0,67000.0,Master,F,9,25036,HR
153072,0,99000.0,PhD,M,3,67178,HR
4624,0,146000.0,Bachelor,M,1,159996,sales
174247,0,163000.0,PhD,M,3,11275,marketing
23343,1,101000.0,Bachelor,F,7,129410,sales
24175,0,97000.0,PhD,M,4,158888,sales
108134,1,244000.0,High_School,M,2,132399,sales
1546,0,322000.0,Master,M,1,189890,engineering
49053,0,335000.0,Bachelor,M,4,51738,engineering
187544,0,184000.0,PhD,M,5,161132,marketing
22798,0,282000.0,Master,M,3,98520,marketing
140728,0,143000.0,High_School,M,7,94030,sales
179332,1,86000.0,Master,M,4,113189,sales
35139,0,107000.0,High_School,M,4,80043,HR
54183,0,216000.0,PhD,M,3,82463,marketing
145316,0,88000.0,High_School,F,5,115593,HR
83435,0,137000.0,Bachelor,M,4,168791,engineering
87112,1,301000.0,Bachelor,M,4,128065,engineering
132606,0,79000.0,High_School,M,5,142276,HR
174092,0,188000.0,Master,F,13,3235,sales
125638,0,260000.0,Master,F,1,21470,marketing
143920,0,221000.0,PhD,F,3,18627,marketing
17223,1,66000.0,High_School,M,3,69345,sales
25609,0,79000.0,PhD,M,3,199950,HR
32677,0,85000.0,Bachelor,F,2,119302,HR
152392,0,161000.0,High_School,M,2,77844,sales
132092,0,205000.0,Master,M,6,22090,marketing
113124,0,157000.0,Master,M,9,65451,sales
52027,0,149000.0,Bachelor,F,5,199184,sales
72098,0,66000.0,PhD,M,2,193818,HR
87344,0,338000.0,PhD,F,17,138045,marketing
166233,0,237000.0,PhD,F,3,69943,sales
187014,1,268000.0,Bachelor,M,2,150194,engineering
30749,0,322000.0,PhD,F,9,28697,engineering
88929,1,310000.0,Bachelor,M,2,122145,engineering
122614,0,136000.0,Bachelor,F,6,4394,marketing
46230,1,62000.0,PhD,M,3,138948,marketing
29227,0,180000.0,High_School,F,4,98931,marketing
58497,0,120000.0,High_School,F,6,187183,marketing
66386,0,320000.0,PhD,M,3,91002,marketing
135188,1,110000.0,Bachelor,M,5,182777,marketing
46957,1,110000.0,PhD,F,11,89002,sales
118585,0,138000.0,Master,F,2,160289,sales
95637,0,203000.0,Master,M,2,92845,engineering
181177,0,337000.0,Master,M,5,174122,engineering
170358,0,325000.0,Bachelor,F,5,98967,marketing
69128,0,61000.0,High_School,F,2,84230,marketing
73177,0,255000.0,High_School,M,4,60373,marketing
171123,0,151000.0,Bachelor,M,5,182996,sales
12209,0,257000.0,PhD,F,2,24979,marketing
123306,0,182000.0,High_School,M,1,98967,marketing
73389,1,197000.0,Bachelor,F,1,134048,sales
48189,0,243000.0,High_School,M,1,123258,marketing
199003,0,141000.0,Master,M,2,191485,sales
128692,0,145000.0,Master,M,1,191485,sales
105689,0,96000.0,High_School,M,2,85426,HR
55125,0,96000.0,Bachelor,M,3,189627,sales
82380,0,257000.0,PhD,M,3,57938,engineering
100009,1,132000.0,Bachelor,M,1,167389,sales
59824,1,245000.0,PhD,F,7,125775,marketing
107621,0,77000.0,Master,M,3,59555,marketing
119714,0,86000.0,PhD,F,9,147715,sales
156294,0,86000.0,Bachelor,M,2,61517,HR
50399,0,251000.0,PhD,F,3,81490,sales
141803,0,129000.0,Bachelor,M,2,185982,sales
139005,0,227000.0,PhD,M,1,39417,engineering
39659,1,356000.0,Master,F,3,16510,sales
133979,0,265000.0,High_School,M,1,195795,sales
196288,0,175000.0,PhD,M,4,134671,sales
120853,0,199000.0,High_School,M,5,41991,sales
49992,0,78000.0,PhD,F,4,104759,HR
81945,0,295000.0,High_School,M,3,193518,sales
26114,0,394000.0,PhD,M,3,79934,engineering
144219,0,312000.0,Bachelor,M,10,146629,engineering
60863,0,321000.0,Master,M,3,160511,marketing
115490,0,263000.0,PhD,M,4,77844,sales
43136,0,376000.0,PhD,M,2,185982,sales
57358,0,230000.0,Master,M,3,150408,engineering
121887,1,293000.0,PhD,M,4,78874,sales
154508,0,266000.0,PhD,M,1,56451,sales
128447,0,131000.0,PhD,M,13,193330,engineering
109442,0,87000.0,Master,M,4,129410,sales
70785,0,132000.0,PhD,M,2,87847,sales
59139,1,88000.0,Master,M,7,129410,sales
181835,1,74000.0,Master,M,3,88370,HR
22879,0,349000.0,Master,M,3,121419,engineering
145405,0,86000.0,PhD,M,1,59353,engineering
181954,0,265000.0,Bachelor,M,3,112245,sales
170059,0,124000.0,PhD,M,4,189148,HR
94039,1,217000.0,Master,M,6,107049,sales
65449,1,302000.0,High_School,M,4,121419,engineering
45133,0,252000.0,PhD,F,3,5875,marketing
116428,0,179000.0,Master,M,2,145710,engineering
187885,0,163000.0,Bachelor,F,1,110508,engineering
19015,1,264000.0,High_School,F,3,122567,engineering
121082,1,103000.0,PhD,M,1,168564,sales
53545,0,94000.0,PhD,M,5,184885,HR
185542,0,114000.0,Master,F,1,181772,sales
9186,0,67000.0,Master,M,4,31063,HR
192620,0,147000.0,PhD,M,5,113189,sales
115029,0,254000.0,PhD,F,6,187183,marketing
152926,1,219000.0,PhD,M,4,87762,sales
168342,1,251000.0,Master,M,6,92567,engineering
170466,0,61000.0,Bachelor,M,1,27704,sales
180535,0,209000.0,High_School,F,1,147783,sales
180313,0,142000.0,High_School,F,1,6536,marketing
55451,0,277000.0,Master,F,4,27393,sales
56547,0,74000.0,Master,F,5,97422,HR
176262,0,76000.0,High_School,F,5,64087,HR
49203,0,68000.0,PhD,F,3,754,HR
150928,0,268000.0,PhD,M,5,94611,engineering
165291,1,66000.0,PhD,M,2,183283,HR
2515,0,237000.0,Master,M,3,88303,sales
156147,0,247000.0,High_School,F,5,78874,sales
30701,0,133000.0,PhD,M,1,65126,marketing
187262,0,193000.0,Bachelor,F,4,69345,sales
156949,0,264000.0,PhD,F,4,48352,engineering
70138,1,215000.0,High_School,M,3,1651,engineering
9216,0,67000.0,PhD,F,1,158777,marketing
116205,1,164000.0,Master,F,2,109671,marketing
56068,1,239000.0,Master,M,32,11277,sales
144038,1,175000.0,Bachelor,F,4,52313,sales
116832,0,192000.0,High_School,F,5,158609,sales
155590,0,234000.0,Master,M,3,114572,marketing
152662,0,155000.0,Master,M,1,84230,marketing
37803,0,150000.0,PhD,M,3,103421,engineering
176062,0,92000.0,PhD,F,3,179149,HR
150107,0,292000.0,Bachelor,F,4,113618,marketing
70050,0,211000.0,Bachelor,M,6,195795,sales
82824,0,243000.0,High_School,F,4,70819,engineering
24979,1,200000.0,PhD,M,4,146600,marketing
190057,0,81000.0,High_School,F,1,104539,HR
57366,0,304000.0,Master,M,7,115591,sales
162035,0,189000.0,Bachelor,M,13,134865,sales
136347,1,343000.0,Master,F,5,47472,engineering
17100,0,224000.0,PhD,M,2,175593,sales
13689,0,189000.0,Master,F,4,74818,sales
96020,1,105000.0,Master,M,1,126515,HR
89962,0,244000.0,Bachelor,F,5,160169,sales
158840,1,268000.0,Master,M,7,179569,sales
48471,0,139000.0,Master,M,5,168742,sales
53374,0,124000.0,Master,F,14,157492,sales
177361,0,113000.0,Bachelor,M,8,75198,marketing
38792,0,62000.0,Master,F,2,41808,HR
193370,0,265000.0,Master,M,2,71757,marketing
153412,1,296000.0,PhD,M,3,139507,marketing
10898,1,159000.0,Master,M,7,55481,engineering
28774,1,259000.0,PhD,F,6,68998,marketing
64768,0,74000.0,Bachelor,F,4,75198,marketing
51257,0,217000.0,Bachelor,M,7,88007,sales
92114,0,68000.0,PhD,F,1,62298,HR
119353,0,234000.0,Master,M,4,51738,engineering
79193,1,61000.0,Master,F,13,91117,sales
118083,0,178000.0,Master,M,1,48352,engineering
11507,0,87000.0,Master,F,8,20378,HR
188845,0,105000.0,PhD,F,2,131525,sales
14017,1,337000.0,High_School,F,5,85791,sales
118175,0,61000.0,High_School,F,4,51121,HR
164008,1,144000.0,Bachelor,M,1,5282,sales
177475,0,74000.0,Bachelor,F,3,51331,HR
114207,1,85000.0,Bachelor,F,2,12649,engineering
86127,0,76000.0,PhD,F,4,80240,HR
16189,0,274000.0,PhD,M,6,188118,sales
97261,0,156000.0,Bachelor,F,4,132399,sales
113578,0,142000.0,Bachelor,M,5,125912,marketing
127554,1,171000.0,High_School,F,1,83032,marketing
133469,0,71000.0,Bachelor,M,2,146111,HR
110756,1,233000.0,Master,M,1,75860,engineering
68126,0,126000.0,Bachelor,F,9,101981,sales
23162,0,240000.0,High_School,M,3,95522,marketing
1198,0,73000.0,Bachelor,F,4,75705,HR
77359,0,316000.0,Bachelor,M,7,19424,engineering
8488,0,102000.0,High_School,M,3,52525,engineering
24402,1,367000.0,PhD,F,2,26468,engineering
66639,0,116000.0,Bachelor,M,1,191495,sales
146771,1,184000.0,Bachelor,F,2,144927,sales
34714,1,275000.0,Master,M,6,32248,sales
67665,0,69000.0,Master,F,1,197896,HR
79854,0,347000.0,Bachelor,M,2,66306,engineering
68281,0,112000.0,Master,F,3,134944,sales
16801,1,316000.0,Master,M,7,192145,sales
12649,0,302000.0,High_School,F,14,17837,engineering
199950,0,66000.0,PhD,F,6,41533,HR
185403,0,119000.0,Master,M,1,124014,sales
147783,0,81000.0,Bachelor,M,11,65522,sales
117671,0,252000.0,Master,F,2,190065,marketing
177824,0,133000.0,Bachelor,M,4,198778,engineering
116326,0,249000.0,Bachelor,M,5,149485,sales
114636,0,85000.0,Bachelor,F,1,66692,sales
10631,0,74000.0,Bachelor,M,9,59939,marketing
91241,1,306000.0,Bachelor,F,2,81860,engineering
75537,1,212000.0,High_School,M,1,168905,engineering
166390,1,282000.0,Bachelor,M,4,160169,sales
81005,0,171000.0,Master,M,9,149696,sales
164204,0,65000.0,High_School,M,2,11275,marketing
117812,0,65000.0,PhD,F,3,47260,HR
130987,0,304000.0,Bachelor,F,3,136468,sales
50559,0,257000.0,Bachelor,M,3,23565,sales
22394,0,71000.0,Master,M,3,125775,marketing
62171,0,245000.0,High_School,F,3,54808,sales
152254,1,366000.0,Master,M,6,92845,engineering
110298,0,223000.0,High_School,M,4,133858,engineering
73516,1,369000.0,Master,M,4,102632,marketing
32297,0,110000.0,Master,F,3,141211,HR
57580,1,161000.0,Master,F,1,134982,sales
58926,0,167000.0,Bachelor,M,2,70547,marketing
49128,0,264000.0,Bachelor,M,1,74066,engineering
186640,0,83000.0,Master,F,1,94030,sales
65830,0,78000.0,High_School,M,1,11507,HR
89960,0,67000.0,PhD,F,1,71152,HR
192954,0,60000.0,Bachelor,M,5,4384,HR
86053,0,227000.0,Bachelor,F,3,4110,sales
2255,0,86000.0,High_School,M,1,179149,HR
168742,0,363000.0,Bachelor,M,7,59535,sales
75799,1,200000.0,Bachelor,M,3,67522,sales
36763,0,196000.0,Bachelor,M,1,119658,engineering
80240,0,102000.0,Master,F,11,50665,HR
182661,1,170000.0,Bachelor,F,7,12214,sales
44733,1,113000.0,Master,F,2,191454,marketing
188360,1,72000.0,Master,M,1,105542,marketing
101588,0,131000.0,High_School,M,2,6536,marketing
71560,0,109000.0,High_School,F,1,136313,engineering
56479,0,184000.0,High_School,F,4,159996,sales
105910,0,228000.0,Master,M,1,151005,marketing
189661,0,146000.0,PhD,M,2,90,engineering
12357,0,175000.0,Master,M,6,112245,sales
119560,0,302000.0,Master,M,3,48912,engineering
120379,0,71000.0,Bachelor,F,5,130342,HR
91375,0,318000.0,PhD,F,4,150722,marketing
52390,0,266000.0,Bachelor,M,1,78215,sales
120938,0,272000.0,Master,M,4,32938,engineering
140022,0,329000.0,Master,M,3,6335,sales
53127,1,110000.0,Master,M,4,96420,sales
129852,0,352000.0,High_School,M,2,81111,engineering
91170,0,76000.0,Master,M,7,17211,HR
171996,0,388000.0,Master,M,7,24071,engineering
50166,0,147000.0,High_School,F,5,158609,sales
148957,0,233000.0,Master,M,6,179459,marketing
189066,1,259000.0,Master,M,3,148260,marketing
173043,1,172000.0,PhD,M,3,5282,sales
163145,0,97000.0,Bachelor,M,3,87733,sales
181455,0,130000.0,Bachelor,M,4,61811,sales
155653,0,310000.0,PhD,M,3,194078,marketing
192684,0,66000.0,Master,F,4,754,HR
81177,0,95000.0,PhD,M,3,130342,HR
43756,0,209000.0,PhD,M,1,48742,engineering
38044,1,61000.0,Bachelor,F,1,168742,sales
31412,1,154000.0,High_School,M,1,6536,marketing
179244,0,395000.0,PhD,M,5,166928,engineering
92706,1,315000.0,High_School,F,3,4394,marketing
185942,0,210000.0,Master,M,4,120381,sales
49428,1,247000.0,PhD,M,2,112245,sales
186885,0,119000.0,PhD,M,5,114011,engineering
114086,1,256000.0,High_School,M,2,9706,sales
83242,1,305000.0,Bachelor,M,1,188118,sales
125888,1,226000.0,Master,M,3,5282,sales
172577,0,71000.0,PhD,F,2,15768,HR
66160,0,226000.0,Master,F,3,79285,sales
62121,0,103000.0,PhD,M,1,14299,engineering
63642,1,70000.0,High_School,F,3,142630,HR
131240,0,321000.0,Bachelor,M,6,61811,sales
181410,1,290000.0,High_School,F,5,181772,sales
95087,0,202000.0,PhD,F,4,123258,marketing
114794,0,240000.0,High_School,M,3,26468,engineering
19305,0,315000.0,Bachelor,M,2,166928,engineering
77661,1,201000.0,PhD,F,6,128966,sales
21586,0,297000.0,PhD,M,4,76435,sales
149246,0,147000.0,High_School,M,1,87847,sales
76973,0,234000.0,High_School,M,6,147249,engineering
154802,0,133000.0,PhD,M,4,148236,sales
108763,0,204000.0,Bachelor,F,4,121419,engineering
184203,1,189000.0,Bachelor,M,3,168742,sales
179122,0,325000.0,PhD,F,3,71585,sales
50007,0,246000.0,Bachelor,M,4,109254,sales
188783,0,96000.0,Bachelor,M,6,193818,HR
153475,1,87000.0,PhD,M,5,183065,engineering
104855,0,352000.0,Master,M,3,154891,engineering
175382,0,383000.0,Bachelor,M,2,108428,engineering
143395,0,160000.0,Master,M,5,37434,sales
62806,0,122000.0,Master,M,2,132399,sales
109002,0,350000.0,PhD,F,6,12649,engineering
197012,1,296000.0,Bachelor,M,7,144219,engineering
157446,1,265000.0,Bachelor,M,6,129626,marketing
178159,1,290000.0,Bachelor,M,4,46957,sales
146559,0,60000.0,PhD,M,2,129287,HR
181559,0,249000.0,Master,M,4,169574,marketing
101030,0,237000.0,Bachelor,M,3,131063,marketing
120769,0,350000.0,Master,F,2,131620,sales
2314,1,120000.0,Master,F,7,166928,engineering
101827,0,106000.0,PhD,F,4,150290,HR
25895,1,71000.0,High_School,F,1,39388,sales
121819,0,121000.0,Master,F,2,123502,HR
133729,0,76000.0,PhD,M,3,11507,HR
147388,0,157000.0,Master,M,1,116774,engineering
156238,1,96000.0,Bachelor,M,3,45803,sales
10748,0,311000.0,High_School,M,5,168905,engineering
42144,0,116000.0,Bachelor,F,3,41808,HR
198879,0,157000.0,PhD,M,7,83356,sales
39290,0,74000.0,High_School,F,1,126515,HR
150809,0,80000.0,PhD,F,8,61517,HR
194736,0,379000.0,Bachelor,F,1,91002,marketing
196713,0,86000.0,PhD,F,2,115593,HR
137109,0,93000.0,Bachelor,F,4,22887,HR
164113,0,66000.0,High_School,F,5,17211,HR
107770,0,88000.0,PhD,M,6,68222,HR
9239,0,169000.0,Bachelor,M,11,47127,sales
120257,0,68000.0,Master,F,5,123263,HR
78775,1,112000.0,Master,M,2,29712,engineering
189690,1,114000.0,PhD,M,3,193452,sales
15411,0,236000.0,PhD,M,2,77670,sales
28088,1,202000.0,High_School,F,5,111363,sales
19143,1,314000.0,Master,M,2,129734,engineering
58585,1,264000.0,PhD,F,6,148260,marketing
81562,0,185000.0,PhD,F,4,67931,engineering
77344,0,377000.0,PhD,M,3,158056,engineering
41648,0,199000.0,Master,M,5,92403,sales
67393,1,182000.0,Bachelor,F,2,198240,sales
59035,0,388000.0,High_School,F,7,180925,sales
183528,1,202000.0,Master,M,14,184512,engineering
53012,0,259000.0,Master,F,10,91869,marketing
149856,0,91000.0,PhD,F,3,47260,HR
116926,0,178000.0,PhD,M,3,182777,marketing
51095,0,230000.0,Master,M,1,47618,marketing
46097,0,163000.0,PhD,M,2,140542,sales
36531,1,210000.0,PhD,M,2,56316,sales
110979,0,75000.0,Master,F,1,123502,HR
92074,0,395000.0,PhD,M,4,198531,sales
78049,0,109000.0,High_School,F,1,11507,HR
85665,0,256000.0,Bachelor,M,2,138772,sales
93198,0,399000.0,Bachelor,M,4,156010,engineering
177406,0,345000.0,High_School,M,5,101484,engineering
170681,1,86000.0,Bachelor,F,1,62043,engineering
142200,0,96000.0,High_School,M,6,47748,HR
108912,1,125000.0,PhD,M,3,79237,marketing
159670,0,235000.0,Master,M,6,52920,sales
22903,0,296000.0,High_School,M,1,154170,engineering
70747,1,117000.0,Master,M,6,47863,engineering
162309,0,64000.0,Master,M,5,97040,HR
41277,1,67000.0,Bachelor,F,4,754,HR
78093,0,350000.0,High_School,M,4,116289,engineering
26466,0,61000.0,Bachelor,F,3,135804,HR
77684,0,197000.0,Bachelor,M,2,191083,marketing
182289,0,244000.0,PhD,F,4,190060,sales
42182,1,230000.0,PhD,F,2,192414,sales
60724,0,185000.0,Bachelor,M,1,123358,sales
189536,0,229000.0,High_School,M,1,131620,sales
137633,1,72000.0,High_School,F,5,7095,HR
77851,0,264000.0,Bachelor,M,10,36075,sales
67053,0,138000.0,High_School,F,5,119774,sales
132329,0,320000.0,Master,M,2,130204,marketing
9367,0,358000.0,Master,M,4,63785,engineering
52856,1,351000.0,Master,M,6,191083,marketing
102070,0,239000.0,Master,M,1,160618,sales
196490,0,107000.0,Bachelor,M,2,165426,HR
150121,0,107000.0,PhD,M,4,18627,marketing
60287,1,63000.0,Master,M,3,181886,sales
100707,1,110000.0,Bachelor,M,2,33266,marketing
76863,1,96000.0,Master,M,4,158609,sales
986,1,184000.0,High_School,M,5,37220,engineering
92845,1,327000.0,Bachelor,M,8,92567,engineering
132143,0,198000.0,High_School,M,1,175361,sales
145097,1,134000.0,PhD,M,5,92403,sales
123860,1,206000.0,Master,M,1,167877,sales
77556,0,79000.0,PhD,M,10,45969,HR
43810,0,346000.0,Bachelor,M,1,159098,engineering
183281,0,393000.0,High_School,M,1,169223,engineering
121129,0,212000.0,Bachelor,M,4,160169,sales
44520,0,335000.0,Master,M,1,197206,marketing
63570,0,82000.0,PhD,F,2,7095,HR
42899,0,183000.0,PhD,M,5,69903,engineering
34134,1,359000.0,High_School,F,14,172989,sales
129626,1,297000.0,Bachelor,F,4,118233,marketing
181946,0,224000.0,Bachelor,M,2,157064,marketing
145286,0,106000.0,Master,F,6,190566,marketing
113566,0,365000.0,Bachelor,F,9,154285,engineering
64893,0,180000.0,Master,M,4,160618,sales
60405,1,236000.0,PhD,M,4,26468,engineering
170732,0,93000.0,Bachelor,M,1,180930,sales
179879,0,260000.0,High_School,F,2,60609,sales
31679,0,68000.0,Bachelor,M,5,8812,HR
193546,0,144000.0,Master,M,1,166729,marketing
178617,0,135000.0,High_School,M,4,78215,sales
155829,0,275000.0,PhD,F,4,148984,sales
145975,1,338000.0,Bachelor,M,3,57938,engineering
58666,1,83000.0,High_School,M,6,148795,engineering
162303,0,372000.0,PhD,M,4,8193,engineering
84813,0,107000.0,High_School,M,4,59939,marketing
174752,0,121000.0,PhD,M,2,75242,engineering
153209,1,150000.0,Master,F,3,112643,sales
54807,0,80000.0,Master,F,4,180006,HR
4655,0,216000.0,PhD,M,5,92403,sales
74315,0,122000.0,High_School,M,1,174800,marketing
30087,0,234000.0,Bachelor,M,2,41991,sales
146498,0,248000.0,PhD,F,2,87613,engineering
50374,0,373000.0,PhD,M,2,52525,engineering
40510,0,222000.0,Master,M,3,160618,sales
44496,1,312000.0,PhD,M,4,103421,engineering
147441,1,266000.0,Master,F,2,90065,engineering
147381,0,245000.0,High_School,M,4,21470,marketing
181396,0,202000.0,Master,M,6,148418,engineering
18863,1,154000.0,High_School,M,3,140061,sales
101216,0,118000.0,Bachelor,F,3,90639,marketing
132705,0,65000.0,Master,M,2,39231,HR
138163,0,168000.0,Bachelor,F,2,144219,engineering
31385,1,146000.0,Master,F,6,92845,engineering
48742,0,226000.0,Bachelor,M,9,28697,engineering
136600,0,195000.0,PhD,M,7,47472,engineering
173162,0,172000.0,PhD,M,5,167877,sales
197984,0,290000.0,High_School,M,4,141079,engineering
132144,1,131000.0,PhD,M,2,171940,marketing
7254,1,346000.0,Bachelor,M,3,182028,engineering
179212,0,151000.0,PhD,F,4,162889,marketing
160099,1,140000.0,PhD,M,3,4110,sales
149983,1,165000.0,Master,M,3,30488,marketing
179569,1,336000.0,Bachelor,M,11,78493,sales
170195,0,142000.0,Master,M,1,75246,engineering
170756,0,297000.0,PhD,M,2,177166,engineering
185741,0,327000.0,High_School,F,5,69943,sales
162608,0,104000.0,PhD,M,2,79735,engineering
78138,1,165000.0,Bachelor,F,2,189890,engineering
71851,0,261000.0,High_School,F,2,67931,engineering
48863,0,266000.0,High_School,M,6,76435,sales
110878,0,303000.0,Master,M,9,119481,engineering
50279,0,81000.0,Master,F,1,742,HR
99583,0,236000.0,Master,F,1,150300,marketing
138107,0,168000.0,High_School,M,1,59939,marketing
147033,0,309000.0,Bachelor,M,2,8198,engineering
5615,0,224000.0,Master,F,4,41721,marketing
161391,1,251000.0,PhD,F,1,168797,marketing
125684,0,107000.0,Bachelor,F,5,29749,HR
110794,0,73000.0,Master,F,1,80043,HR
21979,0,301000.0,Bachelor,M,6,60319,sales
77424,0,208000.0,Bachelor,M,3,181421,sales
169760,0,147000.0,Master,M,1,144219,engineering
84491,1,161000.0,Master,M,3,138772,sales
195460,0,114000.0,Bachelor,M,6,153551,sales
159130,0,60000.0,Master,F,3,151838,sales
106723,0,236000.0,PhD,F,2,164326,sales
168426,1,139000.0,Bachelor,F,5,17291,sales
86074,0,94000.0,High_School,M,3,167389,sales
34783,0,106000.0,Master,M,1,99139,sales
31767,1,259000.0,Bachelor,M,2,25934,engineering
189297,0,174000.0,PhD,M,2,182556,sales
196635,0,270000.0,PhD,F,7,113578,marketing
25173,1,227000.0,High_School,M,1,95473,sales
34194,0,180000.0,Master,F,1,174092,sales
168905,0,345000.0,Bachelor,F,10,193330,engineering
58652,0,65000.0,PhD,F,2,100373,HR
45730,0,303000.0,Master,F,7,30468,engineering
163711,0,113000.0,Bachelor,M,5,159906,sales
34157,1,138000.0,PhD,M,2,30640,engineering
25003,0,155000.0,Master,F,3,111974,engineering
123063,0,347000.0,High_School,M,5,164326,sales
96546,0,184000.0,Bachelor,M,5,142685,sales
84991,1,73000.0,Master,M,5,14470,sales
114338,0,79000.0,Master,M,4,51121,HR
25291,0,289000.0,High_School,M,2,192369,sales
1127,1,349000.0,Master,M,9,23565,sales
30940,1,331000.0,Master,M,4,162196,engineering
197241,0,84000.0,High_School,F,7,9400,HR
74096,0,150000.0,PhD,M,8,24287,HR
62357,0,107000.0,Bachelor,F,3,64190,sales
136800,0,253000.0,Bachelor,F,4,19424,engineering
172403,0,77000.0,Bachelor,M,5,23565,sales
191873,1,172000.0,High_School,M,5,40904,engineering
169564,1,188000.0,PhD,M,3,57316,sales
31367,0,285000.0,Master,M,1,60319,sales
114091,1,104000.0,Master,M,6,116180,engineering
74575,0,108000.0,Bachelor,M,3,14470,sales
100779,0,228000.0,Master,M,5,147642,sales
120633,0,77000.0,High_School,M,7,51121,HR
136905,1,180000.0,Bachelor,F,18,71889,HR
48883,0,237000.0,PhD,M,1,179929,sales
139440,0,81000.0,PhD,M,2,194078,marketing
190184,0,142000.0,PhD,F,5,191289,engineering
2030,0,88000.0,PhD,F,2,91979,HR
188410,1,158000.0,Master,M,5,18939,sales
145856,0,89000.0,Master,F,3,73846,sales
151440,0,112000.0,High_School,M,4,191073,sales
126210,1,228000.0,PhD,F,4,68201,sales
88023,0,202000.0,Master,F,2,55431,sales
190801,0,277000.0,PhD,M,19,51535,engineering
172608,0,72000.0,PhD,M,2,742,HR
163627,0,290000.0,High_School,M,2,149970,marketing
167188,0,74000.0,PhD,M,4,89619,HR
65738,1,225000.0,Bachelor,M,3,90237,sales
123032,1,326000.0,PhD,F,2,132187,engineering
148380,0,65000.0,Master,F,1,43937,HR
34493,0,181000.0,PhD,M,1,196660,sales
43684,0,294000.0,Bachelor,M,6,57938,engineering
166866,0,297000.0,Bachelor,F,4,87330,engineering
41557,0,76000.0,Bachelor,F,1,129287,HR
51616,0,315000.0,Master,F,4,64724,marketing
129779,1,246000.0,PhD,M,1,139180,marketing
183940,0,204000.0,Master,F,5,91002,marketing
2957,1,333000.0,Bachelor,M,6,71130,engineering
116384,0,225000.0,Master,M,3,125755,marketing
34122,0,95000.0,PhD,F,1,129410,sales
140838,0,60000.0,Bachelor,M,8,95935,HR
123150,1,243000.0,Master,M,5,181421,sales
151780,0,84000.0,PhD,F,3,97919,HR
27235,1,146000.0,Master,M,2,147819,sales
3312,0,153000.0,Bachelor,F,1,69903,engineering
145126,0,94000.0,PhD,M,3,114472,sales
68048,0,98000.0,PhD,F,1,62161,marketing
187831,0,176000.0,PhD,M,5,134982,sales
174018,0,369000.0,Master,M,1,170076,engineering
58541,0,231000.0,High_School,M,1,183824,engineering
76651,0,79000.0,Master,M,7,172541,HR
101720,1,66000.0,PhD,F,3,64858,HR
115694,1,257000.0,Master,M,13,152076,engineering
57482,0,273000.0,Bachelor,M,5,131525,sales
50679,0,75000.0,Master,M,11,181310,sales
141010,1,140000.0,Master,M,2,133927,engineering
160686,0,120000.0,High_School,M,1,29733,HR
117773,0,318000.0,PhD,M,1,198875,engineering
57481,0,158000.0,Master,M,3,8711,marketing
161055,0,60000.0,Bachelor,F,1,47260,HR
38909,0,92000.0,Bachelor,M,3,100373,HR
149550,0,74000.0,High_School,F,2,73254,HR
65460,0,342000.0,PhD,M,3,136468,sales
1612,0,179000.0,PhD,M,6,164439,marketing
184160,0,386000.0,Master,F,2,51738,engineering
163861,0,246000.0,Master,M,4,181219,marketing
76815,0,321000.0,PhD,F,2,188118,sales
54468,0,235000.0,High_School,M,3,158777,marketing
39811,0,267000.0,High_School,F,1,103912,sales
129392,0,64000.0,PhD,M,5,146111,HR
17509,1,286000.0,PhD,F,8,59705,sales
126307,1,203000.0,Master,M,9,191289,engineering
188042,0,223000.0,Master,M,1,123000,sales
18800,1,156000.0,Master,M,4,181996,engineering
44589,0,70000.0,PhD,F,6,27018,HR
115591,0,309000.0,PhD,M,7,66119,sales
12970,0,106000.0,PhD,M,1,171499,engineering
31960,0,169000.0,Master,M,1,180037,sales
75234,0,93000.0,PhD,M,5,197896,HR
28439,0,104000.0,PhD,M,2,196637,engineering
130135,0,92000.0,PhD,F,9,95935,HR
196010,0,271000.0,Bachelor,F,5,51738,engineering
187556,1,323000.0,Master,F,4,30749,engineering
61631,0,258000.0,Master,M,1,12649,engineering
20901,1,328000.0,High_School,M,5,189937,engineering
140671,1,96000.0,High_School,M,3,38308,marketing
167223,0,197000.0,PhD,F,22,40920,marketing
171499,0,295000.0,PhD,M,14,152076,engineering
35838,0,77000.0,Bachelor,F,3,14226,HR
90167,0,232000.0,High_School,F,2,53390,sales
40497,1,331000.0,Master,M,1,187053,engineering
33274,1,289000.0,Master,M,5,183045,engineering
183858,1,326000.0,Master,M,3,153291,sales
132874,0,77000.0,PhD,F,3,53826,HR
190060,0,82000.0,Master,F,2,181310,sales
88869,1,211000.0,Bachelor,M,3,182996,sales
1310,1,254000.0,Master,M,3,71130,engineering
175846,0,230000.0,PhD,M,3,91124,sales
24460,0,91000.0,Master,F,1,73254,HR
117076,0,168000.0,High_School,M,3,70819,engineering
1467,0,146000.0,Bachelor,F,1,148984,sales
97928,0,135000.0,PhD,M,1,128966,sales
113834,0,138000.0,High_School,M,2,115591,sales
163969,0,73000.0,PhD,F,6,252,HR
187001,1,73000.0,Bachelor,M,1,169833,HR
120808,0,83000.0,PhD,F,3,198240,sales
126823,1,234000.0,Master,M,5,166729,marketing
107204,0,246000.0,Master,M,9,48730,marketing
43940,0,253000.0,Bachelor,M,5,51293,sales
15277,1,288000.0,Master,M,10,132307,engineering
199580,1,375000.0,Master,M,1,167921,engineering
51522,1,199000.0,Bachelor,M,1,88936,sales
13642,0,68000.0,Master,F,1,104539,HR
149759,0,109000.0,Master,M,4,154381,sales
27709,1,63000.0,Bachelor,F,3,168415,HR
97318,1,61000.0,Master,M,2,154375,HR
81490,1,260000.0,Bachelor,M,13,65174,sales
73961,0,140000.0,Master,F,2,29960,marketing
79371,0,84000.0,Master,M,2,162518,sales
19767,1,294000.0,Bachelor,F,3,94507,engineering
24366,0,250000.0,Bachelor,M,1,127769,engineering
20677,0,221000.0,PhD,F,3,40904,engineering
41014,0,248000.0,PhD,M,1,105542,marketing
53078,0,309000.0,PhD,M,5,187053,engineering
37179,1,220000.0,PhD,M,6,39417,engineering
4873,1,215000.0,PhD,M,1,52319,sales
108505,0,95000.0,PhD,M,2,57701,HR
45600,0,85000.0,High_School,M,1,41808,HR
71945,0,227000.0,PhD,M,13,183869,engineering
148860,1,63000.0,PhD,F,5,129778,HR
162976,0,78000.0,PhD,M,2,123263,HR
180741,0,79000.0,Master,F,4,194904,HR
106281,0,399000.0,PhD,F,9,196058,marketing
62990,0,187000.0,Master,F,3,129381,sales
112086,0,75000.0,High_School,M,5,160169,sales
61554,1,700000.0,PhD,M,7,,CEO
196755,0,196000.0,Master,M,6,149696,sales
169015,1,399000.0,PhD,F,4,91002,marketing
198531,1,85000.0,Bachelor,M,12,49727,sales
138904,0,90000.0,Master,M,1,189742,HR
139637,0,245000.0,High_School,F,2,95609,sales
171548,0,366000.0,High_School,M,4,154891,engineering
116647,0,84000.0,Bachelor,F,2,115856,sales
60602,0,139000.0,PhD,F,1,159638,HR
107083,0,247000.0,High_School,M,1,70819,engineering
199381,0,93000.0,Master,F,2,103884,HR
4895,1,308000.0,PhD,F,6,41335,engineering
82385,0,299000.0,Master,M,3,107547,sales
100630,0,142000.0,Master,M,1,157966,marketing
80565,1,107000.0,Bachelor,M,4,14465,HR
44614,0,269000.0,High_School,M,2,26505,marketing
41287,0,201000.0,PhD,M,3,159838,marketing
138576,0,67000.0,PhD,M,8,142850,sales
45866,0,110000.0,Bachelor,M,7,63077,sales
193726,0,157000.0,High_School,F,5,70547,marketing
121208,1,299000.0,Bachelor,F,3,1050,engineering
157865,0,150000.0,High_School,M,5,134536,engineering
23613,0,311000.0,Bachelor,F,3,162381,engineering
39178,0,63000.0,Master,F,4,39231,HR
195624,0,235000.0,Bachelor,F,5,91345,sales
123803,1,221000.0,Master,F,1,155570,marketing
163333,0,260000.0,PhD,F,6,8711,marketing
145576,0,259000.0,Master,M,1,119774,sales
97186,0,248000.0,PhD,M,3,128511,engineering
7825,0,129000.0,PhD,M,1,29960,marketing
147016,1,179000.0,Bachelor,M,3,32248,sales
127531,0,163000.0,Master,M,1,142367,sales
19003,0,257000.0,Bachelor,F,4,110508,engineering
46706,1,68000.0,Master,M,2,180854,sales
87510,0,97000.0,PhD,F,4,53856,HR
96907,1,164000.0,PhD,M,8,10773,engineering
164341,0,256000.0,Bachelor,M,3,199282,marketing
143640,0,306000.0,Master,F,4,123000,sales
112966,1,298000.0,Bachelor,M,1,155437,engineering
163350,0,267000.0,Bachelor,M,4,169231,sales
120187,1,214000.0,PhD,M,2,55653,sales
59128,0,150000.0,Master,F,3,198879,sales
38678,1,209000.0,Bachelor,M,3,154292,engineering
74784,0,117000.0,Master,M,2,182116,sales
76394,0,117000.0,Master,M,5,192132,marketing
68222,0,84000.0,Master,M,10,24681,HR
16409,0,272000.0,High_School,M,1,192145,sales
173171,1,227000.0,Master,M,7,1808,engineering
131187,0,185000.0,Bachelor,F,4,26505,marketing
87378,0,197000.0,Master,M,1,190778,marketing
18325,0,173000.0,Bachelor,M,1,107547,sales
30640,0,288000.0,Bachelor,M,11,92567,engineering
27275,0,81000.0,Master,F,7,70406,marketing
138726,0,82000.0,PhD,M,4,194904,HR
40726,0,196000.0,Master,F,1,182038,sales
195549,1,193000.0,PhD,M,1,95473,sales
185339,0,237000.0,High_School,M,5,186283,engineering
199941,0,289000.0,Bachelor,M,2,29547,engineering
127889,0,198000.0,Bachelor,M,6,46957,sales
75029,0,180000.0,High_School,M,1,5743,sales
130392,0,193000.0,PhD,M,2,193518,sales
99305,0,75000.0,Master,F,5,123502,HR
5756,1,399000.0,Bachelor,M,4,198814,marketing
78770,1,258000.0,Bachelor,M,4,63785,engineering
74444,0,66000.0,Master,F,2,115765,HR
27246,0,117000.0,Bachelor,M,5,10922,sales
62499,0,81000.0,Master,M,3,22887,HR
67485,0,63000.0,Master,F,1,80043,HR
151698,0,159000.0,Master,M,6,60319,sales
159563,1,176000.0,Master,M,4,18312,engineering
158291,1,101000.0,Master,M,3,175365,marketing
172200,1,73000.0,High_School,F,8,754,HR
36940,1,104000.0,PhD,M,2,4440,marketing
173452,0,305000.0,Bachelor,M,3,193920,sales
139075,0,306000.0,Master,M,4,183528,engineering
18960,0,69000.0,Bachelor,F,3,123000,sales
116289,0,312000.0,PhD,M,2,189937,engineering
110369,0,231000.0,High_School,M,6,149135,engineering
117378,1,125000.0,Bachelor,M,3,160511,marketing
184512,0,214000.0,Bachelor,M,18,109804,engineering
11959,0,250000.0,Bachelor,M,1,144927,sales
196024,0,317000.0,PhD,M,5,77613,sales
194045,1,306000.0,Master,M,6,59353,engineering
158970,1,98000.0,Master,M,3,98931,marketing
73491,0,280000.0,Bachelor,M,3,48120,engineering
110991,1,66000.0,PhD,F,3,66420,HR
50525,1,314000.0,PhD,F,7,183045,engineering
132399,0,150000.0,Bachelor,M,12,94362,sales
61489,0,99000.0,Bachelor,F,1,95522,marketing
144163,0,269000.0,Master,M,1,59705,sales
136874,1,305000.0,Master,F,5,69345,sales
140752,1,192000.0,PhD,M,7,110878,engineering
170438,0,125000.0,High_School,M,1,122145,engineering
125541,0,287000.0,Bachelor,F,2,128447,engineering
139027,0,101000.0,PhD,F,7,19524,marketing
132076,0,169000.0,Bachelor,M,2,169223,engineering
110748,1,174000.0,Bachelor,F,1,68998,marketing
186429,0,156000.0,Master,M,3,175434,sales
86473,0,205000.0,Bachelor,M,1,26468,engineering
106175,0,79000.0,Master,F,2,197896,HR
5864,0,223000.0,Bachelor,F,6,41080,sales
6323,0,151000.0,High_School,F,1,14241,marketing
41452,0,66000.0,High_School,M,2,196490,HR
198778,1,192000.0,High_School,M,6,167482,engineering
122857,1,216000.0,PhD,F,5,146404,marketing
140426,1,220000.0,Master,F,1,20901,engineering
186230,0,279000.0,High_School,M,4,16073,marketing
149180,1,152000.0,High_School,M,1,29410,engineering
161226,0,69000.0,Master,F,1,123263,HR
177525,0,198000.0,Master,M,2,98520,marketing
36453,0,319000.0,High_School,F,3,69943,sales
79580,0,334000.0,Bachelor,M,4,128966,sales
252,0,70000.0,Bachelor,F,6,41533,HR
64305,0,223000.0,Bachelor,F,3,53390,sales
146992,1,233000.0,Master,M,3,178797,sales
121796,0,193000.0,High_School,M,1,113124,sales
138556,0,247000.0,Bachelor,M,3,80128,sales
80764,1,227000.0,PhD,M,1,79807,engineering
112397,0,131000.0,Master,M,3,98967,marketing
49274,0,317000.0,Master,F,4,14241,marketing
34713,0,197000.0,Master,M,5,116289,engineering
42324,0,301000.0,PhD,M,2,137776,engineering
162323,1,277000.0,PhD,F,5,149245,marketing
111718,0,262000.0,PhD,M,2,181996,engineering
87298,0,155000.0,Bachelor,M,1,159838,marketing
47640,0,121000.0,High_School,M,5,152791,sales
131001,1,184000.0,Bachelor,M,2,54997,sales
180846,0,144000.0,PhD,F,2,133420,sales
163114,0,227000.0,High_School,M,2,92403,sales
115319,0,341000.0,Bachelor,M,3,183065,engineering
57019,0,213000.0,Master,M,1,122762,sales
136083,0,109000.0,PhD,M,6,75242,engineering
74822,1,196000.0,High_School,M,1,150300,marketing
111348,1,218000.0,Bachelor,M,6,148032,sales
175712,0,193000.0,PhD,F,3,92845,engineering
165426,0,100000.0,PhD,F,15,124994,HR
73160,0,64000.0,Bachelor,M,9,198814,marketing
125338,0,95000.0,Bachelor,F,5,151696,HR
73067,0,215000.0,Bachelor,M,3,103448,sales
147269,0,71000.0,PhD,F,7,32405,HR
33484,1,98000.0,Master,M,3,98558,engineering
138485,1,187000.0,PhD,F,1,24979,marketing
6363,0,90000.0,Master,F,1,103448,sales
172985,1,247000.0,Bachelor,M,3,186283,engineering
193088,0,247000.0,Master,M,20,96752,sales
40592,0,182000.0,High_School,M,5,47618,marketing
93572,1,171000.0,PhD,M,1,88779,sales
89537,0,101000.0,PhD,M,1,55858,engineering
87242,0,92000.0,Bachelor,M,5,166928,engineering
70547,0,88000.0,Master,F,14,168545,marketing
127769,0,141000.0,Bachelor,M,13,47553,engineering
92403,1,83000.0,PhD,M,12,59535,sales
189768,0,214000.0,PhD,F,3,105542,marketing
37978,0,77000.0,High_School,M,4,4440,marketing
88779,0,309000.0,PhD,F,14,183175,sales
39726,0,318000.0,Master,M,6,69728,engineering
179282,0,225000.0,PhD,M,5,55481,engineering
159547,0,94000.0,Master,M,1,119231,HR
78886,0,232000.0,Bachelor,M,1,198875,engineering
163367,0,64000.0,Master,M,1,39231,HR
16091,0,77000.0,PhD,F,1,8663,sales
32330,0,239000.0,Master,F,9,142367,sales
55719,0,83000.0,High_School,F,3,15768,HR
180461,0,86000.0,Master,M,1,193763,engineering
76061,0,145000.0,High_School,F,6,52313,sales
155031,0,187000.0,PhD,F,1,64452,sales
97848,0,200000.0,Bachelor,F,1,32159,sales
184885,1,86000.0,PhD,M,2,77857,HR
115738,1,174000.0,High_School,M,4,149135,engineering
11601,0,160000.0,PhD,M,1,4110,sales
87706,1,131000.0,High_School,M,5,87613,engineering
162311,0,91000.0,PhD,M,4,252,HR
118314,1,242000.0,High_School,M,3,149970,marketing
39876,1,100000.0,Master,F,3,87733,sales
196567,1,71000.0,PhD,F,1,64087,HR
100624,0,181000.0,Bachelor,M,4,108428,engineering
114251,1,99000.0,Master,M,5,18312,engineering
169624,0,373000.0,Master,M,1,118769,engineering
170337,0,73000.0,Bachelor,M,3,754,HR
166690,0,134000.0,Master,M,1,57938,engineering
12215,0,223000.0,Bachelor,M,5,76135,marketing
98173,0,184000.0,Master,M,2,4394,marketing
175752,0,89000.0,PhD,M,5,159638,HR
46340,1,254000.0,Bachelor,M,3,174800,marketing
73930,0,283000.0,PhD,F,1,114572,marketing
58544,0,204000.0,Master,F,5,138948,marketing
73663,0,226000.0,PhD,F,12,87344,marketing
73129,1,60000.0,Bachelor,F,5,150189,HR
108353,0,221000.0,High_School,M,5,39417,engineering
1356,0,213000.0,PhD,M,5,4110,sales
146074,0,248000.0,Master,M,4,126368,sales
58380,0,69000.0,Master,F,3,135804,HR
182819,1,170000.0,Master,F,7,181311,sales
91623,1,65000.0,Bachelor,M,5,742,HR
71153,0,144000.0,High_School,M,5,127266,marketing
136779,1,159000.0,Bachelor,M,2,199184,sales
168690,0,90000.0,High_School,M,1,119231,HR
188470,0,343000.0,Bachelor,M,4,101484,engineering
130555,0,179000.0,PhD,F,5,779,marketing
198131,0,61000.0,High_School,M,8,47260,HR
2658,0,240000.0,PhD,M,1,121419,engineering
22499,0,69000.0,Master,F,2,62298,HR
135256,0,276000.0,Master,M,3,131620,sales
161539,0,395000.0,PhD,F,2,66453,engineering
55537,0,266000.0,Master,M,8,51535,engineering
87541,0,73000.0,PhD,F,6,142630,HR
80791,1,244000.0,High_School,F,1,102043,marketing
196258,0,293000.0,Bachelor,F,6,122197,engineering
93177,0,254000.0,Master,M,5,99139,sales
154758,1,273000.0,Bachelor,M,7,66591,sales
133549,0,95000.0,Master,F,3,71987,HR
185029,0,165000.0,PhD,M,1,170076,engineering
80193,1,285000.0,Master,M,4,145710,engineering
170696,0,88000.0,High_School,M,2,56316,sales
17490,0,332000.0,PhD,M,5,14299,engineering
152764,0,182000.0,High_School,M,2,102727,marketing
1460,0,252000.0,Master,M,6,115591,sales
132597,0,159000.0,PhD,M,6,65883,marketing
194761,0,291000.0,Bachelor,F,4,25934,engineering
167088,1,131000.0,Bachelor,M,1,111508,marketing
121848,1,98000.0,PhD,F,2,123258,marketing
31499,0,71000.0,Master,F,6,149696,sales
121221,0,62000.0,PhD,F,6,119231,HR
167782,1,144000.0,Bachelor,M,5,20828,marketing
147940,0,82000.0,Master,M,4,10357,marketing
39714,0,277000.0,PhD,M,1,29712,engineering
197035,0,355000.0,Master,F,3,127769,engineering
151215,0,262000.0,Bachelor,M,6,103421,engineering
193265,0,68000.0,PhD,F,4,125114,HR
147722,1,343000.0,Bachelor,M,1,26468,engineering
61344,1,187000.0,Master,M,3,73034,engineering
36782,0,84000.0,PhD,F,5,15768,HR
53708,0,280000.0,PhD,F,5,175593,sales
17741,1,225000.0,Bachelor,M,4,110508,engineering
133669,0,60000.0,Bachelor,F,1,96060,HR
112582,0,105000.0,Bachelor,F,4,71152,HR
95473,0,241000.0,Master,F,14,65451,sales
67582,0,134000.0,High_School,M,3,77670,sales
128922,1,95000.0,PhD,M,4,184998,sales
124972,0,155000.0,Bachelor,M,8,69379,sales
22105,1,285000.0,Bachelor,F,1,41175,engineering
8997,0,251000.0,Bachelor,M,3,120638,engineering
165967,0,61000.0,PhD,F,1,181311,sales
97172,0,235000.0,High_School,M,2,20901,engineering
145382,0,90000.0,PhD,F,6,168942,HR
11937,0,194000.0,Bachelor,M,4,191073,sales
81987,1,292000.0,Bachelor,M,2,78215,sales
190241,0,71000.0,PhD,F,1,108428,engineering
75814,0,166000.0,Master,M,3,168742,sales
172126,0,98000.0,High_School,F,1,62298,HR
113636,0,284000.0,Bachelor,M,7,134982,sales
105454,0,312000.0,PhD,F,4,136313,engineering
133203,0,68000.0,Bachelor,M,6,9400,HR
191861,1,231000.0,PhD,M,1,78997,engineering
47268,0,104000.0,High_School,M,1,12214,sales
11624,0,209000.0,Master,F,6,81644,engineering
82146,0,83000.0,Bachelor,F,1,104539,HR
185422,0,71000.0,Master,M,2,134658,sales
85459,0,200000.0,High_School,F,2,37434,sales
153644,0,279000.0,Bachelor,M,2,154381,sales
81529,0,174000.0,Bachelor,F,3,69463,marketing
97702,1,226000.0,High_School,M,3,98520,marketing
131574,0,203000.0,High_School,F,4,138772,sales
140009,0,83000.0,PhD,M,4,29508,HR
150961,0,92000.0,Bachelor,M,1,5875,marketing
65181,0,270000.0,High_School,M,7,34134,sales
37012,0,103000.0,Master,M,1,53826,HR
37347,0,276000.0,Bachelor,M,1,11275,marketing
181131,0,217000.0,Master,M,4,125775,marketing
159136,0,163000.0,High_School,F,1,12679,sales
131233,1,131000.0,High_School,F,8,149696,sales
41923,0,202000.0,Bachelor,F,4,90639,marketing
36315,1,224000.0,PhD,M,5,179459,marketing
10961,0,253000.0,Bachelor,F,1,90639,marketing
58638,0,283000.0,High_School,M,2,28979,sales
126933,1,211000.0,Bachelor,M,7,8711,marketing
157302,0,294000.0,Master,M,2,7212,marketing
53892,1,77000.0,PhD,F,4,82657,sales
165378,0,225000.0,Bachelor,M,1,73106,engineering
63055,1,108000.0,High_School,M,3,52796,sales
48836,1,181000.0,Bachelor,F,5,52923,sales
54637,0,211000.0,High_School,M,5,140061,sales
199622,0,176000.0,PhD,M,2,76073,engineering
4234,0,146000.0,Bachelor,M,1,83032,marketing
89730,0,139000.0,Bachelor,M,6,164326,sales
117005,0,212000.0,Bachelor,M,5,92585,marketing
130037,0,121000.0,Bachelor,M,7,154292,engineering
104703,1,117000.0,PhD,M,3,193452,sales
86058,0,206000.0,PhD,M,3,136147,sales
79934,0,79000.0,Master,M,10,193330,engineering
95899,0,84000.0,Bachelor,M,3,148984,sales
199377,0,221000.0,Bachelor,M,7,154891,engineering
104922,1,179000.0,Bachelor,F,5,99139,sales
146242,0,146000.0,Master,F,2,42096,sales
12756,1,77000.0,PhD,M,4,742,HR
130497,1,183000.0,Bachelor,M,4,157931,engineering
15443,0,147000.0,Master,M,4,70406,marketing
56781,0,270000.0,PhD,M,2,148236,sales
149538,0,62000.0,Bachelor,M,3,171461,HR
1005,1,240000.0,Bachelor,M,4,158056,engineering
66780,0,107000.0,High_School,M,1,182028,engineering
65634,0,149000.0,Bachelor,M,2,147642,sales
22332,0,218000.0,Master,M,5,58365,marketing
50826,1,360000.0,High_School,M,1,132683,engineering
45745,1,130000.0,High_School,F,3,181219,marketing
145072,1,158000.0,Master,M,1,153291,sales
185292,0,103000.0,Bachelor,F,3,196490,HR
27916,0,361000.0,Bachelor,M,1,165853,engineering
141872,1,385000.0,PhD,M,1,101484,engineering
91854,0,288000.0,PhD,M,3,160261,marketing
6148,0,125000.0,Master,F,7,171940,marketing
130869,1,269000.0,PhD,F,2,137776,engineering
44607,0,301000.0,Master,M,1,129626,marketing
17042,1,187000.0,High_School,M,3,77766,marketing
192865,0,302000.0,Master,M,1,150408,engineering
91423,0,75000.0,PhD,F,2,65126,marketing
103002,1,135000.0,High_School,M,2,5743,sales
95573,0,125000.0,Bachelor,M,1,149696,sales
112112,0,309000.0,Bachelor,M,2,59353,engineering
35700,1,366000.0,Bachelor,F,1,134536,engineering
169973,0,106000.0,Master,F,5,91979,HR
25305,0,232000.0,PhD,M,3,10357,marketing
144100,0,217000.0,High_School,M,2,122762,sales
28546,0,279000.0,Master,M,2,102632,marketing
93223,1,309000.0,Master,M,8,92567,engineering
120584,0,175000.0,Master,M,7,133420,sales
111867,1,193000.0,Bachelor,F,3,47472,engineering
116750,0,88000.0,PhD,M,10,145161,engineering
72270,0,153000.0,PhD,F,6,168951,sales
3563,0,69000.0,Master,M,3,185982,sales
77866,0,197000.0,PhD,M,9,181566,marketing
103257,1,394000.0,Bachelor,M,6,110878,engineering
181996,0,311000.0,Master,M,4,113589,engineering
83983,0,297000.0,PhD,M,3,59862,engineering
31655,1,207000.0,Bachelor,F,5,73893,sales
46181,1,72000.0,PhD,F,4,189148,HR
134230,1,74000.0,High_School,F,2,140838,HR
79820,0,70000.0,High_School,M,2,121527,marketing
61182,1,184000.0,High_School,F,4,114011,engineering
156856,0,140000.0,Master,M,1,172250,marketing
78260,0,66000.0,High_School,F,2,141211,HR
92799,1,198000.0,PhD,M,1,196660,sales
56934,0,233000.0,PhD,M,1,112643,sales
152158,0,168000.0,High_School,M,5,27704,sales
185298,0,262000.0,Bachelor,M,6,27393,sales
17982,0,162000.0,Bachelor,M,1,91345,sales
5222,0,350000.0,Master,M,6,135238,sales
51293,0,337000.0,Master,F,4,172989,sales
30720,1,386000.0,PhD,M,2,48352,engineering
128300,0,196000.0,Master,M,4,164326,sales
57095,0,127000.0,Bachelor,M,3,68998,marketing
40184,0,89000.0,Master,M,3,90065,engineering
185089,0,171000.0,Master,M,1,193518,sales
73713,0,256000.0,PhD,M,1,77670,sales
179059,1,295000.0,PhD,F,4,4394,marketing
145710,1,337000.0,PhD,M,4,167482,engineering
167031,1,200000.0,Bachelor,M,3,76135,marketing
161105,0,78000.0,High_School,M,1,181219,marketing
117084,0,298000.0,PhD,F,8,92845,engineering
189072,0,67000.0,Master,F,3,742,HR
27588,0,329000.0,Master,M,6,119658,engineering
20652,1,223000.0,PhD,F,1,191289,engineering
125349,0,320000.0,Bachelor,M,5,6335,sales
27696,0,141000.0,Master,M,2,64724,marketing
172681,1,264000.0,PhD,M,6,191073,sales
90765,0,142000.0,High_School,M,4,53109,sales
166199,1,395000.0,Bachelor,F,4,46178,engineering
25464,0,74000.0,Bachelor,M,3,175361,sales
195975,0,202000.0,Master,M,1,12679,sales
30165,1,83000.0,PhD,F,1,110089,HR
157957,1,237000.0,PhD,M,1,82657,sales
126955,0,124000.0,PhD,M,2,188118,sales
86451,0,63000.0,PhD,M,3,157064,marketing
30450,1,277000.0,PhD,M,8,64724,marketing
60899,0,92000.0,Master,F,1,33665,HR
162381,1,186000.0,PhD,M,2,193330,engineering
78125,0,115000.0,Master,M,5,73663,marketing
20859,0,76000.0,Bachelor,F,4,77556,HR
178262,0,72000.0,Master,M,4,88370,HR
108742,1,298000.0,PhD,M,1,73489,sales
24950,1,85000.0,Master,F,2,59555,marketing
184616,1,147000.0,PhD,F,2,62081,sales
152785,0,168000.0,Master,F,4,17291,sales
176280,0,86000.0,Master,F,5,176415,engineering
11308,0,238000.0,PhD,M,3,132360,sales
38308,1,104000.0,PhD,M,8,37154,marketing
108754,0,65000.0,PhD,M,2,139278,HR
76366,0,276000.0,Bachelor,F,1,34134,sales
21857,1,202000.0,Master,M,3,9239,sales
138290,1,272000.0,Bachelor,M,1,172321,sales
115602,0,202000.0,PhD,F,2,173939,marketing
133662,0,253000.0,PhD,F,2,133927,engineering
151293,1,311000.0,Master,M,4,48877,marketing
122530,0,103000.0,High_School,M,5,189742,HR
47230,0,344000.0,Master,M,2,178954,engineering
156521,1,87000.0,PhD,F,7,96060,HR
179578,0,217000.0,Master,F,5,54808,sales
74142,1,308000.0,Bachelor,M,1,93223,engineering
104907,0,60000.0,PhD,F,4,39460,HR
157867,0,180000.0,Master,M,8,137369,sales
6844,0,93000.0,High_School,M,7,32405,HR
72222,1,351000.0,Master,F,3,191289,engineering
100567,0,308000.0,Bachelor,M,8,126257,engineering
146996,1,315000.0,PhD,M,1,107493,engineering
117017,0,251000.0,Master,M,2,55858,engineering
97563,0,165000.0,Bachelor,M,1,70819,engineering
66296,0,240000.0,Bachelor,M,4,175365,marketing
111137,0,68000.0,High_School,M,1,171461,HR
9820,0,264000.0,Master,M,2,8856,marketing
1743,0,279000.0,PhD,M,2,162035,sales
218,1,213000.0,PhD,M,5,129000,marketing
110956,0,313000.0,Bachelor,F,5,16073,marketing
180396,0,174000.0,PhD,M,4,1808,engineering
35617,1,239000.0,High_School,F,2,64750,engineering
79315,0,183000.0,Bachelor,F,4,159996,sales
144296,0,74000.0,Master,M,2,95609,sales
72941,0,126000.0,Bachelor,M,4,138772,sales
164799,0,214000.0,Master,F,3,90,engineering
93750,1,365000.0,Bachelor,M,2,61988,engineering
178799,0,64000.0,High_School,F,2,67178,HR
88936,1,69000.0,PhD,M,14,3235,sales
161508,0,155000.0,High_School,M,2,23565,sales
43602,1,216000.0,PhD,M,13,18295,engineering
6443,0,89000.0,Master,F,2,61517,HR
137255,0,179000.0,Bachelor,F,2,182556,sales
46541,0,76000.0,Master,F,8,5889,HR
187811,0,183000.0,Bachelor,M,1,189890,engineering
9400,0,75000.0,Bachelor,F,12,138823,HR
14733,0,179000.0,Master,F,1,136861,sales
196253,0,106000.0,Master,M,2,160618,sales
58365,0,123000.0,Master,M,3,196484,marketing
64496,1,172000.0,Master,M,1,144927,sales
13313,0,142000.0,PhD,M,3,65856,sales
119597,0,312000.0,PhD,F,6,57185,engineering
10828,0,122000.0,PhD,M,1,779,marketing
165952,1,228000.0,PhD,M,2,116180,engineering
120524,0,219000.0,High_School,F,4,5282,sales
11009,0,184000.0,Bachelor,M,1,59939,marketing
190654,1,169000.0,High_School,M,4,64724,marketing
18207,1,223000.0,Master,M,3,158609,sales
74536,0,186000.0,Bachelor,M,1,102684,sales
98967,0,202000.0,PhD,M,7,115539,marketing
19360,0,69000.0,Master,F,8,87762,sales
1174,0,174000.0,Master,F,3,116774,engineering
20568,0,179000.0,High_School,M,2,123000,sales
90644,0,277000.0,Bachelor,M,3,164439,marketing
32727,0,95000.0,PhD,M,5,151005,marketing
156429,0,240000.0,PhD,M,2,140061,sales
82775,0,318000.0,PhD,M,4,55481,engineering
185688,0,255000.0,Bachelor,F,1,121527,marketing
53670,0,196000.0,High_School,F,1,68821,engineering
32803,0,207000.0,Master,M,1,147819,sales
41336,1,272000.0,PhD,M,6,76310,engineering
194710,1,314000.0,Master,M,7,70406,marketing
39993,0,63000.0,High_School,M,5,51738,engineering
117940,0,148000.0,Master,M,1,160169,sales
3546,1,84000.0,PhD,F,1,142276,HR
40324,1,190000.0,Master,M,5,95169,sales
5893,0,207000.0,Master,M,1,93223,engineering
42724,0,259000.0,Master,M,1,1872,engineering
14482,0,176000.0,Master,M,5,55858,engineering
128976,0,70000.0,High_School,F,3,39460,HR
80810,0,184000.0,Master,F,3,41721,marketing
21124,1,327000.0,Master,M,3,70819,engineering
4123,0,60000.0,Master,M,1,80043,HR
178920,1,246000.0,High_School,M,3,24979,marketing
140451,0,117000.0,High_School,F,4,170076,engineering
39836,0,267000.0,Bachelor,M,4,141079,engineering
144338,0,71000.0,PhD,F,1,55972,HR
96612,1,329000.0,PhD,M,3,49729,sales
140244,0,298000.0,Bachelor,M,2,171499,engineering
154617,0,211000.0,High_School,F,5,69200,sales
102942,1,176000.0,Bachelor,M,1,73982,sales
66821,0,396000.0,High_School,M,7,52525,engineering
22353,0,205000.0,PhD,M,5,142850,sales
10747,0,132000.0,Master,F,3,37124,sales
107658,0,189000.0,PhD,M,27,110464,marketing
83119,1,207000.0,Master,M,5,103981,marketing
189760,0,310000.0,Master,M,4,19424,engineering
27966,1,208000.0,Master,F,3,7349,marketing
106395,0,91000.0,Bachelor,F,4,22887,HR
8275,0,258000.0,Bachelor,F,2,6335,sales
106438,0,274000.0,PhD,F,3,180037,sales
120003,0,305000.0,PhD,M,2,48120,engineering
61517,1,70000.0,PhD,M,2,110260,HR
6390,0,134000.0,PhD,M,4,148032,sales
158387,1,217000.0,PhD,M,1,40904,engineering
115674,0,256000.0,Bachelor,M,6,74264,marketing
40496,0,176000.0,PhD,M,4,116774,engineering
58176,0,153000.0,Master,M,3,94683,marketing
19577,0,311000.0,PhD,M,4,18312,engineering
153662,0,144000.0,Bachelor,M,2,22145,sales
45633,0,175000.0,Master,M,2,87929,sales
84962,0,181000.0,PhD,M,4,105395,engineering
72101,0,96000.0,PhD,F,2,184885,HR
55474,1,300000.0,Bachelor,F,6,102102,sales
18295,1,187000.0,Master,M,19,176367,engineering
46140,0,258000.0,Bachelor,M,2,112750,engineering
161770,1,144000.0,Master,F,3,122145,engineering
163319,1,145000.0,High_School,M,1,144401,sales
85651,0,339000.0,Bachelor,F,2,77766,marketing
194462,1,143000.0,Master,M,5,199184,sales
120914,0,149000.0,PhD,M,3,4440,marketing
25759,0,68000.0,Bachelor,M,1,187183,marketing
1133,0,217000.0,Bachelor,M,3,68821,engineering
145716,1,163000.0,Bachelor,F,7,158777,marketing
99765,0,174000.0,Master,M,6,134671,sales
21783,0,349000.0,Master,F,8,81860,engineering
14236,0,178000.0,Bachelor,M,2,148795,engineering
12922,0,127000.0,Bachelor,M,1,190249,marketing
127991,1,324000.0,Master,M,5,108428,engineering
180505,1,211000.0,Bachelor,M,5,134728,marketing
78874,0,177000.0,PhD,F,7,47127,sales
70843,0,244000.0,High_School,F,1,95522,marketing
101478,1,96000.0,Bachelor,F,3,29960,marketing
145312,0,167000.0,Bachelor,M,4,59353,engineering
157452,0,196000.0,Bachelor,M,2,114572,marketing
8198,1,395000.0,High_School,F,10,98225,engineering
127930,0,265000.0,Master,M,4,162518,sales
24391,0,70000.0,Bachelor,M,7,159638,HR
20689,0,68000.0,Master,M,3,115593,HR
73778,1,181000.0,Bachelor,M,3,199184,sales
50412,0,333000.0,Master,M,3,6536,marketing
79285,0,268000.0,PhD,F,12,34280,sales
139010,1,243000.0,PhD,M,1,30468,engineering
128960,0,269000.0,High_School,M,8,178954,engineering
21604,0,80000.0,Master,F,11,26053,HR
51988,0,391000.0,Master,M,2,128447,engineering
3088,0,122000.0,Master,M,1,193518,sales
151538,0,116000.0,Master,M,6,78874,sales
135966,0,70000.0,PhD,F,4,172948,HR
194409,0,101000.0,Bachelor,F,4,47748,HR
115962,0,322000.0,High_School,M,5,47618,marketing
162911,0,282000.0,High_School,M,2,199282,marketing
126414,0,224000.0,Bachelor,M,2,144976,sales
6331,1,167000.0,Bachelor,M,8,193920,sales
56941,0,260000.0,High_School,F,2,102727,marketing
162045,1,342000.0,Master,M,3,101484,engineering
25704,0,119000.0,Master,F,2,198240,sales
194814,0,120000.0,Master,F,3,92210,sales
24941,1,268000.0,Bachelor,M,4,4440,marketing
39678,1,307000.0,High_School,M,3,153412,marketing
159347,0,285000.0,Bachelor,F,6,146473,marketing
93924,1,379000.0,High_School,M,3,122145,engineering
35165,0,76000.0,Master,M,4,185285,HR
18741,1,116000.0,High_School,F,1,98520,marketing
22341,0,125000.0,Master,F,2,155570,marketing
22713,0,269000.0,Master,M,3,27704,sales
180924,0,147000.0,Bachelor,M,10,158490,marketing
103014,1,364000.0,PhD,M,14,183869,engineering
117240,0,217000.0,PhD,F,2,115856,sales
85897,1,267000.0,Master,F,1,71130,engineering
60892,0,93000.0,PhD,M,4,107694,HR
194836,0,367000.0,PhD,M,4,162196,engineering
35741,0,201000.0,Master,M,7,181886,sales
78889,0,254000.0,High_School,F,4,178797,sales
121599,0,321000.0,High_School,F,4,52923,sales
169869,0,242000.0,Bachelor,M,4,19806,sales
106828,1,125000.0,PhD,F,7,132026,marketing
66269,0,306000.0,PhD,F,8,189890,engineering
139543,0,69000.0,High_School,F,1,53677,HR
53778,0,118000.0,Master,M,2,38308,marketing
139403,1,138000.0,Master,F,3,115856,sales
102310,0,178000.0,Bachelor,M,2,77766,marketing
81074,0,114000.0,Bachelor,F,6,148984,sales
50100,0,184000.0,Master,M,3,153551,sales
70211,1,150000.0,PhD,F,1,112643,sales
124885,1,144000.0,Bachelor,M,3,143050,marketing
26728,0,165000.0,PhD,M,1,60319,sales
144173,0,63000.0,PhD,M,3,125114,HR
162089,0,83000.0,Bachelor,F,4,103912,sales
49166,0,186000.0,High_School,M,2,39388,sales
27535,1,269000.0,Bachelor,M,3,48352,engineering
194039,0,126000.0,Master,M,2,182028,engineering
193140,1,200000.0,Bachelor,F,8,10773,engineering
159875,0,70000.0,Bachelor,F,7,146111,HR
9634,0,61000.0,Bachelor,F,7,46178,engineering
125601,1,90000.0,Master,M,1,113124,sales
143794,1,164000.0,High_School,F,2,111363,sales
122860,0,110000.0,Master,M,5,162035,sales
168356,1,173000.0,High_School,F,1,127623,engineering
131967,0,223000.0,High_School,M,7,129000,marketing
106150,1,348000.0,PhD,M,4,148418,engineering
71693,0,337000.0,Master,M,4,70819,engineering
89004,0,87000.0,PhD,F,5,81490,sales
59555,0,102000.0,Master,F,4,156036,marketing
69932,0,108000.0,PhD,F,5,142630,HR
78773,1,163000.0,Bachelor,M,4,2644,sales
6871,0,290000.0,Bachelor,F,7,70547,marketing
108429,0,242000.0,High_School,M,1,94507,engineering
9433,0,172000.0,High_School,M,1,162518,sales
138260,0,229000.0,Master,M,4,74170,sales
73693,0,62000.0,Bachelor,F,7,129287,HR
175834,1,256000.0,High_School,M,8,53109,sales
68197,0,136000.0,Bachelor,M,2,127544,sales
43290,1,69000.0,Bachelor,F,2,14465,HR
51671,1,254000.0,Bachelor,F,1,94507,engineering
159175,0,71000.0,Master,F,2,116750,engineering
158908,1,297000.0,Master,M,1,127769,engineering
96596,0,78000.0,PhD,F,6,75198,marketing
158124,0,181000.0,PhD,F,8,113124,sales
106639,1,122000.0,Master,M,1,10357,marketing
170689,0,253000.0,Bachelor,M,6,76435,sales
122673,1,288000.0,PhD,F,6,132187,engineering
32632,0,153000.0,High_School,M,3,121527,marketing
182871,0,147000.0,Bachelor,M,1,26183,sales
162047,0,198000.0,Master,M,2,159098,engineering
99171,0,347000.0,PhD,M,1,182996,sales
122321,0,74000.0,Master,F,5,4384,HR
88294,0,260000.0,PhD,F,3,91254,marketing
40546,0,221000.0,PhD,M,3,54315,sales
75459,0,62000.0,PhD,M,3,191083,marketing
47366,0,171000.0,Bachelor,M,5,62161,marketing
56000,0,103000.0,PhD,M,1,37434,sales
25939,1,258000.0,Bachelor,F,3,23100,engineering
22617,0,359000.0,Master,M,3,29960,marketing
75766,0,122000.0,High_School,M,1,130834,engineering
87984,0,103000.0,Master,F,2,62298,HR
35622,0,338000.0,PhD,M,4,32938,engineering
110682,0,184000.0,High_School,M,1,84193,marketing
182581,0,216000.0,Bachelor,M,5,90834,sales
48105,1,350000.0,High_School,F,5,10773,engineering
142126,0,187000.0,PhD,F,6,180925,sales
174721,0,195000.0,Bachelor,F,8,182531,sales
127275,1,190000.0,PhD,F,9,42270,engineering
76575,1,261000.0,Master,M,4,186283,engineering
94643,0,139000.0,High_School,F,1,148032,sales
59142,1,274000.0,Bachelor,M,2,132187,engineering
134865,0,67000.0,PhD,M,15,197876,sales
161697,1,239000.0,Bachelor,M,1,116180,engineering
41808,0,139000.0,PhD,M,7,89619,HR
543,0,176000.0,PhD,F,2,102815,sales
189752,0,154000.0,High_School,M,4,30488,marketing
182379,1,202000.0,Master,F,3,34163,sales
83575,0,101000.0,Bachelor,M,2,1791,HR
73733,0,92000.0,Master,M,1,61443,HR
121155,1,223000.0,Master,F,7,16785,engineering
176194,0,99000.0,PhD,F,5,4110,sales
59705,1,247000.0,Bachelor,M,4,181201,sales
136244,0,287000.0,Master,M,1,198875,engineering
120306,0,178000.0,PhD,M,4,82657,sales
130595,0,251000.0,Master,M,3,30488,marketing
1860,0,398000.0,PhD,M,6,101484,engineering
54873,1,126000.0,High_School,M,7,190065,marketing
149658,0,95000.0,Bachelor,F,3,168742,sales
36390,1,280000.0,Bachelor,M,2,52525,engineering
32703,0,92000.0,High_School,M,6,181772,sales
160933,0,79000.0,Bachelor,F,1,22887,HR
198659,0,157000.0,Bachelor,M,2,90,engineering
57611,0,74000.0,PhD,M,4,193920,sales
78997,0,360000.0,Master,M,3,117030,engineering
26268,1,213000.0,PhD,M,2,70547,marketing
114056,0,112000.0,PhD,F,3,43858,engineering
93287,1,140000.0,PhD,M,2,16510,sales
137232,0,150000.0,Master,M,3,43420,sales
151234,0,210000.0,PhD,M,3,145126,sales
160597,1,119000.0,PhD,M,6,88303,sales
95006,1,286000.0,Master,F,2,182028,engineering
126613,1,127000.0,PhD,M,2,148795,engineering
65714,1,105000.0,Master,M,1,196058,marketing
103454,1,289000.0,PhD,M,1,94039,sales
46982,0,303000.0,Master,M,1,121419,engineering
183665,1,64000.0,PhD,M,3,155570,marketing
166787,0,61000.0,High_School,M,5,183283,HR
65406,0,333000.0,Bachelor,M,2,137369,sales
123502,0,73000.0,Master,F,2,39785,HR
76140,0,301000.0,High_School,M,2,59353,engineering
178797,0,233000.0,Master,F,12,47755,sales
134998,0,260000.0,PhD,M,1,5282,sales
49496,0,169000.0,Bachelor,M,5,182116,sales
134940,1,67000.0,Bachelor,M,1,64190,sales
25849,0,76000.0,Bachelor,F,3,21086,HR
149386,1,281000.0,High_School,F,3,147106,sales
120503,0,139000.0,PhD,M,1,72965,sales
16510,0,266000.0,High_School,F,3,77851,sales
72918,1,84000.0,Master,F,4,108164,sales
99958,0,140000.0,Master,M,5,196058,marketing
40507,1,182000.0,PhD,F,1,170431,marketing
174800,0,138000.0,Master,F,11,158490,marketing
67198,0,179000.0,Bachelor,M,4,54808,sales
85109,0,116000.0,Master,M,1,125114,HR
149970,0,215000.0,Master,F,7,155485,marketing
179506,1,229000.0,PhD,F,3,123258,marketing
158255,0,93000.0,PhD,M,1,8812,HR
62637,1,211000.0,Master,M,8,102727,marketing
16117,0,146000.0,Bachelor,M,4,115856,sales
25367,1,112000.0,PhD,F,6,191391,marketing
20055,0,65000.0,PhD,F,1,51923,HR
81173,0,89000.0,PhD,F,6,181781,HR
82981,0,234000.0,Bachelor,M,1,58522,engineering
77181,0,206000.0,Master,M,4,79,sales
43662,0,233000.0,Bachelor,M,7,160511,marketing
30190,0,199000.0,Master,M,7,79237,marketing
57220,0,240000.0,Master,M,3,43420,sales
195920,0,115000.0,Bachelor,M,4,184885,HR
55088,0,259000.0,Bachelor,F,7,77613,sales
79966,0,359000.0,Bachelor,M,9,183824,engineering
61722,1,217000.0,High_School,M,1,32938,engineering
182847,1,266000.0,PhD,M,3,195165,engineering
46311,0,171000.0,PhD,M,1,65883,marketing
13305,0,203000.0,PhD,F,7,50679,sales
132503,0,178000.0,PhD,F,4,135848,marketing
107388,0,114000.0,Bachelor,M,7,72965,sales
138248,1,235000.0,High_School,M,7,39417,engineering
108309,1,109000.0,Bachelor,F,2,160476,sales
165473,0,78000.0,Master,F,2,15768,HR
74431,0,250000.0,Master,F,4,28979,sales
74021,0,158000.0,High_School,F,1,164638,sales
86367,0,142000.0,PhD,M,1,52525,engineering
62875,0,199000.0,Master,M,3,53012,marketing
33908,0,171000.0,Master,F,3,70406,marketing
182416,0,66000.0,Bachelor,F,5,172717,HR
146602,0,149000.0,Master,F,3,123258,marketing
24468,0,85000.0,PhD,F,1,130135,HR
73476,1,261000.0,Master,F,4,55883,engineering
48441,0,102000.0,Bachelor,M,4,113578,marketing
27018,0,75000.0,PhD,F,12,89619,HR
46682,1,182000.0,Master,M,2,159098,engineering
5318,0,287000.0,High_School,M,3,181996,engineering
199712,1,168000.0,PhD,F,2,142685,sales
12196,0,303000.0,Bachelor,F,4,161132,marketing
193303,0,85000.0,Master,M,4,113618,marketing
172555,1,129000.0,High_School,F,3,71757,marketing
151328,1,215000.0,High_School,F,2,54997,sales
2921,0,311000.0,Bachelor,M,3,128065,engineering
178477,0,93000.0,High_School,M,2,73106,engineering
107216,0,129000.0,PhD,M,5,101484,engineering
41573,0,264000.0,Bachelor,M,4,81860,engineering
135588,0,203000.0,Bachelor,F,3,115856,sales
51195,1,183000.0,Bachelor,F,5,27781,marketing
198927,0,180000.0,Bachelor,M,5,157064,marketing
188883,1,152000.0,Master,F,1,198778,engineering
168126,1,180000.0,Master,M,2,187053,engineering
80533,0,255000.0,Bachelor,F,5,153291,sales
130078,0,260000.0,Master,F,1,151838,sales
140747,0,153000.0,High_School,M,1,147715,sales
180331,1,225000.0,Master,F,1,88303,sales
118411,1,154000.0,PhD,M,1,147249,engineering
49112,1,204000.0,PhD,F,1,14241,marketing
22955,1,384000.0,Bachelor,M,3,127275,engineering
36276,1,213000.0,Bachelor,M,4,71585,sales
64514,0,136000.0,Master,M,5,55481,engineering
96080,0,71000.0,Bachelor,F,1,162381,engineering
53905,0,60000.0,Bachelor,M,1,174009,HR
166893,0,192000.0,PhD,F,1,57316,sales
165442,1,122000.0,Bachelor,F,5,134865,sales
56058,0,192000.0,Bachelor,M,8,160618,sales
85044,0,81000.0,Bachelor,M,2,55972,HR
48235,0,230000.0,PhD,M,4,175558,engineering
73266,0,128000.0,High_School,F,5,172541,HR
17660,0,122000.0,Master,F,1,68222,HR
8838,0,125000.0,High_School,F,2,196490,HR
163108,0,190000.0,PhD,F,2,42096,sales
48566,0,105000.0,Bachelor,F,2,194904,HR
104253,0,183000.0,Master,M,6,94611,engineering
142954,0,178000.0,High_School,M,3,82698,sales
138307,1,263000.0,Master,M,2,157064,marketing
72001,0,61000.0,Bachelor,F,2,17211,HR
197091,0,227000.0,High_School,M,3,16510,sales
49210,1,203000.0,Master,F,1,53374,sales
110259,0,149000.0,High_School,F,5,138772,sales
20607,0,176000.0,High_School,M,3,126257,engineering
16168,0,386000.0,PhD,M,6,175434,sales
115593,1,70000.0,PhD,F,9,50665,HR
32290,0,230000.0,High_School,M,2,108164,sales
73790,0,61000.0,Bachelor,M,1,177495,HR
110499,0,260000.0,Bachelor,F,1,172321,sales
156662,0,107000.0,Master,M,1,167650,engineering
175172,0,154000.0,High_School,F,1,52923,sales
85698,0,70000.0,Master,M,7,43704,HR
64221,0,186000.0,Bachelor,M,6,34134,sales
140382,1,212000.0,High_School,M,6,160618,sales
15890,0,313000.0,Master,M,6,133927,engineering
895,0,96000.0,PhD,M,5,61517,HR
55488,1,239000.0,PhD,F,1,149245,marketing
12489,0,387000.0,Master,M,1,81811,sales
148292,0,61000.0,Bachelor,F,1,94447,HR
87076,0,89000.0,Bachelor,F,2,92585,marketing
51792,1,206000.0,PhD,F,3,198531,sales
158486,1,351000.0,Bachelor,F,2,102043,marketing
31058,0,273000.0,Master,M,6,168905,engineering
49543,0,327000.0,Bachelor,F,6,134944,sales
127516,0,303000.0,Bachelor,M,5,54997,sales
189739,0,181000.0,High_School,M,5,147106,sales
8801,0,86000.0,Master,F,1,23737,HR
17066,0,65000.0,Bachelor,F,4,193452,sales
81543,0,173000.0,Master,F,6,58365,marketing
161816,0,229000.0,Master,F,5,198648,marketing
18905,0,80000.0,Master,F,6,158777,marketing
91101,0,145000.0,High_School,F,3,119576,engineering
133922,0,64000.0,High_School,F,3,80043,HR
160308,1,161000.0,PhD,M,1,101981,sales
14274,0,147000.0,Master,M,7,92403,sales
74507,0,109000.0,Master,F,1,252,HR
27021,0,85000.0,Bachelor,M,1,146404,marketing
53225,0,221000.0,PhD,F,6,38308,marketing
81688,1,139000.0,Bachelor,F,2,87330,engineering
58128,0,89000.0,Master,M,5,16445,HR
74017,0,96000.0,PhD,M,1,29547,engineering
79866,1,163000.0,Master,M,6,53109,sales
164429,1,184000.0,Bachelor,M,1,11275,marketing
93093,0,67000.0,PhD,F,6,21086,HR
166254,1,247000.0,Master,M,5,8663,sales
150993,0,181000.0,Master,M,1,142685,sales
102498,0,70000.0,PhD,F,6,192056,HR
11079,1,78000.0,Bachelor,M,1,4394,marketing
121097,0,198000.0,High_School,F,4,63785,engineering
126237,0,346000.0,Bachelor,M,2,26468,engineering
56866,0,313000.0,Master,M,4,112643,sales
180036,1,241000.0,High_School,F,3,147642,sales
119654,1,379000.0,Bachelor,F,3,169664,engineering
37046,1,86000.0,Master,M,3,22145,sales
99459,0,293000.0,Bachelor,F,2,116180,engineering
124423,0,255000.0,PhD,M,2,168342,engineering
63578,0,243000.0,Bachelor,M,2,122762,sales
168653,0,263000.0,Bachelor,M,2,16073,marketing
168902,1,217000.0,Master,M,3,154170,engineering
36829,0,77000.0,Bachelor,F,1,126515,HR
109328,1,134000.0,Master,M,1,4259,engineering
190447,0,296000.0,Master,F,4,168342,engineering
175921,0,274000.0,Bachelor,F,9,181219,marketing
175589,0,294000.0,Master,M,2,182116,sales
172659,0,305000.0,High_School,M,2,76310,engineering
105382,1,185000.0,Bachelor,M,4,98520,marketing
111272,0,211000.0,PhD,M,3,177166,engineering
41916,0,203000.0,High_School,F,4,84230,marketing
138432,1,134000.0,PhD,M,8,41945,sales
125001,0,253000.0,PhD,F,6,127266,marketing
97401,0,84000.0,Bachelor,F,7,175548,HR
57714,0,322000.0,PhD,M,5,57938,engineering
152,0,96000.0,Master,M,2,81421,HR
98196,0,175000.0,High_School,M,3,102815,sales
39808,0,216000.0,Master,M,3,96664,marketing
195996,0,67000.0,Master,M,4,51121,HR
147795,0,65000.0,PhD,F,9,135804,HR
165864,0,94000.0,PhD,F,4,62298,HR
5675,1,136000.0,Bachelor,M,1,39417,engineering
57499,0,157000.0,Bachelor,M,9,129410,sales
31396,1,188000.0,High_School,M,6,77844,sales
160511,0,283000.0,PhD,M,8,121233,marketing
161213,1,288000.0,PhD,F,3,119658,engineering
117376,0,93000.0,Bachelor,M,12,192056,HR
81110,0,211000.0,High_School,F,2,166729,marketing
100774,0,106000.0,Bachelor,F,3,139278,HR
80132,1,243000.0,Bachelor,M,5,52525,engineering
95849,0,168000.0,Bachelor,M,2,193452,sales
27410,0,323000.0,High_School,M,2,62161,marketing
7153,1,222000.0,Bachelor,M,1,141079,engineering
177377,0,277000.0,Bachelor,F,1,37434,sales
148036,1,68000.0,PhD,F,7,78874,sales
75242,0,247000.0,Bachelor,M,5,60121,engineering
17060,1,89000.0,Bachelor,M,4,121527,marketing
87889,0,63000.0,High_School,F,2,29733,HR
22987,0,239000.0,PhD,F,1,87613,engineering
10019,1,115000.0,Bachelor,M,6,195795,sales
88573,1,138000.0,High_School,M,5,75045,marketing
76785,1,228000.0,Bachelor,F,7,67522,sales
71269,0,331000.0,Master,F,1,108428,engineering
110282,0,80000.0,Bachelor,M,3,74066,engineering
70406,0,229000.0,PhD,M,8,91869,marketing
21919,0,153000.0,PhD,F,4,41080,sales
102026,0,102000.0,Bachelor,M,2,40475,sales
133105,1,71000.0,PhD,M,8,125114,HR
30924,1,248000.0,PhD,M,2,95522,marketing
130518,0,170000.0,PhD,F,3,99121,marketing
178655,1,237000.0,Bachelor,M,2,29410,engineering
189230,0,116000.0,PhD,M,5,101819,engineering
26103,1,333000.0,High_School,M,6,170076,engineering
130937,0,112000.0,High_School,M,1,196660,sales
173478,1,82000.0,Master,F,6,11507,HR
145078,1,255000.0,High_School,M,2,74170,sales
120055,0,317000.0,PhD,M,7,93223,engineering
94873,1,257000.0,High_School,M,3,15277,engineering
162099,0,186000.0,High_School,F,2,37124,sales
121419,1,272000.0,Master,M,3,3802,engineering
189515,1,311000.0,Bachelor,F,7,144928,sales
59747,0,194000.0,PhD,F,5,79,sales
17718,0,122000.0,PhD,M,3,77556,HR
73303,1,369000.0,Master,M,6,122567,engineering
1808,1,280000.0,High_School,M,12,140317,engineering
116506,0,293000.0,High_School,F,5,76310,engineering
92730,1,89000.0,PhD,F,3,64452,sales
20694,0,208000.0,Bachelor,M,1,20828,marketing
189148,0,78000.0,Master,M,11,20378,HR
32880,0,63000.0,PhD,M,1,75705,HR
133528,0,225000.0,Bachelor,M,3,88303,sales
190024,0,270000.0,High_School,M,5,24071,engineering
50152,0,183000.0,PhD,M,3,171499,engineering
134444,1,163000.0,Master,M,5,59862,engineering
151268,0,199000.0,Master,M,3,56451,sales
48000,0,120000.0,PhD,M,1,142850,sales
89837,0,136000.0,High_School,M,10,37154,marketing
6350,0,119000.0,Bachelor,M,7,172889,sales
133688,0,62000.0,PhD,M,8,132192,HR
81380,0,134000.0,Bachelor,M,7,141317,sales
133978,0,60000.0,High_School,F,5,174009,HR
11549,0,209000.0,Master,M,1,199184,sales
138569,1,148000.0,PhD,F,5,43602,engineering
84303,0,133000.0,Master,F,1,65883,marketing
63783,0,62000.0,Bachelor,F,5,143473,HR
54836,0,281000.0,PhD,F,1,92845,engineering
164326,1,235000.0,Master,M,11,193088,sales
82621,0,64000.0,Bachelor,M,5,162381,engineering
61907,0,101000.0,PhD,M,3,87707,sales
135793,0,112000.0,High_School,F,3,99139,sales
162466,0,283000.0,High_School,M,1,53109,sales
150465,0,162000.0,Bachelor,M,2,132399,sales
99022,1,110000.0,PhD,M,1,193518,sales
194217,0,70000.0,High_School,M,3,194904,HR
24834,0,158000.0,PhD,M,2,95169,sales
149189,1,341000.0,Master,M,4,191289,engineering
165217,0,161000.0,High_School,M,3,5282,sales
119253,0,339000.0,PhD,F,3,98967,marketing
36581,1,211000.0,Master,F,2,1808,engineering
124254,0,215000.0,Bachelor,F,3,76310,engineering
79238,1,209000.0,Master,M,1,164439,marketing
76462,0,148000.0,PhD,M,2,191485,sales
7067,1,374000.0,Bachelor,M,7,169664,engineering
155902,0,264000.0,Bachelor,M,4,181886,sales
60442,0,213000.0,Bachelor,M,5,134658,sales
99680,0,173000.0,High_School,F,4,91254,marketing
105386,1,86000.0,Master,F,2,196490,HR
16420,0,304000.0,Bachelor,F,8,37434,sales
94016,0,386000.0,Bachelor,M,4,186086,engineering
185640,0,240000.0,High_School,F,4,182531,sales
88590,0,83000.0,PhD,F,6,125114,HR
42056,0,73000.0,PhD,F,5,125114,HR
159650,0,166000.0,PhD,M,4,69903,engineering
180285,0,223000.0,High_School,M,6,136147,sales
159051,0,80000.0,PhD,M,1,27718,HR
11650,0,67000.0,PhD,F,1,29508,HR
145829,0,107000.0,High_School,M,1,131620,sales
85896,0,328000.0,Master,M,1,47472,engineering
57275,1,218000.0,Bachelor,M,3,147249,engineering
135938,0,81000.0,Master,F,5,150189,HR
108622,0,93000.0,PhD,M,4,109254,sales
3260,1,151000.0,PhD,M,2,33814,engineering
122023,0,83000.0,PhD,F,6,80043,HR
81166,0,223000.0,Bachelor,M,2,162035,sales
123373,0,80000.0,Bachelor,M,4,68222,HR
193493,0,147000.0,Bachelor,F,1,15277,engineering
158374,0,139000.0,PhD,M,4,34714,sales
92475,0,125000.0,High_School,M,5,110508,engineering
105395,0,248000.0,Bachelor,M,4,17837,engineering
199184,1,105000.0,Master,M,6,66119,sales
71120,0,116000.0,PhD,F,1,154375,HR
151205,1,183000.0,High_School,M,6,134658,sales
29253,1,274000.0,PhD,M,2,167650,engineering
33188,0,99000.0,PhD,F,5,90834,sales
14339,0,133000.0,PhD,M,2,68821,engineering
147062,0,91000.0,Master,F,3,140838,HR
21555,1,214000.0,Bachelor,F,4,156927,marketing
3737,0,86000.0,Master,F,3,98931,marketing
77448,0,229000.0,Bachelor,F,2,158777,marketing
128031,1,370000.0,Master,F,2,18312,engineering
145268,0,93000.0,High_School,F,2,129778,HR
111850,0,221000.0,Master,F,5,55883,engineering
69550,1,294000.0,PhD,F,20,74062,marketing
165424,0,83000.0,High_School,F,2,119231,HR
58946,0,66000.0,High_School,F,2,97422,HR
148358,0,395000.0,Bachelor,F,6,159098,engineering
16419,1,67000.0,PhD,F,2,41808,HR
47730,1,79000.0,High_School,M,3,5222,sales
18312,0,84000.0,Master,M,11,147555,engineering
144810,0,181000.0,Master,F,4,182531,sales
146500,0,298000.0,Master,F,2,165442,sales
57124,0,308000.0,Bachelor,M,1,192369,sales
126609,1,298000.0,Master,M,1,73489,sales
61377,1,205000.0,Bachelor,M,5,119991,engineering
182995,0,180000.0,Master,M,2,172947,marketing
123190,0,197000.0,PhD,M,4,133420,sales
118885,1,134000.0,Bachelor,F,2,190566,marketing
197315,0,270000.0,PhD,M,3,113578,marketing
71379,0,65000.0,Bachelor,F,7,168415,HR
190551,0,332000.0,High_School,M,1,119658,engineering
19703,0,190000.0,High_School,M,1,132026,marketing
126119,0,212000.0,PhD,M,4,79193,sales
61593,0,142000.0,High_School,M,8,55858,engineering
193032,1,137000.0,PhD,F,1,179459,marketing
150634,0,359000.0,PhD,M,2,175558,engineering
119085,1,117000.0,PhD,M,2,23120,marketing
70153,0,89000.0,Master,F,4,130135,HR
17604,1,123000.0,High_School,F,2,181886,sales
105315,0,100000.0,PhD,M,4,181421,sales
25130,0,222000.0,Master,F,4,92845,engineering
193818,0,123000.0,Bachelor,F,8,136905,HR
96475,1,237000.0,High_School,M,3,64724,marketing
21846,0,96000.0,Master,M,4,102026,sales
185945,0,171000.0,PhD,M,5,127266,marketing
192348,0,380000.0,PhD,F,5,142926,engineering
51159,0,88000.0,High_School,M,3,109102,sales
104596,0,222000.0,Bachelor,M,1,180924,marketing
63134,0,204000.0,Bachelor,M,2,71945,engineering
40132,1,382000.0,Bachelor,M,15,190801,engineering
199398,1,80000.0,Bachelor,M,1,82698,sales
72699,0,246000.0,PhD,F,3,179212,marketing
101808,1,396000.0,PhD,M,1,79807,engineering
49638,0,152000.0,PhD,F,3,164439,marketing
23798,1,289000.0,Bachelor,M,6,74170,sales
140228,0,131000.0,Bachelor,F,5,113578,marketing
132939,0,247000.0,Bachelor,M,7,65126,marketing
52889,0,144000.0,PhD,F,3,147106,sales
23095,0,182000.0,Master,F,4,102632,marketing
199439,0,186000.0,PhD,M,3,161132,marketing
94507,0,227000.0,Master,M,14,145161,engineering
64858,0,80000.0,High_School,F,5,24015,HR
15851,0,166000.0,PhD,M,1,20901,engineering
22980,0,184000.0,PhD,M,6,68821,engineering
102,1,238000.0,High_School,M,5,1050,engineering
181537,0,175000.0,Bachelor,F,1,140542,sales
116211,1,261000.0,PhD,F,6,56451,sales
122620,0,297000.0,PhD,F,7,4440,marketing
70786,1,66000.0,Bachelor,F,2,103884,HR
143033,0,311000.0,High_School,F,3,183528,engineering
8741,1,181000.0,PhD,F,5,142926,engineering
112524,0,186000.0,PhD,M,1,198879,sales
190747,0,84000.0,PhD,F,5,9400,HR
96671,0,109000.0,Bachelor,M,1,179212,marketing
83634,0,112000.0,Bachelor,M,3,127769,engineering
172947,0,254000.0,Bachelor,M,4,166741,marketing
191604,1,213000.0,High_School,F,2,111082,sales
164573,0,262000.0,Bachelor,F,3,177166,engineering
90214,0,92000.0,PhD,F,6,4384,HR
52951,0,204000.0,Master,F,1,54997,sales
66149,0,229000.0,High_School,M,1,21470,marketing
18699,0,198000.0,Bachelor,M,6,111082,sales
14618,0,136000.0,Bachelor,F,2,98419,marketing
121721,1,353000.0,Bachelor,F,4,127623,engineering
131280,0,289000.0,PhD,F,3,41335,engineering
29072,1,231000.0,PhD,M,1,193621,sales
16241,0,101000.0,PhD,M,3,87733,sales
162085,1,175000.0,High_School,M,5,90639,marketing
62167,0,130000.0,Master,F,3,126515,HR
99397,0,120000.0,Bachelor,M,16,71889,HR
14967,0,190000.0,Bachelor,M,3,182996,sales
129633,0,289000.0,Master,M,9,118769,engineering
197896,0,84000.0,PhD,F,11,110260,HR
36597,1,322000.0,Master,F,2,88936,sales
82543,1,315000.0,High_School,M,4,110091,engineering
174342,1,253000.0,Bachelor,F,2,42096,sales
191279,1,243000.0,PhD,M,1,154891,engineering
96170,0,169000.0,PhD,M,6,118329,sales
113965,1,305000.0,High_School,M,2,92765,engineering
100278,0,62000.0,Bachelor,F,2,21086,HR
21163,0,94000.0,High_School,F,5,43704,HR
94750,1,279000.0,Bachelor,M,1,37434,sales
179352,0,201000.0,High_School,M,4,165717,sales
120833,0,75000.0,PhD,M,4,172717,HR
2433,0,182000.0,PhD,F,2,112750,engineering
11291,0,222000.0,Master,F,7,80128,sales
72846,0,94000.0,Master,F,4,100373,HR
131236,0,68000.0,Bachelor,M,2,21086,HR
143306,0,181000.0,Bachelor,M,2,2644,sales
151768,1,226000.0,Bachelor,M,3,160476,sales
38198,0,91000.0,Bachelor,F,1,171461,HR
75268,1,71000.0,Bachelor,F,1,140393,engineering
32268,0,202000.0,PhD,M,4,16510,sales
23751,0,272000.0,Master,M,1,187053,engineering
138285,0,194000.0,Bachelor,M,8,114572,marketing
158823,1,393000.0,Bachelor,M,5,63785,engineering
121706,1,274000.0,High_School,F,1,77844,sales
180060,0,176000.0,Master,M,5,145710,engineering
144732,0,70000.0,Master,F,1,169849,HR
191391,1,125000.0,Master,M,20,138045,marketing
15367,1,252000.0,Bachelor,F,1,59705,sales
38184,0,188000.0,High_School,M,1,147103,engineering
140984,0,252000.0,Master,M,6,192369,sales
29161,0,309000.0,High_School,M,1,110878,engineering
182243,0,278000.0,Bachelor,M,4,65883,marketing
117334,0,78000.0,Master,F,4,62298,HR
127997,1,210000.0,PhD,F,4,72965,sales
149352,1,64000.0,Master,F,6,43704,HR
10913,1,197000.0,High_School,M,1,156010,engineering
35610,0,313000.0,Bachelor,F,8,144928,sales
145830,1,267000.0,Master,M,1,59705,sales
158253,0,62000.0,Master,F,2,94447,HR
124842,1,128000.0,Bachelor,M,3,90639,marketing
72928,0,253000.0,PhD,M,5,120638,engineering
94173,0,93000.0,Bachelor,M,4,73254,HR
31506,0,209000.0,PhD,M,5,53390,sales
102102,0,203000.0,Master,M,2,78493,sales
43079,1,316000.0,PhD,M,5,112302,engineering
196556,0,153000.0,Bachelor,M,5,52319,sales
199282,0,311000.0,Master,M,11,82419,marketing
13272,1,160000.0,Bachelor,M,4,81490,sales
69536,1,255000.0,Master,M,4,138432,sales
148032,1,145000.0,High_School,M,3,172989,sales
180706,1,187000.0,Master,M,4,94507,engineering
114784,0,176000.0,PhD,M,5,188118,sales
44421,1,231000.0,Bachelor,F,2,8856,marketing
99606,0,313000.0,High_School,M,2,14299,engineering
52665,0,159000.0,Bachelor,M,5,103981,marketing
175365,1,128000.0,Master,F,2,166741,marketing
172899,1,91000.0,Bachelor,M,4,65883,marketing
2905,0,198000.0,PhD,M,4,8711,marketing
18030,0,139000.0,PhD,M,1,172246,sales
109517,0,159000.0,PhD,M,2,46997,sales
15253,0,168000.0,PhD,F,5,130204,marketing
155241,0,105000.0,PhD,F,4,130204,marketing
2737,0,189000.0,PhD,M,4,186086,engineering
161230,0,98000.0,Master,F,2,81421,HR
146159,0,195000.0,Bachelor,M,3,7966,sales
81362,1,285000.0,Bachelor,M,1,5875,marketing
132866,0,75000.0,PhD,M,4,51331,HR
164761,1,313000.0,PhD,M,4,142926,engineering
95149,1,138000.0,PhD,M,3,29410,engineering
155204,0,101000.0,High_School,F,5,71152,HR
62707,0,159000.0,Bachelor,F,1,73649,sales
178427,0,284000.0,Bachelor,F,1,91002,marketing
188389,0,125000.0,High_School,M,2,72965,sales
141424,0,67000.0,PhD,F,3,123154,HR
154118,0,278000.0,Master,M,2,26505,marketing
118133,0,122000.0,High_School,F,2,66420,HR
194121,0,188000.0,PhD,M,15,176367,engineering
8989,1,98000.0,Master,M,1,198814,marketing
92446,0,120000.0,PhD,M,2,168742,sales
9226,0,95000.0,PhD,M,3,142276,HR
179890,1,193000.0,PhD,M,3,129734,engineering
21960,0,70000.0,PhD,F,3,132192,HR
88453,0,281000.0,Bachelor,M,1,55883,engineering
128525,1,63000.0,PhD,F,2,64087,HR
181869,0,262000.0,Bachelor,M,5,48912,engineering
122759,0,100000.0,Bachelor,M,7,160618,sales
125894,0,89000.0,Master,F,1,97422,HR
99521,0,158000.0,High_School,M,3,192369,sales
129790,1,159000.0,Bachelor,M,1,192132,marketing
159164,1,268000.0,PhD,M,7,5743,sales
87073,0,132000.0,PhD,M,5,59862,engineering
29343,1,206000.0,Master,M,4,43858,engineering
170643,0,256000.0,PhD,F,5,109671,marketing
56869,1,343000.0,Master,F,6,76641,engineering
189937,0,307000.0,Bachelor,F,11,55537,engineering
153422,0,269000.0,High_School,M,1,47863,engineering
117341,1,258000.0,PhD,M,6,167389,sales
113108,0,187000.0,PhD,M,4,7966,sales
15946,0,329000.0,Master,M,1,191495,sales
41869,0,212000.0,High_School,M,1,113618,marketing
81323,0,392000.0,Master,M,6,69903,engineering
65451,0,277000.0,Master,M,18,139032,sales
27378,0,232000.0,Bachelor,M,1,149970,marketing
190264,0,304000.0,High_School,M,3,149485,sales
83361,0,302000.0,High_School,M,3,191351,marketing
150522,0,98000.0,Bachelor,M,2,10786,HR
90451,0,184000.0,PhD,M,5,32938,engineering
184130,0,297000.0,Master,M,4,148418,engineering
112901,0,133000.0,Bachelor,M,7,109102,sales
187990,1,156000.0,Bachelor,F,5,88007,sales
2870,1,341000.0,Master,F,3,158056,engineering
55858,0,190000.0,Master,M,14,119832,engineering
62853,0,164000.0,Master,F,1,71585,sales
154913,0,160000.0,Bachelor,M,6,170431,marketing
8165,0,72000.0,High_School,F,5,141211,HR
83263,0,129000.0,Bachelor,M,1,10922,sales
141090,0,123000.0,PhD,F,2,29410,engineering
108648,0,127000.0,High_School,F,5,153551,sales
56294,1,389000.0,High_School,M,1,183065,engineering
38326,1,212000.0,Master,M,1,81811,sales
124334,0,66000.0,PhD,M,2,10922,sales
57654,1,243000.0,Bachelor,F,1,149135,engineering
43023,0,73000.0,Master,M,2,152960,sales
133236,0,138000.0,High_School,M,4,6536,marketing
100730,0,319000.0,Bachelor,M,1,8198,engineering
74635,0,191000.0,High_School,M,1,62161,marketing
43773,0,85000.0,Master,F,2,177805,marketing
16785,1,366000.0,Master,M,3,33814,engineering
52313,0,207000.0,PhD,F,10,135238,sales
113635,0,364000.0,PhD,M,3,67151,engineering
156015,0,167000.0,PhD,M,1,101484,engineering
37936,0,182000.0,Bachelor,F,3,197832,marketing
31063,0,63000.0,Bachelor,F,7,99397,HR
184681,1,185000.0,Bachelor,F,2,154292,engineering
69773,0,85000.0,Bachelor,M,6,181787,marketing
181853,1,339000.0,Master,F,2,58522,engineering
45739,0,147000.0,PhD,M,1,168951,sales
185933,0,264000.0,Bachelor,F,7,113124,sales
127011,0,230000.0,Bachelor,F,2,34134,sales
80435,0,159000.0,PhD,M,5,136861,sales
153357,1,68000.0,Master,M,2,162196,engineering
25891,1,344000.0,Master,M,1,64750,engineering
24238,1,289000.0,Master,F,8,73489,sales
76435,1,264000.0,Bachelor,F,9,183175,sales
88655,0,131000.0,PhD,M,7,171940,marketing
177296,0,144000.0,Master,M,2,186086,engineering
81304,0,260000.0,High_School,F,1,51738,engineering
188732,0,91000.0,PhD,M,2,169833,HR
159197,0,238000.0,Bachelor,M,5,62043,engineering
19683,0,149000.0,Master,M,3,142367,sales
82390,0,179000.0,Master,M,2,76073,engineering
88370,1,61000.0,Master,M,7,110260,HR
82971,0,142000.0,PhD,M,6,16510,sales
196388,0,275000.0,PhD,M,4,27781,marketing
32223,0,234000.0,Bachelor,M,1,5875,marketing
11832,0,272000.0,Master,F,1,131063,marketing
70809,0,62000.0,PhD,F,2,15768,HR
141508,0,152000.0,PhD,M,1,66591,sales
53572,1,77000.0,PhD,F,4,5743,sales
75193,1,135000.0,PhD,M,3,172889,sales
43706,1,215000.0,PhD,F,2,55883,engineering
127119,0,82000.0,High_School,M,6,71152,HR
101061,0,223000.0,High_School,M,7,79934,engineering
118887,0,364000.0,Master,M,5,77766,marketing
83700,1,267000.0,PhD,M,1,143317,sales
100503,0,182000.0,Master,M,5,183824,engineering
114666,0,257000.0,Bachelor,F,4,12649,engineering
121402,0,61000.0,High_School,F,3,194078,marketing
145741,1,174000.0,Bachelor,F,4,193518,sales
147593,0,64000.0,Master,F,7,23737,HR
73573,0,151000.0,PhD,M,8,167877,sales
132109,0,190000.0,High_School,M,2,167877,sales
43628,0,76000.0,PhD,M,6,115591,sales
168336,1,101000.0,Bachelor,F,7,168415,HR
83948,0,390000.0,Master,M,2,149135,engineering
32248,0,126000.0,PhD,M,7,34280,sales
67178,0,77000.0,PhD,M,5,20378,HR
85308,0,260000.0,Bachelor,M,1,56316,sales
167836,0,324000.0,PhD,M,9,7212,marketing
154029,0,264000.0,PhD,M,4,119991,engineering
186207,1,346000.0,Bachelor,F,3,70547,marketing
76846,0,61000.0,Bachelor,F,3,194904,HR
71046,0,296000.0,PhD,M,8,51738,engineering
141926,0,363000.0,High_School,F,4,160261,marketing
171417,0,166000.0,Master,M,6,120638,engineering
173778,0,106000.0,PhD,F,6,88007,sales
194076,1,256000.0,Master,M,1,168951,sales
85701,0,149000.0,High_School,F,5,73649,sales
109102,1,217000.0,PhD,M,2,65451,sales
130128,0,139000.0,Master,M,3,113618,marketing
84808,0,231000.0,Bachelor,M,5,98967,marketing
51229,1,266000.0,Bachelor,M,5,119658,engineering
19135,0,343000.0,Bachelor,M,4,30640,engineering
76135,0,209000.0,High_School,M,4,5692,marketing
44800,0,103000.0,Master,F,5,127544,sales
193281,0,137000.0,High_School,F,2,143050,marketing
91254,0,298000.0,PhD,M,8,23830,marketing
122905,0,269000.0,Master,M,2,52920,sales
72267,0,71000.0,Bachelor,M,1,23100,engineering
43888,0,98000.0,Master,F,5,41808,HR
53205,1,240000.0,Bachelor,M,2,178954,engineering
5196,0,143000.0,PhD,M,3,168791,engineering
99085,1,334000.0,Master,F,2,71115,engineering
113062,1,143000.0,High_School,M,3,160618,sales
58064,0,147000.0,Master,F,2,138772,sales
89656,0,191000.0,Master,M,5,55431,sales
121712,1,209000.0,Master,M,5,4394,marketing
57314,0,185000.0,Bachelor,M,6,27781,marketing
8627,0,170000.0,Bachelor,M,1,111082,sales
186634,1,81000.0,PhD,M,1,92210,sales
139073,0,284000.0,Master,M,2,181772,sales
197010,0,61000.0,Master,F,4,142630,HR
172365,0,299000.0,Master,F,4,103912,sales
107213,1,221000.0,Master,M,3,159098,engineering
164141,0,174000.0,Master,F,4,190778,marketing
63757,1,97000.0,PhD,F,3,27781,marketing
145349,0,170000.0,Master,M,5,74066,engineering
120642,0,269000.0,Master,F,4,154170,engineering
12869,0,235000.0,PhD,M,3,29410,engineering
131345,0,277000.0,PhD,F,7,90834,sales
181353,0,344000.0,Master,M,2,48352,engineering
45040,0,205000.0,PhD,F,5,95609,sales
186896,1,136000.0,PhD,F,4,142850,sales
56351,0,223000.0,Master,F,2,167877,sales
156394,0,103000.0,High_School,F,1,148865,sales
144928,0,60000.0,High_School,M,11,134865,sales
196319,0,94000.0,Bachelor,M,1,141317,sales
160056,0,68000.0,PhD,F,4,29508,HR
133425,1,94000.0,High_School,F,2,123358,sales
17558,0,107000.0,PhD,F,2,110091,engineering
192467,0,209000.0,Master,M,3,156927,marketing
25076,0,87000.0,Master,F,2,151005,marketing
34376,1,265000.0,High_School,F,6,10922,sales
47170,0,187000.0,Master,M,3,61811,sales
121934,0,158000.0,Bachelor,M,4,116119,marketing
86090,0,119000.0,Master,M,1,175434,sales
2704,1,342000.0,Bachelor,M,4,182556,sales
111678,1,153000.0,High_School,F,2,90065,engineering
49237,0,233000.0,PhD,M,6,162035,sales
24543,0,177000.0,High_School,M,9,76310,engineering
127549,1,225000.0,PhD,M,5,127275,engineering
147819,0,377000.0,Bachelor,F,3,120639,sales
143202,0,222000.0,High_School,M,2,76073,engineering
179625,0,73000.0,Master,F,1,140838,HR
22145,1,242000.0,PhD,M,13,134865,sales
19381,0,139000.0,Bachelor,M,5,78997,engineering
146244,0,384000.0,PhD,F,1,185976,engineering
107694,1,72000.0,PhD,M,9,50665,HR
181080,0,87000.0,PhD,F,1,180925,sales
112997,1,126000.0,Master,F,5,87929,sales
119374,0,73000.0,High_School,F,5,150290,HR
156027,0,335000.0,High_School,M,1,103448,sales
169720,0,72000.0,Master,M,1,32159,sales
30973,0,128000.0,Bachelor,M,4,132309,sales
32288,0,96000.0,High_School,M,1,29733,HR
51053,0,162000.0,Master,F,5,105542,marketing
46770,0,127000.0,PhD,M,2,177805,marketing
110846,1,173000.0,Bachelor,M,5,6335,sales
185642,0,115000.0,High_School,M,2,55653,sales
25080,0,82000.0,Bachelor,F,8,43937,HR
137015,0,191000.0,Bachelor,F,5,102026,sales
44068,0,229000.0,Bachelor,M,3,110878,engineering
128938,0,397000.0,Master,M,3,64750,engineering
33060,0,111000.0,High_School,F,3,78516,sales
68318,1,225000.0,High_School,F,1,51293,sales
136646,0,213000.0,Master,M,5,56451,sales
159098,0,183000.0,PhD,F,4,5342,engineering
104329,0,134000.0,Master,M,8,61988,engineering
49751,1,184000.0,Master,F,7,49729,sales
49161,0,273000.0,PhD,M,1,5374,sales
85722,0,146000.0,Master,M,7,116119,marketing
58583,1,328000.0,High_School,F,3,144976,sales
91124,0,155000.0,PhD,M,4,167941,sales
60394,0,87000.0,Master,F,2,22977,HR
189125,0,209000.0,Bachelor,M,3,79,sales
112784,1,252000.0,Bachelor,M,1,147249,engineering
124697,1,143000.0,Master,F,4,49729,sales
185962,1,153000.0,Bachelor,F,1,95522,marketing
150250,0,199000.0,PhD,M,3,73663,marketing
188171,1,82000.0,Bachelor,M,1,139180,marketing
114526,0,171000.0,Bachelor,M,1,30640,engineering
121791,0,144000.0,PhD,M,3,146473,marketing
97146,0,131000.0,High_School,F,2,46957,sales
149380,1,378000.0,PhD,M,6,122145,engineering
41909,1,89000.0,High_School,M,3,168797,marketing
38033,0,109000.0,High_School,F,1,181996,engineering
36629,0,124000.0,High_School,F,3,198624,HR
85006,0,295000.0,High_School,M,3,127544,sales
10109,0,296000.0,PhD,F,1,127544,sales
144435,0,139000.0,High_School,M,2,79934,engineering
43213,0,63000.0,PhD,M,3,174009,HR
41352,1,181000.0,Master,M,4,77844,sales
199698,0,204000.0,High_School,M,1,73106,engineering
63435,0,361000.0,High_School,F,5,108428,engineering
98413,1,314000.0,Master,M,3,87762,sales
89862,0,284000.0,Master,M,3,134944,sales
8145,0,243000.0,PhD,M,2,69379,sales
130204,0,224000.0,PhD,M,8,115907,marketing
31646,1,278000.0,Bachelor,M,6,53109,sales
38822,0,195000.0,PhD,M,1,60489,marketing
99321,0,136000.0,Master,M,1,55883,engineering
64131,0,251000.0,PhD,M,1,27781,marketing
80820,1,154000.0,Bachelor,M,4,19806,sales
68984,1,142000.0,Bachelor,M,1,7966,sales
160233,0,230000.0,Bachelor,M,5,168951,sales
54251,0,83000.0,Bachelor,M,3,126368,sales
192806,1,274000.0,Master,F,3,48120,engineering
184582,1,114000.0,Bachelor,F,1,198240,sales
187055,1,138000.0,Master,M,5,8711,marketing
82657,0,368000.0,High_School,F,12,171907,sales
6474,0,294000.0,High_School,M,4,90639,marketing
92936,1,238000.0,High_School,M,4,53012,marketing
131264,1,63000.0,High_School,F,5,39231,HR
170821,1,227000.0,Bachelor,M,4,198879,sales
177864,0,66000.0,Master,M,4,94683,marketing
162617,1,248000.0,PhD,M,5,26183,sales
123376,0,111000.0,PhD,F,4,97422,HR
185603,1,271000.0,High_School,M,2,15277,engineering
178561,1,287000.0,Bachelor,M,2,145126,sales
90238,0,204000.0,Master,M,4,178314,marketing
56363,0,65000.0,Master,F,2,77556,HR
170922,0,132000.0,PhD,M,10,129381,sales
27656,0,147000.0,Master,M,2,81490,sales
78902,0,334000.0,PhD,M,1,5743,sales
41589,1,154000.0,PhD,F,2,48877,marketing
47697,0,166000.0,Bachelor,F,7,152791,sales
167243,0,144000.0,PhD,M,4,148984,sales
172741,0,96000.0,Bachelor,M,4,7349,marketing
149878,0,96000.0,Master,F,3,142630,HR
48225,0,252000.0,Bachelor,F,2,68201,sales
107169,0,71000.0,High_School,M,2,114011,engineering
101116,0,94000.0,PhD,M,2,41721,marketing
165002,0,117000.0,High_School,F,1,114011,engineering
89935,0,234000.0,Master,M,4,87613,engineering
73132,0,83000.0,PhD,F,3,19806,sales
86808,0,80000.0,Bachelor,F,1,168564,sales
172160,1,252000.0,Master,F,7,146220,marketing
16812,0,131000.0,Bachelor,F,9,126257,engineering
3745,0,144000.0,Bachelor,M,3,178314,marketing
186123,1,171000.0,High_School,F,8,79934,engineering
139035,0,98000.0,Bachelor,M,3,175548,HR
138601,0,100000.0,Master,M,4,111363,sales
122318,0,359000.0,Bachelor,M,2,129734,engineering
194890,0,128000.0,Bachelor,M,1,172717,HR
189658,1,335000.0,Master,F,4,92403,sales
11243,0,71000.0,Bachelor,M,3,67151,engineering
116337,1,90000.0,Bachelor,F,9,125755,marketing
10238,1,190000.0,Bachelor,M,1,126257,engineering
78574,0,285000.0,PhD,M,5,191083,marketing
234,1,252000.0,Master,F,2,171499,engineering
165730,0,364000.0,PhD,M,4,147249,engineering
62588,1,212000.0,Master,F,7,120381,sales
116901,1,247000.0,PhD,M,3,4394,marketing
24461,0,176000.0,Master,M,3,148260,marketing
41993,1,69000.0,PhD,F,2,62298,HR
104539,0,93000.0,Master,M,2,138823,HR
114620,1,139000.0,Master,M,5,33266,marketing
101443,0,200000.0,Master,M,1,180854,sales
97605,0,173000.0,Master,M,1,150722,marketing
67753,0,209000.0,Master,F,2,34977,sales
106015,0,275000.0,PhD,M,4,144211,engineering
35841,1,141000.0,Master,M,1,191649,sales
156130,0,190000.0,Bachelor,M,4,87929,sales
129213,0,283000.0,Bachelor,M,2,127623,engineering
185421,1,307000.0,PhD,M,5,167389,sales
34265,0,321000.0,Master,M,3,168791,engineering
102275,1,84000.0,Bachelor,M,5,41808,HR
68589,1,247000.0,Master,M,3,174092,sales
59609,0,172000.0,PhD,F,2,58365,marketing
196401,0,344000.0,Bachelor,M,1,94611,engineering
11845,1,280000.0,Bachelor,M,6,134982,sales
160632,0,184000.0,Master,M,1,191454,marketing
90155,0,65000.0,Bachelor,M,1,41808,HR
164947,0,201000.0,High_School,M,1,143317,sales
113589,0,336000.0,Bachelor,M,11,190801,engineering
132163,0,168000.0,PhD,M,5,160289,sales
191843,0,255000.0,Bachelor,M,4,157931,engineering
113731,0,97000.0,Master,M,2,11507,HR
68821,0,127000.0,Master,M,2,183869,engineering
149710,1,130000.0,PhD,F,3,4110,sales
29851,0,169000.0,Bachelor,F,1,158609,sales
42163,0,68000.0,PhD,F,1,189742,HR
198291,0,211000.0,Bachelor,F,8,148236,sales
127590,1,366000.0,PhD,M,7,76310,engineering
196767,0,65000.0,PhD,M,4,16445,HR
137469,0,271000.0,PhD,M,3,88779,sales
52525,0,210000.0,PhD,F,6,192589,engineering
61928,0,223000.0,PhD,F,1,180037,sales
80604,0,177000.0,PhD,F,3,125755,marketing
190146,0,62000.0,Bachelor,F,1,138772,sales
150890,0,78000.0,Bachelor,F,1,97919,HR
138502,0,155000.0,Master,F,9,159996,sales
198403,0,319000.0,Bachelor,F,7,78493,sales
36347,0,348000.0,PhD,M,1,47472,engineering
52625,1,340000.0,PhD,F,4,191073,sales
23866,1,64000.0,PhD,F,6,146111,HR
46343,0,290000.0,PhD,M,5,132683,engineering
123666,1,177000.0,Master,M,1,112245,sales
100319,0,251000.0,Master,M,3,198531,sales
82533,0,185000.0,Bachelor,M,1,103981,marketing
49181,1,323000.0,Master,F,1,122567,engineering
55741,1,248000.0,High_School,M,1,175558,engineering
85353,1,93000.0,Bachelor,F,2,84230,marketing
9648,0,74000.0,PhD,M,2,81421,HR
108163,1,387000.0,PhD,M,8,69903,engineering
133562,0,191000.0,Bachelor,M,2,84828,engineering
179384,0,205000.0,PhD,F,1,147106,sales
198517,1,334000.0,High_School,M,2,20828,marketing
74397,0,151000.0,Master,M,2,144211,engineering
151005,0,186000.0,PhD,F,7,134556,marketing
16445,0,75000.0,PhD,F,4,136905,HR
65722,0,67000.0,PhD,M,2,125114,HR
188650,0,323000.0,PhD,M,1,135846,sales
191635,0,223000.0,High_School,F,1,154381,sales
24563,0,91000.0,Master,F,3,29749,HR
71545,0,274000.0,Bachelor,M,2,198032,sales
130949,0,129000.0,PhD,F,6,87762,sales
144738,0,129000.0,PhD,M,2,121527,marketing
106936,0,109000.0,High_School,F,2,51121,HR
85198,0,211000.0,PhD,M,3,73846,sales
155875,0,97000.0,Bachelor,F,4,171461,HR
53812,1,81000.0,Master,F,2,46178,engineering
43891,0,135000.0,Bachelor,F,1,37434,sales
36588,0,208000.0,Master,F,4,124014,sales
133512,1,161000.0,Master,M,6,16073,marketing
40059,0,194000.0,Master,M,3,136313,engineering
72505,0,112000.0,Master,M,4,98520,marketing
142718,1,213000.0,Bachelor,M,4,47863,engineering
39460,0,112000.0,Bachelor,F,12,192056,HR
47540,0,378000.0,High_School,M,3,55481,engineering
144361,0,205000.0,PhD,M,3,52923,sales
77791,0,189000.0,PhD,F,5,168742,sales
4390,0,229000.0,High_School,M,4,194078,marketing
194716,0,128000.0,Bachelor,M,5,162518,sales
171850,0,298000.0,Master,M,6,47863,engineering
198961,0,63000.0,Bachelor,F,8,39460,HR
64029,0,68000.0,Bachelor,M,5,11507,HR
38926,0,282000.0,Bachelor,M,1,59939,marketing
47519,1,155000.0,Master,F,1,165442,sales
194606,0,68000.0,Bachelor,M,3,194078,marketing
197806,0,82000.0,PhD,M,4,130135,HR
188063,0,390000.0,PhD,F,1,67151,engineering
161782,1,179000.0,High_School,M,2,53390,sales
165675,0,85000.0,Bachelor,F,3,15768,HR
125214,0,134000.0,Bachelor,M,1,198879,sales
147103,0,222000.0,Master,M,8,152076,engineering
96771,1,346000.0,Bachelor,M,2,116774,engineering
57468,0,207000.0,PhD,M,2,32572,marketing
107937,0,303000.0,Bachelor,F,3,191289,engineering
999,0,62000.0,Bachelor,F,3,44056,HR
152791,1,168000.0,Bachelor,M,3,154897,sales
43870,0,117000.0,Bachelor,M,2,79193,sales
127732,0,171000.0,Bachelor,M,8,124186,marketing
65485,0,320000.0,PhD,F,2,191073,sales
174891,1,144000.0,Bachelor,M,2,181787,marketing
187154,1,170000.0,Bachelor,F,4,118329,sales
6517,1,124000.0,Bachelor,M,1,159906,sales
113592,0,387000.0,Master,M,1,79237,marketing
55709,1,265000.0,PhD,F,6,160261,marketing
139309,0,98000.0,Bachelor,F,6,81421,HR
65717,0,274000.0,Bachelor,M,2,136861,sales
195895,0,83000.0,Bachelor,F,6,126515,HR
66874,0,152000.0,Bachelor,M,3,78215,sales
9241,0,195000.0,PhD,M,3,132309,sales
177805,1,79000.0,Bachelor,M,5,87344,marketing
165845,0,71000.0,Master,F,2,173939,marketing
44192,1,339000.0,Bachelor,M,2,126330,engineering
106872,0,332000.0,High_School,M,3,123103,engineering
175618,0,65000.0,High_School,M,2,199950,HR
49563,1,325000.0,Master,M,1,140393,engineering
123428,0,72000.0,Bachelor,F,1,142276,HR
174009,0,63000.0,Bachelor,F,7,39785,HR
55115,0,298000.0,Master,M,2,173939,marketing
38028,0,195000.0,Bachelor,M,5,167389,sales
96466,0,272000.0,Master,M,1,115856,sales
84193,0,255000.0,PhD,M,3,115539,marketing
80609,0,260000.0,PhD,M,5,87330,engineering
174578,0,180000.0,High_School,M,1,40904,engineering
1857,1,312000.0,High_School,F,3,154170,engineering
25036,0,139000.0,PhD,F,11,152500,HR
155144,1,246000.0,PhD,M,3,126368,sales
43279,1,77000.0,PhD,F,7,193920,sales
169368,0,150000.0,High_School,F,2,91345,sales
125257,0,108000.0,Bachelor,F,2,154375,HR
77844,1,232000.0,Bachelor,F,9,3917,sales
191351,1,218000.0,Bachelor,M,4,87344,marketing
25164,0,198000.0,PhD,M,5,98520,marketing
15847,0,231000.0,PhD,M,1,160618,sales
4598,1,354000.0,Master,M,3,110508,engineering
115077,0,208000.0,Master,M,2,39388,sales
28030,0,207000.0,Bachelor,F,7,110878,engineering
26340,0,117000.0,High_School,M,2,142926,engineering
101883,0,275000.0,Master,M,3,77613,sales
55465,1,263000.0,PhD,M,5,110508,engineering
19371,0,167000.0,High_School,M,1,32159,sales
151511,0,140000.0,Master,F,2,160169,sales
189349,1,141000.0,Bachelor,M,1,99121,marketing
166319,0,317000.0,Bachelor,M,1,147016,sales
87380,0,89000.0,Bachelor,F,4,132360,sales
98663,0,96000.0,Bachelor,F,2,39460,HR
35263,0,151000.0,High_School,M,2,73106,engineering
113189,0,135000.0,Bachelor,M,8,193088,sales
115921,0,69000.0,Master,M,2,143317,sales
45596,0,188000.0,High_School,F,4,108164,sales
65174,1,244000.0,PhD,M,23,154041,sales
110326,0,151000.0,Bachelor,M,2,102712,sales
112928,1,269000.0,Bachelor,M,6,76310,engineering
22374,1,250000.0,Bachelor,M,8,126257,engineering
145508,0,148000.0,Master,M,4,59705,sales
48546,1,178000.0,High_School,M,3,196058,marketing
121562,0,129000.0,Master,F,6,61517,HR
137203,1,183000.0,Bachelor,M,4,91124,sales
170076,0,301000.0,Master,F,8,3802,engineering
167734,0,209000.0,PhD,M,1,101484,engineering
65929,0,248000.0,Master,M,2,182556,sales
194164,0,74000.0,Bachelor,F,1,193818,HR
180465,1,151000.0,PhD,F,9,139180,marketing
193141,1,267000.0,Master,F,5,77613,sales
157181,1,125000.0,Master,M,7,43602,engineering
180854,1,182000.0,Master,M,10,65451,sales
59039,0,134000.0,High_School,M,1,8198,engineering
194722,1,60000.0,High_School,F,4,4384,HR
131777,0,308000.0,Master,M,6,84828,engineering
49822,1,157000.0,Bachelor,F,3,154292,engineering
130342,0,99000.0,PhD,F,14,20378,HR
58808,1,398000.0,Bachelor,F,4,124014,sales
62413,0,331000.0,High_School,M,6,113618,marketing
110892,0,62000.0,Bachelor,M,2,22977,HR
136034,0,116000.0,Master,M,1,147783,sales
178692,0,115000.0,Bachelor,M,3,191289,engineering
102632,0,80000.0,PhD,M,13,167223,marketing
102994,0,171000.0,PhD,F,2,1050,engineering
158220,0,154000.0,Bachelor,M,2,53390,sales
94009,0,287000.0,Master,M,3,41080,sales
99511,0,70000.0,High_School,M,2,171499,engineering
156074,0,145000.0,Bachelor,M,2,156927,marketing
50764,0,117000.0,Master,M,1,107547,sales
98389,0,224000.0,Bachelor,M,6,37220,engineering
140013,0,160000.0,Bachelor,M,1,27704,sales
195150,1,92000.0,PhD,M,4,128447,engineering
137290,1,210000.0,Bachelor,M,3,94611,engineering
4365,0,295000.0,Bachelor,M,1,59353,engineering
43707,1,241000.0,Bachelor,F,5,175361,sales
44121,0,79000.0,Bachelor,M,2,53826,HR
76269,0,190000.0,Master,M,4,119964,marketing
136737,1,99000.0,PhD,F,5,115856,sales
19056,0,108000.0,PhD,M,2,150194,engineering
192216,1,214000.0,Master,F,4,194078,marketing
197180,1,121000.0,Master,M,2,96420,sales
99661,0,207000.0,Bachelor,F,3,57316,sales
52510,0,214000.0,PhD,M,2,66591,sales
167586,0,269000.0,High_School,M,1,66591,sales
67027,0,222000.0,PhD,M,6,189222,engineering
4384,0,72000.0,Master,F,4,138823,HR
160605,0,306000.0,Master,F,7,168342,engineering
144401,0,210000.0,PhD,M,3,94362,sales
23830,1,177000.0,Bachelor,F,24,74062,marketing
193439,0,106000.0,PhD,F,3,42096,sales
160169,1,264000.0,Bachelor,M,6,172989,sales
121073,0,225000.0,PhD,M,1,197832,marketing
51331,0,156000.0,PhD,M,8,89619,HR
38800,1,180000.0,PhD,F,8,10922,sales
160362,1,181000.0,Master,M,7,57316,sales
134787,0,61000.0,PhD,M,7,53012,marketing
23120,0,104000.0,Master,M,6,155485,marketing
147000,0,274000.0,Master,M,1,29410,engineering
19695,0,397000.0,High_School,F,1,75246,engineering
61315,1,274000.0,Master,F,6,118769,engineering
34931,1,113000.0,Bachelor,M,5,162381,engineering
109624,0,275000.0,Master,M,6,157931,engineering
37325,0,162000.0,Bachelor,F,2,26505,marketing
7911,0,67000.0,PhD,M,5,9706,sales
95057,0,236000.0,PhD,M,3,181996,engineering
198,1,299000.0,Master,M,7,144219,engineering
130871,0,91000.0,Bachelor,M,3,168797,marketing
53069,0,134000.0,Master,F,1,159996,sales
113555,0,68000.0,High_School,F,4,104759,HR
46408,1,142000.0,Bachelor,F,6,130834,engineering
43886,0,269000.0,Master,F,5,168797,marketing
36401,0,61000.0,High_School,F,1,62298,HR
47863,0,291000.0,Master,M,13,40132,engineering
100722,0,66000.0,PhD,F,2,115765,HR
23520,0,217000.0,Bachelor,M,5,95473,sales
43705,0,136000.0,Master,M,4,164501,HR
197605,0,247000.0,PhD,F,4,12877,engineering
59526,0,208000.0,Master,F,4,192369,sales
99138,1,61000.0,Bachelor,M,2,79807,engineering
105796,0,64000.0,Master,F,1,8812,HR
144192,1,384000.0,High_School,M,4,76641,engineering
33796,0,154000.0,Bachelor,M,1,181311,sales
13728,0,92000.0,Master,F,1,193818,HR
92715,1,195000.0,PhD,F,4,114572,marketing
68532,1,142000.0,Bachelor,M,13,61403,engineering
105439,0,289000.0,High_School,M,1,90639,marketing
57810,0,218000.0,Bachelor,M,5,52525,engineering
188895,0,145000.0,Bachelor,M,3,115856,sales
192842,0,80000.0,PhD,M,4,103448,sales
24936,0,259000.0,Master,M,1,181421,sales
22518,1,207000.0,PhD,F,6,198875,engineering
136528,0,169000.0,PhD,M,3,167650,engineering
144320,1,319000.0,Bachelor,F,4,47472,engineering
78493,0,250000.0,High_School,M,3,197876,sales
25427,1,307000.0,Bachelor,M,1,126368,sales
163434,1,86000.0,Bachelor,F,5,148865,sales
59894,0,71000.0,Bachelor,M,4,159098,engineering
67383,0,100000.0,Master,M,1,27704,sales
134048,0,184000.0,PhD,M,14,78493,sales
101140,0,264000.0,PhD,M,2,190065,marketing
183353,0,161000.0,High_School,M,9,88779,sales
149164,1,235000.0,PhD,M,3,101484,engineering
108338,0,243000.0,PhD,M,8,113566,engineering
7963,0,69000.0,PhD,F,2,123263,HR
189575,1,93000.0,PhD,F,4,27718,HR
20524,1,157000.0,PhD,M,1,147783,sales
199080,0,242000.0,Bachelor,M,5,64750,engineering
40923,0,90000.0,Bachelor,M,2,81421,HR
34224,1,243000.0,Bachelor,M,3,61811,sales
95253,0,216000.0,High_School,M,1,47863,engineering
60877,0,76000.0,PhD,M,4,66420,HR
185,1,95000.0,Bachelor,M,4,43420,sales
105656,1,238000.0,High_School,M,4,58365,marketing
128060,1,120000.0,Master,F,1,64452,sales
17347,0,62000.0,High_School,F,4,81421,HR
123921,1,129000.0,Bachelor,F,5,8198,engineering
177224,1,266000.0,PhD,M,1,30749,engineering
164322,0,122000.0,Bachelor,M,3,177166,engineering
149966,0,79000.0,High_School,F,2,130342,HR
107493,0,230000.0,PhD,M,3,132307,engineering
94319,0,63000.0,High_School,F,3,169833,HR
86458,0,235000.0,PhD,M,1,123387,sales
61918,0,261000.0,PhD,F,2,193518,sales
117588,1,72000.0,High_School,M,5,115593,HR
31096,0,205000.0,PhD,M,2,131063,marketing
85623,1,134000.0,High_School,F,1,11507,HR
92277,0,72000.0,Master,M,1,129287,HR
104600,0,135000.0,PhD,F,2,53012,marketing
148254,1,292000.0,Master,F,1,178954,engineering
129525,0,94000.0,PhD,F,3,51331,HR
182815,1,201000.0,PhD,F,4,113124,sales
92713,0,225000.0,Master,M,18,96752,sales
6745,0,218000.0,PhD,M,3,169223,engineering
189238,1,217000.0,PhD,M,1,132360,sales
153717,0,78000.0,High_School,F,2,129778,HR
78847,1,270000.0,Bachelor,M,1,123358,sales
47017,0,112000.0,High_School,M,3,112245,sales
30466,0,209000.0,High_School,F,2,89523,sales
41991,0,296000.0,Bachelor,M,6,171907,sales
132829,0,196000.0,PhD,F,1,48742,engineering
171175,0,136000.0,Bachelor,M,5,79735,engineering
139801,1,179000.0,Master,M,5,70819,engineering
99817,0,91000.0,Bachelor,F,2,164326,sales
138443,1,175000.0,High_School,M,1,147642,sales
133226,0,192000.0,Bachelor,M,3,169223,engineering
76954,1,217000.0,Master,F,1,4394,marketing
28084,1,253000.0,Bachelor,M,3,94030,sales
92273,0,262000.0,High_School,M,3,191073,sales
59536,0,158000.0,PhD,M,1,144211,engineering
14956,0,186000.0,High_School,M,2,12877,engineering
11713,0,346000.0,PhD,F,1,108428,engineering
176703,0,74000.0,Master,F,8,32405,HR
107480,0,65000.0,Master,F,6,29749,HR
114484,0,289000.0,Bachelor,M,3,178797,sales
175434,1,190000.0,PhD,F,10,157492,sales
38045,0,152000.0,Bachelor,F,6,48877,marketing
180851,1,160000.0,Bachelor,F,3,191485,sales
49350,0,193000.0,Bachelor,M,3,149485,sales
53939,0,74000.0,PhD,F,3,125114,HR
48260,0,66000.0,PhD,M,1,189742,HR
52858,1,175000.0,Bachelor,M,2,96420,sales
104514,0,85000.0,PhD,F,7,96060,HR
179443,0,241000.0,High_School,M,5,147819,sales
97422,0,67000.0,Master,M,12,7531,HR
150845,0,224000.0,Master,F,3,46997,sales
13641,0,244000.0,Bachelor,F,2,118329,sales
104364,1,360000.0,Bachelor,M,4,186283,engineering
194720,0,78000.0,PhD,F,8,29733,HR
97153,0,182000.0,PhD,F,5,118329,sales
135804,1,81000.0,Master,F,6,95935,HR
193233,0,231000.0,High_School,M,1,195795,sales
127714,1,218000.0,High_School,M,1,196637,engineering
96175,0,124000.0,Bachelor,M,4,144401,sales
188330,0,286000.0,Bachelor,M,3,187183,marketing
162320,0,361000.0,Master,F,3,127769,engineering
76326,1,268000.0,High_School,M,4,142104,engineering
167020,0,103000.0,Bachelor,F,1,7255,engineering
21830,0,76000.0,PhD,F,5,44056,HR
31945,0,74000.0,High_School,F,1,24287,HR
187725,0,90000.0,Bachelor,F,9,180037,sales
61894,0,291000.0,PhD,M,5,186086,engineering
133544,0,74000.0,Master,F,4,186086,engineering
153291,0,215000.0,Bachelor,F,6,141808,sales
81720,0,79000.0,Bachelor,F,9,113189,sales
147551,0,119000.0,PhD,M,1,68201,sales
119555,0,121000.0,Master,F,3,115591,sales
22453,0,92000.0,PhD,F,6,113578,marketing
135796,0,190000.0,Master,M,2,29712,engineering
146251,0,164000.0,High_School,M,3,181996,engineering
126357,0,104000.0,Master,F,3,53677,HR
74376,1,145000.0,Master,F,3,71130,engineering
160420,0,255000.0,Bachelor,M,2,1610,engineering
124004,0,101000.0,Bachelor,M,1,77670,sales
48174,0,243000.0,Master,M,5,19524,marketing
54067,0,231000.0,High_School,M,3,148418,engineering
177875,0,228000.0,Master,M,2,14470,sales
76073,0,279000.0,Master,F,13,184512,engineering
61988,1,336000.0,Master,M,8,49002,engineering
72683,0,247000.0,PhD,F,2,92765,engineering
33540,0,76000.0,PhD,M,2,55972,HR
27263,0,100000.0,PhD,M,3,34977,sales
119774,1,262000.0,Master,F,2,66119,sales
87367,0,69000.0,High_School,M,8,198403,sales
61405,0,61000.0,Master,M,2,96060,HR
183084,1,207000.0,High_School,F,4,39417,engineering
134984,0,220000.0,Master,M,2,151838,sales
173939,0,147000.0,Master,F,10,156036,marketing
121217,0,78000.0,Bachelor,M,5,191351,marketing
59390,0,187000.0,Master,M,2,165717,sales
125456,0,158000.0,PhD,F,5,127544,sales
21110,0,266000.0,PhD,F,1,87733,sales
105738,0,284000.0,PhD,M,3,73106,engineering
123768,1,115000.0,PhD,M,8,152960,sales
145667,0,174000.0,Master,M,17,142146,sales
44794,1,201000.0,Bachelor,M,1,18627,marketing
180621,0,266000.0,Master,M,5,121527,marketing
196160,0,70000.0,Bachelor,M,7,107694,HR
109044,0,392000.0,PhD,F,5,174122,engineering
45609,0,67000.0,High_School,F,4,71987,HR
94379,0,153000.0,Master,M,2,123258,marketing
175120,1,215000.0,High_School,F,5,169574,marketing
82240,0,75000.0,High_School,F,5,119302,HR
183035,0,101000.0,PhD,F,1,180037,sales
34666,0,96000.0,Bachelor,F,4,91002,marketing
35534,0,117000.0,Bachelor,F,4,181886,sales
159437,1,182000.0,Master,M,6,61038,sales
303,0,132000.0,Master,M,3,95473,sales
80247,0,73000.0,PhD,F,1,71152,HR
130584,0,161000.0,Bachelor,F,6,60489,marketing
111082,0,155000.0,Bachelor,M,9,8665,sales
158622,0,102000.0,High_School,M,2,191495,sales
35765,0,138000.0,Bachelor,F,4,148032,sales
72506,0,275000.0,Master,M,1,161727,engineering
61447,0,196000.0,Bachelor,M,4,8182,sales
132784,0,82000.0,Bachelor,F,5,104539,HR
196411,0,85000.0,PhD,F,1,80043,HR
162551,0,72000.0,High_School,M,7,53826,HR
68890,1,282000.0,Bachelor,M,2,60373,marketing
67026,0,116000.0,Master,F,9,20828,marketing
194879,1,83000.0,Bachelor,M,5,59327,HR
93126,1,260000.0,PhD,F,2,189890,engineering
12344,1,107000.0,Bachelor,F,2,123387,sales
30468,0,376000.0,Master,F,6,39726,engineering
84097,0,398000.0,Bachelor,M,3,55883,engineering
175781,1,360000.0,Master,F,4,182531,sales
85237,0,234000.0,Bachelor,M,2,67151,engineering
160432,0,235000.0,Master,M,2,88303,sales
182247,0,127000.0,Master,M,2,156927,marketing
91485,0,247000.0,PhD,M,6,178797,sales
152661,0,107000.0,PhD,M,3,185982,sales
109452,1,291000.0,Bachelor,F,3,169231,sales
15457,1,225000.0,PhD,F,2,73649,sales
129247,0,161000.0,PhD,M,4,179569,sales
52022,1,256000.0,PhD,M,5,142367,sales
94687,0,64000.0,Master,M,4,111082,sales
2740,1,345000.0,Bachelor,M,3,136468,sales
176907,0,100000.0,Master,F,6,113245,sales
85080,1,100000.0,High_School,F,6,8812,HR
132004,1,155000.0,Bachelor,M,1,90834,sales
55376,0,155000.0,Master,M,1,173939,marketing
54599,1,131000.0,PhD,M,1,160289,sales
86077,1,143000.0,PhD,M,3,175434,sales
64392,0,140000.0,Master,F,5,117376,HR
86152,0,260000.0,High_School,F,4,65883,marketing
188245,0,62000.0,PhD,F,1,139278,HR
112005,0,280000.0,High_School,M,3,116774,engineering
88543,0,117000.0,Bachelor,F,8,84230,marketing
183853,0,115000.0,High_School,M,6,48730,marketing
90257,0,161000.0,Master,M,2,75198,marketing
158959,0,117000.0,Bachelor,M,3,58522,engineering
175285,1,172000.0,Master,M,4,131525,sales
30603,0,190000.0,Master,M,8,150300,marketing
93708,1,500000.0,PhD,F,28,61554,HR
8075,1,325000.0,Bachelor,M,6,175593,sales
39322,1,70000.0,Bachelor,F,6,98419,marketing
70117,0,73000.0,Master,F,6,52796,sales
168393,0,363000.0,Master,F,5,30640,engineering
166011,0,105000.0,Bachelor,F,4,25934,engineering
66847,0,279000.0,PhD,M,1,192145,sales
78127,0,122000.0,High_School,M,2,64452,sales
112643,0,162000.0,PhD,F,10,119833,sales
23247,0,65000.0,PhD,M,4,43937,HR
69201,0,101000.0,Bachelor,F,1,120638,engineering
114923,0,177000.0,Bachelor,M,6,23565,sales
41533,1,173000.0,PhD,M,17,177860,HR
159838,0,101000.0,Master,F,7,167223,marketing
69615,0,95000.0,PhD,F,7,159638,HR
68596,0,115000.0,High_School,M,5,146473,marketing
152422,0,110000.0,PhD,M,4,125114,HR
146111,0,81000.0,Master,F,14,21604,HR
158639,0,361000.0,Bachelor,M,4,39417,engineering
173494,0,312000.0,Bachelor,F,3,87929,sales
60752,1,227000.0,Bachelor,M,3,71585,sales
96679,0,264000.0,Master,M,2,182531,sales
77236,1,175000.0,Master,M,2,35499,sales
46687,0,100000.0,PhD,M,1,43937,HR
74825,0,80000.0,Bachelor,M,5,167188,HR
199857,1,241000.0,Bachelor,M,3,21470,marketing
196080,1,216000.0,Bachelor,M,3,159838,marketing
108604,0,96000.0,Bachelor,M,5,10786,HR
98496,0,126000.0,Master,F,4,81860,engineering
77489,0,253000.0,High_School,M,6,134048,sales
103919,0,88000.0,Master,F,2,81421,HR
42892,0,65000.0,Master,M,5,118506,HR
63694,0,111000.0,Master,M,3,175361,sales
45758,0,280000.0,Bachelor,F,7,66160,sales
14515,0,186000.0,PhD,M,3,110091,engineering
41581,0,242000.0,Bachelor,M,6,109671,marketing
2894,0,60000.0,High_School,F,2,174009,HR
199870,0,71000.0,Bachelor,F,4,33665,HR
121875,1,76000.0,High_School,M,4,779,marketing
36501,0,297000.0,Master,F,1,103421,engineering
186254,0,141000.0,High_School,M,3,65126,marketing
19290,1,124000.0,PhD,M,6,141317,sales
179426,0,124000.0,PhD,M,5,91002,marketing
138583,0,272000.0,PhD,M,3,88936,sales
8476,0,223000.0,High_School,M,1,29410,engineering
76518,0,394000.0,PhD,F,1,32938,engineering
64270,0,60000.0,Master,M,1,62298,HR
8926,0,173000.0,PhD,F,3,181311,sales
107437,1,360000.0,PhD,F,2,150194,engineering
65856,0,268000.0,High_School,F,8,120639,sales
117401,1,262000.0,PhD,M,1,95169,sales
51535,1,650000.0,PhD,M,33,61554,engineering
90756,0,377000.0,Master,M,4,144927,sales
128244,0,190000.0,High_School,M,5,54136,marketing
65558,0,284000.0,High_School,F,1,58365,marketing
164288,0,211000.0,Bachelor,M,2,142685,sales
192034,0,79000.0,PhD,M,6,104539,HR
61472,0,255000.0,PhD,M,2,144219,engineering
109843,1,79000.0,PhD,F,7,172717,HR
152427,1,83000.0,PhD,M,1,7255,engineering
46312,0,209000.0,Master,M,3,29960,marketing
114769,0,193000.0,Master,M,2,123258,marketing
191215,0,252000.0,Master,M,2,182531,sales
18348,1,140000.0,PhD,M,1,76435,sales
184722,0,151000.0,PhD,M,2,37434,sales
156589,0,219000.0,Bachelor,M,6,150408,engineering
97839,0,210000.0,PhD,M,3,23120,marketing
140399,0,260000.0,Bachelor,M,2,51288,engineering
603,0,267000.0,PhD,M,1,189890,engineering
191438,0,149000.0,PhD,F,3,27781,marketing
177143,0,77000.0,Bachelor,F,7,66420,HR
179335,0,201000.0,Master,M,2,78997,engineering
123542,0,174000.0,Bachelor,M,2,115591,sales
59856,0,229000.0,PhD,F,3,77844,sales
163887,0,182000.0,High_School,F,5,59555,marketing
129197,0,322000.0,PhD,F,3,26183,sales
2111,1,103000.0,Master,M,1,149485,sales
79080,1,163000.0,Bachelor,F,4,79735,engineering
169375,1,81000.0,Bachelor,F,2,115593,HR
94397,0,109000.0,PhD,M,5,129734,engineering
139758,1,140000.0,PhD,M,3,95609,sales
168315,0,194000.0,PhD,M,2,73893,sales
172948,0,93000.0,PhD,F,14,39785,HR
90513,0,192000.0,High_School,M,4,111508,marketing
143700,1,192000.0,PhD,M,4,169574,marketing
144817,0,301000.0,PhD,M,2,74264,marketing
178341,0,230000.0,Bachelor,F,7,56451,sales
160440,0,270000.0,High_School,M,2,133927,engineering
120638,0,336000.0,High_School,F,7,27660,engineering
91327,1,125000.0,Bachelor,M,3,98520,marketing
156016,0,335000.0,High_School,M,1,5374,sales
182397,1,293000.0,Bachelor,M,2,97878,sales
65273,0,111000.0,Bachelor,F,3,183283,HR
180874,0,272000.0,Bachelor,M,3,91345,sales
150836,0,100000.0,Bachelor,M,3,32405,HR
10095,1,66000.0,Master,M,3,116119,marketing
42362,0,195000.0,Master,M,5,179929,sales
7266,0,167000.0,Master,M,6,61988,engineering
109543,0,280000.0,Master,M,3,95841,engineering
17785,0,256000.0,Bachelor,M,2,48120,engineering
143404,1,225000.0,Master,F,1,194078,marketing
154285,0,358000.0,PhD,M,14,107152,engineering
27436,1,124000.0,PhD,M,6,81644,engineering
12374,1,221000.0,High_School,M,3,180925,sales
158020,0,155000.0,High_School,M,2,168564,sales
120850,0,94000.0,PhD,F,4,44056,HR
23789,0,162000.0,Master,F,2,157966,marketing
38657,1,63000.0,Bachelor,M,4,1872,engineering
22209,0,191000.0,Bachelor,M,6,142926,engineering
60120,0,219000.0,PhD,F,5,65883,marketing
175928,0,142000.0,Bachelor,M,3,118769,engineering
60197,1,278000.0,Master,M,8,158888,sales
2083,1,211000.0,PhD,M,3,174122,engineering
98912,0,98000.0,Bachelor,F,4,193818,HR
167116,1,148000.0,Master,M,1,113578,marketing
78473,1,297000.0,Bachelor,M,3,177805,marketing
1367,1,126000.0,Bachelor,F,1,193518,sales
67122,1,333000.0,Master,F,4,154292,engineering
75786,0,103000.0,Master,M,3,151005,marketing
55593,0,291000.0,Master,M,1,177772,marketing
132298,0,259000.0,Master,F,3,160289,sales
168472,1,206000.0,High_School,M,8,181421,sales
72312,1,223000.0,Master,F,3,18939,sales
146677,1,92000.0,Master,F,2,47748,HR
156010,1,342000.0,PhD,M,8,28697,engineering
85485,1,303000.0,PhD,M,1,124014,sales
69621,1,204000.0,High_School,F,8,158609,sales
164154,0,76000.0,PhD,M,1,14226,HR
113245,0,137000.0,Master,F,10,198366,sales
71902,0,82000.0,Master,F,3,146111,HR
6444,1,69000.0,High_School,F,3,130342,HR
106220,0,74000.0,PhD,M,1,180006,HR
113310,0,114000.0,PhD,M,1,71585,sales
64113,0,181000.0,High_School,M,3,129410,sales
140596,1,214000.0,Master,M,1,82463,marketing
145949,0,216000.0,PhD,M,2,175593,sales
30901,0,68000.0,Master,F,2,68222,HR
155125,1,182000.0,High_School,M,2,175361,sales
17351,0,84000.0,Bachelor,F,2,75705,HR
55653,1,206000.0,PhD,M,7,47755,sales
121671,0,65000.0,Master,M,5,16445,HR
34430,1,81000.0,PhD,F,4,55972,HR
63205,1,183000.0,PhD,F,4,70819,engineering
37954,0,195000.0,Bachelor,M,6,123000,sales
15905,0,197000.0,Master,M,1,27704,sales
187782,0,173000.0,Master,F,4,50761,marketing
95127,0,371000.0,Master,F,2,191289,engineering
185579,0,222000.0,Master,M,4,87762,sales
50734,1,267000.0,High_School,M,1,197832,marketing
7204,0,290000.0,Master,M,6,94611,engineering
147973,1,176000.0,PhD,M,2,84193,marketing
75281,0,241000.0,Bachelor,M,8,60609,sales
123546,0,247000.0,High_School,F,5,125755,marketing
76433,0,341000.0,Bachelor,M,1,1651,engineering
5514,1,158000.0,Bachelor,M,6,175593,sales
172246,0,241000.0,PhD,M,7,49727,sales
170153,0,280000.0,Bachelor,M,2,33266,marketing
166328,1,200000.0,High_School,M,6,110878,engineering
14275,0,212000.0,High_School,M,5,37220,engineering
95933,0,61000.0,Bachelor,F,3,41808,HR
27128,1,62000.0,High_School,F,5,97919,HR
93792,0,196000.0,PhD,M,4,61988,engineering
85912,0,172000.0,PhD,F,6,158888,sales
46370,0,125000.0,High_School,F,4,147106,sales
136425,0,76000.0,Master,M,2,16445,HR
14484,0,60000.0,High_School,M,8,55972,HR
145480,0,143000.0,Master,F,4,59705,sales
90400,1,113000.0,Master,F,1,62081,sales
108285,1,153000.0,PhD,M,6,129734,engineering
14241,0,257000.0,PhD,M,4,37154,marketing
183402,0,291000.0,PhD,M,1,189222,engineering
177988,1,185000.0,Master,F,1,34714,sales
53121,0,97000.0,Master,M,1,102043,marketing
10906,0,173000.0,High_School,F,2,82657,sales
29251,0,371000.0,PhD,F,3,115349,sales
178945,0,279000.0,PhD,M,1,98558,engineering
156927,1,250000.0,Bachelor,M,7,181566,marketing
12448,1,216000.0,PhD,M,4,56316,sales
167264,0,135000.0,Bachelor,M,3,75045,marketing
164998,1,219000.0,Bachelor,M,1,147103,engineering
25548,1,102000.0,Bachelor,F,2,194904,HR
74860,1,199000.0,Bachelor,M,1,95169,sales
32658,1,275000.0,PhD,M,3,168905,engineering
106304,0,279000.0,Bachelor,M,3,147715,sales
195311,0,215000.0,Master,M,6,164326,sales
140664,1,149000.0,PhD,M,3,8198,engineering
22785,0,76000.0,High_School,F,1,180006,HR
53566,0,252000.0,Bachelor,M,5,164547,sales
123670,0,131000.0,PhD,F,1,16073,marketing
139396,0,73000.0,PhD,F,8,197896,HR
174702,0,206000.0,PhD,F,6,23120,marketing
189844,0,165000.0,PhD,M,4,162381,engineering
120825,0,163000.0,High_School,F,1,124014,sales
111040,0,98000.0,Master,M,6,5374,sales
189398,0,112000.0,Master,M,6,164501,HR
138983,1,392000.0,Bachelor,F,4,157064,marketing
35074,0,284000.0,PhD,M,4,195165,engineering
136861,1,88000.0,Master,M,8,157492,sales
84660,1,390000.0,Bachelor,F,1,149135,engineering
133849,0,221000.0,High_School,M,2,71130,engineering
119564,0,69000.0,High_School,F,3,194904,HR
15971,0,205000.0,PhD,M,2,102102,sales
152856,0,233000.0,PhD,M,2,59705,sales
183920,0,245000.0,Bachelor,M,2,149245,marketing
72644,0,391000.0,High_School,M,3,126257,engineering
48724,0,81000.0,High_School,F,2,8182,sales
129930,1,96000.0,High_School,M,4,101981,sales
52253,0,125000.0,Master,M,2,102632,marketing
191274,0,245000.0,High_School,M,1,55858,engineering
71682,0,236000.0,PhD,F,1,67522,sales
36431,0,388000.0,Master,M,7,8193,engineering
24278,1,226000.0,High_School,M,1,129626,marketing
129679,1,360000.0,Master,M,2,76310,engineering
196768,0,106000.0,Master,M,1,67178,HR
24300,0,198000.0,PhD,M,5,87613,engineering
60862,1,225000.0,Bachelor,M,3,147249,engineering
161010,0,249000.0,PhD,F,3,49729,sales
83947,0,196000.0,High_School,F,1,77766,marketing
158329,0,355000.0,PhD,F,3,29547,engineering
78704,1,209000.0,High_School,F,3,179569,sales
149696,0,218000.0,PhD,M,6,135238,sales
87613,0,145000.0,Master,M,12,140317,engineering
4630,0,123000.0,Master,M,2,124186,marketing
119576,1,154000.0,Master,M,7,27660,engineering
181438,0,304000.0,PhD,M,3,159838,marketing
98556,0,66000.0,PhD,F,4,61517,HR
6211,0,186000.0,PhD,M,1,193920,sales
171280,1,71000.0,PhD,F,4,80240,HR
97919,1,71000.0,Master,F,2,110260,HR
865,0,212000.0,Bachelor,M,3,48690,sales
75966,0,159000.0,Master,M,3,159996,sales
27283,1,136000.0,Bachelor,M,3,133927,engineering
4156,0,162000.0,PhD,F,5,37434,sales
56137,0,73000.0,Master,M,5,191083,marketing
3917,1,236000.0,Master,M,16,139032,sales
191413,0,278000.0,Master,F,3,63832,marketing
130449,1,141000.0,PhD,M,11,47755,sales
88619,0,331000.0,Master,M,5,48690,sales
115329,0,376000.0,Bachelor,M,6,112750,engineering
161727,0,340000.0,PhD,M,7,28697,engineering
90423,0,107000.0,High_School,F,2,53856,HR
185673,0,271000.0,Master,M,16,51535,engineering
27769,0,80000.0,High_School,F,3,178147,HR
155834,0,158000.0,High_School,M,1,198879,sales
196146,1,66000.0,High_School,F,4,102684,sales
33224,0,177000.0,Bachelor,M,6,14470,sales
136209,1,76000.0,Bachelor,F,5,193818,HR
192230,1,235000.0,Master,F,8,143050,marketing
149410,0,229000.0,PhD,F,3,88303,sales
91074,0,204000.0,Master,M,5,168564,sales
188646,0,292000.0,Master,M,3,55653,sales
171446,1,256000.0,Bachelor,M,2,148418,engineering
158309,0,173000.0,PhD,M,2,198778,engineering
51401,0,242000.0,Master,F,1,140542,sales
100509,0,119000.0,Bachelor,M,5,105395,engineering
143008,0,277000.0,PhD,F,1,169231,sales
182116,1,246000.0,Master,M,5,3235,sales
54984,0,167000.0,Bachelor,M,6,191649,sales
22802,1,106000.0,Bachelor,M,3,150290,HR
172889,0,105000.0,Master,M,2,49727,sales
56743,0,61000.0,Master,M,2,74170,sales
45953,0,321000.0,High_School,M,2,168342,engineering
182404,1,149000.0,High_School,M,2,161132,marketing
126454,1,175000.0,Master,M,1,90834,sales
34423,0,68000.0,Bachelor,F,2,160289,sales
38576,0,220000.0,Master,M,1,191485,sales
108178,1,214000.0,High_School,M,4,155437,engineering
149600,0,79000.0,Bachelor,F,5,171461,HR
43688,0,86000.0,PhD,F,3,149245,marketing
18581,1,66000.0,PhD,M,5,87884,engineering
137440,0,106000.0,PhD,F,1,62298,HR
23088,0,180000.0,Master,M,1,88936,sales
67962,0,246000.0,Bachelor,M,2,159996,sales
80072,0,218000.0,Bachelor,M,4,138772,sales
81421,0,102000.0,High_School,F,10,45969,HR
5633,0,176000.0,Bachelor,M,2,149696,sales
152341,0,387000.0,High_School,M,1,159098,engineering
198226,1,192000.0,PhD,M,3,21377,sales
16760,1,95000.0,PhD,F,3,125114,HR
170917,1,228000.0,Master,M,5,147249,engineering
118252,1,137000.0,Bachelor,M,2,34714,sales
106808,0,135000.0,PhD,F,1,54136,marketing
52371,0,203000.0,PhD,F,6,140542,sales
113606,0,72000.0,High_School,F,1,24287,HR
162444,0,67000.0,Bachelor,F,1,11507,HR
68201,1,299000.0,Master,M,9,41945,sales
52307,0,69000.0,Master,M,1,70406,marketing
152436,1,112000.0,High_School,M,6,167650,engineering
160018,1,319000.0,Bachelor,M,2,48352,engineering
107860,0,108000.0,Bachelor,M,3,147016,sales
24568,0,337000.0,High_School,F,3,98967,marketing
78169,0,106000.0,PhD,M,2,59705,sales
54546,0,95000.0,Master,M,4,14226,HR
199068,0,282000.0,PhD,M,4,54315,sales
169664,0,215000.0,Master,M,4,184512,engineering
71858,1,158000.0,Master,M,2,196637,engineering
166170,1,77000.0,Master,F,1,59705,sales
76603,0,95000.0,Bachelor,F,3,134944,sales
161091,0,148000.0,Bachelor,F,3,75045,marketing
121127,0,69000.0,Master,M,1,9400,HR
76955,0,301000.0,PhD,F,4,136313,engineering
130445,0,112000.0,Master,F,2,65883,marketing
63365,0,98000.0,Master,F,5,11507,HR
129146,0,205000.0,Bachelor,F,2,191073,sales
7730,1,271000.0,PhD,M,1,73489,sales
93579,1,82000.0,Bachelor,M,4,113245,sales
163807,1,94000.0,Master,F,7,171461,HR
137823,0,75000.0,PhD,F,3,32405,HR
91961,0,199000.0,Master,M,2,191649,sales
187643,0,78000.0,Bachelor,F,2,68222,HR
194802,1,87000.0,Master,M,6,191351,marketing
90169,0,138000.0,Master,M,4,81490,sales
104708,0,79000.0,Bachelor,F,3,29733,HR
184998,1,149000.0,PhD,M,10,183175,sales
37210,0,218000.0,Master,M,4,113566,engineering
88173,0,224000.0,PhD,M,2,147819,sales
12909,0,69000.0,PhD,F,4,129626,marketing
153627,0,247000.0,Master,M,5,79193,sales
76318,0,273000.0,Bachelor,M,5,148418,engineering
167738,1,164000.0,PhD,M,1,79,sales
127138,1,317000.0,Bachelor,F,1,156010,engineering
167130,1,310000.0,High_School,F,3,39388,sales
113415,0,303000.0,Bachelor,M,2,191485,sales
57280,1,167000.0,Master,M,2,119991,engineering
177489,0,223000.0,Bachelor,M,14,71532,marketing
44055,0,73000.0,PhD,F,3,180006,HR
179117,0,100000.0,Bachelor,M,5,118506,HR
14373,1,89000.0,PhD,M,9,147642,sales
13972,0,73000.0,Master,M,2,754,HR
145867,0,298000.0,PhD,M,5,147249,engineering
84129,0,106000.0,Bachelor,F,2,169574,marketing
167877,1,213000.0,Master,M,5,119833,sales
196803,0,207000.0,High_School,M,7,77670,sales
185778,0,238000.0,PhD,F,2,79,sales
79125,0,299000.0,PhD,M,1,73663,marketing
131888,0,223000.0,PhD,M,4,127544,sales
164285,1,134000.0,PhD,M,1,149135,engineering
42198,0,95000.0,Bachelor,F,8,77556,HR
75372,0,347000.0,PhD,F,3,55858,engineering
28643,0,151000.0,High_School,F,1,75198,marketing
101940,0,81000.0,PhD,M,1,130342,HR
14011,0,207000.0,PhD,F,2,48120,engineering
90835,0,374000.0,PhD,F,6,168905,engineering
66306,0,255000.0,PhD,M,5,183869,engineering
172351,0,99000.0,Bachelor,F,1,123502,HR
186961,1,286000.0,High_School,M,9,124014,sales
31440,0,91000.0,Bachelor,F,4,174009,HR
48129,0,191000.0,Bachelor,M,4,87762,sales
24425,1,168000.0,High_School,F,7,66692,sales
170092,0,79000.0,Bachelor,F,1,164501,HR
145036,0,62000.0,Bachelor,M,5,75705,HR
33450,0,88000.0,PhD,F,5,10773,engineering
78375,0,372000.0,High_School,M,3,111974,engineering
132678,1,175000.0,Master,M,1,43858,engineering
92629,0,230000.0,Bachelor,F,6,120638,engineering
39031,0,196000.0,Master,F,3,170922,sales
111615,0,158000.0,PhD,F,2,7212,marketing
154375,1,172000.0,PhD,F,12,24015,HR
127756,0,308000.0,High_School,F,1,4259,engineering
166380,0,239000.0,PhD,M,1,67931,engineering
32159,0,361000.0,Master,M,5,176804,sales
174893,0,147000.0,Master,F,2,49729,sales
36931,0,385000.0,Master,M,3,6536,marketing
89523,0,210000.0,PhD,F,14,66119,sales
136171,1,286000.0,PhD,M,1,7255,engineering
115731,1,335000.0,Bachelor,M,7,19424,engineering
119514,1,297000.0,Master,F,2,108428,engineering
30131,0,63000.0,Master,F,5,43937,HR
108372,1,267000.0,PhD,M,2,8182,sales
69734,0,388000.0,PhD,M,2,187053,engineering
164772,0,316000.0,PhD,F,1,119991,engineering
124728,0,293000.0,High_School,M,4,158888,sales
34393,1,255000.0,High_School,M,4,148795,engineering
127904,1,321000.0,Bachelor,M,3,45803,sales
28979,0,175000.0,Master,M,12,198366,sales
24965,0,286000.0,PhD,M,7,177166,engineering
120586,0,270000.0,PhD,M,5,87929,sales
185721,0,162000.0,PhD,F,2,87929,sales
199084,1,339000.0,PhD,M,4,98558,engineering
177860,0,202000.0,PhD,M,6,93708,HR
101547,0,156000.0,PhD,M,3,143317,sales
45615,1,321000.0,PhD,F,2,156927,marketing
30620,0,137000.0,Master,M,1,112750,engineering
7314,0,330000.0,Master,M,1,101484,engineering
48330,0,245000.0,PhD,F,3,46997,sales
179301,1,87000.0,Master,F,4,29749,HR
57274,0,123000.0,Master,F,5,188118,sales
197206,0,98000.0,Master,M,2,91869,marketing
132451,0,239000.0,High_School,M,6,137776,engineering
35461,1,316000.0,High_School,M,1,73663,marketing
130578,1,134000.0,Bachelor,F,1,145126,sales
35594,0,122000.0,Bachelor,F,1,102026,sales
19934,0,91000.0,High_School,F,3,199950,HR
169024,1,108000.0,Bachelor,M,1,70406,marketing
25392,0,68000.0,Master,F,8,141211,HR
83064,0,217000.0,High_School,F,4,99139,sales
150406,0,62000.0,Bachelor,M,2,102498,HR
112479,0,180000.0,High_School,M,3,190566,marketing
67504,0,268000.0,PhD,M,1,62043,engineering
115496,0,237000.0,PhD,M,4,149245,marketing
79613,0,79000.0,Master,M,5,184236,HR
76091,0,342000.0,Master,M,4,60373,marketing
142985,0,198000.0,Master,F,3,1651,engineering
191879,1,186000.0,PhD,F,5,144928,sales
198424,0,232000.0,PhD,M,8,115539,marketing
24985,0,80000.0,Master,F,4,123154,HR
194535,0,151000.0,Bachelor,M,5,149135,engineering
178582,0,379000.0,Master,M,1,137776,engineering
171217,1,99000.0,Master,F,2,8711,marketing
189399,0,194000.0,PhD,F,4,169223,engineering
32580,1,230000.0,High_School,M,8,148032,sales
22133,0,316000.0,Master,F,5,97878,sales
135154,0,178000.0,Bachelor,F,2,169223,engineering
99262,0,142000.0,High_School,M,3,8182,sales
114015,1,175000.0,High_School,M,7,84193,marketing
16507,0,117000.0,PhD,M,8,80240,HR
22976,1,314000.0,PhD,M,7,181787,marketing
24764,0,62000.0,Bachelor,F,2,123154,HR
100356,1,382000.0,Bachelor,M,1,132283,engineering
181472,1,341000.0,High_School,M,5,29547,engineering
79034,0,118000.0,Bachelor,M,5,10786,HR
32228,1,297000.0,Master,M,7,4259,engineering
92958,0,256000.0,PhD,M,1,91002,marketing
64773,0,235000.0,Bachelor,M,2,172250,marketing
69817,0,60000.0,Bachelor,F,1,189742,HR
19674,0,307000.0,High_School,F,6,68821,engineering
177579,0,295000.0,Master,M,2,187053,engineering
29084,0,108000.0,High_School,M,2,76135,marketing
87050,0,74000.0,Bachelor,F,5,43937,HR
13731,1,148000.0,High_School,F,1,193518,sales
181062,1,134000.0,Master,F,6,55476,marketing
126326,0,118000.0,High_School,M,3,107694,HR
46036,0,135000.0,PhD,M,2,75198,marketing
53872,0,206000.0,PhD,M,4,126257,engineering
12877,0,114000.0,Master,F,13,57693,engineering
100373,0,127000.0,PhD,F,11,192056,HR
162002,0,167000.0,Bachelor,M,4,87929,sales
172227,1,218000.0,PhD,M,1,35499,sales
172031,0,315000.0,Bachelor,M,5,119576,engineering
87884,0,147000.0,PhD,M,4,145161,engineering
62116,1,79000.0,Bachelor,F,2,62161,marketing
124148,0,212000.0,Master,F,1,57185,engineering
34952,0,288000.0,Bachelor,F,3,48742,engineering
150829,1,186000.0,PhD,M,5,173939,marketing
144843,1,292000.0,Master,M,4,189627,sales
89368,1,188000.0,Bachelor,M,8,4110,sales
29358,1,239000.0,Master,M,2,63785,engineering
10808,0,375000.0,Master,M,2,90237,sales
147096,1,316000.0,Bachelor,M,1,112750,engineering
105197,1,161000.0,Bachelor,F,1,10357,marketing
37562,0,93000.0,Master,M,4,5889,HR
128892,0,118000.0,Master,M,3,166729,marketing
102724,0,234000.0,Master,M,4,1610,engineering
157876,0,99000.0,PhD,M,2,155570,marketing
174106,1,160000.0,High_School,M,1,199184,sales
35867,0,151000.0,Bachelor,F,3,134728,marketing
109610,0,73000.0,Master,F,4,29733,HR
134137,1,144000.0,High_School,F,7,182531,sales
197299,0,131000.0,Master,F,3,2644,sales
14387,0,278000.0,PhD,F,7,159906,sales
141330,1,212000.0,High_School,M,3,190060,sales
19028,1,293000.0,PhD,M,2,116180,engineering
21449,0,81000.0,PhD,F,3,37124,sales
151341,1,96000.0,High_School,F,2,100373,HR
135422,1,93000.0,PhD,F,4,189038,engineering
155427,0,205000.0,PhD,M,2,175361,sales
165568,0,81000.0,Bachelor,F,7,179149,HR
189305,0,385000.0,PhD,M,1,189890,engineering
122272,0,177000.0,PhD,M,1,65856,sales
89940,0,186000.0,PhD,F,3,182028,engineering
131850,0,66000.0,Master,F,4,150189,HR
170685,1,91000.0,Master,M,2,54315,sales
72056,0,78000.0,PhD,F,1,61443,HR
164655,0,88000.0,Master,F,1,135804,HR
141484,1,76000.0,High_School,M,2,7095,HR
34425,0,111000.0,PhD,M,2,20828,marketing
73338,0,156000.0,Bachelor,M,4,7212,marketing
42494,1,154000.0,PhD,M,4,81644,engineering
56316,0,210000.0,PhD,M,4,32248,sales
47643,0,62000.0,Bachelor,F,1,754,HR
142107,1,108000.0,Bachelor,M,3,191289,engineering
82698,0,178000.0,Bachelor,M,3,49727,sales
147611,1,293000.0,Master,F,6,73663,marketing
154426,0,205000.0,Master,M,4,134728,marketing
119832,0,129000.0,Master,M,4,190801,engineering
352,0,72000.0,Bachelor,F,4,29749,HR
175240,0,67000.0,Bachelor,F,1,171461,HR
30515,0,75000.0,PhD,F,1,51923,HR
129318,0,298000.0,Bachelor,M,1,132283,engineering
19806,0,142000.0,PhD,M,6,32510,sales
145385,1,198000.0,Bachelor,M,2,94039,sales
122541,1,140000.0,Master,M,2,166591,sales
99006,0,64000.0,PhD,M,1,47472,engineering
72070,0,134000.0,Bachelor,M,3,116180,engineering
192671,1,312000.0,Bachelor,F,5,81111,engineering
148725,0,149000.0,PhD,M,5,161132,marketing
120243,0,259000.0,High_School,M,5,67931,engineering
115199,0,86000.0,PhD,M,3,87733,sales
94496,1,319000.0,Master,M,6,39388,sales
130793,0,338000.0,PhD,M,2,1808,engineering
33665,0,65000.0,Bachelor,F,4,110260,HR
105877,0,264000.0,PhD,F,3,43602,engineering
138745,0,367000.0,High_School,M,1,6335,sales
179786,1,91000.0,PhD,M,3,8856,marketing
25726,0,61000.0,Master,M,1,51331,HR
166574,0,103000.0,Master,M,4,10357,marketing
54997,0,206000.0,PhD,F,8,66119,sales
60230,1,350000.0,High_School,M,3,61988,engineering
152533,0,185000.0,PhD,F,1,65856,sales
109136,0,346000.0,PhD,M,1,192369,sales
122208,1,302000.0,Master,M,3,59353,engineering
74349,1,378000.0,Bachelor,M,5,166591,sales
103081,1,244000.0,High_School,F,3,184998,sales
176932,0,92000.0,Bachelor,F,1,175548,HR
26625,0,370000.0,PhD,M,1,59353,engineering
102033,0,308000.0,Bachelor,F,1,7255,engineering
150163,0,270000.0,High_School,F,4,142367,sales
171239,0,306000.0,Bachelor,M,7,9239,sales
85251,0,123000.0,Bachelor,M,5,4110,sales
191971,0,186000.0,PhD,M,3,63077,sales
187038,0,114000.0,Bachelor,M,9,60319,sales
149331,0,178000.0,PhD,F,1,153551,sales
49348,0,133000.0,Bachelor,M,3,87707,sales
138948,0,215000.0,PhD,F,8,24489,marketing
102721,1,192000.0,Bachelor,M,5,66591,sales
181047,0,392000.0,Bachelor,M,2,113566,engineering
68128,0,261000.0,PhD,M,4,157064,marketing
118417,0,135000.0,PhD,M,2,14299,engineering
72948,0,270000.0,Bachelor,M,2,179929,sales
146410,0,108000.0,Bachelor,M,5,754,HR
171293,1,312000.0,PhD,M,1,52923,sales
64334,0,152000.0,Master,M,3,51293,sales
85723,0,80000.0,Master,F,1,68222,HR
77142,0,214000.0,Bachelor,F,2,177489,marketing
76565,0,235000.0,Bachelor,M,3,53390,sales
179160,0,312000.0,Bachelor,F,3,6536,marketing
177603,1,146000.0,PhD,M,1,181311,sales
170761,0,82000.0,High_School,M,1,115591,sales
125737,0,87000.0,PhD,F,1,189742,HR
20230,0,200000.0,PhD,M,1,132399,sales
70238,0,357000.0,Bachelor,M,1,75246,engineering
83431,0,86000.0,Bachelor,F,6,51121,HR
196796,0,229000.0,Bachelor,F,5,94030,sales
89846,0,304000.0,High_School,F,6,115349,sales
104805,0,89000.0,PhD,F,5,177495,HR
72864,0,208000.0,PhD,F,2,102684,sales
121491,1,158000.0,Master,M,3,191649,sales
186177,0,114000.0,High_School,F,4,119302,HR
142317,0,153000.0,Master,M,3,60373,marketing
34280,1,195000.0,Master,M,26,11277,sales
163507,0,268000.0,PhD,M,5,52920,sales
173517,0,96000.0,PhD,M,5,164547,sales
43626,0,284000.0,Bachelor,M,3,75246,engineering
126686,0,226000.0,Bachelor,F,1,157966,marketing
20008,0,350000.0,PhD,M,1,79934,engineering
150235,0,263000.0,High_School,M,6,132683,engineering
44242,1,180000.0,High_School,M,8,111508,marketing
147949,0,316000.0,PhD,M,2,84828,engineering
86568,0,73000.0,Master,M,2,91979,HR
106433,1,286000.0,High_School,M,5,131525,sales
27393,0,120000.0,Master,F,12,198366,sales
25224,0,269000.0,Master,F,3,102632,marketing
175558,1,282000.0,Bachelor,F,10,72243,engineering
127385,0,83000.0,Master,M,2,77766,marketing
52982,0,175000.0,Master,F,2,9239,sales
113349,0,321000.0,PhD,M,1,162196,engineering
100337,0,121000.0,Master,M,4,116180,engineering
18343,0,216000.0,PhD,M,5,98967,marketing
65222,0,142000.0,PhD,M,1,177166,engineering
21377,0,160000.0,Bachelor,F,7,65174,sales
74255,0,117000.0,High_School,M,3,60489,marketing
116347,0,155000.0,Bachelor,M,2,110091,engineering
50887,0,200000.0,High_School,M,5,35499,sales
181832,0,160000.0,PhD,F,4,51288,engineering
8411,0,204000.0,Bachelor,F,2,87330,engineering
52920,0,68000.0,PhD,M,8,65522,sales
34960,1,260000.0,Bachelor,M,2,180037,sales
136336,0,237000.0,High_School,M,4,159838,marketing
50602,1,288000.0,Bachelor,M,5,116180,engineering
68766,0,61000.0,Master,F,1,88370,HR
78000,1,395000.0,Master,F,5,103421,engineering
144802,0,332000.0,Master,M,5,160618,sales
95077,1,186000.0,PhD,F,4,185976,engineering
39895,1,181000.0,PhD,F,1,81490,sales
72349,0,147000.0,Master,M,3,191649,sales
197975,0,128000.0,Bachelor,M,2,164501,HR
43246,0,243000.0,PhD,F,3,123103,engineering
157304,0,78000.0,Bachelor,M,4,191073,sales
197606,0,119000.0,PhD,M,1,52796,sales
157336,0,285000.0,Master,M,5,144211,engineering
146412,0,172000.0,High_School,F,5,98931,marketing
122762,0,206000.0,Master,M,8,17395,sales
39704,0,217000.0,PhD,M,3,148260,marketing
31143,0,112000.0,Bachelor,M,2,77844,sales
96664,0,160000.0,PhD,M,11,125912,marketing
187213,0,308000.0,Master,M,2,192145,sales
144678,0,200000.0,Master,M,2,16785,engineering
158888,0,106000.0,Bachelor,M,2,176804,sales
67795,0,111000.0,Master,F,9,78874,sales
92708,0,186000.0,Master,F,3,79237,marketing
191109,1,135000.0,High_School,M,5,12649,engineering
43840,0,69000.0,PhD,F,4,68222,HR
60828,0,172000.0,Bachelor,M,4,198648,marketing
7212,0,179000.0,Master,M,5,69550,marketing
72228,0,236000.0,Master,F,1,91254,marketing
196478,0,285000.0,PhD,M,7,52313,sales
104255,0,286000.0,Bachelor,M,1,88779,sales
76205,1,240000.0,PhD,F,2,87847,sales
162560,0,171000.0,PhD,F,3,73106,engineering
114392,0,76000.0,Master,M,3,53677,HR
111895,0,159000.0,High_School,M,1,153291,sales
135200,0,133000.0,Master,F,2,78516,sales
176729,0,160000.0,PhD,M,4,17291,sales
183566,0,363000.0,Bachelor,F,6,179929,sales
79111,0,251000.0,Bachelor,F,1,160476,sales
93025,0,294000.0,Bachelor,M,1,74066,engineering
166228,0,187000.0,High_School,M,6,175593,sales
72359,1,240000.0,Bachelor,M,2,182116,sales
89672,0,196000.0,PhD,M,2,89837,marketing
180199,0,238000.0,High_School,M,2,160289,sales
126908,0,313000.0,PhD,F,2,189627,sales
167568,0,283000.0,Master,M,2,61038,sales
91624,1,99000.0,PhD,M,1,53677,HR
19973,0,154000.0,Master,F,3,148032,sales
59535,0,142000.0,High_School,M,11,154041,sales
10955,0,185000.0,Master,M,3,87929,sales
45139,0,113000.0,Bachelor,F,8,144976,sales
56451,0,164000.0,Master,M,10,193088,sales
183824,1,260000.0,PhD,M,14,113589,engineering
155337,0,259000.0,PhD,M,3,114572,marketing
19079,0,140000.0,Bachelor,F,3,59555,marketing
10303,0,79000.0,Master,M,2,172541,HR
61340,1,148000.0,Master,F,4,180930,sales
14054,1,277000.0,Bachelor,M,1,50761,marketing
29892,0,153000.0,Bachelor,F,6,34714,sales
55087,0,258000.0,Master,M,1,48912,engineering
150412,0,218000.0,PhD,M,1,70406,marketing
77038,1,225000.0,High_School,M,3,193763,engineering
147694,0,280000.0,Master,M,5,114011,engineering
133131,0,74000.0,Bachelor,M,5,43420,sales
46997,1,254000.0,Master,M,11,167941,sales
113068,0,207000.0,PhD,M,4,157966,marketing
11817,0,298000.0,High_School,F,6,190249,marketing
107547,0,261000.0,Master,F,5,83356,sales
164916,0,341000.0,Master,M,4,115694,engineering
43559,1,122000.0,Master,M,4,51288,engineering
70328,0,78000.0,Master,M,4,66420,HR
155671,0,197000.0,High_School,M,2,181772,sales
146136,1,206000.0,PhD,M,2,67522,sales
99860,1,108000.0,Master,M,1,125755,marketing
142151,0,90000.0,Bachelor,F,6,170922,sales
70594,0,309000.0,Bachelor,F,5,92585,marketing
53452,0,187000.0,Bachelor,M,5,111974,engineering
80730,0,260000.0,Master,M,4,81811,sales
122470,0,235000.0,PhD,M,2,128966,sales
134158,1,96000.0,High_School,F,2,80043,HR
30498,0,300000.0,Bachelor,F,4,50761,marketing
125855,1,361000.0,PhD,M,30,93708,HR
15936,0,173000.0,PhD,F,5,124186,marketing
6729,0,88000.0,Bachelor,F,2,51121,HR
163305,0,123000.0,Master,F,2,189148,HR
181219,1,347000.0,PhD,F,11,196484,marketing
131552,1,333000.0,Master,M,1,81860,engineering
96801,0,72000.0,High_School,F,2,61443,HR
123441,1,190000.0,Bachelor,M,3,132399,sales
60753,0,93000.0,Master,F,3,47748,HR
52011,0,196000.0,High_School,M,4,75242,engineering
111363,0,290000.0,Bachelor,F,5,89002,sales
85955,0,267000.0,High_School,F,1,191495,sales
183820,0,76000.0,Bachelor,M,2,167188,HR
113541,0,96000.0,High_School,F,1,151696,HR
2589,0,70000.0,PhD,F,5,197896,HR
64814,0,216000.0,PhD,M,1,186086,engineering
92431,0,69000.0,Master,M,4,132192,HR
189742,1,136000.0,Master,F,10,116660,HR
167663,0,112000.0,Master,F,1,34977,sales
153457,1,240000.0,Master,F,3,77866,marketing
35528,0,78000.0,Master,M,3,189148,HR
73533,0,163000.0,High_School,M,2,102712,sales
11476,0,60000.0,Bachelor,F,1,51121,HR
88126,0,370000.0,High_School,M,1,73649,sales
75860,0,140000.0,Bachelor,M,11,91654,engineering
123611,0,369000.0,Bachelor,M,4,122145,engineering
181015,0,146000.0,Bachelor,M,2,169271,marketing
193763,0,158000.0,PhD,F,9,194121,engineering
192726,0,64000.0,Master,F,4,100373,HR
68069,0,70000.0,Bachelor,F,2,194904,HR
47405,1,168000.0,Master,M,4,179212,marketing
48833,0,206000.0,Master,F,1,14241,marketing
189450,0,198000.0,PhD,F,4,160289,sales
60219,0,160000.0,PhD,M,1,162035,sales
70638,0,78000.0,Master,F,4,23737,HR
7849,1,70000.0,PhD,M,2,95473,sales
49892,0,328000.0,Master,M,1,191289,engineering
35843,0,107000.0,Master,M,3,17291,sales
20371,1,134000.0,PhD,F,1,63077,sales
46840,1,143000.0,Bachelor,M,3,60489,marketing
192043,1,93000.0,PhD,F,1,140838,HR
194688,0,346000.0,High_School,M,2,161727,engineering
94603,0,223000.0,Master,M,3,115856,sales
43404,1,63000.0,Bachelor,F,2,5889,HR
48328,1,312000.0,Master,M,1,54136,marketing
23747,0,73000.0,High_School,F,4,119302,HR
90639,0,121000.0,PhD,M,14,103443,marketing
184018,0,91000.0,Bachelor,F,3,185285,HR
17964,0,63000.0,High_School,F,2,150290,HR
79113,0,102000.0,High_School,F,5,129626,marketing
146118,0,102000.0,High_School,F,3,27718,HR
183825,0,70000.0,Master,M,4,168415,HR
3854,1,320000.0,Master,M,3,71130,engineering
128082,1,375000.0,Bachelor,M,2,68532,engineering
1810,0,207000.0,Master,M,2,52923,sales
137694,0,78000.0,High_School,F,5,61517,HR
4927,1,212000.0,Bachelor,M,8,148418,engineering
141564,0,206000.0,High_School,M,2,108164,sales
25293,0,146000.0,High_School,M,3,52319,sales
33426,0,137000.0,Master,M,6,64452,sales
23781,1,255000.0,Master,M,2,141317,sales
74811,1,279000.0,PhD,M,1,182038,sales
95935,1,107000.0,PhD,F,24,71889,HR
40904,0,276000.0,PhD,M,4,92567,engineering
112875,1,62000.0,Master,F,4,129778,HR
63245,0,85000.0,High_School,M,1,157966,marketing
159939,0,329000.0,Master,M,2,102102,sales
107425,0,186000.0,Master,M,2,15277,engineering
125845,0,120000.0,Bachelor,F,5,62298,HR
97058,0,121000.0,Bachelor,M,8,21470,marketing
61106,0,67000.0,High_School,M,3,46997,sales
155213,1,125000.0,Bachelor,M,1,75198,marketing
44705,0,64000.0,Bachelor,M,6,110508,engineering
81772,0,249000.0,PhD,M,4,73106,engineering
175540,0,69000.0,PhD,F,4,129778,HR
52181,0,151000.0,Master,F,5,108428,engineering
168296,0,295000.0,High_School,M,1,71945,engineering
20518,0,183000.0,Master,F,1,148236,sales
133198,0,88000.0,PhD,F,4,141211,HR
135984,0,172000.0,Master,M,1,27704,sales
81178,1,104000.0,Master,F,2,134658,sales
179410,0,67000.0,Master,M,1,742,HR
54152,1,215000.0,High_School,M,3,84230,marketing
122672,0,298000.0,PhD,M,1,195165,engineering
18437,0,389000.0,PhD,M,3,132187,engineering
113419,0,156000.0,High_School,F,2,10357,marketing
185058,0,139000.0,High_School,F,1,64452,sales
198342,0,116000.0,High_School,F,4,44056,HR
152521,0,222000.0,PhD,M,6,62161,marketing
92567,0,303000.0,Master,M,22,162476,engineering
90621,0,148000.0,Master,M,2,88779,sales
138687,0,233000.0,Bachelor,F,1,118769,engineering
140061,0,191000.0,Master,M,7,181201,sales
143476,0,232000.0,PhD,F,6,146473,marketing
2557,0,138000.0,High_School,M,1,90639,marketing
130405,0,159000.0,PhD,M,2,88303,sales
98228,0,158000.0,Master,M,6,50679,sales
176577,0,250000.0,High_School,F,4,27704,sales
53425,1,78000.0,PhD,M,3,198531,sales
93970,0,334000.0,High_School,M,9,81111,engineering
79735,1,317000.0,Bachelor,M,12,147555,engineering
182459,0,323000.0,Master,M,2,34977,sales
187918,0,287000.0,Bachelor,M,1,157931,engineering
142879,1,173000.0,PhD,M,5,102632,marketing
199669,1,363000.0,PhD,M,1,48120,engineering
23533,0,131000.0,PhD,F,3,199282,marketing
95805,1,160000.0,Master,F,1,113578,marketing
166381,0,263000.0,PhD,M,2,193518,sales
35974,1,114000.0,Master,M,1,129626,marketing
94682,1,237000.0,High_School,M,5,64750,engineering
76191,0,170000.0,High_School,M,5,123358,sales
16676,1,316000.0,PhD,M,4,110878,engineering
11080,0,213000.0,High_School,M,2,124014,sales
130394,1,325000.0,PhD,F,2,123103,engineering
136352,0,249000.0,PhD,M,1,113124,sales
130503,0,293000.0,PhD,F,3,58365,marketing
107011,0,216000.0,Master,F,3,1808,engineering
75842,1,197000.0,Master,M,2,101484,engineering
172709,0,98000.0,Master,F,8,47748,HR
114263,0,110000.0,Bachelor,F,1,118506,HR
11854,0,196000.0,Bachelor,F,5,156927,marketing
180930,1,301000.0,Bachelor,M,9,91117,sales
189627,1,208000.0,High_School,M,10,130489,sales
14226,0,95000.0,Bachelor,F,2,21604,HR
129700,0,69000.0,Master,F,1,61517,HR
22160,0,297000.0,Bachelor,F,9,48730,marketing
73620,1,151000.0,PhD,M,3,130449,sales
187120,0,322000.0,Master,M,1,88936,sales
49544,0,246000.0,PhD,M,6,113245,sales
153875,0,75000.0,PhD,M,2,113245,sales
74556,0,122000.0,PhD,F,3,151696,HR
47899,0,361000.0,Master,M,9,67931,engineering
98387,0,83000.0,Bachelor,M,3,123502,HR
151681,0,76000.0,PhD,M,3,73254,HR
105124,0,142000.0,Master,M,3,178314,marketing
174553,1,161000.0,PhD,M,4,149135,engineering
25452,1,95000.0,Bachelor,F,3,82657,sales
195454,0,67000.0,Master,F,5,168415,HR
74204,1,183000.0,Master,M,5,103014,engineering
133846,0,265000.0,Bachelor,M,2,55858,engineering
66453,0,131000.0,PhD,M,11,171351,engineering
10742,0,228000.0,PhD,M,5,85717,sales
138834,0,88000.0,Master,M,4,34977,sales
160273,1,135000.0,PhD,M,3,162196,engineering
42875,1,202000.0,Bachelor,M,2,48690,sales
59647,0,248000.0,Bachelor,F,4,51293,sales
48532,0,314000.0,Master,M,3,87613,engineering
174255,1,155000.0,Bachelor,M,6,5743,sales
191246,1,211000.0,Bachelor,M,7,88303,sales
35288,1,195000.0,PhD,M,1,87884,engineering
149482,0,362000.0,PhD,M,1,190778,marketing
94648,0,119000.0,Bachelor,F,2,102498,HR
107506,0,150000.0,PhD,M,4,34714,sales
163032,0,71000.0,Bachelor,F,6,146111,HR
32581,0,298000.0,PhD,M,4,127266,marketing
136517,0,68000.0,Bachelor,M,2,104759,HR
8247,1,120000.0,Master,M,4,17291,sales
85766,0,278000.0,Bachelor,F,5,7966,sales
195869,0,209000.0,High_School,M,1,20828,marketing
165011,0,68000.0,PhD,F,4,17211,HR
60858,1,121000.0,Bachelor,F,2,134944,sales
19861,1,62000.0,Bachelor,M,3,183283,HR
3076,1,184000.0,High_School,M,1,159996,sales
153894,0,62000.0,Master,F,4,185285,HR
189077,0,138000.0,PhD,M,2,193920,sales
50761,0,340000.0,Bachelor,M,9,114137,marketing
38325,0,187000.0,Master,M,8,193518,sales
55248,0,83000.0,Bachelor,F,6,98520,marketing
89938,1,192000.0,Bachelor,M,3,147819,sales
140473,1,103000.0,Master,F,2,64724,marketing
15714,0,289000.0,PhD,M,1,87929,sales
48405,1,227000.0,PhD,M,2,1808,engineering
94963,1,63000.0,Bachelor,M,2,80728,engineering
171182,0,120000.0,Master,M,3,41991,sales
138045,0,218000.0,Master,M,10,110464,marketing
87610,0,102000.0,Bachelor,M,1,69345,sales
31013,1,249000.0,Bachelor,F,1,149135,engineering
84203,0,235000.0,Bachelor,M,3,27393,sales
105677,0,148000.0,Master,F,2,113245,sales
28193,0,360000.0,PhD,M,3,81860,engineering
150974,0,253000.0,Bachelor,M,1,164638,sales
36202,0,240000.0,PhD,M,5,166653,engineering
81933,0,105000.0,High_School,F,2,27018,HR
18546,0,258000.0,High_School,M,4,180930,sales
121722,0,203000.0,PhD,M,5,148032,sales
171580,0,354000.0,Master,M,4,68821,engineering
187173,0,232000.0,Master,F,4,55481,engineering
62951,0,322000.0,Bachelor,M,3,126330,engineering
40864,1,92000.0,PhD,M,2,74818,sales
167566,0,88000.0,Bachelor,M,1,84193,marketing
48494,0,234000.0,Bachelor,F,5,63077,sales
78710,1,87000.0,Bachelor,F,3,102498,HR
93835,0,93000.0,Master,M,2,158777,marketing
150408,0,131000.0,PhD,M,10,61403,engineering
143955,0,95000.0,PhD,M,2,90834,sales
134500,1,156000.0,Bachelor,M,1,111974,engineering
136825,0,175000.0,PhD,M,4,55653,sales
175213,0,100000.0,PhD,F,5,142630,HR
62503,0,257000.0,Bachelor,M,2,193920,sales
112174,1,180000.0,Master,M,2,91345,sales
134042,1,192000.0,High_School,M,5,30468,engineering
23766,1,250000.0,PhD,M,3,132683,engineering
182873,0,65000.0,PhD,F,3,67178,HR
17209,0,279000.0,Master,M,1,180930,sales
155988,0,282000.0,Master,M,3,140061,sales
134455,0,88000.0,PhD,F,1,143473,HR
79656,0,77000.0,Bachelor,F,4,53856,HR
132702,0,168000.0,Master,F,1,61038,sales
7460,0,179000.0,High_School,M,1,137369,sales
4078,1,273000.0,PhD,F,6,85717,sales
167989,1,104000.0,Bachelor,F,6,102498,HR
42772,1,158000.0,Bachelor,F,4,153412,marketing
17309,1,296000.0,High_School,M,4,87613,engineering
78262,0,91000.0,PhD,M,8,41808,HR
161494,1,121000.0,Master,M,2,111974,engineering
21165,0,124000.0,Bachelor,F,3,73846,sales
117246,0,76000.0,Bachelor,F,3,29733,HR
56021,0,371000.0,Master,M,5,141317,sales
40557,0,134000.0,High_School,M,5,88007,sales
142926,0,210000.0,PhD,M,7,171351,engineering
109644,0,250000.0,PhD,F,4,112245,sales
67240,1,268000.0,Bachelor,M,2,20901,engineering
197498,1,184000.0,High_School,F,1,47618,marketing
174500,0,303000.0,High_School,F,1,46178,engineering
196872,0,176000.0,Bachelor,F,1,175558,engineering
155033,0,283000.0,Bachelor,M,4,157064,marketing
133598,0,206000.0,High_School,M,5,64750,engineering
15752,0,199000.0,Master,M,5,136147,sales
155593,1,183000.0,High_School,M,3,183045,engineering
139943,1,375000.0,PhD,F,3,185976,engineering
130150,1,145000.0,Bachelor,F,6,59705,sales
149032,1,293000.0,Bachelor,M,3,27704,sales
35762,0,269000.0,Master,M,5,61811,sales
62856,1,207000.0,High_School,M,4,46178,engineering
3755,0,278000.0,High_School,M,1,87733,sales
77670,1,104000.0,PhD,M,3,66119,sales
40838,0,198000.0,Bachelor,F,1,123358,sales
89771,0,79000.0,Master,M,4,199184,sales
98380,0,326000.0,Bachelor,M,4,159098,engineering
39569,1,240000.0,PhD,M,4,144401,sales
185459,1,167000.0,Bachelor,M,3,46997,sales
19795,0,274000.0,PhD,M,3,153551,sales
82227,0,85000.0,Bachelor,F,4,129778,HR
87519,0,192000.0,Master,M,1,50761,marketing
184470,1,98000.0,Master,M,6,184236,HR
38873,0,92000.0,Bachelor,F,4,23737,HR
104619,0,167000.0,Bachelor,F,4,188118,sales
87625,0,228000.0,PhD,M,2,142104,engineering
80853,0,299000.0,PhD,M,6,1872,engineering
42103,0,193000.0,PhD,M,4,113578,marketing
137602,0,89000.0,Bachelor,M,1,69200,sales
5875,0,177000.0,Master,M,14,146600,marketing
118115,0,177000.0,Master,M,7,148984,sales
136000,0,208000.0,Bachelor,F,4,85717,sales
118506,0,93000.0,Bachelor,M,2,25036,HR
33020,0,68000.0,High_School,F,6,80240,HR
193599,0,223000.0,Master,F,2,112302,engineering
164085,0,135000.0,PhD,F,1,59555,marketing
151073,0,67000.0,Bachelor,F,1,47260,HR
147974,1,182000.0,Master,M,8,25934,engineering
189411,0,281000.0,Bachelor,M,1,8198,engineering
21575,1,67000.0,PhD,F,6,151838,sales
124441,1,285000.0,Bachelor,M,6,67151,engineering
152080,0,79000.0,High_School,F,2,73649,sales
179436,0,153000.0,PhD,F,1,197206,marketing
40375,1,334000.0,Bachelor,M,2,101819,engineering
39388,0,130000.0,Master,M,10,66119,sales
23982,0,226000.0,High_School,M,3,140542,sales
142408,1,182000.0,Master,M,3,175558,engineering
122506,0,108000.0,Master,F,2,80043,HR
50668,0,82000.0,Master,M,6,94039,sales
104454,1,290000.0,Bachelor,M,1,28979,sales
139971,0,166000.0,Bachelor,M,1,41080,sales
158315,1,213000.0,PhD,F,1,181311,sales
93496,0,210000.0,PhD,M,4,77670,sales
167256,0,246000.0,Bachelor,F,2,134658,sales
168727,0,357000.0,Bachelor,M,3,52525,engineering
15747,0,291000.0,PhD,M,4,75242,engineering
11277,1,550000.0,Master,M,22,61554,sales
78215,0,219000.0,Master,M,3,181201,sales
104120,0,181000.0,High_School,F,2,70406,marketing
20837,1,79000.0,PhD,F,3,102632,marketing
104101,0,281000.0,PhD,M,6,181219,marketing
112404,1,237000.0,High_School,M,4,167650,engineering
32432,0,281000.0,PhD,M,2,183824,engineering
118233,1,249000.0,Master,M,23,149778,marketing
191630,1,206000.0,PhD,M,5,162381,engineering
53211,0,136000.0,Bachelor,M,6,165442,sales
22478,1,81000.0,Master,F,2,149245,marketing
194602,1,113000.0,Master,M,3,16510,sales
188719,0,135000.0,Bachelor,F,2,132399,sales
117939,1,203000.0,Master,M,7,87330,engineering
155138,0,82000.0,Master,F,3,189148,HR
140097,0,308000.0,High_School,M,7,182556,sales
49780,0,238000.0,PhD,F,4,8711,marketing
91050,0,129000.0,High_School,F,7,175361,sales
153782,0,89000.0,High_School,F,1,193818,HR
118329,0,157000.0,Master,F,10,181201,sales
97930,1,215000.0,High_School,F,3,62990,sales
97195,1,167000.0,PhD,M,4,191351,marketing
136356,0,172000.0,Master,F,6,55476,marketing
98212,1,321000.0,High_School,M,7,69903,engineering
52209,0,210000.0,PhD,M,3,79193,sales
185589,0,237000.0,Bachelor,M,6,75045,marketing
189222,1,320000.0,Bachelor,F,10,3802,engineering
23940,1,200000.0,Master,M,1,74264,marketing
137776,0,311000.0,Master,F,11,40132,engineering
83854,0,237000.0,Bachelor,M,3,114572,marketing
111646,0,70000.0,Bachelor,F,7,172948,HR
183283,0,143000.0,Master,M,5,20378,HR
69556,1,221000.0,High_School,M,4,186283,engineering
77514,0,276000.0,PhD,M,4,1050,engineering
99936,0,69000.0,PhD,M,1,144401,sales
32306,0,353000.0,Bachelor,M,1,41335,engineering
168526,1,111000.0,Bachelor,F,7,142926,engineering
76764,1,113000.0,High_School,M,4,153412,marketing
17376,0,248000.0,Master,M,4,116750,engineering
16423,0,96000.0,Bachelor,M,4,190566,marketing
62587,0,277000.0,Master,M,3,168791,engineering
60570,0,329000.0,Bachelor,M,3,198424,marketing
27661,0,101000.0,Master,F,1,154375,HR
22574,0,75000.0,Master,M,2,143473,HR
130489,0,284000.0,Master,M,19,36075,sales
73244,0,144000.0,PhD,M,4,115591,sales
168567,1,266000.0,Master,M,6,186283,engineering
181882,0,62000.0,Bachelor,M,4,104539,HR
49727,1,91000.0,PhD,F,17,84011,sales
123922,0,190000.0,PhD,M,2,157931,engineering
18953,0,393000.0,Bachelor,M,1,43602,engineering
60956,0,263000.0,High_School,M,5,4259,engineering
197547,0,155000.0,Master,F,4,164638,sales
194656,0,159000.0,High_School,M,4,136468,sales
157966,0,361000.0,PhD,M,7,134556,marketing
32194,0,117000.0,Bachelor,M,9,166591,sales
165417,0,270000.0,Master,F,5,119991,engineering
172591,0,234000.0,Master,F,3,65856,sales
199487,0,157000.0,Bachelor,M,2,80728,engineering
42948,0,92000.0,High_School,F,5,139278,HR
31956,1,120000.0,Master,M,4,77613,sales
114591,0,62000.0,Bachelor,F,4,23737,HR
163659,1,252000.0,Bachelor,M,2,52313,sales
11540,0,331000.0,High_School,M,3,54315,sales
39534,1,131000.0,Bachelor,M,1,19524,marketing
161198,0,138000.0,High_School,M,1,17291,sales
45726,0,69000.0,Master,M,1,51121,HR
199956,1,133000.0,Bachelor,F,5,5282,sales
183120,0,377000.0,PhD,F,1,111508,marketing
108428,1,202000.0,Master,M,10,117030,engineering
142406,0,159000.0,High_School,F,2,27781,marketing
89002,1,189000.0,Master,M,15,34280,sales
41175,0,263000.0,PhD,M,5,61403,engineering
29608,0,135000.0,PhD,M,6,103421,engineering
1050,1,129000.0,Master,M,6,71595,engineering
165467,0,333000.0,Bachelor,M,2,66453,engineering
101576,1,272000.0,High_School,M,2,169574,marketing
57659,1,171000.0,PhD,M,4,122762,sales
64885,0,150000.0,PhD,M,3,199282,marketing
4845,0,216000.0,Bachelor,M,3,160289,sales
57453,0,236000.0,Master,F,4,91124,sales
76107,1,324000.0,PhD,M,6,199282,marketing
8142,1,179000.0,PhD,M,4,27393,sales
6089,0,218000.0,PhD,M,5,181311,sales
174074,0,157000.0,High_School,M,1,46997,sales
53269,0,235000.0,Master,M,3,142367,sales
169872,0,232000.0,PhD,F,3,98558,engineering
87077,0,85000.0,PhD,M,7,107694,HR
27471,0,112000.0,Master,M,2,92585,marketing
147696,1,354000.0,Bachelor,M,2,27393,sales
77258,0,77000.0,Bachelor,M,7,68222,HR
150668,0,112000.0,Master,M,3,171461,HR
37794,0,74000.0,PhD,M,2,139278,HR
80286,0,66000.0,High_School,M,5,67178,HR
139754,1,175000.0,PhD,F,4,21377,sales
101504,0,193000.0,Master,F,6,82698,sales
149855,0,72000.0,Bachelor,M,3,54997,sales
39543,1,192000.0,Bachelor,M,3,68998,marketing
7027,0,91000.0,Bachelor,F,6,168564,sales
148829,0,171000.0,Master,M,1,15277,engineering
1933,0,179000.0,PhD,M,7,7349,marketing
109075,0,246000.0,High_School,M,2,166928,engineering
192229,1,297000.0,Bachelor,M,5,197206,marketing
31561,1,149000.0,PhD,M,8,198032,sales
162586,1,266000.0,Bachelor,M,3,107493,engineering
80821,1,145000.0,Master,M,3,24071,engineering
69124,0,130000.0,Bachelor,F,6,94039,sales
106335,0,84000.0,High_School,M,4,169849,HR
137942,1,197000.0,PhD,M,4,48730,marketing
24656,1,137000.0,High_School,F,2,29547,engineering
12548,0,144000.0,PhD,M,4,4259,engineering
13430,1,260000.0,Master,M,3,175361,sales
32070,0,287000.0,PhD,M,4,122197,engineering
192666,1,72000.0,Bachelor,M,2,9239,sales
141002,1,168000.0,Master,M,3,162381,engineering
160961,0,304000.0,PhD,F,6,147819,sales
158826,0,321000.0,High_School,M,4,145710,engineering
41775,0,147000.0,Bachelor,M,1,78516,sales
31002,0,71000.0,PhD,F,4,252,HR
54963,0,97000.0,High_School,M,13,142146,sales
182154,0,313000.0,PhD,M,2,48120,engineering
197166,0,103000.0,Bachelor,M,4,182556,sales
46849,0,134000.0,Bachelor,F,4,88007,sales
23896,1,196000.0,PhD,M,1,82463,marketing
42822,0,98000.0,High_School,M,2,150290,HR
99642,0,82000.0,Bachelor,M,3,31063,HR
180371,0,95000.0,PhD,F,2,57701,HR
190181,0,233000.0,PhD,M,6,64724,marketing
23901,0,206000.0,Master,M,2,68998,marketing
179405,0,174000.0,Bachelor,F,3,23565,sales
88399,0,136000.0,Master,M,3,178797,sales
182142,0,141000.0,High_School,M,4,66160,sales
130616,1,299000.0,High_School,M,2,91254,marketing
119833,1,283000.0,Master,M,15,84011,sales
71484,0,213000.0,Bachelor,M,2,140061,sales
48298,0,136000.0,High_School,M,9,91254,marketing
171106,0,320000.0,Master,F,6,107547,sales
132234,0,241000.0,Bachelor,M,2,65856,sales
116992,1,204000.0,Bachelor,F,2,147819,sales
170717,0,386000.0,Bachelor,M,2,167650,engineering
183971,1,351000.0,PhD,M,2,24071,engineering
104953,0,61000.0,Bachelor,F,1,119231,HR
109928,0,68000.0,Bachelor,F,7,179149,HR
88583,0,212000.0,High_School,F,4,131620,sales
177608,0,82000.0,High_School,M,4,167389,sales
84011,0,328000.0,Bachelor,F,30,11277,sales
106594,1,272000.0,PhD,F,1,143317,sales
146584,0,360000.0,Bachelor,M,2,52319,sales
73598,0,291000.0,High_School,M,1,179212,marketing
164657,1,187000.0,Bachelor,M,6,82657,sales
173330,0,234000.0,Bachelor,F,2,41335,engineering
120852,0,255000.0,Bachelor,M,1,10773,engineering
133269,1,359000.0,Bachelor,M,3,183045,engineering
139252,0,131000.0,Bachelor,F,3,182531,sales
52189,0,118000.0,Bachelor,F,1,193920,sales
113874,1,198000.0,High_School,M,1,126368,sales
75045,0,181000.0,PhD,F,2,124893,marketing
43412,0,196000.0,High_School,M,7,182116,sales
181020,1,383000.0,High_School,M,1,169664,engineering
71130,0,304000.0,PhD,M,8,8207,engineering
181781,0,110000.0,Bachelor,F,6,110260,HR
41862,0,136000.0,High_School,M,4,132360,sales
190361,1,97000.0,Bachelor,M,2,142850,sales
69379,1,191000.0,Master,M,10,183175,sales
141763,0,74000.0,Bachelor,M,3,132192,HR
158095,0,262000.0,High_School,M,3,152791,sales
15019,1,119000.0,Bachelor,M,2,153412,marketing
99038,1,379000.0,High_School,M,2,66453,engineering
91202,0,338000.0,Master,M,3,59353,engineering
97241,0,264000.0,Master,F,2,191083,marketing
164878,0,222000.0,Master,M,7,10357,marketing
63563,0,126000.0,PhD,M,3,105542,marketing
98538,0,138000.0,PhD,M,2,164439,marketing
128205,0,72000.0,Master,F,1,9400,HR
171765,0,154000.0,Bachelor,M,4,37124,sales
193920,0,217000.0,Bachelor,F,14,141808,sales
137439,0,119000.0,Master,F,2,168415,HR
4542,0,147000.0,High_School,F,4,125775,marketing
186368,1,128000.0,High_School,M,5,41721,marketing
80294,0,199000.0,Bachelor,M,3,79807,engineering
102258,0,169000.0,High_School,F,6,62990,sales
178408,0,253000.0,Master,M,2,7212,marketing
143691,0,244000.0,High_School,M,2,24071,engineering
46727,1,115000.0,PhD,M,2,158777,marketing
154781,0,198000.0,PhD,M,2,87613,engineering
12214,0,190000.0,Master,M,14,171907,sales
165454,0,83000.0,High_School,F,2,8812,HR
149162,0,245000.0,Bachelor,F,1,134671,sales
18710,1,150000.0,PhD,M,5,189222,engineering
14477,0,205000.0,PhD,M,2,6335,sales
13449,0,191000.0,PhD,M,4,46178,engineering
129740,1,250000.0,PhD,M,4,196058,marketing
51447,0,122000.0,PhD,F,1,144976,sales
3249,0,241000.0,PhD,F,3,66453,engineering
180216,1,72000.0,Master,M,3,182116,sales
79594,0,79000.0,Bachelor,F,3,4384,HR
128456,1,310000.0,Master,M,1,142367,sales
133012,0,172000.0,Bachelor,F,6,84230,marketing
192542,0,106000.0,High_School,M,5,169223,engineering
133628,0,186000.0,High_School,M,2,26183,sales
8893,1,203000.0,PhD,F,2,130449,sales
156380,0,64000.0,Bachelor,M,3,53856,HR
57316,0,260000.0,Master,M,13,157492,sales
6220,0,250000.0,Bachelor,M,1,87847,sales
44985,0,90000.0,Bachelor,F,8,51121,HR
71947,0,124000.0,PhD,F,3,179212,marketing
170663,0,88000.0,Master,M,5,134728,marketing
112679,1,136000.0,Master,M,3,71585,sales
34457,0,259000.0,PhD,F,1,180925,sales
144558,0,221000.0,Master,M,5,88779,sales
154451,1,112000.0,Master,M,5,171940,marketing
14146,1,279000.0,PhD,M,5,159098,engineering
199703,0,80000.0,Bachelor,F,3,51923,HR
145632,0,184000.0,PhD,M,4,103912,sales
50341,0,96000.0,PhD,F,3,169833,HR
99682,0,97000.0,High_School,F,1,43704,HR
48572,0,195000.0,Master,M,2,146220,marketing
138870,1,394000.0,Master,F,2,73106,engineering
177837,0,96000.0,Bachelor,M,4,80043,HR
117030,0,387000.0,Bachelor,F,19,109804,engineering
1199,1,277000.0,High_School,M,8,62081,sales
107020,0,67000.0,High_School,F,1,130135,HR
64097,0,182000.0,PhD,M,3,1610,engineering
117024,1,61000.0,PhD,M,1,126257,engineering
88360,1,260000.0,High_School,F,6,132283,engineering
101306,0,81000.0,PhD,F,1,29749,HR
163389,0,77000.0,High_School,F,5,22887,HR
23986,0,215000.0,Master,M,2,198778,engineering
129429,1,276000.0,Master,M,3,128447,engineering
169634,0,132000.0,Master,M,3,43704,HR
173538,0,369000.0,Bachelor,F,1,58522,engineering
58511,0,255000.0,PhD,M,2,188118,sales
22355,0,73000.0,High_School,F,1,10786,HR
32601,1,245000.0,Master,M,1,101819,engineering
9992,0,138000.0,Master,M,2,149485,sales
1334,0,76000.0,Bachelor,M,2,94447,HR
82323,0,381000.0,Bachelor,M,5,189038,engineering
71444,0,146000.0,Master,M,2,34163,sales
73807,0,219000.0,Bachelor,M,1,84828,engineering
132315,0,98000.0,Bachelor,F,4,16445,HR
124340,0,300000.0,PhD,F,7,91002,marketing
71569,1,209000.0,PhD,M,1,22090,marketing
174039,0,272000.0,Bachelor,M,1,170076,engineering
31055,1,393000.0,PhD,M,2,120638,engineering
112751,0,311000.0,PhD,M,2,43420,sales
85411,1,229000.0,Bachelor,F,3,169664,engineering
93803,0,93000.0,Master,F,3,117376,HR
34710,1,242000.0,High_School,F,6,61988,engineering
176264,0,310000.0,Master,M,2,30640,engineering
23565,0,97000.0,Master,F,5,78493,sales
64978,0,216000.0,PhD,M,1,4440,marketing
169917,0,315000.0,PhD,M,4,115694,engineering
46694,1,256000.0,PhD,F,5,196660,sales
89244,0,145000.0,Bachelor,F,2,129626,marketing
65224,0,95000.0,Master,M,1,62990,sales
112533,0,232000.0,High_School,F,9,109254,sales
86645,1,97000.0,Bachelor,M,1,55431,sales
192169,1,73000.0,Bachelor,M,3,51288,engineering
169331,0,228000.0,Master,F,6,12679,sales
165137,0,372000.0,PhD,M,3,61811,sales
177857,0,85000.0,PhD,F,2,4384,HR
172840,0,212000.0,PhD,M,7,18939,sales
119641,1,209000.0,Bachelor,M,3,62161,marketing
6371,0,260000.0,High_School,M,2,16073,marketing
96328,0,167000.0,High_School,M,3,158888,sales
120549,1,100000.0,Master,F,3,132026,marketing
149510,0,103000.0,Master,F,3,172321,sales
100884,0,167000.0,PhD,M,1,168905,engineering
196008,1,237000.0,Master,M,1,127275,engineering
188626,1,127000.0,High_School,M,4,180854,sales
190065,0,279000.0,PhD,M,3,143437,marketing
174808,1,260000.0,PhD,M,3,58365,marketing
18766,1,312000.0,Bachelor,M,4,43602,engineering
105637,0,148000.0,Master,M,2,48912,engineering
149926,1,266000.0,PhD,M,2,73106,engineering
100559,0,171000.0,High_School,M,1,91345,sales
86940,1,129000.0,High_School,M,6,188118,sales
27526,0,171000.0,PhD,F,5,116750,engineering
83409,0,220000.0,High_School,M,2,64750,engineering
27598,0,344000.0,Master,M,1,164638,sales
43490,1,351000.0,High_School,M,2,167921,engineering
185080,0,215000.0,Bachelor,M,6,180854,sales
162053,0,116000.0,Bachelor,F,1,66160,sales
124945,0,84000.0,PhD,F,1,54808,sales
55479,0,265000.0,Master,M,8,128447,engineering
2807,0,128000.0,Master,M,1,56316,sales
107523,0,173000.0,Master,F,3,180037,sales
155376,1,161000.0,Master,M,6,82698,sales
146309,0,221000.0,Master,M,1,123000,sales
90356,0,221000.0,High_School,M,1,113618,marketing
41207,0,129000.0,Bachelor,M,2,181772,sales
110464,1,550000.0,Master,M,21,61554,marketing
51288,0,97000.0,Master,M,14,140317,engineering
181164,0,357000.0,High_School,M,6,186283,engineering
50495,1,109000.0,Master,M,2,175365,marketing
141934,1,261000.0,Master,M,4,52319,sales
72937,0,350000.0,PhD,M,5,158777,marketing
27680,0,161000.0,PhD,M,3,112750,engineering
154235,0,73000.0,High_School,M,5,149135,engineering
192826,0,286000.0,PhD,M,2,60489,marketing
147438,0,164000.0,PhD,M,1,197832,marketing
73101,0,78000.0,Bachelor,F,3,61443,HR
199566,0,68000.0,Master,F,6,73254,HR
35434,0,322000.0,High_School,M,1,56316,sales
32316,0,284000.0,Bachelor,F,4,191073,sales
110760,0,75000.0,Bachelor,F,6,113618,marketing
194271,0,240000.0,Master,M,5,199184,sales
10414,1,395000.0,PhD,M,3,26468,engineering
106693,1,135000.0,Bachelor,F,2,54315,sales
79958,0,384000.0,Bachelor,F,5,61988,engineering
147268,0,102000.0,Bachelor,F,5,85426,HR
27327,0,131000.0,PhD,F,3,198424,marketing
150110,0,176000.0,Master,F,2,184998,sales
143832,0,79000.0,Master,F,3,5889,HR
140528,0,64000.0,PhD,M,1,66420,HR
121048,0,143000.0,PhD,F,3,144401,sales
34569,1,124000.0,High_School,M,5,191351,marketing
152011,1,78000.0,High_School,M,1,91124,sales
59806,1,85000.0,Master,M,3,42096,sales
51266,0,282000.0,Bachelor,M,1,47472,engineering
188711,0,66000.0,High_School,M,2,16445,HR
170363,0,104000.0,PhD,F,3,14226,HR
80670,0,61000.0,PhD,F,6,57701,HR
136986,0,203000.0,High_School,M,2,187053,engineering
13862,1,196000.0,Master,M,2,92210,sales
80032,0,226000.0,High_School,M,1,33266,marketing
100440,1,218000.0,PhD,M,4,178797,sales
54798,0,64000.0,Master,M,6,80240,HR
165229,0,100000.0,Master,F,2,29733,HR
131223,0,72000.0,Master,M,1,50679,sales
70581,0,141000.0,PhD,F,2,131525,sales
137744,0,327000.0,PhD,F,3,68532,engineering
107468,0,210000.0,Bachelor,M,3,18312,engineering
7813,1,135000.0,Master,F,1,192145,sales
158056,0,338000.0,PhD,M,4,33814,engineering
16125,1,138000.0,High_School,M,6,100373,HR
127661,1,220000.0,High_School,F,1,112643,sales
16768,0,160000.0,Master,M,7,143317,sales
46573,0,177000.0,Master,F,4,183065,engineering
64675,0,228000.0,Master,M,3,21377,sales
52008,1,175000.0,High_School,M,4,122145,engineering
154703,0,363000.0,PhD,M,10,18295,engineering
66942,1,78000.0,Bachelor,M,6,103421,engineering
52191,0,167000.0,PhD,M,4,63832,marketing
11426,1,289000.0,Bachelor,M,1,198875,engineering
2689,1,249000.0,High_School,M,5,60489,marketing
73509,0,243000.0,PhD,M,3,9239,sales
13281,0,115000.0,High_School,M,2,66453,engineering
1406,1,346000.0,Bachelor,M,1,174122,engineering
176126,1,196000.0,PhD,M,4,51738,engineering
119480,0,172000.0,High_School,M,9,127275,engineering
75275,0,75000.0,PhD,F,2,80043,HR
1697,0,220000.0,Bachelor,F,2,32159,sales
109467,0,222000.0,PhD,M,1,81860,engineering
24293,0,229000.0,Master,M,2,142850,sales
104484,1,130000.0,Bachelor,M,6,61811,sales
149902,1,219000.0,Master,M,5,129734,engineering
130321,0,217000.0,Master,M,4,82698,sales
52484,0,77000.0,Bachelor,F,3,175548,HR
6160,1,185000.0,PhD,M,2,67931,engineering
76792,0,80000.0,Bachelor,F,5,80240,HR
46955,0,339000.0,Bachelor,M,1,198648,marketing
88419,0,60000.0,PhD,F,7,126515,HR
30783,0,365000.0,PhD,M,1,132309,sales
128913,1,148000.0,Master,M,3,116119,marketing
22109,0,271000.0,Bachelor,F,2,181311,sales
5901,0,73000.0,PhD,M,2,180925,sales
127076,1,245000.0,PhD,M,3,81644,engineering
51838,1,77000.0,High_School,M,2,154375,HR
157313,1,250000.0,Master,M,2,60489,marketing
38000,1,375000.0,PhD,M,2,154891,engineering
91876,0,214000.0,PhD,M,2,114572,marketing
16207,0,110000.0,Bachelor,F,2,199950,HR
171705,0,104000.0,PhD,F,1,61443,HR
67690,0,150000.0,Master,M,6,167877,sales
41721,0,176000.0,PhD,M,10,162889,marketing
160675,0,136000.0,PhD,F,6,35499,sales
162864,0,85000.0,Master,M,1,153412,marketing
85350,0,237000.0,Master,M,4,48352,engineering
62787,0,173000.0,Master,M,1,26757,marketing
36586,0,191000.0,Master,F,4,49729,sales
6083,0,246000.0,PhD,M,8,152960,sales
135064,0,223000.0,Bachelor,M,1,47618,marketing
65583,0,198000.0,Master,F,1,24979,marketing
67673,1,242000.0,High_School,M,3,23120,marketing
32177,1,212000.0,PhD,M,6,48690,sales
77369,1,173000.0,High_School,M,2,164326,sales
83032,1,98000.0,PhD,M,11,87344,marketing
187398,0,148000.0,Master,M,1,137776,engineering
8559,0,92000.0,Master,F,4,172541,HR
22042,0,266000.0,Bachelor,M,2,62081,sales
103286,0,177000.0,High_School,F,2,3260,engineering
18667,0,108000.0,High_School,M,7,118329,sales
108474,0,62000.0,Bachelor,M,4,22887,HR
130782,1,88000.0,PhD,M,4,175558,engineering
86123,1,397000.0,Bachelor,M,6,122145,engineering
23331,0,179000.0,PhD,M,3,90834,sales
175738,1,163000.0,Master,M,3,102815,sales
3605,0,210000.0,PhD,M,2,59939,marketing
193030,1,85000.0,Master,F,2,79934,engineering
82636,1,101000.0,Master,F,1,130449,sales
71735,0,390000.0,PhD,M,4,167921,engineering
103080,1,302000.0,Master,M,2,160169,sales
190503,1,95000.0,Master,F,1,168415,HR
35156,0,75000.0,High_School,M,4,184885,HR
134541,0,110000.0,PhD,M,2,79934,engineering
86533,0,79000.0,Bachelor,F,2,102498,HR
125556,1,183000.0,Bachelor,M,3,12214,sales
196283,0,285000.0,Master,F,2,71945,engineering
43287,1,80000.0,Bachelor,M,3,16785,engineering
57181,1,170000.0,Master,M,3,120638,engineering
29218,1,334000.0,Master,M,5,126330,engineering
100976,0,266000.0,PhD,M,3,18939,sales
47938,0,252000.0,PhD,M,3,91124,sales
168191,0,255000.0,Master,F,5,69943,sales
123669,0,260000.0,High_School,M,2,79934,engineering
148230,0,161000.0,Master,F,1,99121,marketing
191097,0,139000.0,High_School,F,7,52923,sales
172625,0,120000.0,PhD,M,1,195165,engineering
56558,0,78000.0,High_School,F,1,47260,HR
123103,0,381000.0,PhD,M,14,72243,engineering
156020,0,164000.0,Master,M,7,94507,engineering
147859,0,150000.0,Master,M,1,53390,sales
194221,0,95000.0,Master,F,3,75045,marketing
12345,1,83000.0,PhD,M,2,191073,sales
109378,1,120000.0,High_School,M,1,90065,engineering
190683,0,149000.0,Bachelor,M,4,8856,marketing
27980,0,231000.0,PhD,M,2,102727,marketing
99556,0,75000.0,Bachelor,F,1,59327,HR
43858,1,191000.0,PhD,F,5,171351,engineering
118743,0,130000.0,Master,F,3,68998,marketing
20013,0,192000.0,PhD,M,3,128966,sales
143163,1,227000.0,PhD,F,4,198879,sales
2308,0,284000.0,Bachelor,M,15,84011,sales
59484,0,61000.0,PhD,F,6,4384,HR
113640,1,106000.0,PhD,F,4,56451,sales
139377,0,193000.0,PhD,M,7,87613,engineering
108467,0,194000.0,Bachelor,F,2,162518,sales
51210,0,120000.0,PhD,M,1,126368,sales
166146,0,68000.0,High_School,M,1,4259,engineering
120023,0,240000.0,Master,M,4,134944,sales
123791,0,246000.0,Bachelor,M,1,183528,engineering
17431,0,357000.0,Master,F,3,64724,marketing
3248,0,184000.0,Master,M,2,45803,sales
60121,0,354000.0,Master,F,21,109804,engineering
92188,0,125000.0,PhD,M,1,34714,sales
110343,1,270000.0,High_School,F,1,147249,engineering
173347,1,285000.0,PhD,M,3,193518,sales
197690,0,135000.0,High_School,M,1,168564,sales
85847,0,236000.0,Bachelor,M,2,60609,sales
169005,0,105000.0,Master,M,2,168742,sales
170004,0,153000.0,Bachelor,M,5,119964,marketing
51919,0,258000.0,Bachelor,M,5,175593,sales
151902,1,228000.0,High_School,F,4,103421,engineering
88033,1,303000.0,Master,M,3,91254,marketing
11186,0,238000.0,High_School,M,5,148865,sales
19325,1,142000.0,Bachelor,M,1,52313,sales
65235,0,152000.0,Bachelor,M,7,181996,engineering
95812,0,73000.0,High_School,F,1,172246,sales
171500,1,164000.0,Bachelor,M,3,57185,engineering
148188,0,283000.0,PhD,M,1,4394,marketing
138458,1,138000.0,Master,M,1,47863,engineering
141003,0,209000.0,High_School,M,5,127623,engineering
160799,0,150000.0,High_School,M,5,77844,sales
71438,0,215000.0,High_School,M,5,130834,engineering
89458,1,178000.0,Master,F,1,122145,engineering
194775,0,85000.0,PhD,F,1,100373,HR
76962,0,130000.0,Bachelor,F,4,129000,marketing
126532,0,146000.0,High_School,M,7,145710,engineering
57643,0,73000.0,High_School,M,6,119231,HR
175593,0,152000.0,Master,M,3,167941,sales
138402,0,380000.0,PhD,F,3,137369,sales
155578,0,96000.0,PhD,M,6,128511,engineering
97043,1,163000.0,Bachelor,F,3,115591,sales
23246,1,65000.0,PhD,M,3,5282,sales
75846,0,173000.0,Master,F,1,134671,sales
81293,0,79000.0,High_School,F,5,157931,engineering
24691,0,95000.0,Master,M,11,56068,sales
158154,1,153000.0,Master,F,3,51293,sales
154512,1,361000.0,Master,M,2,75860,engineering
21610,0,106000.0,Master,F,8,179929,sales
49407,1,188000.0,PhD,M,3,154170,engineering
61589,0,214000.0,High_School,M,3,183065,engineering
35932,0,264000.0,Master,M,1,161727,engineering
131228,0,87000.0,Bachelor,F,1,153412,marketing
80910,1,109000.0,PhD,M,2,179569,sales
146509,1,76000.0,PhD,M,1,161132,marketing
110091,1,185000.0,PhD,M,6,117030,engineering
61634,0,246000.0,Bachelor,M,1,108164,sales
102304,0,244000.0,PhD,M,1,146404,marketing
8968,0,62000.0,PhD,M,2,166591,sales
191913,0,78000.0,PhD,M,5,754,HR
98874,0,89000.0,PhD,F,3,180006,HR
116539,0,76000.0,High_School,F,3,37434,sales
96051,0,199000.0,PhD,F,2,52319,sales
193330,0,246000.0,Bachelor,M,10,162476,engineering
99336,0,67000.0,High_School,F,4,29508,HR
89311,0,254000.0,Master,M,1,71130,engineering
80045,0,74000.0,Bachelor,M,4,196490,HR
198882,1,207000.0,PhD,M,1,147819,sales
56153,0,315000.0,PhD,M,5,103014,engineering
118165,1,383000.0,PhD,M,1,167650,engineering
32217,0,243000.0,High_School,M,1,78997,engineering
160558,0,127000.0,PhD,M,7,172250,marketing
131134,0,312000.0,Bachelor,F,1,58522,engineering
74671,1,116000.0,Bachelor,F,2,94683,marketing
139266,0,191000.0,PhD,F,8,65883,marketing
164224,0,204000.0,Bachelor,M,1,134536,engineering
184934,0,203000.0,Bachelor,M,4,142685,sales
172599,0,130000.0,High_School,M,2,5222,sales
61768,0,101000.0,High_School,M,6,144401,sales
26241,0,75000.0,Bachelor,M,4,26183,sales
137912,0,233000.0,High_School,M,5,193621,sales
89092,0,228000.0,Bachelor,M,2,90639,marketing
127374,1,107000.0,PhD,M,3,168742,sales
157530,0,110000.0,Bachelor,M,5,71889,HR
67931,0,253000.0,Bachelor,M,13,119481,engineering
176205,0,81000.0,Bachelor,M,2,74170,sales
36939,1,339000.0,Bachelor,M,1,98558,engineering
121096,0,287000.0,Master,F,13,40920,marketing
144668,0,253000.0,PhD,M,3,108428,engineering
194005,1,140000.0,High_School,F,2,20828,marketing
75025,0,152000.0,PhD,F,1,129410,sales
128065,0,371000.0,Bachelor,M,14,192589,engineering
130139,0,278000.0,PhD,M,5,167389,sales
43738,0,270000.0,PhD,M,1,167650,engineering
154470,0,380000.0,Master,M,3,93223,engineering
189576,1,224000.0,Master,M,5,165442,sales
120151,0,66000.0,High_School,F,3,196660,sales
87716,0,80000.0,Master,F,3,88370,HR
187057,0,348000.0,Master,F,2,94030,sales
176519,0,126000.0,PhD,M,1,8193,engineering
75878,0,64000.0,Bachelor,F,2,17211,HR
172223,0,103000.0,PhD,M,1,113245,sales
42937,0,307000.0,High_School,M,1,55431,sales
155437,0,254000.0,PhD,M,13,119481,engineering
57185,1,352000.0,PhD,M,8,57693,engineering
41679,1,230000.0,Bachelor,M,1,80128,sales
73117,0,319000.0,Bachelor,M,2,198424,marketing
38528,1,141000.0,Bachelor,M,2,169223,engineering
79703,1,84000.0,High_School,M,2,168564,sales
89779,1,355000.0,Master,F,1,62043,engineering
138872,0,240000.0,Master,F,4,102712,sales
90405,0,225000.0,Master,F,5,65883,marketing
16083,0,86000.0,High_School,F,4,159638,HR
29836,0,186000.0,Master,M,2,8182,sales
187704,0,68000.0,Master,F,5,140838,HR
121025,0,82000.0,PhD,M,7,89837,marketing
195991,1,165000.0,PhD,M,1,79193,sales
22977,0,77000.0,High_School,F,5,41533,HR
67151,0,301000.0,Bachelor,F,3,49002,engineering
199810,1,324000.0,PhD,M,1,171499,engineering
87649,0,157000.0,Master,M,2,192132,marketing
127503,1,221000.0,PhD,M,4,162381,engineering
627,0,126000.0,Master,M,1,181886,sales
51168,0,119000.0,Master,M,7,193518,sales
134599,0,302000.0,PhD,F,3,127769,engineering
94454,1,83000.0,PhD,M,10,84011,sales
153953,1,108000.0,High_School,F,4,26183,sales
50066,1,98000.0,High_School,M,3,97422,HR
148623,0,85000.0,PhD,F,9,194904,HR
92918,0,147000.0,High_School,M,2,182028,engineering
61704,0,196000.0,High_School,M,3,53109,sales
63077,0,344000.0,Master,M,7,49727,sales
26214,0,133000.0,Bachelor,F,1,47748,HR
163330,0,69000.0,High_School,F,4,126515,HR
107833,0,82000.0,Master,F,3,1791,HR
191032,0,262000.0,PhD,M,1,111508,marketing
141012,0,88000.0,Master,F,2,179149,HR
167021,1,225000.0,PhD,M,5,149970,marketing
9554,0,183000.0,High_School,M,1,37124,sales
49116,0,94000.0,High_School,M,1,41808,HR
166577,1,90000.0,High_School,F,3,71987,HR
71264,1,317000.0,PhD,M,7,32159,sales
671,1,191000.0,High_School,M,2,136147,sales
150432,1,255000.0,Bachelor,M,1,181996,engineering
109029,0,201000.0,Bachelor,M,4,7255,engineering
86119,1,98000.0,Master,M,7,15768,HR
90696,0,305000.0,Bachelor,M,5,113578,marketing
139756,1,178000.0,High_School,M,3,79934,engineering
82225,0,280000.0,PhD,M,2,157966,marketing
57116,1,147000.0,Master,M,4,181311,sales
155778,1,217000.0,Bachelor,M,3,81490,sales
69175,1,167000.0,High_School,M,1,46178,engineering
58171,0,82000.0,Bachelor,M,2,53856,HR
110516,0,173000.0,Bachelor,M,6,184998,sales
114624,1,220000.0,Master,M,5,90237,sales
47339,0,60000.0,PhD,M,8,118506,HR
121714,0,66000.0,Master,F,5,41808,HR
6935,0,169000.0,Master,M,4,122762,sales
188611,1,231000.0,PhD,M,2,120638,engineering
117298,0,240000.0,PhD,M,5,199282,marketing
49002,0,178000.0,Master,F,12,109804,engineering
105542,0,360000.0,PhD,M,2,162889,marketing
109061,0,222000.0,Bachelor,F,3,175434,sales
132360,0,161000.0,Bachelor,M,10,120639,sales
129122,1,312000.0,High_School,M,1,189890,engineering
43365,0,112000.0,Bachelor,F,3,158609,sales
103958,0,108000.0,Bachelor,M,7,191073,sales
192705,1,215000.0,High_School,F,4,56451,sales
65237,1,192000.0,Master,M,2,67522,sales
106277,0,367000.0,Bachelor,M,2,84828,engineering
106004,0,61000.0,High_School,F,2,118506,HR
70667,0,204000.0,Bachelor,M,2,144927,sales
135380,1,79000.0,PhD,M,1,159838,marketing
20827,0,232000.0,Bachelor,M,3,102632,marketing
171340,1,98000.0,High_School,M,1,12214,sales
35443,0,118000.0,Bachelor,M,1,115765,HR
15849,1,169000.0,PhD,M,3,191083,marketing
179692,0,88000.0,PhD,F,2,169833,HR
150711,1,155000.0,Bachelor,M,3,81644,engineering
29952,1,179000.0,Master,M,5,70406,marketing
56276,1,253000.0,Bachelor,M,2,67151,engineering
135069,1,149000.0,Bachelor,M,7,177805,marketing
141088,1,293000.0,High_School,M,4,21377,sales
174541,0,79000.0,Master,F,3,104539,HR
115724,0,103000.0,PhD,F,7,61517,HR
21585,1,290000.0,Master,M,2,73649,sales
156627,1,126000.0,Bachelor,M,4,89523,sales
26618,0,202000.0,Master,F,7,52319,sales
130928,0,162000.0,Master,F,8,90639,marketing
67501,1,347000.0,Master,F,1,71115,engineering
76786,1,374000.0,Master,M,1,127275,engineering
161809,0,226000.0,PhD,F,5,54997,sales
121021,0,343000.0,Master,M,6,8182,sales
190414,0,66000.0,High_School,M,3,115765,HR
93969,0,90000.0,Master,F,5,125114,HR
192708,1,204000.0,Master,M,6,69200,sales
19213,0,153000.0,PhD,M,4,70819,engineering
160128,0,168000.0,Master,M,5,48742,engineering
197876,1,325000.0,PhD,M,7,11277,sales
100601,0,216000.0,PhD,M,2,71585,sales
126429,0,83000.0,Bachelor,F,2,43937,HR
170677,1,83000.0,Master,F,3,164501,HR
25605,1,150000.0,PhD,F,3,94030,sales
147555,0,93000.0,PhD,M,17,107152,engineering
162839,0,308000.0,PhD,F,1,54808,sales
178314,0,151000.0,Bachelor,F,8,115539,marketing
111537,0,111000.0,PhD,M,8,102815,sales
135111,1,156000.0,PhD,F,3,60489,marketing
121591,0,82000.0,Bachelor,M,1,53390,sales
95433,0,306000.0,Master,M,3,132683,engineering
122542,0,108000.0,High_School,M,4,4440,marketing
120632,0,337000.0,High_School,M,5,73663,marketing
80589,0,132000.0,Bachelor,M,4,194078,marketing
116660,0,89000.0,PhD,M,8,26053,HR
16358,1,349000.0,Bachelor,F,1,98967,marketing
192145,0,136000.0,PhD,F,5,145667,sales
134191,0,69000.0,Bachelor,M,4,168942,HR
136406,0,165000.0,Bachelor,M,5,101819,engineering
8103,0,142000.0,Bachelor,F,2,135848,marketing
178395,0,70000.0,Master,M,6,119302,HR
96793,1,357000.0,Master,M,2,68821,engineering
52117,0,65000.0,Master,F,6,135804,HR
30862,0,60000.0,Bachelor,F,4,85426,HR
187259,0,85000.0,High_School,M,2,95522,marketing
91357,0,107000.0,Master,F,8,127769,engineering
33031,1,314000.0,High_School,F,8,185976,engineering
68568,1,141000.0,PhD,M,7,83032,marketing
140542,0,301000.0,Master,F,3,2308,sales
1586,0,296000.0,High_School,M,4,96420,sales
48912,0,247000.0,PhD,M,7,171351,engineering
155936,0,85000.0,High_School,F,6,179149,HR
13465,1,202000.0,Master,M,8,168797,marketing
122285,1,318000.0,PhD,F,4,112750,engineering
167945,0,131000.0,Bachelor,M,2,92210,sales
85790,1,317000.0,PhD,F,1,122197,engineering
29427,1,288000.0,Bachelor,M,6,168564,sales
17952,0,63000.0,Master,F,1,194904,HR
14185,0,212000.0,PhD,M,1,152791,sales
14159,0,368000.0,High_School,F,1,176415,engineering
59353,1,148000.0,Bachelor,M,6,152076,engineering
78430,0,159000.0,Bachelor,M,4,89837,marketing
193336,1,373000.0,Bachelor,M,6,166928,engineering
159638,0,98000.0,PhD,F,9,116660,HR
114260,1,97000.0,Bachelor,M,6,53109,sales
93818,0,88000.0,Master,M,2,43858,engineering
134248,1,327000.0,PhD,F,4,115694,engineering
53627,0,103000.0,Master,M,3,754,HR
147749,0,287000.0,PhD,M,5,161132,marketing
11128,0,164000.0,Master,M,4,160289,sales
18445,1,214000.0,Bachelor,F,3,46997,sales
171883,0,149000.0,Bachelor,M,2,4421,sales
126304,1,299000.0,Master,M,1,55883,engineering
7636,0,281000.0,PhD,M,1,101484,engineering
44283,0,101000.0,High_School,M,7,180925,sales
10347,0,252000.0,PhD,M,5,30488,marketing
176931,0,184000.0,High_School,F,3,27393,sales
29673,0,317000.0,Bachelor,M,3,154170,engineering
142999,0,120000.0,Bachelor,M,4,164326,sales
92286,0,200000.0,PhD,M,5,166591,sales
22254,0,103000.0,Master,F,6,14465,HR
9830,1,372000.0,PhD,F,2,183065,engineering
143538,0,358000.0,Master,M,1,1610,engineering
56215,0,112000.0,Master,M,2,147783,sales
178661,0,161000.0,Master,M,4,143317,sales
137925,0,124000.0,Bachelor,M,4,30468,engineering
98095,0,237000.0,PhD,M,1,61038,sales
4110,1,68000.0,PhD,M,13,94454,sales
71585,0,281000.0,Master,F,13,65174,sales
36075,0,265000.0,Master,M,16,11277,sales
196050,0,73000.0,Master,F,8,180006,HR
183547,0,215000.0,PhD,M,2,130834,engineering
145228,0,73000.0,PhD,F,2,64087,HR
129839,0,105000.0,Bachelor,M,7,126515,HR
86130,1,151000.0,High_School,M,1,12649,engineering
164612,0,115000.0,PhD,F,2,104759,HR
194565,1,299000.0,PhD,F,5,29410,engineering
23108,1,142000.0,Bachelor,F,3,79237,marketing
57569,1,288000.0,Bachelor,M,1,107493,engineering
58893,0,324000.0,Bachelor,M,5,64750,engineering
70840,0,110000.0,PhD,F,1,187053,engineering
93998,0,399000.0,Master,M,2,101484,engineering
74149,0,84000.0,Bachelor,F,3,168415,HR
109541,1,166000.0,Bachelor,M,1,152960,sales
142685,1,362000.0,Master,M,7,157492,sales
48352,0,336000.0,Bachelor,M,7,161284,engineering
18154,0,121000.0,High_School,F,1,172541,HR
196156,0,140000.0,PhD,F,4,41991,sales
48547,1,102000.0,PhD,F,1,84230,marketing
167310,0,292000.0,Master,M,3,140542,sales
167100,0,154000.0,Bachelor,F,2,37434,sales
181841,1,386000.0,PhD,M,1,116774,engineering
41178,0,72000.0,Master,M,1,29749,HR
169382,0,83000.0,High_School,F,4,77556,HR
148676,0,199000.0,Master,M,3,134536,engineering
59179,0,77000.0,PhD,M,2,104759,HR
189388,0,211000.0,Master,M,1,102026,sales
15932,1,301000.0,Bachelor,M,2,54315,sales
137504,0,176000.0,PhD,M,6,149245,marketing
168773,0,278000.0,PhD,M,6,110508,engineering
8812,0,74000.0,Master,F,6,171266,HR
154572,1,91000.0,High_School,M,1,8182,sales
150863,0,63000.0,Bachelor,M,4,48730,marketing
74783,1,383000.0,PhD,M,3,16785,engineering
33704,1,185000.0,High_School,M,4,182038,sales
1961,0,169000.0,High_School,M,4,68821,engineering
88176,0,131000.0,Bachelor,M,7,73663,marketing
5060,0,348000.0,High_School,F,4,157931,engineering
118344,1,276000.0,PhD,F,2,162518,sales
169623,1,258000.0,High_School,M,1,158609,sales
167326,1,124000.0,High_School,M,3,124186,marketing
174632,0,283000.0,PhD,F,5,59705,sales
142963,0,157000.0,Master,M,3,87707,sales
150194,0,301000.0,PhD,F,10,132307,engineering
153418,1,90000.0,PhD,M,1,67151,engineering
29661,0,157000.0,PhD,M,3,191495,sales
50445,0,227000.0,Bachelor,M,2,8856,marketing
129098,1,137000.0,Bachelor,M,3,190065,marketing
125960,0,239000.0,PhD,M,2,130449,sales
30712,0,79000.0,Bachelor,M,3,60489,marketing
70688,0,70000.0,Master,F,3,194904,HR
34980,0,105000.0,Master,M,2,127769,engineering
23338,0,162000.0,PhD,M,3,176415,engineering
50408,0,288000.0,Master,M,2,152960,sales
156614,0,202000.0,High_School,M,9,95522,marketing
8473,0,60000.0,Bachelor,M,23,26053,HR
117545,0,292000.0,PhD,M,7,67151,engineering
76270,1,274000.0,Master,F,2,191485,sales
64895,1,209000.0,Bachelor,F,2,109254,sales
195882,0,79000.0,Bachelor,F,2,47260,HR
112440,0,62000.0,High_School,M,5,112245,sales
148916,0,207000.0,PhD,F,4,45803,sales
142156,0,106000.0,Bachelor,M,5,98419,marketing
46407,1,129000.0,PhD,F,4,162196,engineering
123717,0,234000.0,Bachelor,F,2,119991,engineering
116022,1,377000.0,Master,F,2,94507,engineering
187192,1,286000.0,PhD,M,1,57938,engineering
195057,0,139000.0,Master,F,3,190060,sales
23183,0,270000.0,PhD,M,1,89523,sales
185390,1,238000.0,PhD,M,2,194078,marketing
115349,1,146000.0,PhD,M,5,41945,sales
69728,0,283000.0,Master,M,14,51535,engineering
103220,0,366000.0,High_School,M,2,109254,sales
95334,1,83000.0,PhD,F,5,75705,HR
45381,0,125000.0,Master,M,3,198403,sales
126058,0,79000.0,PhD,M,1,32405,HR
143357,0,89000.0,PhD,F,4,47748,HR
152960,0,264000.0,High_School,F,7,157492,sales
148225,0,222000.0,Master,M,1,122197,engineering
197898,1,190000.0,PhD,M,2,77670,sales
153821,0,70000.0,Master,F,2,107694,HR
28478,0,90000.0,Master,F,3,47260,HR
86648,0,149000.0,PhD,M,4,165442,sales
27326,0,109000.0,PhD,M,2,54315,sales
169253,0,155000.0,Bachelor,F,2,157966,marketing
113281,0,196000.0,High_School,M,1,167921,engineering
36525,0,70000.0,Master,M,1,53826,HR
174687,1,221000.0,PhD,M,3,95609,sales
21212,1,141000.0,Master,F,2,126368,sales
153747,0,72000.0,Bachelor,F,5,11507,HR
181886,0,136000.0,Bachelor,M,4,181201,sales
1222,0,213000.0,High_School,M,5,171499,engineering
112701,1,161000.0,PhD,F,5,177772,marketing
48344,1,296000.0,High_School,F,3,1651,engineering
194072,0,200000.0,Bachelor,M,1,75242,engineering
85046,0,60000.0,PhD,F,4,130135,HR
153838,1,278000.0,PhD,F,5,21470,marketing
1020,0,388000.0,Master,M,4,159098,engineering
36968,1,102000.0,PhD,F,1,130135,HR
70906,0,70000.0,Bachelor,F,5,29508,HR
157609,0,171000.0,High_School,F,2,142685,sales
14443,0,309000.0,Bachelor,F,5,145710,engineering
166089,0,139000.0,PhD,M,1,53390,sales
139631,0,164000.0,Bachelor,M,3,8182,sales
53559,0,154000.0,Master,M,4,68821,engineering
83542,1,154000.0,PhD,F,5,48690,sales
155603,0,142000.0,PhD,M,5,37220,engineering
148989,0,193000.0,High_School,F,8,127623,engineering
30332,0,60000.0,Master,M,2,119231,HR
161048,1,144000.0,PhD,M,3,134982,sales
121612,0,159000.0,PhD,F,3,132026,marketing
143447,0,186000.0,Master,M,2,54997,sales
181733,0,86000.0,Master,F,4,169833,HR
40371,0,225000.0,PhD,F,2,115591,sales
129471,0,120000.0,High_School,M,4,113578,marketing
144003,0,111000.0,Bachelor,F,4,197896,HR
97535,0,245000.0,Bachelor,F,2,148236,sales
46589,1,154000.0,PhD,M,1,189038,engineering
75461,0,160000.0,Bachelor,M,3,98931,marketing
46894,0,146000.0,Bachelor,M,3,56316,sales
63976,1,60000.0,Master,F,3,96664,marketing
23065,0,321000.0,PhD,F,6,171940,marketing
50300,0,221000.0,High_School,M,5,166729,marketing
151256,0,195000.0,PhD,F,2,43602,engineering
69217,0,326000.0,Master,M,2,69345,sales
179398,0,377000.0,High_School,F,3,79807,engineering
60407,0,233000.0,Bachelor,M,2,42096,sales
125076,0,78000.0,Bachelor,M,2,169833,HR
190748,0,172000.0,Master,F,2,102815,sales
44998,0,109000.0,PhD,M,1,26505,marketing
37880,0,204000.0,Master,M,1,109254,sales
196871,0,281000.0,Bachelor,F,3,8711,marketing
130153,0,70000.0,Master,M,2,102712,sales
120878,0,316000.0,Bachelor,F,1,69463,marketing
145823,1,320000.0,High_School,M,2,167921,engineering
164439,0,175000.0,PhD,M,3,191391,marketing
160214,0,365000.0,Bachelor,F,7,78516,sales
11915,0,62000.0,High_School,M,6,742,HR
21378,0,329000.0,Master,F,9,1808,engineering
18831,0,257000.0,High_School,M,1,156010,engineering
168218,0,211000.0,High_School,M,2,71115,engineering
82736,0,314000.0,Bachelor,M,3,101819,engineering
105999,0,276000.0,High_School,F,2,113245,sales
1114,0,163000.0,PhD,F,5,168342,engineering
187492,0,279000.0,Master,F,4,1050,engineering
63436,0,217000.0,PhD,M,2,92210,sales
131640,1,281000.0,Master,F,1,81490,sales
51788,1,305000.0,High_School,M,4,172250,marketing
185516,0,271000.0,PhD,M,4,82657,sales
196368,0,246000.0,PhD,M,1,93223,engineering
153261,0,64000.0,Bachelor,M,1,742,HR
89806,0,84000.0,Master,F,1,5889,HR
85324,0,314000.0,Bachelor,M,2,168905,engineering
27766,0,133000.0,Bachelor,M,4,129000,marketing
123169,0,80000.0,Bachelor,M,4,193818,HR
24968,1,74000.0,Master,M,2,191495,sales
20323,0,175000.0,High_School,M,2,134658,sales
129410,0,309000.0,High_School,M,13,3917,sales
59749,0,60000.0,Master,M,3,33665,HR
177978,0,213000.0,Master,M,4,198814,marketing
186728,0,267000.0,Master,F,2,94030,sales
185824,0,120000.0,PhD,F,9,5374,sales
166912,0,280000.0,PhD,M,4,24979,marketing
99363,0,75000.0,Bachelor,F,4,132192,HR
11177,0,74000.0,Master,F,1,52923,sales
5104,0,93000.0,High_School,M,4,119231,HR
168722,0,294000.0,High_School,M,7,19524,marketing
74324,0,257000.0,Master,F,7,121527,marketing
14567,0,382000.0,Master,M,5,114572,marketing
151092,0,195000.0,Bachelor,F,4,79934,engineering
156473,0,265000.0,Master,M,5,149970,marketing
95883,0,202000.0,PhD,M,5,154292,engineering
155674,0,165000.0,High_School,F,3,65126,marketing
26073,0,98000.0,Master,M,3,142630,HR
174604,0,93000.0,PhD,F,1,128966,sales
55261,0,307000.0,Bachelor,M,4,81111,engineering
84604,0,302000.0,PhD,M,6,83032,marketing
193115,1,132000.0,Bachelor,M,4,8663,sales
14249,0,77000.0,PhD,M,4,121527,marketing
72227,0,178000.0,Master,M,1,193518,sales
