employee_id,hierarchy_status,reporting_depth,path_to_root
46456,reaches_CEO,5,46456 > 175361 > 100942 > 36075 > 11277 > 61554
104708,reaches_CEO,5,104708 > 29733 > 50665 > 71889 > 93708 > 61554
120853,reaches_CEO,5,120853 > 41991 > 171907 > 142146 > 11277 > 61554
142630,reaches_CEO,4,142630 > 171266 > 71889 > 93708 > 61554
72711,reaches_CEO,5,72711 > 198240 > 94454 > 84011 > 11277 > 61554
61704,reaches_CEO,5,61704 > 53109 > 130489 > 36075 > 11277 > 61554
153072,reaches_CEO,5,153072 > 67178 > 20378 > 124994 > 93708 > 61554
58903,reaches_CEO,5,58903 > 150290 > 185138 > 152500 > 93708 > 61554
166034,reaches_CEO,5,166034 > 116750 > 145161 > 69728 > 51535 > 61554
54819,reaches_CEO,5,54819 > 182038 > 79285 > 34280 > 11277 > 61554
107842,reaches_CEO,5,107842 > 62043 > 189937 > 55537 > 51535 > 61554
18437,reaches_CEO,5,18437 > 132187 > 146629 > 190801 > 51535 > 61554
51293,reaches_CEO,4,51293 > 172989 > 34051 > 11277 > 61554
92958,reaches_CEO,5,92958 > 91002 > 24489 > 176424 > 110464 > 61554
159095,reaches_CEO,5,159095 > 52319 > 154897 > 34280 > 11277 > 61554
159906,reaches_CEO,4,159906 > 65174 > 154041 > 11277 > 61554
113474,reaches_CEO,5,113474 > 198648 > 114137 > 107658 > 110464 > 61554
86645,reaches_CEO,5,86645 > 55431 > 100942 > 36075 > 11277 > 61554
165454,reaches_CEO,5,165454 > 8812 > 171266 > 71889 > 93708 > 61554
169231,reaches_CEO,4,169231 > 164851 > 154041 > 11277 > 61554
27940,reaches_CEO,5,27940 > 168951 > 120639 > 142146 > 11277 > 61554
179769,reaches_CEO,5,179769 > 73893 > 134865 > 197876 > 11277 > 61554
32146,reaches_CEO,5,32146 > 21470 > 143437 > 71499 > 110464 > 61554
163892,reaches_CEO,5,163892 > 132399 > 94362 > 34051 > 11277 > 61554
198889,reaches_CEO,5,198889 > 162035 > 134865 > 197876 > 11277 > 61554
150158,reaches_CEO,5,150158 > 87847 > 91117 > 34051 > 11277 > 61554
88019,reaches_CEO,5,88019 > 102632 > 167223 > 40920 > 110464 > 61554
34992,reaches_CEO,5,34992 > 88370 > 110260 > 125855 > 93708 > 61554
78222,reaches_CEO,5,78222 > 67931 > 119481 > 79693 > 51535 > 61554
8889,reaches_CEO,5,8889 > 21086 > 24015 > 125855 > 93708 > 61554
166367,reaches_CEO,5,166367 > 34134 > 172989 > 34051 > 11277 > 61554
187979,reaches_CEO,5,187979 > 43704 > 39785 > 177860 > 93708 > 61554
81166,reaches_CEO,5,81166 > 162035 > 134865 > 197876 > 11277 > 61554
28583,reaches_CEO,5,28583 > 63077 > 49727 > 84011 > 11277 > 61554
192826,reaches_CEO,5,192826 > 60489 > 24489 > 176424 > 110464 > 61554
175548,reaches_CEO,4,175548 > 116660 > 26053 > 93708 > 61554
137255,reaches_CEO,5,137255 > 182556 > 107049 > 34280 > 11277 > 61554
55115,reaches_CEO,5,55115 > 173939 > 156036 > 74062 > 110464 > 61554
170756,reaches_CEO,5,170756 > 177166 > 192589 > 55537 > 51535 > 61554
7993,reaches_CEO,5,7993 > 131620 > 40475 > 56068 > 11277 > 61554
64773,reaches_CEO,5,64773 > 172250 > 115907 > 97647 > 110464 > 61554
83675,reaches_CEO,5,83675 > 148795 > 49002 > 109804 > 51535 > 61554
183316,reaches_CEO,5,183316 > 174800 > 158490 > 74062 > 110464 > 61554
178759,reaches_CEO,5,178759 > 113245 > 198366 > 142146 > 11277 > 61554
34028,reaches_CEO,5,34028 > 1651 > 146629 > 190801 > 51535 > 61554
180925,reaches_CEO,4,180925 > 141808 > 34051 > 11277 > 61554
179334,reaches_CEO,5,179334 > 124186 > 103443 > 97647 > 110464 > 61554
60038,reaches_CEO,5,60038 > 47472 > 7558 > 69728 > 51535 > 61554
97928,reaches_CEO,5,97928 > 128966 > 107049 > 34280 > 11277 > 61554
18285,reaches_CEO,5,18285 > 29508 > 77857 > 152500 > 93708 > 61554
95057,reaches_CEO,5,95057 > 181996 > 113589 > 190801 > 51535 > 61554
185298,reaches_CEO,5,185298 > 27393 > 198366 > 142146 > 11277 > 61554
79693,reaches_CEO,2,79693 > 51535 > 61554
94486,reaches_CEO,5,94486 > 122145 > 72243 > 162476 > 51535 > 61554
166254,reaches_CEO,5,166254 > 8663 > 193088 > 96752 > 11277 > 61554
2843,reaches_CEO,5,2843 > 8812 > 171266 > 71889 > 93708 > 61554
127766,reaches_CEO,5,127766 > 41991 > 171907 > 142146 > 11277 > 61554
43257,reaches_CEO,5,43257 > 129778 > 59566 > 125855 > 93708 > 61554
158908,reaches_CEO,5,158908 > 127769 > 47553 > 69728 > 51535 > 61554
49928,reaches_CEO,5,49928 > 199184 > 66119 > 34051 > 11277 > 61554
156257,reaches_CEO,5,156257 > 22887 > 24015 > 125855 > 93708 > 61554
64270,reaches_CEO,5,64270 > 62298 > 138823 > 124994 > 93708 > 61554
120003,reaches_CEO,5,120003 > 48120 > 140317 > 107152 > 51535 > 61554
41278,reaches_CEO,5,41278 > 57316 > 157492 > 34280 > 11277 > 61554
142920,reaches_CEO,5,142920 > 168905 > 193330 > 162476 > 51535 > 61554
93750,reaches_CEO,5,93750 > 61988 > 49002 > 109804 > 51535 > 61554
151234,reaches_CEO,5,151234 > 145126 > 114472 > 197876 > 11277 > 61554
99871,reaches_CEO,5,99871 > 32405 > 24681 > 124994 > 93708 > 61554
80294,reaches_CEO,5,80294 > 79807 > 92567 > 162476 > 51535 > 61554
36817,reaches_CEO,5,36817 > 134982 > 66119 > 34051 > 11277 > 61554
106808,reaches_CEO,5,106808 > 54136 > 69550 > 74062 > 110464 > 61554
138402,reaches_CEO,5,138402 > 137369 > 41945 > 84011 > 11277 > 61554
104414,reaches_CEO,5,104414 > 190566 > 168545 > 176424 > 110464 > 61554
182939,reaches_CEO,5,182939 > 101901 > 7558 > 69728 > 51535 > 61554
166146,reaches_CEO,5,166146 > 4259 > 193330 > 162476 > 51535 > 61554
158639,reaches_CEO,5,158639 > 39417 > 140317 > 107152 > 51535 > 61554
21150,reaches_CEO,5,21150 > 29960 > 118233 > 149778 > 110464 > 61554
124885,reaches_CEO,5,124885 > 143050 > 155485 > 40920 > 110464 > 61554
49112,reaches_CEO,5,49112 > 14241 > 37154 > 138045 > 110464 > 61554
177003,reaches_CEO,5,177003 > 55972 > 59566 > 125855 > 93708 > 61554
39366,reaches_CEO,5,39366 > 104539 > 138823 > 124994 > 93708 > 61554
46994,reaches_CEO,5,46994 > 169223 > 5342 > 133795 > 51535 > 61554
157492,reaches_CEO,3,157492 > 34280 > 11277 > 61554
124209,reaches_CEO,5,124209 > 19806 > 32510 > 197876 > 11277 > 61554
32660,reaches_CEO,5,32660 > 187183 > 143437 > 71499 > 110464 > 61554
83263,reaches_CEO,5,83263 > 10922 > 198366 > 142146 > 11277 > 61554
78874,reaches_CEO,4,78874 > 47127 > 84011 > 11277 > 61554
95598,reaches_CEO,5,95598 > 79193 > 91117 > 34051 > 11277 > 61554
67644,reaches_CEO,5,67644 > 149485 > 172989 > 34051 > 11277 > 61554
71046,reaches_CEO,5,71046 > 51738 > 183869 > 185673 > 51535 > 61554
35710,reaches_CEO,5,35710 > 69200 > 79285 > 34280 > 11277 > 61554
169623,reaches_CEO,5,169623 > 158609 > 193088 > 96752 > 11277 > 61554
171340,reaches_CEO,5,171340 > 12214 > 171907 > 142146 > 11277 > 61554
27823,reaches_CEO,5,27823 > 146404 > 143437 > 71499 > 110464 > 61554
171217,reaches_CEO,5,171217 > 8711 > 24489 > 176424 > 110464 > 61554
26100,reaches_CEO,5,26100 > 127266 > 70434 > 149778 > 110464 > 61554
37880,reaches_CEO,5,37880 > 109254 > 191418 > 36075 > 11277 > 61554
140462,reaches_CEO,5,140462 > 5875 > 146600 > 107658 > 110464 > 61554
140829,reaches_CEO,5,140829 > 39231 > 24681 > 124994 > 93708 > 61554
143019,reaches_CEO,5,143019 > 116180 > 113589 > 190801 > 51535 > 61554
157572,reaches_CEO,5,157572 > 115765 > 192056 > 71889 > 93708 > 61554
79602,reaches_CEO,5,79602 > 113618 > 103443 > 97647 > 110464 > 61554
121612,reaches_CEO,5,121612 > 132026 > 167223 > 40920 > 110464 > 61554
191109,reaches_CEO,5,191109 > 12649 > 17837 > 176367 > 51535 > 61554
139720,reaches_CEO,5,139720 > 74264 > 82419 > 74062 > 110464 > 61554
163305,reaches_CEO,5,163305 > 189148 > 20378 > 124994 > 93708 > 61554
91979,reaches_CEO,4,91979 > 116660 > 26053 > 93708 > 61554
38822,reaches_CEO,5,38822 > 60489 > 24489 > 176424 > 110464 > 61554
33751,reaches_CEO,5,33751 > 126257 > 98225 > 162476 > 51535 > 61554
32581,reaches_CEO,5,32581 > 127266 > 70434 > 149778 > 110464 > 61554
169959,reaches_CEO,5,169959 > 76641 > 154285 > 107152 > 51535 > 61554
11845,reaches_CEO,5,11845 > 134982 > 66119 > 34051 > 11277 > 61554
141381,reaches_CEO,5,141381 > 51121 > 59566 > 125855 > 93708 > 61554
26424,reaches_CEO,5,26424 > 31063 > 99397 > 71889 > 93708 > 61554
145230,reaches_CEO,5,145230 > 183824 > 113589 > 190801 > 51535 > 61554
107750,reaches_CEO,5,107750 > 180924 > 158490 > 74062 > 110464 > 61554
127732,reaches_CEO,5,127732 > 124186 > 103443 > 97647 > 110464 > 61554
50753,reaches_CEO,5,50753 > 77766 > 6027 > 74062 > 110464 > 61554
124260,reaches_CEO,5,124260 > 139180 > 71532 > 109308 > 110464 > 61554
46311,reaches_CEO,5,46311 > 65883 > 103443 > 97647 > 110464 > 61554
115765,reaches_CEO,4,115765 > 192056 > 71889 > 93708 > 61554
21602,reaches_CEO,5,21602 > 41808 > 89619 > 26053 > 93708 > 61554
89004,reaches_CEO,5,89004 > 81490 > 65174 > 154041 > 11277 > 61554
35031,reaches_CEO,5,35031 > 158888 > 176804 > 139032 > 11277 > 61554
128474,reaches_CEO,5,128474 > 124014 > 79285 > 34280 > 11277 > 61554
115552,reaches_CEO,5,115552 > 191083 > 37154 > 138045 > 110464 > 61554
107216,reaches_CEO,5,107216 > 101484 > 91654 > 109804 > 51535 > 61554
85353,reaches_CEO,5,85353 > 84230 > 5692 > 149778 > 110464 > 61554
173223,reaches_CEO,5,173223 > 164547 > 32510 > 197876 > 11277 > 61554
169615,reaches_CEO,5,169615 > 112750 > 39726 > 69728 > 51535 > 61554
182556,reaches_CEO,4,182556 > 107049 > 34280 > 11277 > 61554
148292,reaches_CEO,5,148292 > 94447 > 39785 > 177860 > 93708 > 61554
20898,reaches_CEO,5,20898 > 168905 > 193330 > 162476 > 51535 > 61554
141665,reaches_CEO,5,141665 > 4259 > 193330 > 162476 > 51535 > 61554
62105,reaches_CEO,5,62105 > 98419 > 69550 > 74062 > 110464 > 61554
60434,reaches_CEO,5,60434 > 189627 > 130489 > 36075 > 11277 > 61554
85061,reaches_CEO,5,85061 > 132360 > 120639 > 142146 > 11277 > 61554
130794,reaches_CEO,5,130794 > 184236 > 59566 > 125855 > 93708 > 61554
177857,reaches_CEO,5,177857 > 4384 > 138823 > 124994 > 93708 > 61554
134455,reaches_CEO,5,134455 > 143473 > 59566 > 125855 > 93708 > 61554
162967,reaches_CEO,5,162967 > 67522 > 141808 > 34051 > 11277 > 61554
115740,reaches_CEO,5,115740 > 6536 > 162889 > 109308 > 110464 > 61554
138719,reaches_CEO,5,138719 > 43602 > 18295 > 176367 > 51535 > 61554
19703,reaches_CEO,5,19703 > 132026 > 167223 > 40920 > 110464 > 61554
27127,reaches_CEO,5,27127 > 92585 > 114137 > 107658 > 110464 > 61554
106374,reaches_CEO,5,106374 > 74264 > 82419 > 74062 > 110464 > 61554
187512,reaches_CEO,5,187512 > 198403 > 78493 > 197876 > 11277 > 61554
14886,reaches_CEO,5,14886 > 172250 > 115907 > 97647 > 110464 > 61554
181537,reaches_CEO,5,181537 > 140542 > 2308 > 84011 > 11277 > 61554
79938,reaches_CEO,5,79938 > 742 > 192056 > 71889 > 93708 > 61554
192806,reaches_CEO,5,192806 > 48120 > 140317 > 107152 > 51535 > 61554
139122,reaches_CEO,5,139122 > 62081 > 3917 > 139032 > 11277 > 61554
29337,reaches_CEO,5,29337 > 15277 > 132307 > 185673 > 51535 > 61554
174632,reaches_CEO,5,174632 > 59705 > 181201 > 139032 > 11277 > 61554
193281,reaches_CEO,5,193281 > 143050 > 155485 > 40920 > 110464 > 61554
131612,reaches_CEO,5,131612 > 73489 > 198366 > 142146 > 11277 > 61554
147973,reaches_CEO,5,147973 > 84193 > 115539 > 71499 > 110464 > 61554
97293,reaches_CEO,5,97293 > 73254 > 192056 > 71889 > 93708 > 61554
174134,reaches_CEO,5,174134 > 159098 > 5342 > 133795 > 51535 > 61554
121419,reaches_CEO,4,121419 > 3802 > 133795 > 51535 > 61554
148260,reaches_CEO,4,148260 > 89053 > 97647 > 110464 > 61554
97859,reaches_CEO,5,97859 > 48120 > 140317 > 107152 > 51535 > 61554
87330,reaches_CEO,4,87330 > 91654 > 109804 > 51535 > 61554
97583,reaches_CEO,5,97583 > 198814 > 181566 > 97647 > 110464 > 61554
39948,reaches_CEO,5,39948 > 182116 > 3235 > 84011 > 11277 > 61554
53826,reaches_CEO,4,53826 > 185138 > 152500 > 93708 > 61554
31813,reaches_CEO,5,31813 > 169849 > 192056 > 71889 > 93708 > 61554
25891,reaches_CEO,5,25891 > 64750 > 183869 > 185673 > 51535 > 61554
43627,reaches_CEO,5,43627 > 182028 > 184512 > 109804 > 51535 > 61554
42880,reaches_CEO,5,42880 > 1651 > 146629 > 190801 > 51535 > 61554
119009,reaches_CEO,5,119009 > 198531 > 49727 > 84011 > 11277 > 61554
84604,reaches_CEO,5,84604 > 83032 > 87344 > 138045 > 110464 > 61554
66140,reaches_CEO,5,66140 > 193818 > 136905 > 71889 > 93708 > 61554
135804,reaches_CEO,4,135804 > 95935 > 71889 > 93708 > 61554
98874,reaches_CEO,5,98874 > 180006 > 24681 > 124994 > 93708 > 61554
176788,reaches_CEO,5,176788 > 15277 > 132307 > 185673 > 51535 > 61554
131950,reaches_CEO,3,131950 > 96752 > 11277 > 61554
146559,reaches_CEO,5,146559 > 129287 > 99397 > 71889 > 93708 > 61554
155144,reaches_CEO,5,155144 > 126368 > 183175 > 197876 > 11277 > 61554
86835,reaches_CEO,5,86835 > 141079 > 119481 > 79693 > 51535 > 61554
130051,reaches_CEO,5,130051 > 150189 > 138823 > 124994 > 93708 > 61554
11128,reaches_CEO,5,11128 > 160289 > 79285 > 34280 > 11277 > 61554
152155,reaches_CEO,5,152155 > 187053 > 194121 > 176367 > 51535 > 61554
79807,reaches_CEO,4,79807 > 92567 > 162476 > 51535 > 61554
129538,reaches_CEO,5,129538 > 67151 > 49002 > 109804 > 51535 > 61554
99828,reaches_CEO,5,99828 > 98967 > 115539 > 71499 > 110464 > 61554
95006,reaches_CEO,5,95006 > 182028 > 184512 > 109804 > 51535 > 61554
183056,reaches_CEO,5,183056 > 73893 > 134865 > 197876 > 11277 > 61554
32977,reaches_CEO,5,32977 > 27781 > 121233 > 176424 > 110464 > 61554
150096,reaches_CEO,5,150096 > 168797 > 6027 > 74062 > 110464 > 61554
157446,reaches_CEO,5,157446 > 129626 > 118233 > 149778 > 110464 > 61554
113834,reaches_CEO,5,113834 > 115591 > 66119 > 34051 > 11277 > 61554
45301,reaches_CEO,5,45301 > 11275 > 87344 > 138045 > 110464 > 61554
20077,reaches_CEO,5,20077 > 15768 > 77857 > 152500 > 93708 > 61554
24776,reaches_CEO,5,24776 > 129410 > 3917 > 139032 > 11277 > 61554
186928,reaches_CEO,5,186928 > 109102 > 65451 > 139032 > 11277 > 61554
139999,reaches_CEO,5,139999 > 26183 > 145667 > 142146 > 11277 > 61554
39494,reaches_CEO,5,39494 > 124186 > 103443 > 97647 > 110464 > 61554
104746,reaches_CEO,5,104746 > 69345 > 163049 > 56068 > 11277 > 61554
79920,reaches_CEO,5,79920 > 41175 > 61403 > 69728 > 51535 > 61554
23120,reaches_CEO,4,23120 > 155485 > 40920 > 110464 > 61554
18953,reaches_CEO,5,18953 > 43602 > 18295 > 176367 > 51535 > 61554
53374,reaches_CEO,4,53374 > 157492 > 34280 > 11277 > 61554
141484,reaches_CEO,5,141484 > 7095 > 171266 > 71889 > 93708 > 61554
3430,reaches_CEO,5,3430 > 172541 > 138823 > 124994 > 93708 > 61554
93818,reaches_CEO,5,93818 > 43858 > 171351 > 79693 > 51535 > 61554
90400,reaches_CEO,5,90400 > 62081 > 3917 > 139032 > 11277 > 61554
197035,reaches_CEO,5,197035 > 127769 > 47553 > 69728 > 51535 > 61554
161198,reaches_CEO,5,161198 > 17291 > 92713 > 96752 > 11277 > 61554
53442,reaches_CEO,5,53442 > 95609 > 119833 > 84011 > 11277 > 61554
68998,reaches_CEO,4,68998 > 70434 > 149778 > 110464 > 61554
10019,reaches_CEO,5,10019 > 195795 > 59535 > 154041 > 11277 > 61554
30131,reaches_CEO,5,30131 > 43937 > 95935 > 71889 > 93708 > 61554
34510,reaches_CEO,5,34510 > 32572 > 125912 > 107658 > 110464 > 61554
142244,reaches_CEO,5,142244 > 183283 > 20378 > 124994 > 93708 > 61554
150515,reaches_CEO,5,150515 > 132192 > 89619 > 26053 > 93708 > 61554
38603,reaches_CEO,5,38603 > 144219 > 146629 > 190801 > 51535 > 61554
98556,reaches_CEO,5,98556 > 61517 > 110260 > 125855 > 93708 > 61554
121848,reaches_CEO,5,121848 > 123258 > 69550 > 74062 > 110464 > 61554
28546,reaches_CEO,5,28546 > 102632 > 167223 > 40920 > 110464 > 61554
3260,reaches_CEO,4,3260 > 33814 > 190801 > 51535 > 61554
18137,reaches_CEO,5,18137 > 154292 > 72243 > 162476 > 51535 > 61554
27662,reaches_CEO,5,27662 > 87929 > 2308 > 84011 > 11277 > 61554
159014,reaches_CEO,5,159014 > 113124 > 65451 > 139032 > 11277 > 61554
43381,reaches_CEO,5,43381 > 1050 > 71595 > 55537 > 51535 > 61554
14484,reaches_CEO,5,14484 > 55972 > 59566 > 125855 > 93708 > 61554
142367,reaches_CEO,4,142367 > 181201 > 139032 > 11277 > 61554
162583,reaches_CEO,5,162583 > 189148 > 20378 > 124994 > 93708 > 61554
54637,reaches_CEO,5,54637 > 140061 > 181201 > 139032 > 11277 > 61554
67665,reaches_CEO,5,67665 > 197896 > 110260 > 125855 > 93708 > 61554
83409,reaches_CEO,5,83409 > 64750 > 183869 > 185673 > 51535 > 61554
62363,reaches_CEO,5,62363 > 147103 > 152076 > 69728 > 51535 > 61554
18905,reaches_CEO,5,18905 > 158777 > 71532 > 109308 > 110464 > 61554
9245,reaches_CEO,5,9245 > 59705 > 181201 > 139032 > 11277 > 61554
191276,reaches_CEO,5,191276 > 197206 > 91869 > 40920 > 110464 > 61554
17119,reaches_CEO,5,17119 > 165853 > 18295 > 176367 > 51535 > 61554
109928,reaches_CEO,5,109928 > 179149 > 21604 > 26053 > 93708 > 61554
79034,reaches_CEO,5,79034 > 10786 > 165426 > 124994 > 93708 > 61554
179149,reaches_CEO,4,179149 > 21604 > 26053 > 93708 > 61554
141419,reaches_CEO,5,141419 > 147016 > 32248 > 34280 > 11277 > 61554
184921,reaches_CEO,5,184921 > 191454 > 191391 > 138045 > 110464 > 61554
142391,reaches_CEO,5,142391 > 53677 > 41533 > 177860 > 93708 > 61554
42494,reaches_CEO,5,42494 > 81644 > 146629 > 190801 > 51535 > 61554
34710,reaches_CEO,5,34710 > 61988 > 49002 > 109804 > 51535 > 61554
179059,reaches_CEO,5,179059 > 4394 > 118233 > 149778 > 110464 > 61554
83700,reaches_CEO,5,83700 > 143317 > 94362 > 34051 > 11277 > 61554
4630,reaches_CEO,5,4630 > 124186 > 103443 > 97647 > 110464 > 61554
146111,reaches_CEO,4,146111 > 21604 > 26053 > 93708 > 61554
67320,reaches_CEO,5,67320 > 102815 > 79285 > 34280 > 11277 > 61554
156652,reaches_CEO,5,156652 > 19424 > 47553 > 69728 > 51535 > 61554
146500,reaches_CEO,5,146500 > 165442 > 134865 > 197876 > 11277 > 61554
93431,reaches_CEO,5,93431 > 176415 > 39726 > 69728 > 51535 > 61554
60066,reaches_CEO,5,60066 > 141317 > 24691 > 56068 > 11277 > 61554
97130,reaches_CEO,5,97130 > 101819 > 87379 > 176367 > 51535 > 61554
160566,reaches_CEO,5,160566 > 71757 > 91869 > 40920 > 110464 > 61554
171180,reaches_CEO,5,171180 > 109102 > 65451 > 139032 > 11277 > 61554
126933,reaches_CEO,5,126933 > 8711 > 24489 > 176424 > 110464 > 61554
65522,reaches_CEO,3,65522 > 34051 > 11277 > 61554
73466,reaches_CEO,5,73466 > 10922 > 198366 > 142146 > 11277 > 61554
178363,reaches_CEO,5,178363 > 122145 > 72243 > 162476 > 51535 > 61554
39678,reaches_CEO,5,39678 > 153412 > 139507 > 97647 > 110464 > 61554
169653,reaches_CEO,5,169653 > 126257 > 98225 > 162476 > 51535 > 61554
61028,reaches_CEO,5,61028 > 79807 > 92567 > 162476 > 51535 > 61554
154546,reaches_CEO,5,154546 > 68998 > 70434 > 149778 > 110464 > 61554
68568,reaches_CEO,5,68568 > 83032 > 87344 > 138045 > 110464 > 61554
14054,reaches_CEO,5,14054 > 50761 > 114137 > 107658 > 110464 > 61554
89002,reaches_CEO,3,89002 > 34280 > 11277 > 61554
119617,reaches_CEO,5,119617 > 92845 > 92567 > 162476 > 51535 > 61554
171111,reaches_CEO,5,171111 > 30468 > 39726 > 69728 > 51535 > 61554
139507,reaches_CEO,3,139507 > 97647 > 110464 > 61554
127433,reaches_CEO,5,127433 > 142630 > 171266 > 71889 > 93708 > 61554
43870,reaches_CEO,5,43870 > 79193 > 91117 > 34051 > 11277 > 61554
147111,reaches_CEO,5,147111 > 182777 > 124893 > 149778 > 110464 > 61554
154782,reaches_CEO,5,154782 > 25805 > 8665 > 34051 > 11277 > 61554
147269,reaches_CEO,5,147269 > 32405 > 24681 > 124994 > 93708 > 61554
124014,reaches_CEO,4,124014 > 79285 > 34280 > 11277 > 61554
142850,reaches_CEO,4,142850 > 78493 > 197876 > 11277 > 61554
152405,reaches_CEO,5,152405 > 189038 > 87379 > 176367 > 51535 > 61554
36528,reaches_CEO,5,36528 > 132026 > 167223 > 40920 > 110464 > 61554
112005,reaches_CEO,5,112005 > 116774 > 71595 > 55537 > 51535 > 61554
48724,reaches_CEO,5,48724 > 8182 > 181310 > 139032 > 11277 > 61554
11080,reaches_CEO,5,11080 > 124014 > 79285 > 34280 > 11277 > 61554
184236,reaches_CEO,4,184236 > 59566 > 125855 > 93708 > 61554
128692,reaches_CEO,5,128692 > 191485 > 89002 > 34280 > 11277 > 61554
51522,reaches_CEO,5,51522 > 88936 > 3235 > 84011 > 11277 > 61554
46049,reaches_CEO,5,46049 > 73846 > 171907 > 142146 > 11277 > 61554
74430,reaches_CEO,5,74430 > 160261 > 23830 > 74062 > 110464 > 61554
131779,reaches_CEO,5,131779 > 167877 > 119833 > 84011 > 11277 > 61554
136042,reaches_CEO,5,136042 > 4421 > 32510 > 197876 > 11277 > 61554
3164,reaches_CEO,5,3164 > 164501 > 138823 > 124994 > 93708 > 61554
61450,reaches_CEO,5,61450 > 95841 > 183869 > 185673 > 51535 > 61554
53559,reaches_CEO,5,53559 > 68821 > 183869 > 185673 > 51535 > 61554
48742,reaches_CEO,4,48742 > 28697 > 79693 > 51535 > 61554
156627,reaches_CEO,5,156627 > 89523 > 66119 > 34051 > 11277 > 61554
81594,reaches_CEO,5,81594 > 182028 > 184512 > 109804 > 51535 > 61554
31916,reaches_CEO,5,31916 > 132309 > 163049 > 56068 > 11277 > 61554
53510,reaches_CEO,5,53510 > 177166 > 192589 > 55537 > 51535 > 61554
137694,reaches_CEO,5,137694 > 61517 > 110260 > 125855 > 93708 > 61554
59939,reaches_CEO,4,59939 > 91869 > 40920 > 110464 > 61554
142247,reaches_CEO,5,142247 > 65856 > 120639 > 142146 > 11277 > 61554
82466,reaches_CEO,5,82466 > 172889 > 49727 > 84011 > 11277 > 61554
84032,reaches_CEO,5,84032 > 90834 > 157492 > 34280 > 11277 > 61554
21470,reaches_CEO,4,21470 > 143437 > 71499 > 110464 > 61554
141088,reaches_CEO,5,141088 > 21377 > 65174 > 154041 > 11277 > 61554
46107,reaches_CEO,5,46107 > 73846 > 171907 > 142146 > 11277 > 61554
165568,reaches_CEO,5,165568 > 179149 > 21604 > 26053 > 93708 > 61554
77846,reaches_CEO,5,77846 > 57316 > 157492 > 34280 > 11277 > 61554
152919,reaches_CEO,5,152919 > 154292 > 72243 > 162476 > 51535 > 61554
171668,reaches_CEO,5,171668 > 147016 > 32248 > 34280 > 11277 > 61554
139756,reaches_CEO,5,139756 > 79934 > 193330 > 162476 > 51535 > 61554
34852,reaches_CEO,5,34852 > 32159 > 176804 > 139032 > 11277 > 61554
54902,reaches_CEO,5,54902 > 64452 > 3235 > 84011 > 11277 > 61554
132683,reaches_CEO,4,132683 > 146629 > 190801 > 51535 > 61554
42772,reaches_CEO,5,42772 > 153412 > 139507 > 97647 > 110464 > 61554
149950,reaches_CEO,5,149950 > 26183 > 145667 > 142146 > 11277 > 61554
13175,reaches_CEO,5,13175 > 137776 > 40132 > 190801 > 51535 > 61554
53812,reaches_CEO,5,53812 > 46178 > 42270 > 79693 > 51535 > 61554
25464,reaches_CEO,5,25464 > 175361 > 100942 > 36075 > 11277 > 61554
82060,reaches_CEO,5,82060 > 54808 > 163049 > 56068 > 11277 > 61554
149658,reaches_CEO,5,149658 > 168742 > 59535 > 154041 > 11277 > 61554
3732,reaches_CEO,5,3732 > 169833 > 59566 > 125855 > 93708 > 61554
65027,reaches_CEO,5,65027 > 74818 > 181310 > 139032 > 11277 > 61554
152356,reaches_CEO,5,152356 > 112643 > 119833 > 84011 > 11277 > 61554
60219,reaches_CEO,5,60219 > 162035 > 134865 > 197876 > 11277 > 61554
17285,reaches_CEO,5,17285 > 193518 > 78493 > 197876 > 11277 > 61554
154517,reaches_CEO,5,154517 > 8198 > 98225 > 162476 > 51535 > 61554
198342,reaches_CEO,5,198342 > 44056 > 16178 > 71889 > 93708 > 61554
84193,reaches_CEO,4,84193 > 115539 > 71499 > 110464 > 61554
172196,reaches_CEO,5,172196 > 96060 > 7531 > 152500 > 93708 > 61554
178622,reaches_CEO,5,178622 > 115765 > 192056 > 71889 > 93708 > 61554
136040,reaches_CEO,5,136040 > 93223 > 92567 > 162476 > 51535 > 61554
95849,reaches_CEO,5,95849 > 193452 > 47755 > 154041 > 11277 > 61554
150204,reaches_CEO,5,150204 > 116180 > 113589 > 190801 > 51535 > 61554
193759,reaches_CEO,5,193759 > 154375 > 24015 > 125855 > 93708 > 61554
116766,reaches_CEO,5,116766 > 14226 > 21604 > 26053 > 93708 > 61554
5104,reaches_CEO,5,5104 > 119231 > 165426 > 124994 > 93708 > 61554
160580,reaches_CEO,5,160580 > 189890 > 171351 > 79693 > 51535 > 61554
127834,reaches_CEO,5,127834 > 80043 > 99397 > 71889 > 93708 > 61554
61191,reaches_CEO,5,61191 > 68821 > 183869 > 185673 > 51535 > 61554
182184,reaches_CEO,5,182184 > 113124 > 65451 > 139032 > 11277 > 61554
15460,reaches_CEO,5,15460 > 97878 > 94362 > 34051 > 11277 > 61554
113606,reaches_CEO,5,113606 > 24287 > 192056 > 71889 > 93708 > 61554
122286,reaches_CEO,5,122286 > 175434 > 157492 > 34280 > 11277 > 61554
55465,reaches_CEO,5,55465 > 110508 > 183869 > 185673 > 51535 > 61554
101777,reaches_CEO,5,101777 > 31063 > 99397 > 71889 > 93708 > 61554
20451,reaches_CEO,5,20451 > 77844 > 3917 > 139032 > 11277 > 61554
5111,reaches_CEO,5,5111 > 64087 > 45969 > 26053 > 93708 > 61554
120833,reaches_CEO,5,120833 > 172717 > 41533 > 177860 > 93708 > 61554
65366,reaches_CEO,5,65366 > 8198 > 98225 > 162476 > 51535 > 61554
60226,reaches_CEO,5,60226 > 46178 > 42270 > 79693 > 51535 > 61554
152811,reaches_CEO,5,152811 > 14299 > 194121 > 176367 > 51535 > 61554
181177,reaches_CEO,5,181177 > 174122 > 152076 > 69728 > 51535 > 61554
70036,reaches_CEO,5,70036 > 175361 > 100942 > 36075 > 11277 > 61554
53071,reaches_CEO,5,53071 > 48352 > 161284 > 109804 > 51535 > 61554
127045,reaches_CEO,5,127045 > 193763 > 194121 > 176367 > 51535 > 61554
999,reaches_CEO,5,999 > 44056 > 16178 > 71889 > 93708 > 61554
65830,reaches_CEO,5,65830 > 11507 > 20378 > 124994 > 93708 > 61554
138490,reaches_CEO,5,138490 > 15277 > 132307 > 185673 > 51535 > 61554
127825,reaches_CEO,5,127825 > 189742 > 116660 > 26053 > 93708 > 61554
87891,reaches_CEO,5,87891 > 11275 > 87344 > 138045 > 110464 > 61554
19290,reaches_CEO,5,19290 > 141317 > 24691 > 56068 > 11277 > 61554
180273,reaches_CEO,5,180273 > 60609 > 94454 > 84011 > 11277 > 61554
469,reaches_CEO,5,469 > 21470 > 143437 > 71499 > 110464 > 61554
33686,reaches_CEO,5,33686 > 181219 > 196484 > 176424 > 110464 > 61554
41891,reaches_CEO,5,41891 > 164326 > 193088 > 96752 > 11277 > 61554
171947,reaches_CEO,5,171947 > 252 > 41533 > 177860 > 93708 > 61554
127769,reaches_CEO,4,127769 > 47553 > 69728 > 51535 > 61554
22716,reaches_CEO,5,22716 > 134536 > 5342 > 133795 > 51535 > 61554
80855,reaches_CEO,5,80855 > 108164 > 32510 > 197876 > 11277 > 61554
105240,reaches_CEO,5,105240 > 32572 > 125912 > 107658 > 110464 > 61554
76863,reaches_CEO,5,76863 > 158609 > 193088 > 96752 > 11277 > 61554
152764,reaches_CEO,5,152764 > 102727 > 114137 > 107658 > 110464 > 61554
128976,reaches_CEO,5,128976 > 39460 > 192056 > 71889 > 93708 > 61554
70499,reaches_CEO,5,70499 > 112750 > 39726 > 69728 > 51535 > 61554
85485,reaches_CEO,5,85485 > 124014 > 79285 > 34280 > 11277 > 61554
124365,reaches_CEO,5,124365 > 77613 > 66090 > 34280 > 11277 > 61554
120632,reaches_CEO,5,120632 > 73663 > 87344 > 138045 > 110464 > 61554
37951,reaches_CEO,5,37951 > 107493 > 132307 > 185673 > 51535 > 61554
10971,reaches_CEO,5,10971 > 98419 > 69550 > 74062 > 110464 > 61554
56244,reaches_CEO,5,56244 > 167188 > 89619 > 26053 > 93708 > 61554
182317,reaches_CEO,5,182317 > 129626 > 118233 > 149778 > 110464 > 61554
16241,reaches_CEO,5,16241 > 87733 > 198366 > 142146 > 11277 > 61554
148865,reaches_CEO,4,148865 > 24691 > 56068 > 11277 > 61554
159427,reaches_CEO,5,159427 > 92845 > 92567 > 162476 > 51535 > 61554
198182,reaches_CEO,5,198182 > 183824 > 113589 > 190801 > 51535 > 61554
198763,reaches_CEO,5,198763 > 55431 > 100942 > 36075 > 11277 > 61554
151082,reaches_CEO,5,151082 > 11507 > 20378 > 124994 > 93708 > 61554
96569,reaches_CEO,5,96569 > 180924 > 158490 > 74062 > 110464 > 61554
11121,reaches_CEO,5,11121 > 114572 > 5692 > 149778 > 110464 > 61554
193097,reaches_CEO,5,193097 > 4110 > 94454 > 84011 > 11277 > 61554
53438,reaches_CEO,5,53438 > 74264 > 82419 > 74062 > 110464 > 61554
184296,reaches_CEO,5,184296 > 111363 > 89002 > 34280 > 11277 > 61554
184160,reaches_CEO,5,184160 > 51738 > 183869 > 185673 > 51535 > 61554
198893,reaches_CEO,3,198893 > 124994 > 93708 > 61554
120037,reaches_CEO,5,120037 > 38308 > 37154 > 138045 > 110464 > 61554
96051,reaches_CEO,5,96051 > 52319 > 154897 > 34280 > 11277 > 61554
34493,reaches_CEO,5,34493 > 196660 > 94454 > 84011 > 11277 > 61554
166866,reaches_CEO,5,166866 > 87330 > 91654 > 109804 > 51535 > 61554
86568,reaches_CEO,5,86568 > 91979 > 116660 > 26053 > 93708 > 61554
19152,reaches_CEO,5,19152 > 79934 > 193330 > 162476 > 51535 > 61554
133549,reaches_CEO,5,133549 > 71987 > 24015 > 125855 > 93708 > 61554
19812,reaches_CEO,5,19812 > 132360 > 120639 > 142146 > 11277 > 61554
41916,reaches_CEO,5,41916 > 84230 > 5692 > 149778 > 110464 > 61554
196146,reaches_CEO,5,196146 > 102684 > 92713 > 96752 > 11277 > 61554
145480,reaches_CEO,5,145480 > 59705 > 181201 > 139032 > 11277 > 61554
74505,reaches_CEO,5,74505 > 74170 > 191418 > 36075 > 11277 > 61554
175172,reaches_CEO,5,175172 > 52923 > 134865 > 197876 > 11277 > 61554
93668,reaches_CEO,5,93668 > 198403 > 78493 > 197876 > 11277 > 61554
113731,reaches_CEO,5,113731 > 11507 > 20378 > 124994 > 93708 > 61554
120302,reaches_CEO,5,120302 > 149245 > 91869 > 40920 > 110464 > 61554
187618,reaches_CEO,5,187618 > 111974 > 192589 > 55537 > 51535 > 61554
130504,reaches_CEO,5,130504 > 167921 > 147555 > 107152 > 51535 > 61554
159843,reaches_CEO,5,159843 > 85426 > 24015 > 125855 > 93708 > 61554
93459,reaches_CEO,5,93459 > 100373 > 192056 > 71889 > 93708 > 61554
101149,reaches_CEO,5,101149 > 116750 > 145161 > 69728 > 51535 > 61554
171970,reaches_CEO,5,171970 > 108164 > 32510 > 197876 > 11277 > 61554
164897,reaches_CEO,5,164897 > 71130 > 8207 > 185673 > 51535 > 61554
156720,reaches_CEO,5,156720 > 88370 > 110260 > 125855 > 93708 > 61554
182119,reaches_CEO,5,182119 > 164547 > 32510 > 197876 > 11277 > 61554
87077,reaches_CEO,5,87077 > 107694 > 50665 > 71889 > 93708 > 61554
123611,reaches_CEO,5,123611 > 122145 > 72243 > 162476 > 51535 > 61554
113215,reaches_CEO,5,113215 > 129410 > 3917 > 139032 > 11277 > 61554
198880,reaches_CEO,5,198880 > 175593 > 167941 > 34051 > 11277 > 61554
149807,reaches_CEO,5,149807 > 81644 > 146629 > 190801 > 51535 > 61554
109695,reaches_CEO,5,109695 > 175365 > 166741 > 97647 > 110464 > 61554
46706,reaches_CEO,5,46706 > 180854 > 65451 > 139032 > 11277 > 61554
31694,reaches_CEO,5,31694 > 186086 > 184512 > 109804 > 51535 > 61554
126330,reaches_CEO,4,126330 > 119481 > 79693 > 51535 > 61554
178320,reaches_CEO,5,178320 > 185285 > 198893 > 124994 > 93708 > 61554
137925,reaches_CEO,5,137925 > 30468 > 39726 > 69728 > 51535 > 61554
119898,reaches_CEO,5,119898 > 4421 > 32510 > 197876 > 11277 > 61554
56960,reaches_CEO,5,56960 > 8856 > 134556 > 138045 > 110464 > 61554
30749,reaches_CEO,4,30749 > 28697 > 79693 > 51535 > 61554
131043,reaches_CEO,5,131043 > 27393 > 198366 > 142146 > 11277 > 61554
60856,reaches_CEO,5,60856 > 8711 > 24489 > 176424 > 110464 > 61554
15457,reaches_CEO,5,15457 > 73649 > 167941 > 34051 > 11277 > 61554
101075,reaches_CEO,5,101075 > 88936 > 3235 > 84011 > 11277 > 61554
20012,reaches_CEO,5,20012 > 159996 > 94362 > 34051 > 11277 > 61554
186465,reaches_CEO,5,186465 > 61443 > 116660 > 26053 > 93708 > 61554
151099,reaches_CEO,5,151099 > 34977 > 94362 > 34051 > 11277 > 61554
181266,reaches_CEO,5,181266 > 169833 > 59566 > 125855 > 93708 > 61554
176907,reaches_CEO,5,176907 > 113245 > 198366 > 142146 > 11277 > 61554
131,reaches_CEO,5,131 > 133420 > 120639 > 142146 > 11277 > 61554
145268,reaches_CEO,5,145268 > 129778 > 59566 > 125855 > 93708 > 61554
133388,reaches_CEO,5,133388 > 67151 > 49002 > 109804 > 51535 > 61554
195165,reaches_CEO,4,195165 > 113589 > 190801 > 51535 > 61554
185854,reaches_CEO,5,185854 > 142367 > 181201 > 139032 > 11277 > 61554
27980,reaches_CEO,5,27980 > 102727 > 114137 > 107658 > 110464 > 61554
66847,reaches_CEO,5,66847 > 192145 > 145667 > 142146 > 11277 > 61554
65541,reaches_CEO,5,65541 > 139278 > 171266 > 71889 > 93708 > 61554
67690,reaches_CEO,5,67690 > 167877 > 119833 > 84011 > 11277 > 61554
188846,reaches_CEO,5,188846 > 129626 > 118233 > 149778 > 110464 > 61554
74062,reaches_CEO,2,74062 > 110464 > 61554
61918,reaches_CEO,5,61918 > 193518 > 78493 > 197876 > 11277 > 61554
56391,reaches_CEO,5,56391 > 123502 > 39785 > 177860 > 93708 > 61554
87344,reaches_CEO,3,87344 > 138045 > 110464 > 61554
174518,reaches_CEO,5,174518 > 79934 > 193330 > 162476 > 51535 > 61554
40324,reaches_CEO,5,40324 > 95169 > 176804 > 139032 > 11277 > 61554
25090,reaches_CEO,5,25090 > 194904 > 21604 > 26053 > 93708 > 61554
54341,reaches_CEO,5,54341 > 160169 > 172989 > 34051 > 11277 > 61554
22574,reaches_CEO,5,22574 > 143473 > 59566 > 125855 > 93708 > 61554
50764,reaches_CEO,5,50764 > 107547 > 83356 > 84011 > 11277 > 61554
175558,reaches_CEO,4,175558 > 72243 > 162476 > 51535 > 61554
49203,reaches_CEO,5,49203 > 754 > 25036 > 152500 > 93708 > 61554
17042,reaches_CEO,5,17042 > 77766 > 6027 > 74062 > 110464 > 61554
34713,reaches_CEO,5,34713 > 116289 > 189937 > 55537 > 51535 > 61554
22595,reaches_CEO,5,22595 > 144401 > 94362 > 34051 > 11277 > 61554
179335,reaches_CEO,5,179335 > 78997 > 117030 > 109804 > 51535 > 61554
23778,reaches_CEO,5,23778 > 198814 > 181566 > 97647 > 110464 > 61554
71222,reaches_CEO,5,71222 > 87613 > 140317 > 107152 > 51535 > 61554
155671,reaches_CEO,5,155671 > 181772 > 54963 > 142146 > 11277 > 61554
66874,reaches_CEO,5,66874 > 78215 > 181201 > 139032 > 11277 > 61554
45741,reaches_CEO,5,45741 > 8812 > 171266 > 71889 > 93708 > 61554
35799,reaches_CEO,5,35799 > 79193 > 91117 > 34051 > 11277 > 61554
166259,reaches_CEO,5,166259 > 55883 > 49002 > 109804 > 51535 > 61554
76256,reaches_CEO,5,76256 > 89837 > 37154 > 138045 > 110464 > 61554
10913,reaches_CEO,5,10913 > 156010 > 28697 > 79693 > 51535 > 61554
121347,reaches_CEO,5,121347 > 29712 > 47553 > 69728 > 51535 > 61554
31945,reaches_CEO,5,31945 > 24287 > 192056 > 71889 > 93708 > 61554
157325,reaches_CEO,5,157325 > 39417 > 140317 > 107152 > 51535 > 61554
6444,reaches_CEO,5,6444 > 130342 > 20378 > 124994 > 93708 > 61554
161037,reaches_CEO,5,161037 > 174009 > 39785 > 177860 > 93708 > 61554
69345,reaches_CEO,4,69345 > 163049 > 56068 > 11277 > 61554
183665,reaches_CEO,5,183665 > 155570 > 71532 > 109308 > 110464 > 61554
16785,reaches_CEO,4,16785 > 33814 > 190801 > 51535 > 61554
194487,reaches_CEO,5,194487 > 7095 > 171266 > 71889 > 93708 > 61554
55102,reaches_CEO,5,55102 > 28979 > 198366 > 142146 > 11277 > 61554
181430,reaches_CEO,5,181430 > 127623 > 72243 > 162476 > 51535 > 61554
37978,reaches_CEO,5,37978 > 4440 > 155485 > 40920 > 110464 > 61554
32653,reaches_CEO,5,32653 > 186283 > 132307 > 185673 > 51535 > 61554
99860,reaches_CEO,5,99860 > 125755 > 158490 > 74062 > 110464 > 61554
10289,reaches_CEO,5,10289 > 140061 > 181201 > 139032 > 11277 > 61554
127693,reaches_CEO,5,127693 > 159838 > 167223 > 40920 > 110464 > 61554
131967,reaches_CEO,5,131967 > 129000 > 6027 > 74062 > 110464 > 61554
3605,reaches_CEO,5,3605 > 59939 > 91869 > 40920 > 110464 > 61554
29255,reaches_CEO,5,29255 > 62990 > 129381 > 142146 > 11277 > 61554
71255,reaches_CEO,5,71255 > 102498 > 192056 > 71889 > 93708 > 61554
25427,reaches_CEO,5,25427 > 126368 > 183175 > 197876 > 11277 > 61554
22938,reaches_CEO,5,22938 > 124186 > 103443 > 97647 > 110464 > 61554
87378,reaches_CEO,5,87378 > 190778 > 155485 > 40920 > 110464 > 61554
182728,reaches_CEO,5,182728 > 134728 > 114137 > 107658 > 110464 > 61554
10109,reaches_CEO,5,10109 > 127544 > 65451 > 139032 > 11277 > 61554
77362,reaches_CEO,5,77362 > 59555 > 156036 > 74062 > 110464 > 61554
10828,reaches_CEO,5,10828 > 779 > 196484 > 176424 > 110464 > 61554
88419,reaches_CEO,5,88419 > 126515 > 24681 > 124994 > 93708 > 61554
114794,reaches_CEO,5,114794 > 26468 > 189937 > 55537 > 51535 > 61554
75193,reaches_CEO,5,75193 > 172889 > 49727 > 84011 > 11277 > 61554
144435,reaches_CEO,5,144435 > 79934 > 193330 > 162476 > 51535 > 61554
53872,reaches_CEO,5,53872 > 126257 > 98225 > 162476 > 51535 > 61554
83356,reaches_CEO,3,83356 > 84011 > 11277 > 61554
169869,reaches_CEO,5,169869 > 19806 > 32510 > 197876 > 11277 > 61554
12871,reaches_CEO,5,12871 > 85426 > 24015 > 125855 > 93708 > 61554
99259,reaches_CEO,5,99259 > 145710 > 167482 > 133795 > 51535 > 61554
57095,reaches_CEO,5,57095 > 68998 > 70434 > 149778 > 110464 > 61554
199323,reaches_CEO,5,199323 > 45803 > 83356 > 84011 > 11277 > 61554
98380,reaches_CEO,5,98380 > 159098 > 5342 > 133795 > 51535 > 61554
142963,reaches_CEO,5,142963 > 87707 > 32248 > 34280 > 11277 > 61554
125214,reaches_CEO,5,125214 > 198879 > 83356 > 84011 > 11277 > 61554
147016,reaches_CEO,4,147016 > 32248 > 34280 > 11277 > 61554
198882,reaches_CEO,5,198882 > 147819 > 120639 > 142146 > 11277 > 61554
69988,reaches_CEO,5,69988 > 165668 > 140317 > 107152 > 51535 > 61554
78000,reaches_CEO,5,78000 > 103421 > 5342 > 133795 > 51535 > 61554
65273,reaches_CEO,5,65273 > 183283 > 20378 > 124994 > 93708 > 61554
124742,reaches_CEO,5,124742 > 22090 > 156036 > 74062 > 110464 > 61554
77258,reaches_CEO,5,77258 > 68222 > 24681 > 124994 > 93708 > 61554
53953,reaches_CEO,5,53953 > 132309 > 163049 > 56068 > 11277 > 61554
172200,reaches_CEO,5,172200 > 754 > 25036 > 152500 > 93708 > 61554
145036,reaches_CEO,5,145036 > 75705 > 171266 > 71889 > 93708 > 61554
103448,reaches_CEO,4,103448 > 198366 > 142146 > 11277 > 61554
85532,reaches_CEO,5,85532 > 172321 > 145667 > 142146 > 11277 > 61554
3396,reaches_CEO,5,3396 > 148795 > 49002 > 109804 > 51535 > 61554
128599,reaches_CEO,5,128599 > 61811 > 78493 > 197876 > 11277 > 61554
94364,reaches_CEO,5,94364 > 16073 > 139507 > 97647 > 110464 > 61554
69382,reaches_CEO,5,69382 > 111082 > 8665 > 34051 > 11277 > 61554
164341,reaches_CEO,5,164341 > 199282 > 82419 > 74062 > 110464 > 61554
101530,reaches_CEO,5,101530 > 25805 > 8665 > 34051 > 11277 > 61554
73223,reaches_CEO,5,73223 > 185982 > 171907 > 142146 > 11277 > 61554
188962,reaches_CEO,5,188962 > 34714 > 32248 > 34280 > 11277 > 61554
15847,reaches_CEO,5,15847 > 160618 > 83356 > 84011 > 11277 > 61554
189072,reaches_CEO,5,189072 > 742 > 192056 > 71889 > 93708 > 61554
175690,reaches_CEO,5,175690 > 192369 > 131950 > 96752 > 11277 > 61554
33483,reaches_CEO,5,33483 > 142630 > 171266 > 71889 > 93708 > 61554
145716,reaches_CEO,5,145716 > 158777 > 71532 > 109308 > 110464 > 61554
129600,reaches_CEO,5,129600 > 126368 > 183175 > 197876 > 11277 > 61554
83914,reaches_CEO,5,83914 > 7255 > 167482 > 133795 > 51535 > 61554
123410,reaches_CEO,5,123410 > 111363 > 89002 > 34280 > 11277 > 61554
116919,reaches_CEO,5,116919 > 109102 > 65451 > 139032 > 11277 > 61554
130937,reaches_CEO,5,130937 > 196660 > 94454 > 84011 > 11277 > 61554
188300,reaches_CEO,5,188300 > 105542 > 162889 > 109308 > 110464 > 61554
112097,reaches_CEO,5,112097 > 4384 > 138823 > 124994 > 93708 > 61554
87716,reaches_CEO,5,87716 > 88370 > 110260 > 125855 > 93708 > 61554
25569,reaches_CEO,5,25569 > 170431 > 5692 > 149778 > 110464 > 61554
181476,reaches_CEO,5,181476 > 136468 > 167941 > 34051 > 11277 > 61554
2906,reaches_CEO,5,2906 > 88936 > 3235 > 84011 > 11277 > 61554
132360,reaches_CEO,4,132360 > 120639 > 142146 > 11277 > 61554
159164,reaches_CEO,5,159164 > 5743 > 49727 > 84011 > 11277 > 61554
117671,reaches_CEO,5,117671 > 190065 > 143437 > 71499 > 110464 > 61554
24941,reaches_CEO,5,24941 > 4440 > 155485 > 40920 > 110464 > 61554
161070,reaches_CEO,5,161070 > 90237 > 193088 > 96752 > 11277 > 61554
61499,reaches_CEO,5,61499 > 48877 > 37154 > 138045 > 110464 > 61554
106281,reaches_CEO,5,106281 > 196058 > 5692 > 149778 > 110464 > 61554
70216,reaches_CEO,5,70216 > 147819 > 120639 > 142146 > 11277 > 61554
95413,reaches_CEO,5,95413 > 197832 > 139507 > 97647 > 110464 > 61554
149600,reaches_CEO,5,149600 > 171461 > 138823 > 124994 > 93708 > 61554
147715,reaches_CEO,4,147715 > 24691 > 56068 > 11277 > 61554
67748,reaches_CEO,5,67748 > 144976 > 145667 > 142146 > 11277 > 61554
46282,reaches_CEO,5,46282 > 38308 > 37154 > 138045 > 110464 > 61554
70705,reaches_CEO,5,70705 > 102498 > 192056 > 71889 > 93708 > 61554
159175,reaches_CEO,5,159175 > 116750 > 145161 > 69728 > 51535 > 61554
176900,reaches_CEO,5,176900 > 162196 > 39726 > 69728 > 51535 > 61554
32658,reaches_CEO,5,32658 > 168905 > 193330 > 162476 > 51535 > 61554
130584,reaches_CEO,5,130584 > 60489 > 24489 > 176424 > 110464 > 61554
20901,reaches_CEO,4,20901 > 189937 > 55537 > 51535 > 61554
168653,reaches_CEO,5,168653 > 16073 > 139507 > 97647 > 110464 > 61554
27128,reaches_CEO,5,27128 > 97919 > 110260 > 125855 > 93708 > 61554
48344,reaches_CEO,5,48344 > 1651 > 146629 > 190801 > 51535 > 61554
142155,reaches_CEO,5,142155 > 128511 > 57693 > 69728 > 51535 > 61554
113062,reaches_CEO,5,113062 > 160618 > 83356 > 84011 > 11277 > 61554
103958,reaches_CEO,5,103958 > 191073 > 181201 > 139032 > 11277 > 61554
172351,reaches_CEO,5,172351 > 123502 > 39785 > 177860 > 93708 > 61554
100107,reaches_CEO,5,100107 > 166928 > 189937 > 55537 > 51535 > 61554
117402,reaches_CEO,5,117402 > 136468 > 167941 > 34051 > 11277 > 61554
127549,reaches_CEO,5,127549 > 127275 > 42270 > 79693 > 51535 > 61554
115450,reaches_CEO,5,115450 > 186086 > 184512 > 109804 > 51535 > 61554
123947,reaches_CEO,5,123947 > 61988 > 49002 > 109804 > 51535 > 61554
80764,reaches_CEO,5,80764 > 79807 > 92567 > 162476 > 51535 > 61554
160420,reaches_CEO,5,160420 > 1610 > 145161 > 69728 > 51535 > 61554
110682,reaches_CEO,5,110682 > 84193 > 115539 > 71499 > 110464 > 61554
17907,reaches_CEO,5,17907 > 168742 > 59535 > 154041 > 11277 > 61554
131734,reaches_CEO,5,131734 > 1610 > 145161 > 69728 > 51535 > 61554
68085,reaches_CEO,5,68085 > 158777 > 71532 > 109308 > 110464 > 61554
32510,reaches_CEO,3,32510 > 197876 > 11277 > 61554
163211,reaches_CEO,5,163211 > 94507 > 145161 > 69728 > 51535 > 61554
191073,reaches_CEO,4,191073 > 181201 > 139032 > 11277 > 61554
180700,reaches_CEO,5,180700 > 135848 > 121096 > 40920 > 110464 > 61554
82199,reaches_CEO,5,82199 > 5282 > 32248 > 34280 > 11277 > 61554
40362,reaches_CEO,5,40362 > 35499 > 134865 > 197876 > 11277 > 61554
120633,reaches_CEO,5,120633 > 51121 > 59566 > 125855 > 93708 > 61554
80565,reaches_CEO,5,80565 > 14465 > 116660 > 26053 > 93708 > 61554
135213,reaches_CEO,5,135213 > 62081 > 3917 > 139032 > 11277 > 61554
194665,reaches_CEO,5,194665 > 167188 > 89619 > 26053 > 93708 > 61554
109391,reaches_CEO,5,109391 > 171461 > 138823 > 124994 > 93708 > 61554
184885,reaches_CEO,4,184885 > 77857 > 152500 > 93708 > 61554
73434,reaches_CEO,5,73434 > 60489 > 24489 > 176424 > 110464 > 61554
198054,reaches_CEO,5,198054 > 7255 > 167482 > 133795 > 51535 > 61554
123829,reaches_CEO,5,123829 > 1791 > 99397 > 71889 > 93708 > 61554
99121,reaches_CEO,4,99121 > 146600 > 107658 > 110464 > 61554
41830,reaches_CEO,5,41830 > 73982 > 65522 > 34051 > 11277 > 61554
118960,reaches_CEO,5,118960 > 62990 > 129381 > 142146 > 11277 > 61554
110748,reaches_CEO,5,110748 > 68998 > 70434 > 149778 > 110464 > 61554
156228,reaches_CEO,5,156228 > 55653 > 47755 > 154041 > 11277 > 61554
181886,reaches_CEO,4,181886 > 181201 > 139032 > 11277 > 61554
136517,reaches_CEO,5,136517 > 104759 > 20378 > 124994 > 93708 > 61554
4736,reaches_CEO,5,4736 > 79735 > 147555 > 107152 > 51535 > 61554
198978,reaches_CEO,5,198978 > 79735 > 147555 > 107152 > 51535 > 61554
107480,reaches_CEO,5,107480 > 29749 > 39785 > 177860 > 93708 > 61554
49793,reaches_CEO,5,49793 > 115694 > 152076 > 69728 > 51535 > 61554
26266,reaches_CEO,5,26266 > 1610 > 145161 > 69728 > 51535 > 61554
20568,reaches_CEO,5,20568 > 123000 > 94454 > 84011 > 11277 > 61554
190578,reaches_CEO,5,190578 > 4384 > 138823 > 124994 > 93708 > 61554
63396,reaches_CEO,5,63396 > 102498 > 192056 > 71889 > 93708 > 61554
114216,reaches_CEO,5,114216 > 198624 > 157530 > 71889 > 93708 > 61554
153418,reaches_CEO,5,153418 > 67151 > 49002 > 109804 > 51535 > 61554
119072,reaches_CEO,5,119072 > 154891 > 146629 > 190801 > 51535 > 61554
97563,reaches_CEO,5,97563 > 70819 > 161284 > 109804 > 51535 > 61554
74322,reaches_CEO,5,74322 > 179212 > 162889 > 109308 > 110464 > 61554
40887,reaches_CEO,5,40887 > 194078 > 162889 > 109308 > 110464 > 61554
130431,reaches_CEO,5,130431 > 61811 > 78493 > 197876 > 11277 > 61554
110405,reaches_CEO,5,110405 > 112643 > 119833 > 84011 > 11277 > 61554
21377,reaches_CEO,4,21377 > 65174 > 154041 > 11277 > 61554
39663,reaches_CEO,5,39663 > 95522 > 91869 > 40920 > 110464 > 61554
48913,reaches_CEO,5,48913 > 136147 > 100942 > 36075 > 11277 > 61554
103466,reaches_CEO,5,103466 > 191454 > 191391 > 138045 > 110464 > 61554
99606,reaches_CEO,5,99606 > 14299 > 194121 > 176367 > 51535 > 61554
46033,reaches_CEO,5,46033 > 34977 > 94362 > 34051 > 11277 > 61554
11423,reaches_CEO,5,11423 > 124014 > 79285 > 34280 > 11277 > 61554
53452,reaches_CEO,5,53452 > 111974 > 192589 > 55537 > 51535 > 61554
8193,reaches_CEO,4,8193 > 152076 > 69728 > 51535 > 61554
134787,reaches_CEO,5,134787 > 53012 > 91869 > 40920 > 110464 > 61554
182928,reaches_CEO,5,182928 > 169833 > 59566 > 125855 > 93708 > 61554
161466,reaches_CEO,5,161466 > 174009 > 39785 > 177860 > 93708 > 61554
40059,reaches_CEO,5,40059 > 136313 > 8207 > 185673 > 51535 > 61554
97067,reaches_CEO,5,97067 > 62990 > 129381 > 142146 > 11277 > 61554
74444,reaches_CEO,5,74444 > 115765 > 192056 > 71889 > 93708 > 61554
150107,reaches_CEO,5,150107 > 113618 > 103443 > 97647 > 110464 > 61554
22941,reaches_CEO,5,22941 > 198778 > 167482 > 133795 > 51535 > 61554
132439,reaches_CEO,5,132439 > 110091 > 117030 > 109804 > 51535 > 61554
11275,reaches_CEO,4,11275 > 87344 > 138045 > 110464 > 61554
58064,reaches_CEO,5,58064 > 138772 > 94362 > 34051 > 11277 > 61554
199003,reaches_CEO,5,199003 > 191485 > 89002 > 34280 > 11277 > 61554
5605,reaches_CEO,5,5605 > 128511 > 57693 > 69728 > 51535 > 61554
125556,reaches_CEO,5,125556 > 12214 > 171907 > 142146 > 11277 > 61554
188415,reaches_CEO,5,188415 > 47472 > 7558 > 69728 > 51535 > 61554
94165,reaches_CEO,5,94165 > 110091 > 117030 > 109804 > 51535 > 61554
98402,reaches_CEO,5,98402 > 97422 > 7531 > 152500 > 93708 > 61554
121034,reaches_CEO,5,121034 > 197206 > 91869 > 40920 > 110464 > 61554
147200,reaches_CEO,5,147200 > 66420 > 21604 > 26053 > 93708 > 61554
165978,reaches_CEO,5,165978 > 73489 > 198366 > 142146 > 11277 > 61554
6871,reaches_CEO,5,6871 > 70547 > 168545 > 176424 > 110464 > 61554
82929,reaches_CEO,5,82929 > 41175 > 61403 > 69728 > 51535 > 61554
184361,reaches_CEO,5,184361 > 172947 > 166741 > 97647 > 110464 > 61554
99658,reaches_CEO,5,99658 > 147819 > 120639 > 142146 > 11277 > 61554
56781,reaches_CEO,5,56781 > 148236 > 2308 > 84011 > 11277 > 61554
56157,reaches_CEO,5,56157 > 5743 > 49727 > 84011 > 11277 > 61554
56667,reaches_CEO,5,56667 > 150408 > 61403 > 69728 > 51535 > 61554
129318,reaches_CEO,5,129318 > 132283 > 49002 > 109804 > 51535 > 61554
120381,reaches_CEO,4,120381 > 164851 > 154041 > 11277 > 61554
57757,reaches_CEO,5,57757 > 119964 > 167223 > 40920 > 110464 > 61554
153457,reaches_CEO,5,153457 > 77866 > 181566 > 97647 > 110464 > 61554
139515,reaches_CEO,5,139515 > 45803 > 83356 > 84011 > 11277 > 61554
29065,reaches_CEO,5,29065 > 89523 > 66119 > 34051 > 11277 > 61554
54836,reaches_CEO,5,54836 > 92845 > 92567 > 162476 > 51535 > 61554
61988,reaches_CEO,4,61988 > 49002 > 109804 > 51535 > 61554
97647,reaches_CEO,2,97647 > 110464 > 61554
76565,reaches_CEO,5,76565 > 53390 > 8665 > 34051 > 11277 > 61554
8153,reaches_CEO,5,8153 > 142630 > 171266 > 71889 > 93708 > 61554
79193,reaches_CEO,4,79193 > 91117 > 34051 > 11277 > 61554
76603,reaches_CEO,5,76603 > 134944 > 181201 > 139032 > 11277 > 61554
17837,reaches_CEO,3,17837 > 176367 > 51535 > 61554
146794,reaches_CEO,5,146794 > 77766 > 6027 > 74062 > 110464 > 61554
179459,reaches_CEO,4,179459 > 37154 > 138045 > 110464 > 61554
53777,reaches_CEO,5,53777 > 66306 > 183869 > 185673 > 51535 > 61554
140960,reaches_CEO,5,140960 > 120381 > 164851 > 154041 > 11277 > 61554
145405,reaches_CEO,5,145405 > 59353 > 152076 > 69728 > 51535 > 61554
176782,reaches_CEO,5,176782 > 8193 > 152076 > 69728 > 51535 > 61554
106693,reaches_CEO,5,106693 > 54315 > 78493 > 197876 > 11277 > 61554
45745,reaches_CEO,5,45745 > 181219 > 196484 > 176424 > 110464 > 61554
1586,reaches_CEO,5,1586 > 96420 > 59535 > 154041 > 11277 > 61554
31396,reaches_CEO,5,31396 > 77844 > 3917 > 139032 > 11277 > 61554
91869,reaches_CEO,3,91869 > 40920 > 110464 > 61554
171156,reaches_CEO,5,171156 > 21086 > 24015 > 125855 > 93708 > 61554
137105,reaches_CEO,5,137105 > 41991 > 171907 > 142146 > 11277 > 61554
136948,reaches_CEO,5,136948 > 147642 > 100942 > 36075 > 11277 > 61554
29419,reaches_CEO,5,29419 > 98520 > 70434 > 149778 > 110464 > 61554
172182,reaches_CEO,5,172182 > 50761 > 114137 > 107658 > 110464 > 61554
128560,reaches_CEO,5,128560 > 119576 > 27660 > 69728 > 51535 > 61554
48379,reaches_CEO,5,48379 > 70406 > 91869 > 40920 > 110464 > 61554
15367,reaches_CEO,5,15367 > 59705 > 181201 > 139032 > 11277 > 61554
60304,reaches_CEO,5,60304 > 50679 > 181310 > 139032 > 11277 > 61554
150115,reaches_CEO,5,150115 > 168797 > 6027 > 74062 > 110464 > 61554
111068,reaches_CEO,5,111068 > 87847 > 91117 > 34051 > 11277 > 61554
50066,reaches_CEO,5,50066 > 97422 > 7531 > 152500 > 93708 > 61554
31655,reaches_CEO,5,31655 > 73893 > 134865 > 197876 > 11277 > 61554
11623,reaches_CEO,5,11623 > 12877 > 57693 > 69728 > 51535 > 61554
99404,reaches_CEO,5,99404 > 181219 > 196484 > 176424 > 110464 > 61554
102605,reaches_CEO,5,102605 > 26505 > 121233 > 176424 > 110464 > 61554
99116,reaches_CEO,5,99116 > 177166 > 192589 > 55537 > 51535 > 61554
97172,reaches_CEO,5,97172 > 20901 > 189937 > 55537 > 51535 > 61554
89118,reaches_CEO,5,89118 > 20828 > 156036 > 74062 > 110464 > 61554
107770,reaches_CEO,5,107770 > 68222 > 24681 > 124994 > 93708 > 61554
113310,reaches_CEO,5,113310 > 71585 > 65174 > 154041 > 11277 > 61554
175815,reaches_CEO,5,175815 > 55636 > 45969 > 26053 > 93708 > 61554
64931,reaches_CEO,5,64931 > 171940 > 70434 > 149778 > 110464 > 61554
113124,reaches_CEO,4,113124 > 65451 > 139032 > 11277 > 61554
42362,reaches_CEO,5,42362 > 179929 > 114472 > 197876 > 11277 > 61554
175864,reaches_CEO,5,175864 > 110091 > 117030 > 109804 > 51535 > 61554
140596,reaches_CEO,5,140596 > 82463 > 158490 > 74062 > 110464 > 61554
43813,reaches_CEO,5,43813 > 79237 > 124893 > 149778 > 110464 > 61554
130489,reaches_CEO,3,130489 > 36075 > 11277 > 61554
190595,reaches_CEO,5,190595 > 97422 > 7531 > 152500 > 93708 > 61554
22855,reaches_CEO,5,22855 > 167877 > 119833 > 84011 > 11277 > 61554
76588,reaches_CEO,5,76588 > 29712 > 47553 > 69728 > 51535 > 61554
167256,reaches_CEO,5,167256 > 134658 > 65522 > 34051 > 11277 > 61554
68439,reaches_CEO,5,68439 > 79237 > 124893 > 149778 > 110464 > 61554
114051,reaches_CEO,5,114051 > 134048 > 78493 > 197876 > 11277 > 61554
47175,reaches_CEO,5,47175 > 198403 > 78493 > 197876 > 11277 > 61554
133779,reaches_CEO,5,133779 > 129410 > 3917 > 139032 > 11277 > 61554
47899,reaches_CEO,5,47899 > 67931 > 119481 > 79693 > 51535 > 61554
18207,reaches_CEO,5,18207 > 158609 > 193088 > 96752 > 11277 > 61554
78262,reaches_CEO,5,78262 > 41808 > 89619 > 26053 > 93708 > 61554
135268,reaches_CEO,5,135268 > 32572 > 125912 > 107658 > 110464 > 61554
57481,reaches_CEO,5,57481 > 8711 > 24489 > 176424 > 110464 > 61554
61811,reaches_CEO,4,61811 > 78493 > 197876 > 11277 > 61554
2589,reaches_CEO,5,2589 > 197896 > 110260 > 125855 > 93708 > 61554
6081,reaches_CEO,5,6081 > 115591 > 66119 > 34051 > 11277 > 61554
73039,reaches_CEO,5,73039 > 109102 > 65451 > 139032 > 11277 > 61554
175279,reaches_CEO,5,175279 > 148260 > 89053 > 97647 > 110464 > 61554
50495,reaches_CEO,5,50495 > 175365 > 166741 > 97647 > 110464 > 61554
172160,reaches_CEO,5,172160 > 146220 > 196484 > 176424 > 110464 > 61554
17850,reaches_CEO,5,17850 > 88007 > 154897 > 34280 > 11277 > 61554
20766,reaches_CEO,5,20766 > 16445 > 136905 > 71889 > 93708 > 61554
140045,reaches_CEO,5,140045 > 148795 > 49002 > 109804 > 51535 > 61554
17376,reaches_CEO,5,17376 > 116750 > 145161 > 69728 > 51535 > 61554
75744,reaches_CEO,5,75744 > 153291 > 141808 > 34051 > 11277 > 61554
80043,reaches_CEO,4,80043 > 99397 > 71889 > 93708 > 61554
15768,reaches_CEO,4,15768 > 77857 > 152500 > 93708 > 61554
169319,reaches_CEO,5,169319 > 183283 > 20378 > 124994 > 93708 > 61554
146510,reaches_CEO,5,146510 > 179459 > 37154 > 138045 > 110464 > 61554
123502,reaches_CEO,4,123502 > 39785 > 177860 > 93708 > 61554
100883,reaches_CEO,5,100883 > 180037 > 167941 > 34051 > 11277 > 61554
154802,reaches_CEO,5,154802 > 148236 > 2308 > 84011 > 11277 > 61554
47755,reaches_CEO,3,47755 > 154041 > 11277 > 61554
136905,reaches_CEO,3,136905 > 71889 > 93708 > 61554
59535,reaches_CEO,3,59535 > 154041 > 11277 > 61554
36890,reaches_CEO,5,36890 > 128966 > 107049 > 34280 > 11277 > 61554
39543,reaches_CEO,5,39543 > 68998 > 70434 > 149778 > 110464 > 61554
118885,reaches_CEO,5,118885 > 190566 > 168545 > 176424 > 110464 > 61554
149436,reaches_CEO,5,149436 > 114572 > 5692 > 149778 > 110464 > 61554
132702,reaches_CEO,5,132702 > 61038 > 65451 > 139032 > 11277 > 61554
94379,reaches_CEO,5,94379 > 123258 > 69550 > 74062 > 110464 > 61554
136406,reaches_CEO,5,136406 > 101819 > 87379 > 176367 > 51535 > 61554
67227,reaches_CEO,5,67227 > 115765 > 192056 > 71889 > 93708 > 61554
94964,reaches_CEO,5,94964 > 157931 > 61403 > 69728 > 51535 > 61554
122834,reaches_CEO,5,122834 > 53826 > 185138 > 152500 > 93708 > 61554
185487,reaches_CEO,5,185487 > 17291 > 92713 > 96752 > 11277 > 61554
103890,reaches_CEO,5,103890 > 121527 > 139507 > 97647 > 110464 > 61554
72228,reaches_CEO,5,72228 > 91254 > 23830 > 74062 > 110464 > 61554
192377,reaches_CEO,5,192377 > 198778 > 167482 > 133795 > 51535 > 61554
120243,reaches_CEO,5,120243 > 67931 > 119481 > 79693 > 51535 > 61554
21047,reaches_CEO,5,21047 > 149970 > 155485 > 40920 > 110464 > 61554
1198,reaches_CEO,5,1198 > 75705 > 171266 > 71889 > 93708 > 61554
62171,reaches_CEO,5,62171 > 54808 > 163049 > 56068 > 11277 > 61554
36624,reaches_CEO,5,36624 > 92765 > 42270 > 79693 > 51535 > 61554
74066,reaches_CEO,4,74066 > 61403 > 69728 > 51535 > 61554
162320,reaches_CEO,5,162320 > 127769 > 47553 > 69728 > 51535 > 61554
14971,reaches_CEO,5,14971 > 139278 > 171266 > 71889 > 93708 > 61554
84203,reaches_CEO,5,84203 > 27393 > 198366 > 142146 > 11277 > 61554
133710,reaches_CEO,5,133710 > 128447 > 193330 > 162476 > 51535 > 61554
123768,reaches_CEO,5,123768 > 152960 > 157492 > 34280 > 11277 > 61554
84050,reaches_CEO,5,84050 > 73846 > 171907 > 142146 > 11277 > 61554
36594,reaches_CEO,5,36594 > 102632 > 167223 > 40920 > 110464 > 61554
133465,reaches_CEO,5,133465 > 178954 > 189937 > 55537 > 51535 > 61554
94750,reaches_CEO,5,94750 > 37434 > 171907 > 142146 > 11277 > 61554
136229,reaches_CEO,5,136229 > 181421 > 107049 > 34280 > 11277 > 61554
193866,reaches_CEO,5,193866 > 189038 > 87379 > 176367 > 51535 > 61554
6331,reaches_CEO,5,6331 > 193920 > 141808 > 34051 > 11277 > 61554
117555,reaches_CEO,5,117555 > 113189 > 193088 > 96752 > 11277 > 61554
194565,reaches_CEO,5,194565 > 29410 > 145161 > 69728 > 51535 > 61554
190713,reaches_CEO,5,190713 > 54997 > 66119 > 34051 > 11277 > 61554
136968,reaches_CEO,5,136968 > 184998 > 183175 > 197876 > 11277 > 61554
53684,reaches_CEO,5,53684 > 146111 > 21604 > 26053 > 93708 > 61554
60120,reaches_CEO,5,60120 > 65883 > 103443 > 97647 > 110464 > 61554
185330,reaches_CEO,5,185330 > 144928 > 134865 > 197876 > 11277 > 61554
164288,reaches_CEO,5,164288 > 142685 > 157492 > 34280 > 11277 > 61554
21046,reaches_CEO,5,21046 > 66420 > 21604 > 26053 > 93708 > 61554
24015,reaches_CEO,3,24015 > 125855 > 93708 > 61554
32572,reaches_CEO,4,32572 > 125912 > 107658 > 110464 > 61554
16401,reaches_CEO,5,16401 > 122762 > 17395 > 96752 > 11277 > 61554
20965,reaches_CEO,5,20965 > 5889 > 21604 > 26053 > 93708 > 61554
189030,reaches_CEO,5,189030 > 74818 > 181310 > 139032 > 11277 > 61554
52425,reaches_CEO,5,52425 > 8711 > 24489 > 176424 > 110464 > 61554
46181,reaches_CEO,5,46181 > 189148 > 20378 > 124994 > 93708 > 61554
47553,reaches_CEO,3,47553 > 69728 > 51535 > 61554
60691,reaches_CEO,5,60691 > 113124 > 65451 > 139032 > 11277 > 61554
185824,reaches_CEO,5,185824 > 5374 > 167941 > 34051 > 11277 > 61554
115405,reaches_CEO,5,115405 > 7255 > 167482 > 133795 > 51535 > 61554
85790,reaches_CEO,5,85790 > 122197 > 145161 > 69728 > 51535 > 61554
172227,reaches_CEO,5,172227 > 35499 > 134865 > 197876 > 11277 > 61554
183620,reaches_CEO,5,183620 > 5282 > 32248 > 34280 > 11277 > 61554
86534,reaches_CEO,5,86534 > 1808 > 140317 > 107152 > 51535 > 61554
192034,reaches_CEO,5,192034 > 104539 > 138823 > 124994 > 93708 > 61554
129790,reaches_CEO,5,129790 > 192132 > 37154 > 138045 > 110464 > 61554
194889,reaches_CEO,5,194889 > 167877 > 119833 > 84011 > 11277 > 61554
6935,reaches_CEO,5,6935 > 122762 > 17395 > 96752 > 11277 > 61554
119555,reaches_CEO,5,119555 > 115591 > 66119 > 34051 > 11277 > 61554
66901,reaches_CEO,5,66901 > 252 > 41533 > 177860 > 93708 > 61554
181606,reaches_CEO,5,181606 > 69463 > 91869 > 40920 > 110464 > 61554
198765,reaches_CEO,5,198765 > 79807 > 92567 > 162476 > 51535 > 61554
41679,reaches_CEO,5,41679 > 80128 > 171907 > 142146 > 11277 > 61554
195220,reaches_CEO,5,195220 > 122145 > 72243 > 162476 > 51535 > 61554
125888,reaches_CEO,5,125888 > 5282 > 32248 > 34280 > 11277 > 61554
126515,reaches_CEO,4,126515 > 24681 > 124994 > 93708 > 61554
66296,reaches_CEO,5,66296 > 175365 > 166741 > 97647 > 110464 > 61554
153291,reaches_CEO,4,153291 > 141808 > 34051 > 11277 > 61554
29136,reaches_CEO,5,29136 > 63077 > 49727 > 84011 > 11277 > 61554
157548,reaches_CEO,5,157548 > 14465 > 116660 > 26053 > 93708 > 61554
173330,reaches_CEO,5,173330 > 41335 > 33814 > 190801 > 51535 > 61554
155572,reaches_CEO,5,155572 > 16445 > 136905 > 71889 > 93708 > 61554
105796,reaches_CEO,5,105796 > 8812 > 171266 > 71889 > 93708 > 61554
170238,reaches_CEO,5,170238 > 75246 > 140317 > 107152 > 51535 > 61554
187885,reaches_CEO,5,187885 > 110508 > 183869 > 185673 > 51535 > 61554
28915,reaches_CEO,5,28915 > 18939 > 167941 > 34051 > 11277 > 61554
24968,reaches_CEO,5,24968 > 191495 > 100942 > 36075 > 11277 > 61554
144365,reaches_CEO,5,144365 > 41335 > 33814 > 190801 > 51535 > 61554
174929,reaches_CEO,5,174929 > 102712 > 157492 > 34280 > 11277 > 61554
2733,reaches_CEO,5,2733 > 134944 > 181201 > 139032 > 11277 > 61554
12489,reaches_CEO,5,12489 > 81811 > 94454 > 84011 > 11277 > 61554
73067,reaches_CEO,5,73067 > 103448 > 198366 > 142146 > 11277 > 61554
113541,reaches_CEO,5,113541 > 151696 > 77857 > 152500 > 93708 > 61554
115591,reaches_CEO,4,115591 > 66119 > 34051 > 11277 > 61554
146992,reaches_CEO,5,146992 > 178797 > 47755 > 154041 > 11277 > 61554
95390,reaches_CEO,5,95390 > 12214 > 171907 > 142146 > 11277 > 61554
150809,reaches_CEO,5,150809 > 61517 > 110260 > 125855 > 93708 > 61554
197806,reaches_CEO,5,197806 > 130135 > 95935 > 71889 > 93708 > 61554
80100,reaches_CEO,5,80100 > 168564 > 8665 > 34051 > 11277 > 61554
41529,reaches_CEO,5,41529 > 177489 > 71532 > 109308 > 110464 > 61554
57275,reaches_CEO,5,57275 > 147249 > 27660 > 69728 > 51535 > 61554
21830,reaches_CEO,5,21830 > 44056 > 16178 > 71889 > 93708 > 61554
79315,reaches_CEO,5,79315 > 159996 > 94362 > 34051 > 11277 > 61554
57701,reaches_CEO,4,57701 > 77857 > 152500 > 93708 > 61554
74376,reaches_CEO,5,74376 > 71130 > 8207 > 185673 > 51535 > 61554
162877,reaches_CEO,5,162877 > 199282 > 82419 > 74062 > 110464 > 61554
155179,reaches_CEO,5,155179 > 197832 > 139507 > 97647 > 110464 > 61554
144843,reaches_CEO,5,144843 > 189627 > 130489 > 36075 > 11277 > 61554
71817,reaches_CEO,5,71817 > 41080 > 77851 > 36075 > 11277 > 61554
105246,reaches_CEO,5,105246 > 190249 > 134556 > 138045 > 110464 > 61554
192132,reaches_CEO,4,192132 > 37154 > 138045 > 110464 > 61554
173182,reaches_CEO,5,173182 > 184998 > 183175 > 197876 > 11277 > 61554
92210,reaches_CEO,4,92210 > 78493 > 197876 > 11277 > 61554
159482,reaches_CEO,5,159482 > 148032 > 172989 > 34051 > 11277 > 61554
134865,reaches_CEO,3,134865 > 197876 > 11277 > 61554
49994,reaches_CEO,5,49994 > 150290 > 185138 > 152500 > 93708 > 61554
100278,reaches_CEO,5,100278 > 21086 > 24015 > 125855 > 93708 > 61554
138687,reaches_CEO,5,138687 > 118769 > 119832 > 190801 > 51535 > 61554
77364,reaches_CEO,5,77364 > 164501 > 138823 > 124994 > 93708 > 61554
53572,reaches_CEO,5,53572 > 5743 > 49727 > 84011 > 11277 > 61554
193919,reaches_CEO,5,193919 > 94507 > 145161 > 69728 > 51535 > 61554
47938,reaches_CEO,5,47938 > 91124 > 167941 > 34051 > 11277 > 61554
99958,reaches_CEO,5,99958 > 196058 > 5692 > 149778 > 110464 > 61554
46471,reaches_CEO,5,46471 > 123263 > 21604 > 26053 > 93708 > 61554
191971,reaches_CEO,5,191971 > 63077 > 49727 > 84011 > 11277 > 61554
175120,reaches_CEO,5,175120 > 169574 > 114137 > 107658 > 110464 > 61554
122145,reaches_CEO,4,122145 > 72243 > 162476 > 51535 > 61554
133795,reaches_CEO,2,133795 > 51535 > 61554
59218,reaches_CEO,5,59218 > 121419 > 3802 > 133795 > 51535 > 61554
98372,reaches_CEO,5,98372 > 66453 > 171351 > 79693 > 51535 > 61554
139973,reaches_CEO,5,139973 > 78997 > 117030 > 109804 > 51535 > 61554
126615,reaches_CEO,5,126615 > 114572 > 5692 > 149778 > 110464 > 61554
161727,reaches_CEO,4,161727 > 28697 > 79693 > 51535 > 61554
118243,reaches_CEO,5,118243 > 98419 > 69550 > 74062 > 110464 > 61554
7067,reaches_CEO,5,7067 > 169664 > 184512 > 109804 > 51535 > 61554
31716,reaches_CEO,5,31716 > 66591 > 78493 > 197876 > 11277 > 61554
111054,reaches_CEO,5,111054 > 112302 > 71595 > 55537 > 51535 > 61554
102196,reaches_CEO,5,102196 > 35499 > 134865 > 197876 > 11277 > 61554
15905,reaches_CEO,5,15905 > 27704 > 171907 > 142146 > 11277 > 61554
12301,reaches_CEO,5,12301 > 192145 > 145667 > 142146 > 11277 > 61554
150244,reaches_CEO,5,150244 > 192132 > 37154 > 138045 > 110464 > 61554
151126,reaches_CEO,5,151126 > 169223 > 5342 > 133795 > 51535 > 61554
96141,reaches_CEO,5,96141 > 54997 > 66119 > 34051 > 11277 > 61554
92475,reaches_CEO,5,92475 > 110508 > 183869 > 185673 > 51535 > 61554
85725,reaches_CEO,5,85725 > 42096 > 89002 > 34280 > 11277 > 61554
85251,reaches_CEO,5,85251 > 4110 > 94454 > 84011 > 11277 > 61554
134060,reaches_CEO,5,134060 > 102043 > 89053 > 97647 > 110464 > 61554
93482,reaches_CEO,5,93482 > 8663 > 193088 > 96752 > 11277 > 61554
165298,reaches_CEO,5,165298 > 149245 > 91869 > 40920 > 110464 > 61554
121127,reaches_CEO,5,121127 > 9400 > 138823 > 124994 > 93708 > 61554
194005,reaches_CEO,5,194005 > 20828 > 156036 > 74062 > 110464 > 61554
165845,reaches_CEO,5,165845 > 173939 > 156036 > 74062 > 110464 > 61554
91575,reaches_CEO,5,91575 > 199950 > 41533 > 177860 > 93708 > 61554
64642,reaches_CEO,5,64642 > 61517 > 110260 > 125855 > 93708 > 61554
60130,reaches_CEO,5,60130 > 73846 > 171907 > 142146 > 11277 > 61554
40976,reaches_CEO,5,40976 > 77670 > 66119 > 34051 > 11277 > 61554
139309,reaches_CEO,5,139309 > 81421 > 45969 > 26053 > 93708 > 61554
172126,reaches_CEO,5,172126 > 62298 > 138823 > 124994 > 93708 > 61554
30595,reaches_CEO,5,30595 > 110878 > 119481 > 79693 > 51535 > 61554
54273,reaches_CEO,5,54273 > 40904 > 92567 > 162476 > 51535 > 61554
82380,reaches_CEO,5,82380 > 57938 > 192589 > 55537 > 51535 > 61554
163114,reaches_CEO,5,163114 > 92403 > 59535 > 154041 > 11277 > 61554
74431,reaches_CEO,5,74431 > 28979 > 198366 > 142146 > 11277 > 61554
134630,reaches_CEO,5,134630 > 144976 > 145667 > 142146 > 11277 > 61554
183920,reaches_CEO,5,183920 > 149245 > 91869 > 40920 > 110464 > 61554
120878,reaches_CEO,5,120878 > 69463 > 91869 > 40920 > 110464 > 61554
44242,reaches_CEO,5,44242 > 111508 > 82419 > 74062 > 110464 > 61554
141010,reaches_CEO,5,141010 > 133927 > 42270 > 79693 > 51535 > 61554
168620,reaches_CEO,5,168620 > 80128 > 171907 > 142146 > 11277 > 61554
92765,reaches_CEO,4,92765 > 42270 > 79693 > 51535 > 61554
30332,reaches_CEO,5,30332 > 119231 > 165426 > 124994 > 93708 > 61554
157530,reaches_CEO,3,157530 > 71889 > 93708 > 61554
29227,reaches_CEO,5,29227 > 98931 > 103443 > 97647 > 110464 > 61554
24195,reaches_CEO,5,24195 > 1050 > 71595 > 55537 > 51535 > 61554
141002,reaches_CEO,5,141002 > 162381 > 193330 > 162476 > 51535 > 61554
27410,reaches_CEO,5,27410 > 62161 > 125912 > 107658 > 110464 > 61554
36437,reaches_CEO,5,36437 > 191454 > 191391 > 138045 > 110464 > 61554
171536,reaches_CEO,5,171536 > 179569 > 78493 > 197876 > 11277 > 61554
72524,reaches_CEO,5,72524 > 25367 > 191391 > 138045 > 110464 > 61554
34631,reaches_CEO,5,34631 > 37220 > 7558 > 69728 > 51535 > 61554
140343,reaches_CEO,5,140343 > 4110 > 94454 > 84011 > 11277 > 61554
36202,reaches_CEO,5,36202 > 166653 > 146629 > 190801 > 51535 > 61554
63309,reaches_CEO,5,63309 > 186283 > 132307 > 185673 > 51535 > 61554
64858,reaches_CEO,4,64858 > 24015 > 125855 > 93708 > 61554
75371,reaches_CEO,5,75371 > 180925 > 141808 > 34051 > 11277 > 61554
156633,reaches_CEO,5,156633 > 196490 > 165426 > 124994 > 93708 > 61554
74825,reaches_CEO,5,74825 > 167188 > 89619 > 26053 > 93708 > 61554
12877,reaches_CEO,4,12877 > 57693 > 69728 > 51535 > 61554
58431,reaches_CEO,5,58431 > 55431 > 100942 > 36075 > 11277 > 61554
143163,reaches_CEO,5,143163 > 198879 > 83356 > 84011 > 11277 > 61554
123263,reaches_CEO,4,123263 > 21604 > 26053 > 93708 > 61554
162053,reaches_CEO,5,162053 > 66160 > 79285 > 34280 > 11277 > 61554
166380,reaches_CEO,5,166380 > 67931 > 119481 > 79693 > 51535 > 61554
382,reaches_CEO,5,382 > 166653 > 146629 > 190801 > 51535 > 61554
72430,reaches_CEO,5,72430 > 14299 > 194121 > 176367 > 51535 > 61554
22802,reaches_CEO,5,22802 > 150290 > 185138 > 152500 > 93708 > 61554
73080,reaches_CEO,5,73080 > 198879 > 83356 > 84011 > 11277 > 61554
8488,reaches_CEO,5,8488 > 52525 > 192589 > 55537 > 51535 > 61554
113997,reaches_CEO,5,113997 > 189148 > 20378 > 124994 > 93708 > 61554
153656,reaches_CEO,5,153656 > 189627 > 130489 > 36075 > 11277 > 61554
178733,reaches_CEO,5,178733 > 75198 > 146600 > 107658 > 110464 > 61554
163807,reaches_CEO,5,163807 > 171461 > 138823 > 124994 > 93708 > 61554
58398,reaches_CEO,5,58398 > 166591 > 17395 > 96752 > 11277 > 61554
16501,reaches_CEO,5,16501 > 136468 > 167941 > 34051 > 11277 > 61554
185729,reaches_CEO,5,185729 > 177489 > 71532 > 109308 > 110464 > 61554
73516,reaches_CEO,5,73516 > 102632 > 167223 > 40920 > 110464 > 61554
162105,reaches_CEO,5,162105 > 71130 > 8207 > 185673 > 51535 > 61554
83854,reaches_CEO,5,83854 > 114572 > 5692 > 149778 > 110464 > 61554
117708,reaches_CEO,5,117708 > 179929 > 114472 > 197876 > 11277 > 61554
52124,reaches_CEO,5,52124 > 11275 > 87344 > 138045 > 110464 > 61554
34066,reaches_CEO,5,34066 > 39460 > 192056 > 71889 > 93708 > 61554
86127,reaches_CEO,5,86127 > 80240 > 50665 > 71889 > 93708 > 61554
167326,reaches_CEO,5,167326 > 124186 > 103443 > 97647 > 110464 > 61554
137369,reaches_CEO,4,137369 > 41945 > 84011 > 11277 > 61554
29661,reaches_CEO,5,29661 > 191495 > 100942 > 36075 > 11277 > 61554
168356,reaches_CEO,5,168356 > 127623 > 72243 > 162476 > 51535 > 61554
113028,reaches_CEO,5,113028 > 172541 > 138823 > 124994 > 93708 > 61554
80251,reaches_CEO,5,80251 > 148865 > 24691 > 56068 > 11277 > 61554
174654,reaches_CEO,5,174654 > 56316 > 32248 > 34280 > 11277 > 61554
184681,reaches_CEO,5,184681 > 154292 > 72243 > 162476 > 51535 > 61554
145667,reaches_CEO,3,145667 > 142146 > 11277 > 61554
36968,reaches_CEO,5,36968 > 130135 > 95935 > 71889 > 93708 > 61554
124820,reaches_CEO,5,124820 > 54997 > 66119 > 34051 > 11277 > 61554
14455,reaches_CEO,5,14455 > 192414 > 47755 > 154041 > 11277 > 61554
123785,reaches_CEO,5,123785 > 32572 > 125912 > 107658 > 110464 > 61554
14470,reaches_CEO,4,14470 > 191418 > 36075 > 11277 > 61554
175589,reaches_CEO,5,175589 > 182116 > 3235 > 84011 > 11277 > 61554
93924,reaches_CEO,5,93924 > 122145 > 72243 > 162476 > 51535 > 61554
16420,reaches_CEO,5,16420 > 37434 > 171907 > 142146 > 11277 > 61554
41137,reaches_CEO,5,41137 > 8812 > 171266 > 71889 > 93708 > 61554
187057,reaches_CEO,5,187057 > 94030 > 78493 > 197876 > 11277 > 61554
20620,reaches_CEO,5,20620 > 73106 > 60121 > 109804 > 51535 > 61554
160511,reaches_CEO,4,160511 > 121233 > 176424 > 110464 > 61554
29084,reaches_CEO,5,29084 > 76135 > 5692 > 149778 > 110464 > 61554
98851,reaches_CEO,5,98851 > 109671 > 191391 > 138045 > 110464 > 61554
27012,reaches_CEO,5,27012 > 51121 > 59566 > 125855 > 93708 > 61554
139073,reaches_CEO,5,139073 > 181772 > 54963 > 142146 > 11277 > 61554
175361,reaches_CEO,4,175361 > 100942 > 36075 > 11277 > 61554
48251,reaches_CEO,5,48251 > 148865 > 24691 > 56068 > 11277 > 61554
102854,reaches_CEO,5,102854 > 37220 > 7558 > 69728 > 51535 > 61554
148273,reaches_CEO,5,148273 > 22887 > 24015 > 125855 > 93708 > 61554
19381,reaches_CEO,5,19381 > 78997 > 117030 > 109804 > 51535 > 61554
143655,reaches_CEO,5,143655 > 123154 > 116660 > 26053 > 93708 > 61554
50679,reaches_CEO,4,50679 > 181310 > 139032 > 11277 > 61554
89837,reaches_CEO,4,89837 > 37154 > 138045 > 110464 > 61554
8014,reaches_CEO,5,8014 > 155437 > 119481 > 79693 > 51535 > 61554
6027,reaches_CEO,3,6027 > 74062 > 110464 > 61554
51616,reaches_CEO,5,51616 > 64724 > 37154 > 138045 > 110464 > 61554
112346,reaches_CEO,5,112346 > 172541 > 138823 > 124994 > 93708 > 61554
190065,reaches_CEO,4,190065 > 143437 > 71499 > 110464 > 61554
102904,reaches_CEO,5,102904 > 149696 > 135238 > 84011 > 11277 > 61554
98159,reaches_CEO,5,98159 > 32405 > 24681 > 124994 > 93708 > 61554
41175,reaches_CEO,4,41175 > 61403 > 69728 > 51535 > 61554
49350,reaches_CEO,5,49350 > 149485 > 172989 > 34051 > 11277 > 61554
120829,reaches_CEO,5,120829 > 113578 > 125912 > 107658 > 110464 > 61554
53856,reaches_CEO,4,53856 > 16178 > 71889 > 93708 > 61554
172522,reaches_CEO,5,172522 > 93223 > 92567 > 162476 > 51535 > 61554
179160,reaches_CEO,5,179160 > 6536 > 162889 > 109308 > 110464 > 61554
195057,reaches_CEO,5,195057 > 190060 > 181310 > 139032 > 11277 > 61554
105408,reaches_CEO,5,105408 > 137776 > 40132 > 190801 > 51535 > 61554
46178,reaches_CEO,4,46178 > 42270 > 79693 > 51535 > 61554
70399,reaches_CEO,5,70399 > 181781 > 110260 > 125855 > 93708 > 61554
160308,reaches_CEO,5,160308 > 101981 > 134865 > 197876 > 11277 > 61554
110464,reaches_CEO,1,110464 > 61554
198291,reaches_CEO,5,198291 > 148236 > 2308 > 84011 > 11277 > 61554
121048,reaches_CEO,5,121048 > 144401 > 94362 > 34051 > 11277 > 61554
147795,reaches_CEO,5,147795 > 135804 > 95935 > 71889 > 93708 > 61554
64767,reaches_CEO,5,64767 > 742 > 192056 > 71889 > 93708 > 61554
167023,reaches_CEO,5,167023 > 21086 > 24015 > 125855 > 93708 > 61554
121671,reaches_CEO,5,121671 > 16445 > 136905 > 71889 > 93708 > 61554
69362,reaches_CEO,5,69362 > 198403 > 78493 > 197876 > 11277 > 61554
157811,reaches_CEO,5,157811 > 128065 > 192589 > 55537 > 51535 > 61554
102712,reaches_CEO,4,102712 > 157492 > 34280 > 11277 > 61554
177846,reaches_CEO,5,177846 > 5374 > 167941 > 34051 > 11277 > 61554
132829,reaches_CEO,5,132829 > 48742 > 28697 > 79693 > 51535 > 61554
79524,reaches_CEO,5,79524 > 195165 > 113589 > 190801 > 51535 > 61554
75503,reaches_CEO,5,75503 > 121527 > 139507 > 97647 > 110464 > 61554
63196,reaches_CEO,5,63196 > 1651 > 146629 > 190801 > 51535 > 61554
116506,reaches_CEO,5,116506 > 76310 > 183869 > 185673 > 51535 > 61554
31643,reaches_CEO,5,31643 > 61517 > 110260 > 125855 > 93708 > 61554
31511,reaches_CEO,5,31511 > 95841 > 183869 > 185673 > 51535 > 61554
144384,reaches_CEO,5,144384 > 181772 > 54963 > 142146 > 11277 > 61554
143447,reaches_CEO,5,143447 > 54997 > 66119 > 34051 > 11277 > 61554
22785,reaches_CEO,5,22785 > 180006 > 24681 > 124994 > 93708 > 61554
123388,reaches_CEO,5,123388 > 177495 > 39785 > 177860 > 93708 > 61554
140542,reaches_CEO,4,140542 > 2308 > 84011 > 11277 > 61554
8968,reaches_CEO,5,8968 > 166591 > 17395 > 96752 > 11277 > 61554
79125,reaches_CEO,5,79125 > 73663 > 87344 > 138045 > 110464 > 61554
107213,reaches_CEO,5,107213 > 159098 > 5342 > 133795 > 51535 > 61554
196253,reaches_CEO,5,196253 > 160618 > 83356 > 84011 > 11277 > 61554
85955,reaches_CEO,5,85955 > 191495 > 100942 > 36075 > 11277 > 61554
113555,reaches_CEO,5,113555 > 104759 > 20378 > 124994 > 93708 > 61554
134444,reaches_CEO,5,134444 > 59862 > 145161 > 69728 > 51535 > 61554
17611,reaches_CEO,5,17611 > 41808 > 89619 > 26053 > 93708 > 61554
742,reaches_CEO,4,742 > 192056 > 71889 > 93708 > 61554
22977,reaches_CEO,4,22977 > 41533 > 177860 > 93708 > 61554
105124,reaches_CEO,5,105124 > 178314 > 115539 > 71499 > 110464 > 61554
100559,reaches_CEO,5,100559 > 91345 > 32510 > 197876 > 11277 > 61554
133424,reaches_CEO,5,133424 > 95609 > 119833 > 84011 > 11277 > 61554
176205,reaches_CEO,5,176205 > 74170 > 191418 > 36075 > 11277 > 61554
1961,reaches_CEO,5,1961 > 68821 > 183869 > 185673 > 51535 > 61554
72056,reaches_CEO,5,72056 > 61443 > 116660 > 26053 > 93708 > 61554
32938,reaches_CEO,4,32938 > 42270 > 79693 > 51535 > 61554
18350,reaches_CEO,5,18350 > 190566 > 168545 > 176424 > 110464 > 61554
3693,reaches_CEO,5,3693 > 132683 > 146629 > 190801 > 51535 > 61554
29525,reaches_CEO,5,29525 > 11507 > 20378 > 124994 > 93708 > 61554
194736,reaches_CEO,5,194736 > 91002 > 24489 > 176424 > 110464 > 61554
92567,reaches_CEO,3,92567 > 162476 > 51535 > 61554
36940,reaches_CEO,5,36940 > 4440 > 155485 > 40920 > 110464 > 61554
40512,reaches_CEO,5,40512 > 32572 > 125912 > 107658 > 110464 > 61554
84011,reaches_CEO,2,84011 > 11277 > 61554
2905,reaches_CEO,5,2905 > 8711 > 24489 > 176424 > 110464 > 61554
55374,reaches_CEO,5,55374 > 113124 > 65451 > 139032 > 11277 > 61554
73117,reaches_CEO,5,73117 > 198424 > 115539 > 71499 > 110464 > 61554
91192,reaches_CEO,5,91192 > 109102 > 65451 > 139032 > 11277 > 61554
5875,reaches_CEO,4,5875 > 146600 > 107658 > 110464 > 61554
96981,reaches_CEO,5,96981 > 168905 > 193330 > 162476 > 51535 > 61554
96466,reaches_CEO,5,96466 > 115856 > 3235 > 84011 > 11277 > 61554
1174,reaches_CEO,5,1174 > 116774 > 71595 > 55537 > 51535 > 61554
27326,reaches_CEO,5,27326 > 54315 > 78493 > 197876 > 11277 > 61554
78629,reaches_CEO,5,78629 > 46997 > 167941 > 34051 > 11277 > 61554
146932,reaches_CEO,5,146932 > 7255 > 167482 > 133795 > 51535 > 61554
52137,reaches_CEO,5,52137 > 168905 > 193330 > 162476 > 51535 > 61554
46675,reaches_CEO,5,46675 > 166928 > 189937 > 55537 > 51535 > 61554
63832,reaches_CEO,4,63832 > 167223 > 40920 > 110464 > 61554
144177,reaches_CEO,5,144177 > 180930 > 91117 > 34051 > 11277 > 61554
23247,reaches_CEO,5,23247 > 43937 > 95935 > 71889 > 93708 > 61554
47540,reaches_CEO,5,47540 > 55481 > 72243 > 162476 > 51535 > 61554
112750,reaches_CEO,4,112750 > 39726 > 69728 > 51535 > 61554
15756,reaches_CEO,5,15756 > 160476 > 79285 > 34280 > 11277 > 61554
171293,reaches_CEO,5,171293 > 52923 > 134865 > 197876 > 11277 > 61554
158098,reaches_CEO,5,158098 > 134536 > 5342 > 133795 > 51535 > 61554
187660,reaches_CEO,5,187660 > 182028 > 184512 > 109804 > 51535 > 61554
126357,reaches_CEO,5,126357 > 53677 > 41533 > 177860 > 93708 > 61554
67122,reaches_CEO,5,67122 > 154292 > 72243 > 162476 > 51535 > 61554
177224,reaches_CEO,5,177224 > 30749 > 28697 > 79693 > 51535 > 61554
108429,reaches_CEO,5,108429 > 94507 > 145161 > 69728 > 51535 > 61554
181841,reaches_CEO,5,181841 > 116774 > 71595 > 55537 > 51535 > 61554
78093,reaches_CEO,5,78093 > 116289 > 189937 > 55537 > 51535 > 61554
117599,reaches_CEO,5,117599 > 23565 > 78493 > 197876 > 11277 > 61554
68318,reaches_CEO,5,68318 > 51293 > 172989 > 34051 > 11277 > 61554
80810,reaches_CEO,5,80810 > 41721 > 162889 > 109308 > 110464 > 61554
103553,reaches_CEO,5,103553 > 95522 > 91869 > 40920 > 110464 > 61554
158622,reaches_CEO,5,158622 > 191495 > 100942 > 36075 > 11277 > 61554
85445,reaches_CEO,5,85445 > 123263 > 21604 > 26053 > 93708 > 61554
196411,reaches_CEO,5,196411 > 80043 > 99397 > 71889 > 93708 > 61554
37730,reaches_CEO,5,37730 > 165717 > 157492 > 34280 > 11277 > 61554
191879,reaches_CEO,5,191879 > 144928 > 134865 > 197876 > 11277 > 61554
89091,reaches_CEO,5,89091 > 151005 > 134556 > 138045 > 110464 > 61554
138285,reaches_CEO,5,138285 > 114572 > 5692 > 149778 > 110464 > 61554
159566,reaches_CEO,5,159566 > 92585 > 114137 > 107658 > 110464 > 61554
75966,reaches_CEO,5,75966 > 159996 > 94362 > 34051 > 11277 > 61554
79780,reaches_CEO,5,79780 > 95841 > 183869 > 185673 > 51535 > 61554
172717,reaches_CEO,4,172717 > 41533 > 177860 > 93708 > 61554
94978,reaches_CEO,5,94978 > 156927 > 181566 > 97647 > 110464 > 61554
97405,reaches_CEO,5,97405 > 117376 > 192056 > 71889 > 93708 > 61554
18968,reaches_CEO,5,18968 > 11507 > 20378 > 124994 > 93708 > 61554
120086,reaches_CEO,5,120086 > 134048 > 78493 > 197876 > 11277 > 61554
114214,reaches_CEO,5,114214 > 193763 > 194121 > 176367 > 51535 > 61554
82225,reaches_CEO,5,82225 > 157966 > 134556 > 138045 > 110464 > 61554
63055,reaches_CEO,5,63055 > 52796 > 135238 > 84011 > 11277 > 61554
120912,reaches_CEO,5,120912 > 51923 > 41533 > 177860 > 93708 > 61554
37343,reaches_CEO,5,37343 > 105542 > 162889 > 109308 > 110464 > 61554
90965,reaches_CEO,5,90965 > 182038 > 79285 > 34280 > 11277 > 61554
23903,reaches_CEO,5,23903 > 164439 > 191391 > 138045 > 110464 > 61554
79923,reaches_CEO,5,79923 > 69379 > 183175 > 197876 > 11277 > 61554
40920,reaches_CEO,2,40920 > 110464 > 61554
115779,reaches_CEO,5,115779 > 123103 > 72243 > 162476 > 51535 > 61554
179311,reaches_CEO,5,179311 > 123387 > 66090 > 34280 > 11277 > 61554
108284,reaches_CEO,5,108284 > 75242 > 60121 > 109804 > 51535 > 61554
65690,reaches_CEO,5,65690 > 35499 > 134865 > 197876 > 11277 > 61554
155980,reaches_CEO,5,155980 > 62161 > 125912 > 107658 > 110464 > 61554
155834,reaches_CEO,5,155834 > 198879 > 83356 > 84011 > 11277 > 61554
107838,reaches_CEO,5,107838 > 99139 > 3917 > 139032 > 11277 > 61554
119353,reaches_CEO,5,119353 > 51738 > 183869 > 185673 > 51535 > 61554
39558,reaches_CEO,5,39558 > 197896 > 110260 > 125855 > 93708 > 61554
1947,reaches_CEO,5,1947 > 68201 > 41945 > 84011 > 11277 > 61554
107083,reaches_CEO,5,107083 > 70819 > 161284 > 109804 > 51535 > 61554
28037,reaches_CEO,5,28037 > 132683 > 146629 > 190801 > 51535 > 61554
133748,reaches_CEO,5,133748 > 127544 > 65451 > 139032 > 11277 > 61554
171251,reaches_CEO,5,171251 > 94447 > 39785 > 177860 > 93708 > 61554
110846,reaches_CEO,5,110846 > 6335 > 91117 > 34051 > 11277 > 61554
72346,reaches_CEO,5,72346 > 77766 > 6027 > 74062 > 110464 > 61554
157304,reaches_CEO,5,157304 > 191073 > 181201 > 139032 > 11277 > 61554
178243,reaches_CEO,5,178243 > 125114 > 41533 > 177860 > 93708 > 61554
163711,reaches_CEO,5,163711 > 159906 > 65174 > 154041 > 11277 > 61554
9634,reaches_CEO,5,9634 > 46178 > 42270 > 79693 > 51535 > 61554
24382,reaches_CEO,5,24382 > 84230 > 5692 > 149778 > 110464 > 61554
133091,reaches_CEO,5,133091 > 103421 > 5342 > 133795 > 51535 > 61554
56687,reaches_CEO,5,56687 > 173939 > 156036 > 74062 > 110464 > 61554
121283,reaches_CEO,5,121283 > 134982 > 66119 > 34051 > 11277 > 61554
51566,reaches_CEO,5,51566 > 168905 > 193330 > 162476 > 51535 > 61554
102033,reaches_CEO,5,102033 > 7255 > 167482 > 133795 > 51535 > 61554
2371,reaches_CEO,5,2371 > 119658 > 61403 > 69728 > 51535 > 61554
82123,reaches_CEO,5,82123 > 87330 > 91654 > 109804 > 51535 > 61554
98496,reaches_CEO,5,98496 > 81860 > 49002 > 109804 > 51535 > 61554
23099,reaches_CEO,5,23099 > 85791 > 134865 > 197876 > 11277 > 61554
56547,reaches_CEO,5,56547 > 97422 > 7531 > 152500 > 93708 > 61554
127964,reaches_CEO,5,127964 > 102102 > 78493 > 197876 > 11277 > 61554
96328,reaches_CEO,5,96328 > 158888 > 176804 > 139032 > 11277 > 61554
80911,reaches_CEO,5,80911 > 140393 > 117030 > 109804 > 51535 > 61554
32290,reaches_CEO,5,32290 > 108164 > 32510 > 197876 > 11277 > 61554
184691,reaches_CEO,5,184691 > 153412 > 139507 > 97647 > 110464 > 61554
23803,reaches_CEO,5,23803 > 76073 > 184512 > 109804 > 51535 > 61554
70406,reaches_CEO,4,70406 > 91869 > 40920 > 110464 > 61554
168331,reaches_CEO,5,168331 > 111082 > 8665 > 34051 > 11277 > 61554
106595,reaches_CEO,5,106595 > 90237 > 193088 > 96752 > 11277 > 61554
146996,reaches_CEO,5,146996 > 107493 > 132307 > 185673 > 51535 > 61554
150432,reaches_CEO,5,150432 > 181996 > 113589 > 190801 > 51535 > 61554
128419,reaches_CEO,5,128419 > 71945 > 183869 > 185673 > 51535 > 61554
142275,reaches_CEO,5,142275 > 51288 > 140317 > 107152 > 51535 > 61554
25844,reaches_CEO,5,25844 > 170922 > 129381 > 142146 > 11277 > 61554
185089,reaches_CEO,5,185089 > 193518 > 78493 > 197876 > 11277 > 61554
109452,reaches_CEO,5,109452 > 169231 > 164851 > 154041 > 11277 > 61554
40546,reaches_CEO,5,40546 > 54315 > 78493 > 197876 > 11277 > 61554
135660,reaches_CEO,5,135660 > 33266 > 158490 > 74062 > 110464 > 61554
147117,reaches_CEO,5,147117 > 64087 > 45969 > 26053 > 93708 > 61554
129279,reaches_CEO,5,129279 > 88936 > 3235 > 84011 > 11277 > 61554
156473,reaches_CEO,5,156473 > 149970 > 155485 > 40920 > 110464 > 61554
3745,reaches_CEO,5,3745 > 178314 > 115539 > 71499 > 110464 > 61554
172625,reaches_CEO,5,172625 > 195165 > 113589 > 190801 > 51535 > 61554
88929,reaches_CEO,5,88929 > 122145 > 72243 > 162476 > 51535 > 61554
31561,reaches_CEO,5,31561 > 198032 > 183175 > 197876 > 11277 > 61554
193824,reaches_CEO,5,193824 > 34977 > 94362 > 34051 > 11277 > 61554
195709,reaches_CEO,5,195709 > 113618 > 103443 > 97647 > 110464 > 61554
195798,reaches_CEO,5,195798 > 177495 > 39785 > 177860 > 93708 > 61554
131556,reaches_CEO,5,131556 > 53012 > 91869 > 40920 > 110464 > 61554
144064,reaches_CEO,5,144064 > 121419 > 3802 > 133795 > 51535 > 61554
92863,reaches_CEO,5,92863 > 105542 > 162889 > 109308 > 110464 > 61554
161246,reaches_CEO,5,161246 > 139278 > 171266 > 71889 > 93708 > 61554
124491,reaches_CEO,5,124491 > 148032 > 172989 > 34051 > 11277 > 61554
34711,reaches_CEO,5,34711 > 150722 > 124893 > 149778 > 110464 > 61554
122197,reaches_CEO,4,122197 > 145161 > 69728 > 51535 > 61554
149510,reaches_CEO,5,149510 > 172321 > 145667 > 142146 > 11277 > 61554
130018,reaches_CEO,5,130018 > 88007 > 154897 > 34280 > 11277 > 61554
186634,reaches_CEO,5,186634 > 92210 > 78493 > 197876 > 11277 > 61554
154381,reaches_CEO,4,154381 > 66090 > 34280 > 11277 > 61554
29427,reaches_CEO,5,29427 > 168564 > 8665 > 34051 > 11277 > 61554
1612,reaches_CEO,5,1612 > 164439 > 191391 > 138045 > 110464 > 61554
152368,reaches_CEO,5,152368 > 46957 > 89002 > 34280 > 11277 > 61554
152562,reaches_CEO,5,152562 > 167877 > 119833 > 84011 > 11277 > 61554
48832,reaches_CEO,5,48832 > 45803 > 83356 > 84011 > 11277 > 61554
140451,reaches_CEO,5,140451 > 170076 > 3802 > 133795 > 51535 > 61554
187573,reaches_CEO,5,187573 > 107493 > 132307 > 185673 > 51535 > 61554
25202,reaches_CEO,5,25202 > 82463 > 158490 > 74062 > 110464 > 61554
31668,reaches_CEO,5,31668 > 109102 > 65451 > 139032 > 11277 > 61554
182142,reaches_CEO,5,182142 > 66160 > 79285 > 34280 > 11277 > 61554
55634,reaches_CEO,5,55634 > 30488 > 115539 > 71499 > 110464 > 61554
3192,reaches_CEO,5,3192 > 87847 > 91117 > 34051 > 11277 > 61554
121721,reaches_CEO,5,121721 > 127623 > 72243 > 162476 > 51535 > 61554
26469,reaches_CEO,5,26469 > 88936 > 3235 > 84011 > 11277 > 61554
148036,reaches_CEO,5,148036 > 78874 > 47127 > 84011 > 11277 > 61554
38747,reaches_CEO,5,38747 > 5374 > 167941 > 34051 > 11277 > 61554
98886,reaches_CEO,5,98886 > 83032 > 87344 > 138045 > 110464 > 61554
24238,reaches_CEO,5,24238 > 73489 > 198366 > 142146 > 11277 > 61554
71152,reaches_CEO,4,71152 > 21604 > 26053 > 93708 > 61554
79384,reaches_CEO,5,79384 > 162518 > 32510 > 197876 > 11277 > 61554
113578,reaches_CEO,4,113578 > 125912 > 107658 > 110464 > 61554
144976,reaches_CEO,4,144976 > 145667 > 142146 > 11277 > 61554
45701,reaches_CEO,5,45701 > 154703 > 18295 > 176367 > 51535 > 61554
126988,reaches_CEO,5,126988 > 135846 > 77851 > 36075 > 11277 > 61554
22109,reaches_CEO,5,22109 > 181311 > 17395 > 96752 > 11277 > 61554
51095,reaches_CEO,5,51095 > 47618 > 71532 > 109308 > 110464 > 61554
14236,reaches_CEO,5,14236 > 148795 > 49002 > 109804 > 51535 > 61554
2689,reaches_CEO,5,2689 > 60489 > 24489 > 176424 > 110464 > 61554
108033,reaches_CEO,5,108033 > 104759 > 20378 > 124994 > 93708 > 61554
68116,reaches_CEO,5,68116 > 177166 > 192589 > 55537 > 51535 > 61554
194090,reaches_CEO,5,194090 > 47863 > 40132 > 190801 > 51535 > 61554
68890,reaches_CEO,5,68890 > 60373 > 155485 > 40920 > 110464 > 61554
125912,reaches_CEO,3,125912 > 107658 > 110464 > 61554
151268,reaches_CEO,5,151268 > 56451 > 193088 > 96752 > 11277 > 61554
8165,reaches_CEO,5,8165 > 141211 > 116660 > 26053 > 93708 > 61554
40496,reaches_CEO,5,40496 > 116774 > 71595 > 55537 > 51535 > 61554
183858,reaches_CEO,5,183858 > 153291 > 141808 > 34051 > 11277 > 61554
52008,reaches_CEO,5,52008 > 122145 > 72243 > 162476 > 51535 > 61554
90169,reaches_CEO,5,90169 > 81490 > 65174 > 154041 > 11277 > 61554
190019,reaches_CEO,5,190019 > 156927 > 181566 > 97647 > 110464 > 61554
13261,reaches_CEO,5,13261 > 119991 > 184512 > 109804 > 51535 > 61554
168567,reaches_CEO,5,168567 > 186283 > 132307 > 185673 > 51535 > 61554
157982,reaches_CEO,5,157982 > 196660 > 94454 > 84011 > 11277 > 61554
35838,reaches_CEO,5,35838 > 14226 > 21604 > 26053 > 93708 > 61554
11308,reaches_CEO,5,11308 > 132360 > 120639 > 142146 > 11277 > 61554
15132,reaches_CEO,5,15132 > 180854 > 65451 > 139032 > 11277 > 61554
71153,reaches_CEO,5,71153 > 127266 > 70434 > 149778 > 110464 > 61554
176264,reaches_CEO,5,176264 > 30640 > 92567 > 162476 > 51535 > 61554
162476,reaches_CEO,2,162476 > 51535 > 61554
99226,reaches_CEO,5,99226 > 111082 > 8665 > 34051 > 11277 > 61554
168126,reaches_CEO,5,168126 > 187053 > 194121 > 176367 > 51535 > 61554
197690,reaches_CEO,5,197690 > 168564 > 8665 > 34051 > 11277 > 61554
51039,reaches_CEO,5,51039 > 181781 > 110260 > 125855 > 93708 > 61554
160261,reaches_CEO,4,160261 > 23830 > 74062 > 110464 > 61554
112505,reaches_CEO,5,112505 > 97919 > 110260 > 125855 > 93708 > 61554
136319,reaches_CEO,5,136319 > 52313 > 135238 > 84011 > 11277 > 61554
132004,reaches_CEO,5,132004 > 90834 > 157492 > 34280 > 11277 > 61554
41553,reaches_CEO,5,41553 > 198424 > 115539 > 71499 > 110464 > 61554
28558,reaches_CEO,5,28558 > 51121 > 59566 > 125855 > 93708 > 61554
25805,reaches_CEO,4,25805 > 8665 > 34051 > 11277 > 61554
91423,reaches_CEO,5,91423 > 65126 > 125912 > 107658 > 110464 > 61554
73303,reaches_CEO,5,73303 > 122567 > 42270 > 79693 > 51535 > 61554
46955,reaches_CEO,5,46955 > 198648 > 114137 > 107658 > 110464 > 61554
179719,reaches_CEO,5,179719 > 192369 > 131950 > 96752 > 11277 > 61554
34531,reaches_CEO,5,34531 > 116180 > 113589 > 190801 > 51535 > 61554
37921,reaches_CEO,5,37921 > 102043 > 89053 > 97647 > 110464 > 61554
141415,reaches_CEO,5,141415 > 23120 > 155485 > 40920 > 110464 > 61554
153913,reaches_CEO,5,153913 > 93223 > 92567 > 162476 > 51535 > 61554
152500,reaches_CEO,2,152500 > 93708 > 61554
174687,reaches_CEO,5,174687 > 95609 > 119833 > 84011 > 11277 > 61554
109610,reaches_CEO,5,109610 > 29733 > 50665 > 71889 > 93708 > 61554
58032,reaches_CEO,5,58032 > 81860 > 49002 > 109804 > 51535 > 61554
44721,reaches_CEO,5,44721 > 48120 > 140317 > 107152 > 51535 > 61554
193134,reaches_CEO,5,193134 > 87733 > 198366 > 142146 > 11277 > 61554
194761,reaches_CEO,5,194761 > 25934 > 154285 > 107152 > 51535 > 61554
154572,reaches_CEO,5,154572 > 8182 > 181310 > 139032 > 11277 > 61554
196157,reaches_CEO,5,196157 > 193518 > 78493 > 197876 > 11277 > 61554
37584,reaches_CEO,5,37584 > 5374 > 167941 > 34051 > 11277 > 61554
193265,reaches_CEO,5,193265 > 125114 > 41533 > 177860 > 93708 > 61554
31385,reaches_CEO,5,31385 > 92845 > 92567 > 162476 > 51535 > 61554
31096,reaches_CEO,5,31096 > 131063 > 5692 > 149778 > 110464 > 61554
71547,reaches_CEO,5,71547 > 164638 > 47755 > 154041 > 11277 > 61554
29010,reaches_CEO,5,29010 > 159906 > 65174 > 154041 > 11277 > 61554
108164,reaches_CEO,4,108164 > 32510 > 197876 > 11277 > 61554
113108,reaches_CEO,5,113108 > 7966 > 49727 > 84011 > 11277 > 61554
30050,reaches_CEO,5,30050 > 119231 > 165426 > 124994 > 93708 > 61554
5506,reaches_CEO,5,5506 > 130204 > 115907 > 97647 > 110464 > 61554
29908,reaches_CEO,5,29908 > 73489 > 198366 > 142146 > 11277 > 61554
149380,reaches_CEO,5,149380 > 122145 > 72243 > 162476 > 51535 > 61554
114056,reaches_CEO,5,114056 > 43858 > 171351 > 79693 > 51535 > 61554
55488,reaches_CEO,5,55488 > 149245 > 91869 > 40920 > 110464 > 61554
30701,reaches_CEO,5,30701 > 65126 > 125912 > 107658 > 110464 > 61554
177929,reaches_CEO,5,177929 > 148865 > 24691 > 56068 > 11277 > 61554
9211,reaches_CEO,5,9211 > 55972 > 59566 > 125855 > 93708 > 61554
95567,reaches_CEO,5,95567 > 144927 > 94454 > 84011 > 11277 > 61554
167586,reaches_CEO,5,167586 > 66591 > 78493 > 197876 > 11277 > 61554
175366,reaches_CEO,5,175366 > 8663 > 193088 > 96752 > 11277 > 61554
137159,reaches_CEO,5,137159 > 27704 > 171907 > 142146 > 11277 > 61554
16409,reaches_CEO,5,16409 > 192145 > 145667 > 142146 > 11277 > 61554
144626,reaches_CEO,5,144626 > 180037 > 167941 > 34051 > 11277 > 61554
42044,reaches_CEO,5,42044 > 146473 > 156036 > 74062 > 110464 > 61554
94934,reaches_CEO,5,94934 > 123258 > 69550 > 74062 > 110464 > 61554
127350,reaches_CEO,5,127350 > 110508 > 183869 > 185673 > 51535 > 61554
63732,reaches_CEO,5,63732 > 64452 > 3235 > 84011 > 11277 > 61554
130568,reaches_CEO,5,130568 > 75246 > 140317 > 107152 > 51535 > 61554
63086,reaches_CEO,5,63086 > 183045 > 39726 > 69728 > 51535 > 61554
98173,reaches_CEO,5,98173 > 4394 > 118233 > 149778 > 110464 > 61554
86808,reaches_CEO,5,86808 > 168564 > 8665 > 34051 > 11277 > 61554
103273,reaches_CEO,5,103273 > 168797 > 6027 > 74062 > 110464 > 61554
4598,reaches_CEO,5,4598 > 110508 > 183869 > 185673 > 51535 > 61554
78516,reaches_CEO,4,78516 > 164851 > 154041 > 11277 > 61554
138569,reaches_CEO,5,138569 > 43602 > 18295 > 176367 > 51535 > 61554
26957,reaches_CEO,5,26957 > 198879 > 83356 > 84011 > 11277 > 61554
9397,reaches_CEO,5,9397 > 20901 > 189937 > 55537 > 51535 > 61554
89868,reaches_CEO,5,89868 > 1872 > 154285 > 107152 > 51535 > 61554
152026,reaches_CEO,5,152026 > 195165 > 113589 > 190801 > 51535 > 61554
19305,reaches_CEO,5,19305 > 166928 > 189937 > 55537 > 51535 > 61554
189297,reaches_CEO,5,189297 > 182556 > 107049 > 34280 > 11277 > 61554
188109,reaches_CEO,5,188109 > 148865 > 24691 > 56068 > 11277 > 61554
152392,reaches_CEO,5,152392 > 77844 > 3917 > 139032 > 11277 > 61554
150161,reaches_CEO,5,150161 > 69379 > 183175 > 197876 > 11277 > 61554
84669,reaches_CEO,5,84669 > 141079 > 119481 > 79693 > 51535 > 61554
103002,reaches_CEO,5,103002 > 5743 > 49727 > 84011 > 11277 > 61554
108754,reaches_CEO,5,108754 > 139278 > 171266 > 71889 > 93708 > 61554
135984,reaches_CEO,5,135984 > 27704 > 171907 > 142146 > 11277 > 61554
42948,reaches_CEO,5,42948 > 139278 > 171266 > 71889 > 93708 > 61554
146806,reaches_CEO,5,146806 > 189742 > 116660 > 26053 > 93708 > 61554
11277,reaches_CEO,1,11277 > 61554
66558,reaches_CEO,5,66558 > 52920 > 65522 > 34051 > 11277 > 61554
120041,reaches_CEO,5,120041 > 32938 > 42270 > 79693 > 51535 > 61554
194871,reaches_CEO,5,194871 > 149135 > 119481 > 79693 > 51535 > 61554
125339,reaches_CEO,5,125339 > 111508 > 82419 > 74062 > 110464 > 61554
53096,reaches_CEO,5,53096 > 69943 > 154897 > 34280 > 11277 > 61554
48546,reaches_CEO,5,48546 > 196058 > 5692 > 149778 > 110464 > 61554
74315,reaches_CEO,5,74315 > 174800 > 158490 > 74062 > 110464 > 61554
60877,reaches_CEO,5,60877 > 66420 > 21604 > 26053 > 93708 > 61554
144296,reaches_CEO,5,144296 > 95609 > 119833 > 84011 > 11277 > 61554
123358,reaches_CEO,4,123358 > 167941 > 34051 > 11277 > 61554
88335,reaches_CEO,5,88335 > 65883 > 103443 > 97647 > 110464 > 61554
4513,reaches_CEO,5,4513 > 172321 > 145667 > 142146 > 11277 > 61554
24287,reaches_CEO,4,24287 > 192056 > 71889 > 93708 > 61554
160388,reaches_CEO,5,160388 > 19806 > 32510 > 197876 > 11277 > 61554
22987,reaches_CEO,5,22987 > 87613 > 140317 > 107152 > 51535 > 61554
58926,reaches_CEO,5,58926 > 70547 > 168545 > 176424 > 110464 > 61554
51447,reaches_CEO,5,51447 > 144976 > 145667 > 142146 > 11277 > 61554
85766,reaches_CEO,5,85766 > 7966 > 49727 > 84011 > 11277 > 61554
48328,reaches_CEO,5,48328 > 54136 > 69550 > 74062 > 110464 > 61554
173016,reaches_CEO,5,173016 > 45803 > 83356 > 84011 > 11277 > 61554
63479,reaches_CEO,5,63479 > 103912 > 89002 > 34280 > 11277 > 61554
185058,reaches_CEO,5,185058 > 64452 > 3235 > 84011 > 11277 > 61554
96741,reaches_CEO,5,96741 > 99139 > 3917 > 139032 > 11277 > 61554
122469,reaches_CEO,5,122469 > 105395 > 17837 > 176367 > 51535 > 61554
17785,reaches_CEO,5,17785 > 48120 > 140317 > 107152 > 51535 > 61554
17395,reaches_CEO,3,17395 > 96752 > 11277 > 61554
144480,reaches_CEO,5,144480 > 23120 > 155485 > 40920 > 110464 > 61554
169527,reaches_CEO,5,169527 > 188118 > 114472 > 197876 > 11277 > 61554
189125,reaches_CEO,5,189125 > 79 > 65174 > 154041 > 11277 > 61554
9706,reaches_CEO,4,9706 > 78493 > 197876 > 11277 > 61554
58956,reaches_CEO,5,58956 > 26757 > 23830 > 74062 > 110464 > 61554
102724,reaches_CEO,5,102724 > 1610 > 145161 > 69728 > 51535 > 61554
138502,reaches_CEO,5,138502 > 159996 > 94362 > 34051 > 11277 > 61554
59390,reaches_CEO,5,59390 > 165717 > 157492 > 34280 > 11277 > 61554
89523,reaches_CEO,4,89523 > 66119 > 34051 > 11277 > 61554
48836,reaches_CEO,5,48836 > 52923 > 134865 > 197876 > 11277 > 61554
89895,reaches_CEO,5,89895 > 73982 > 65522 > 34051 > 11277 > 61554
109596,reaches_CEO,5,109596 > 110878 > 119481 > 79693 > 51535 > 61554
58544,reaches_CEO,5,58544 > 138948 > 24489 > 176424 > 110464 > 61554
189412,reaches_CEO,5,189412 > 87884 > 145161 > 69728 > 51535 > 61554
2483,reaches_CEO,5,2483 > 169849 > 192056 > 71889 > 93708 > 61554
6160,reaches_CEO,5,6160 > 67931 > 119481 > 79693 > 51535 > 61554
138363,reaches_CEO,5,138363 > 190060 > 181310 > 139032 > 11277 > 61554
136660,reaches_CEO,5,136660 > 171499 > 152076 > 69728 > 51535 > 61554
135966,reaches_CEO,5,135966 > 172948 > 39785 > 177860 > 93708 > 61554
12345,reaches_CEO,5,12345 > 191073 > 181201 > 139032 > 11277 > 61554
129779,reaches_CEO,5,129779 > 139180 > 71532 > 109308 > 110464 > 61554
176279,reaches_CEO,5,176279 > 179212 > 162889 > 109308 > 110464 > 61554
163651,reaches_CEO,5,163651 > 190065 > 143437 > 71499 > 110464 > 61554
122860,reaches_CEO,5,122860 > 162035 > 134865 > 197876 > 11277 > 61554
121956,reaches_CEO,5,121956 > 85791 > 134865 > 197876 > 11277 > 61554
130557,reaches_CEO,5,130557 > 143473 > 59566 > 125855 > 93708 > 61554
17383,reaches_CEO,5,17383 > 16510 > 77851 > 36075 > 11277 > 61554
158806,reaches_CEO,5,158806 > 81644 > 146629 > 190801 > 51535 > 61554
148380,reaches_CEO,5,148380 > 43937 > 95935 > 71889 > 93708 > 61554
87786,reaches_CEO,5,87786 > 4394 > 118233 > 149778 > 110464 > 61554
63104,reaches_CEO,5,63104 > 53826 > 185138 > 152500 > 93708 > 61554
167663,reaches_CEO,5,167663 > 34977 > 94362 > 34051 > 11277 > 61554
99680,reaches_CEO,5,99680 > 91254 > 23830 > 74062 > 110464 > 61554
186571,reaches_CEO,5,186571 > 139278 > 171266 > 71889 > 93708 > 61554
141542,reaches_CEO,5,141542 > 185285 > 198893 > 124994 > 93708 > 61554
87649,reaches_CEO,5,87649 > 192132 > 37154 > 138045 > 110464 > 61554
63419,reaches_CEO,5,63419 > 57938 > 192589 > 55537 > 51535 > 61554
178821,reaches_CEO,5,178821 > 50761 > 114137 > 107658 > 110464 > 61554
72918,reaches_CEO,5,72918 > 108164 > 32510 > 197876 > 11277 > 61554
30874,reaches_CEO,5,30874 > 150300 > 89053 > 97647 > 110464 > 61554
98967,reaches_CEO,4,98967 > 115539 > 71499 > 110464 > 61554
121453,reaches_CEO,5,121453 > 94447 > 39785 > 177860 > 93708 > 61554
74822,reaches_CEO,5,74822 > 150300 > 89053 > 97647 > 110464 > 61554
57366,reaches_CEO,5,57366 > 115591 > 66119 > 34051 > 11277 > 61554
112340,reaches_CEO,5,112340 > 74170 > 191418 > 36075 > 11277 > 61554
179122,reaches_CEO,5,179122 > 71585 > 65174 > 154041 > 11277 > 61554
72312,reaches_CEO,5,72312 > 18939 > 167941 > 34051 > 11277 > 61554
190778,reaches_CEO,4,190778 > 155485 > 40920 > 110464 > 61554
5250,reaches_CEO,5,5250 > 754 > 25036 > 152500 > 93708 > 61554
67501,reaches_CEO,5,67501 > 71115 > 92567 > 162476 > 51535 > 61554
106770,reaches_CEO,5,106770 > 156927 > 181566 > 97647 > 110464 > 61554
123063,reaches_CEO,5,123063 > 164326 > 193088 > 96752 > 11277 > 61554
97780,reaches_CEO,5,97780 > 167650 > 119481 > 79693 > 51535 > 61554
71269,reaches_CEO,5,71269 > 108428 > 117030 > 109804 > 51535 > 61554
38792,reaches_CEO,5,38792 > 41808 > 89619 > 26053 > 93708 > 61554
39534,reaches_CEO,5,39534 > 19524 > 167223 > 40920 > 110464 > 61554
165096,reaches_CEO,5,165096 > 191073 > 181201 > 139032 > 11277 > 61554
84212,reaches_CEO,5,84212 > 197832 > 139507 > 97647 > 110464 > 61554
70578,reaches_CEO,5,70578 > 151005 > 134556 > 138045 > 110464 > 61554
172321,reaches_CEO,4,172321 > 145667 > 142146 > 11277 > 61554
92601,reaches_CEO,5,92601 > 47472 > 7558 > 69728 > 51535 > 61554
51821,reaches_CEO,5,51821 > 89837 > 37154 > 138045 > 110464 > 61554
101323,reaches_CEO,5,101323 > 115856 > 3235 > 84011 > 11277 > 61554
171793,reaches_CEO,5,171793 > 180006 > 24681 > 124994 > 93708 > 61554
160121,reaches_CEO,5,160121 > 75246 > 140317 > 107152 > 51535 > 61554
128205,reaches_CEO,5,128205 > 9400 > 138823 > 124994 > 93708 > 61554
156429,reaches_CEO,5,156429 > 140061 > 181201 > 139032 > 11277 > 61554
70840,reaches_CEO,5,70840 > 187053 > 194121 > 176367 > 51535 > 61554
169744,reaches_CEO,5,169744 > 55636 > 45969 > 26053 > 93708 > 61554
94362,reaches_CEO,3,94362 > 34051 > 11277 > 61554
4942,reaches_CEO,5,4942 > 74818 > 181310 > 139032 > 11277 > 61554
76394,reaches_CEO,5,76394 > 192132 > 37154 > 138045 > 110464 > 61554
2870,reaches_CEO,5,2870 > 158056 > 33814 > 190801 > 51535 > 61554
162063,reaches_CEO,5,162063 > 159098 > 5342 > 133795 > 51535 > 61554
128544,reaches_CEO,5,128544 > 122762 > 17395 > 96752 > 11277 > 61554
80791,reaches_CEO,5,80791 > 102043 > 89053 > 97647 > 110464 > 61554
2422,reaches_CEO,5,2422 > 4440 > 155485 > 40920 > 110464 > 61554
188360,reaches_CEO,5,188360 > 105542 > 162889 > 109308 > 110464 > 61554
123223,reaches_CEO,5,123223 > 62990 > 129381 > 142146 > 11277 > 61554
125684,reaches_CEO,5,125684 > 29749 > 39785 > 177860 > 93708 > 61554
33715,reaches_CEO,5,33715 > 92765 > 42270 > 79693 > 51535 > 61554
97010,reaches_CEO,5,97010 > 182028 > 184512 > 109804 > 51535 > 61554
165575,reaches_CEO,5,165575 > 41335 > 33814 > 190801 > 51535 > 61554
99936,reaches_CEO,5,99936 > 144401 > 94362 > 34051 > 11277 > 61554
67504,reaches_CEO,5,67504 > 62043 > 189937 > 55537 > 51535 > 61554
185403,reaches_CEO,5,185403 > 124014 > 79285 > 34280 > 11277 > 61554
188215,reaches_CEO,5,188215 > 77556 > 45969 > 26053 > 93708 > 61554
112479,reaches_CEO,5,112479 > 190566 > 168545 > 176424 > 110464 > 61554
17060,reaches_CEO,5,17060 > 121527 > 139507 > 97647 > 110464 > 61554
79594,reaches_CEO,5,79594 > 4384 > 138823 > 124994 > 93708 > 61554
68222,reaches_CEO,4,68222 > 24681 > 124994 > 93708 > 61554
84948,reaches_CEO,5,84948 > 182531 > 47127 > 84011 > 11277 > 61554
29996,reaches_CEO,5,29996 > 197832 > 139507 > 97647 > 110464 > 61554
30765,reaches_CEO,5,30765 > 19524 > 167223 > 40920 > 110464 > 61554
82775,reaches_CEO,5,82775 > 55481 > 72243 > 162476 > 51535 > 61554
194710,reaches_CEO,5,194710 > 70406 > 91869 > 40920 > 110464 > 61554
10745,reaches_CEO,5,10745 > 95522 > 91869 > 40920 > 110464 > 61554
63585,reaches_CEO,5,63585 > 155437 > 119481 > 79693 > 51535 > 61554
178262,reaches_CEO,5,178262 > 88370 > 110260 > 125855 > 93708 > 61554
38388,reaches_CEO,5,38388 > 127623 > 72243 > 162476 > 51535 > 61554
32580,reaches_CEO,5,32580 > 148032 > 172989 > 34051 > 11277 > 61554
192145,reaches_CEO,4,192145 > 145667 > 142146 > 11277 > 61554
44989,reaches_CEO,5,44989 > 154292 > 72243 > 162476 > 51535 > 61554
178477,reaches_CEO,5,178477 > 73106 > 60121 > 109804 > 51535 > 61554
153738,reaches_CEO,5,153738 > 191495 > 100942 > 36075 > 11277 > 61554
174893,reaches_CEO,5,174893 > 49729 > 191418 > 36075 > 11277 > 61554
110369,reaches_CEO,5,110369 > 149135 > 119481 > 79693 > 51535 > 61554
59766,reaches_CEO,5,59766 > 64087 > 45969 > 26053 > 93708 > 61554
123051,reaches_CEO,5,123051 > 66420 > 21604 > 26053 > 93708 > 61554
187110,reaches_CEO,5,187110 > 155570 > 71532 > 109308 > 110464 > 61554
38927,reaches_CEO,5,38927 > 61988 > 49002 > 109804 > 51535 > 61554
128243,reaches_CEO,5,128243 > 115591 > 66119 > 34051 > 11277 > 61554
14275,reaches_CEO,5,14275 > 37220 > 7558 > 69728 > 51535 > 61554
144516,reaches_CEO,5,144516 > 76135 > 5692 > 149778 > 110464 > 61554
137063,reaches_CEO,5,137063 > 181996 > 113589 > 190801 > 51535 > 61554
66979,reaches_CEO,5,66979 > 23737 > 198893 > 124994 > 93708 > 61554
47905,reaches_CEO,5,47905 > 65856 > 120639 > 142146 > 11277 > 61554
196521,reaches_CEO,5,196521 > 146473 > 156036 > 74062 > 110464 > 61554
82904,reaches_CEO,5,82904 > 153291 > 141808 > 34051 > 11277 > 61554
49533,reaches_CEO,5,49533 > 134671 > 114472 > 197876 > 11277 > 61554
12756,reaches_CEO,5,12756 > 742 > 192056 > 71889 > 93708 > 61554
80128,reaches_CEO,4,80128 > 171907 > 142146 > 11277 > 61554
119126,reaches_CEO,5,119126 > 178147 > 24681 > 124994 > 93708 > 61554
189066,reaches_CEO,5,189066 > 148260 > 89053 > 97647 > 110464 > 61554
103251,reaches_CEO,5,103251 > 76641 > 154285 > 107152 > 51535 > 61554
144810,reaches_CEO,5,144810 > 182531 > 47127 > 84011 > 11277 > 61554
31013,reaches_CEO,5,31013 > 149135 > 119481 > 79693 > 51535 > 61554
27452,reaches_CEO,5,27452 > 85717 > 47127 > 84011 > 11277 > 61554
48494,reaches_CEO,5,48494 > 63077 > 49727 > 84011 > 11277 > 61554
189230,reaches_CEO,5,189230 > 101819 > 87379 > 176367 > 51535 > 61554
60592,reaches_CEO,5,60592 > 130449 > 47755 > 154041 > 11277 > 61554
158156,reaches_CEO,5,158156 > 198424 > 115539 > 71499 > 110464 > 61554
115671,reaches_CEO,5,115671 > 175434 > 157492 > 34280 > 11277 > 61554
174328,reaches_CEO,5,174328 > 171499 > 152076 > 69728 > 51535 > 61554
161265,reaches_CEO,5,161265 > 191073 > 181201 > 139032 > 11277 > 61554
186640,reaches_CEO,5,186640 > 94030 > 78493 > 197876 > 11277 > 61554
98274,reaches_CEO,5,98274 > 29508 > 77857 > 152500 > 93708 > 61554
35617,reaches_CEO,5,35617 > 64750 > 183869 > 185673 > 51535 > 61554
56198,reaches_CEO,5,56198 > 132360 > 120639 > 142146 > 11277 > 61554
109843,reaches_CEO,5,109843 > 172717 > 41533 > 177860 > 93708 > 61554
135015,reaches_CEO,5,135015 > 171499 > 152076 > 69728 > 51535 > 61554
172840,reaches_CEO,5,172840 > 18939 > 167941 > 34051 > 11277 > 61554
43246,reaches_CEO,5,43246 > 123103 > 72243 > 162476 > 51535 > 61554
23613,reaches_CEO,5,23613 > 162381 > 193330 > 162476 > 51535 > 61554
126631,reaches_CEO,5,126631 > 59555 > 156036 > 74062 > 110464 > 61554
156927,reaches_CEO,4,156927 > 181566 > 97647 > 110464 > 61554
74631,reaches_CEO,5,74631 > 175558 > 72243 > 162476 > 51535 > 61554
7153,reaches_CEO,5,7153 > 141079 > 119481 > 79693 > 51535 > 61554
190367,reaches_CEO,5,190367 > 129734 > 17837 > 176367 > 51535 > 61554
163330,reaches_CEO,5,163330 > 126515 > 24681 > 124994 > 93708 > 61554
84813,reaches_CEO,5,84813 > 59939 > 91869 > 40920 > 110464 > 61554
31832,reaches_CEO,5,31832 > 174122 > 152076 > 69728 > 51535 > 61554
65433,reaches_CEO,5,65433 > 5743 > 49727 > 84011 > 11277 > 61554
27472,reaches_CEO,5,27472 > 110508 > 183869 > 185673 > 51535 > 61554
68069,reaches_CEO,5,68069 > 194904 > 21604 > 26053 > 93708 > 61554
172709,reaches_CEO,5,172709 > 47748 > 89619 > 26053 > 93708 > 61554
27471,reaches_CEO,5,27471 > 92585 > 114137 > 107658 > 110464 > 61554
48189,reaches_CEO,5,48189 > 123258 > 69550 > 74062 > 110464 > 61554
157995,reaches_CEO,5,157995 > 29960 > 118233 > 149778 > 110464 > 61554
181206,reaches_CEO,5,181206 > 146111 > 21604 > 26053 > 93708 > 61554
143640,reaches_CEO,5,143640 > 123000 > 94454 > 84011 > 11277 > 61554
113441,reaches_CEO,5,113441 > 134048 > 78493 > 197876 > 11277 > 61554
139440,reaches_CEO,5,139440 > 194078 > 162889 > 109308 > 110464 > 61554
14226,reaches_CEO,4,14226 > 21604 > 26053 > 93708 > 61554
101547,reaches_CEO,5,101547 > 143317 > 94362 > 34051 > 11277 > 61554
187003,reaches_CEO,5,187003 > 118329 > 181201 > 139032 > 11277 > 61554
120584,reaches_CEO,5,120584 > 133420 > 120639 > 142146 > 11277 > 61554
160532,reaches_CEO,5,160532 > 185982 > 171907 > 142146 > 11277 > 61554
86367,reaches_CEO,5,86367 > 52525 > 192589 > 55537 > 51535 > 61554
90257,reaches_CEO,5,90257 > 75198 > 146600 > 107658 > 110464 > 61554
114734,reaches_CEO,5,114734 > 22090 > 156036 > 74062 > 110464 > 61554
127346,reaches_CEO,5,127346 > 193818 > 136905 > 71889 > 93708 > 61554
47066,reaches_CEO,5,47066 > 88936 > 3235 > 84011 > 11277 > 61554
126478,reaches_CEO,5,126478 > 40904 > 92567 > 162476 > 51535 > 61554
29410,reaches_CEO,4,29410 > 145161 > 69728 > 51535 > 61554
190316,reaches_CEO,5,190316 > 103421 > 5342 > 133795 > 51535 > 61554
100009,reaches_CEO,5,100009 > 167389 > 181201 > 139032 > 11277 > 61554
124148,reaches_CEO,5,124148 > 57185 > 57693 > 69728 > 51535 > 61554
141424,reaches_CEO,5,141424 > 123154 > 116660 > 26053 > 93708 > 61554
125601,reaches_CEO,5,125601 > 113124 > 65451 > 139032 > 11277 > 61554
30450,reaches_CEO,5,30450 > 64724 > 37154 > 138045 > 110464 > 61554
14978,reaches_CEO,5,14978 > 119774 > 66119 > 34051 > 11277 > 61554
64221,reaches_CEO,5,64221 > 34134 > 172989 > 34051 > 11277 > 61554
126210,reaches_CEO,5,126210 > 68201 > 41945 > 84011 > 11277 > 61554
21212,reaches_CEO,5,21212 > 126368 > 183175 > 197876 > 11277 > 61554
197272,reaches_CEO,5,197272 > 198778 > 167482 > 133795 > 51535 > 61554
39290,reaches_CEO,5,39290 > 126515 > 24681 > 124994 > 93708 > 61554
48441,reaches_CEO,5,48441 > 113578 > 125912 > 107658 > 110464 > 61554
63178,reaches_CEO,5,63178 > 177772 > 134556 > 138045 > 110464 > 61554
40507,reaches_CEO,5,40507 > 170431 > 5692 > 149778 > 110464 > 61554
1039,reaches_CEO,5,1039 > 88370 > 110260 > 125855 > 93708 > 61554
77613,reaches_CEO,4,77613 > 66090 > 34280 > 11277 > 61554
99022,reaches_CEO,5,99022 > 193518 > 78493 > 197876 > 11277 > 61554
196660,reaches_CEO,4,196660 > 94454 > 84011 > 11277 > 61554
170745,reaches_CEO,5,170745 > 114011 > 28697 > 79693 > 51535 > 61554
52889,reaches_CEO,5,52889 > 147106 > 164851 > 154041 > 11277 > 61554
153797,reaches_CEO,5,153797 > 172250 > 115907 > 97647 > 110464 > 61554
73169,reaches_CEO,5,73169 > 173939 > 156036 > 74062 > 110464 > 61554
161113,reaches_CEO,5,161113 > 55636 > 45969 > 26053 > 93708 > 61554
99321,reaches_CEO,5,99321 > 55883 > 49002 > 109804 > 51535 > 61554
183797,reaches_CEO,5,183797 > 135848 > 121096 > 40920 > 110464 > 61554
1349,reaches_CEO,5,1349 > 134658 > 65522 > 34051 > 11277 > 61554
136171,reaches_CEO,5,136171 > 7255 > 167482 > 133795 > 51535 > 61554
47697,reaches_CEO,5,47697 > 152791 > 154897 > 34280 > 11277 > 61554
55492,reaches_CEO,5,55492 > 191454 > 191391 > 138045 > 110464 > 61554
82874,reaches_CEO,5,82874 > 62081 > 3917 > 139032 > 11277 > 61554
101162,reaches_CEO,5,101162 > 113578 > 125912 > 107658 > 110464 > 61554
189937,reaches_CEO,3,189937 > 55537 > 51535 > 61554
49181,reaches_CEO,5,49181 > 122567 > 42270 > 79693 > 51535 > 61554
173465,reaches_CEO,5,173465 > 175548 > 116660 > 26053 > 93708 > 61554
191485,reaches_CEO,4,191485 > 89002 > 34280 > 11277 > 61554
28522,reaches_CEO,5,28522 > 122762 > 17395 > 96752 > 11277 > 61554
55909,reaches_CEO,5,55909 > 113124 > 65451 > 139032 > 11277 > 61554
112433,reaches_CEO,5,112433 > 23737 > 198893 > 124994 > 93708 > 61554
188732,reaches_CEO,5,188732 > 169833 > 59566 > 125855 > 93708 > 61554
166089,reaches_CEO,5,166089 > 53390 > 8665 > 34051 > 11277 > 61554
27588,reaches_CEO,5,27588 > 119658 > 61403 > 69728 > 51535 > 61554
160478,reaches_CEO,5,160478 > 123502 > 39785 > 177860 > 93708 > 61554
101819,reaches_CEO,4,101819 > 87379 > 176367 > 51535 > 61554
111615,reaches_CEO,5,111615 > 7212 > 69550 > 74062 > 110464 > 61554
180006,reaches_CEO,4,180006 > 24681 > 124994 > 93708 > 61554
51416,reaches_CEO,5,51416 > 91345 > 32510 > 197876 > 11277 > 61554
182289,reaches_CEO,5,182289 > 190060 > 181310 > 139032 > 11277 > 61554
70675,reaches_CEO,5,70675 > 125755 > 158490 > 74062 > 110464 > 61554
158402,reaches_CEO,5,158402 > 15768 > 77857 > 152500 > 93708 > 61554
71223,reaches_CEO,5,71223 > 47472 > 7558 > 69728 > 51535 > 61554
179890,reaches_CEO,5,179890 > 129734 > 17837 > 176367 > 51535 > 61554
69543,reaches_CEO,5,69543 > 14241 > 37154 > 138045 > 110464 > 61554
126031,reaches_CEO,5,126031 > 70406 > 91869 > 40920 > 110464 > 61554
80966,reaches_CEO,5,80966 > 133420 > 120639 > 142146 > 11277 > 61554
91860,reaches_CEO,5,91860 > 194078 > 162889 > 109308 > 110464 > 61554
51792,reaches_CEO,5,51792 > 198531 > 49727 > 84011 > 11277 > 61554
14465,reaches_CEO,4,14465 > 116660 > 26053 > 93708 > 61554
82636,reaches_CEO,5,82636 > 130449 > 47755 > 154041 > 11277 > 61554
142156,reaches_CEO,5,142156 > 98419 > 69550 > 74062 > 110464 > 61554
38684,reaches_CEO,5,38684 > 194078 > 162889 > 109308 > 110464 > 61554
173241,reaches_CEO,5,173241 > 159098 > 5342 > 133795 > 51535 > 61554
164008,reaches_CEO,5,164008 > 5282 > 32248 > 34280 > 11277 > 61554
131850,reaches_CEO,5,131850 > 150189 > 138823 > 124994 > 93708 > 61554
144038,reaches_CEO,5,144038 > 52313 > 135238 > 84011 > 11277 > 61554
146954,reaches_CEO,5,146954 > 136147 > 100942 > 36075 > 11277 > 61554
186958,reaches_CEO,5,186958 > 174122 > 152076 > 69728 > 51535 > 61554
112848,reaches_CEO,5,112848 > 91002 > 24489 > 176424 > 110464 > 61554
93194,reaches_CEO,5,93194 > 48912 > 171351 > 79693 > 51535 > 61554
10095,reaches_CEO,5,10095 > 116119 > 125912 > 107658 > 110464 > 61554
106639,reaches_CEO,5,106639 > 10357 > 196484 > 176424 > 110464 > 61554
179837,reaches_CEO,5,179837 > 127266 > 70434 > 149778 > 110464 > 61554
170431,reaches_CEO,4,170431 > 5692 > 149778 > 110464 > 61554
140777,reaches_CEO,5,140777 > 22977 > 41533 > 177860 > 93708 > 61554
104484,reaches_CEO,5,104484 > 61811 > 78493 > 197876 > 11277 > 61554
152219,reaches_CEO,5,152219 > 70819 > 161284 > 109804 > 51535 > 61554
97381,reaches_CEO,5,97381 > 172717 > 41533 > 177860 > 93708 > 61554
64113,reaches_CEO,5,64113 > 129410 > 3917 > 139032 > 11277 > 61554
160494,reaches_CEO,5,160494 > 172250 > 115907 > 97647 > 110464 > 61554
12374,reaches_CEO,5,12374 > 180925 > 141808 > 34051 > 11277 > 61554
142895,reaches_CEO,5,142895 > 29547 > 47553 > 69728 > 51535 > 61554
76641,reaches_CEO,4,76641 > 154285 > 107152 > 51535 > 61554
194252,reaches_CEO,5,194252 > 132283 > 49002 > 109804 > 51535 > 61554
106872,reaches_CEO,5,106872 > 123103 > 72243 > 162476 > 51535 > 61554
158660,reaches_CEO,5,158660 > 198424 > 115539 > 71499 > 110464 > 61554
46407,reaches_CEO,5,46407 > 162196 > 39726 > 69728 > 51535 > 61554
81644,reaches_CEO,4,81644 > 146629 > 190801 > 51535 > 61554
82056,reaches_CEO,5,82056 > 9239 > 47127 > 84011 > 11277 > 61554
105637,reaches_CEO,5,105637 > 48912 > 171351 > 79693 > 51535 > 61554
162047,reaches_CEO,5,162047 > 159098 > 5342 > 133795 > 51535 > 61554
162864,reaches_CEO,5,162864 > 153412 > 139507 > 97647 > 110464 > 61554
141317,reaches_CEO,4,141317 > 24691 > 56068 > 11277 > 61554
43748,reaches_CEO,5,43748 > 128511 > 57693 > 69728 > 51535 > 61554
121195,reaches_CEO,5,121195 > 198624 > 157530 > 71889 > 93708 > 61554
148916,reaches_CEO,5,148916 > 45803 > 83356 > 84011 > 11277 > 61554
77369,reaches_CEO,5,77369 > 164326 > 193088 > 96752 > 11277 > 61554
146110,reaches_CEO,5,146110 > 94611 > 194121 > 176367 > 51535 > 61554
13305,reaches_CEO,5,13305 > 50679 > 181310 > 139032 > 11277 > 61554
165473,reaches_CEO,5,165473 > 15768 > 77857 > 152500 > 93708 > 61554
111431,reaches_CEO,5,111431 > 175593 > 167941 > 34051 > 11277 > 61554
182118,reaches_CEO,5,182118 > 1872 > 154285 > 107152 > 51535 > 61554
188692,reaches_CEO,5,188692 > 73254 > 192056 > 71889 > 93708 > 61554
160658,reaches_CEO,5,160658 > 53856 > 16178 > 71889 > 93708 > 61554
34577,reaches_CEO,5,34577 > 170076 > 3802 > 133795 > 51535 > 61554
58227,reaches_CEO,5,58227 > 158056 > 33814 > 190801 > 51535 > 61554
106521,reaches_CEO,5,106521 > 75242 > 60121 > 109804 > 51535 > 61554
137109,reaches_CEO,5,137109 > 22887 > 24015 > 125855 > 93708 > 61554
72878,reaches_CEO,5,72878 > 79237 > 124893 > 149778 > 110464 > 61554
99138,reaches_CEO,5,99138 > 79807 > 92567 > 162476 > 51535 > 61554
74514,reaches_CEO,5,74514 > 102102 > 78493 > 197876 > 11277 > 61554
565,reaches_CEO,5,565 > 21470 > 143437 > 71499 > 110464 > 61554
167354,reaches_CEO,5,167354 > 95609 > 119833 > 84011 > 11277 > 61554
98095,reaches_CEO,5,98095 > 61038 > 65451 > 139032 > 11277 > 61554
85430,reaches_CEO,5,85430 > 79193 > 91117 > 34051 > 11277 > 61554
145097,reaches_CEO,5,145097 > 92403 > 59535 > 154041 > 11277 > 61554
74556,reaches_CEO,5,74556 > 151696 > 77857 > 152500 > 93708 > 61554
136617,reaches_CEO,5,136617 > 51121 > 59566 > 125855 > 93708 > 61554
184998,reaches_CEO,4,184998 > 183175 > 197876 > 11277 > 61554
134158,reaches_CEO,5,134158 > 80043 > 99397 > 71889 > 93708 > 61554
36929,reaches_CEO,5,36929 > 92403 > 59535 > 154041 > 11277 > 61554
138834,reaches_CEO,5,138834 > 34977 > 94362 > 34051 > 11277 > 61554
92799,reaches_CEO,5,92799 > 196660 > 94454 > 84011 > 11277 > 61554
159129,reaches_CEO,5,159129 > 142630 > 171266 > 71889 > 93708 > 61554
34247,reaches_CEO,5,34247 > 78215 > 181201 > 139032 > 11277 > 61554
102815,reaches_CEO,4,102815 > 79285 > 34280 > 11277 > 61554
134038,reaches_CEO,5,134038 > 51288 > 140317 > 107152 > 51535 > 61554
59052,reaches_CEO,5,59052 > 29733 > 50665 > 71889 > 93708 > 61554
150668,reaches_CEO,5,150668 > 171461 > 138823 > 124994 > 93708 > 61554
153586,reaches_CEO,5,153586 > 148646 > 47553 > 69728 > 51535 > 61554
153255,reaches_CEO,5,153255 > 134536 > 5342 > 133795 > 51535 > 61554
43568,reaches_CEO,5,43568 > 98419 > 69550 > 74062 > 110464 > 61554
19232,reaches_CEO,5,19232 > 69200 > 79285 > 34280 > 11277 > 61554
81143,reaches_CEO,5,81143 > 71757 > 91869 > 40920 > 110464 > 61554
132329,reaches_CEO,5,132329 > 130204 > 115907 > 97647 > 110464 > 61554
55874,reaches_CEO,5,55874 > 172541 > 138823 > 124994 > 93708 > 61554
23405,reaches_CEO,5,23405 > 123502 > 39785 > 177860 > 93708 > 61554
32217,reaches_CEO,5,32217 > 78997 > 117030 > 109804 > 51535 > 61554
152,reaches_CEO,5,152 > 81421 > 45969 > 26053 > 93708 > 61554
3909,reaches_CEO,5,3909 > 113189 > 193088 > 96752 > 11277 > 61554
65485,reaches_CEO,5,65485 > 191073 > 181201 > 139032 > 11277 > 61554
8665,reaches_CEO,3,8665 > 34051 > 11277 > 61554
112428,reaches_CEO,5,112428 > 162381 > 193330 > 162476 > 51535 > 61554
92936,reaches_CEO,5,92936 > 53012 > 91869 > 40920 > 110464 > 61554
148619,reaches_CEO,5,148619 > 14470 > 191418 > 36075 > 11277 > 61554
174247,reaches_CEO,5,174247 > 11275 > 87344 > 138045 > 110464 > 61554
65558,reaches_CEO,5,65558 > 58365 > 196484 > 176424 > 110464 > 61554
157865,reaches_CEO,5,157865 > 134536 > 5342 > 133795 > 51535 > 61554
125001,reaches_CEO,5,125001 > 127266 > 70434 > 149778 > 110464 > 61554
97863,reaches_CEO,5,97863 > 61517 > 110260 > 125855 > 93708 > 61554
83872,reaches_CEO,5,83872 > 148865 > 24691 > 56068 > 11277 > 61554
98326,reaches_CEO,5,98326 > 134048 > 78493 > 197876 > 11277 > 61554
176941,reaches_CEO,5,176941 > 198814 > 181566 > 97647 > 110464 > 61554
116536,reaches_CEO,5,116536 > 20828 > 156036 > 74062 > 110464 > 61554
43628,reaches_CEO,5,43628 > 115591 > 66119 > 34051 > 11277 > 61554
87853,reaches_CEO,5,87853 > 12649 > 17837 > 176367 > 51535 > 61554
195665,reaches_CEO,5,195665 > 65856 > 120639 > 142146 > 11277 > 61554
1356,reaches_CEO,5,1356 > 4110 > 94454 > 84011 > 11277 > 61554
20371,reaches_CEO,5,20371 > 63077 > 49727 > 84011 > 11277 > 61554
188883,reaches_CEO,5,188883 > 198778 > 167482 > 133795 > 51535 > 61554
64501,reaches_CEO,5,64501 > 187183 > 143437 > 71499 > 110464 > 61554
116384,reaches_CEO,5,116384 > 125755 > 158490 > 74062 > 110464 > 61554
76205,reaches_CEO,5,76205 > 87847 > 91117 > 34051 > 11277 > 61554
73936,reaches_CEO,5,73936 > 64750 > 183869 > 185673 > 51535 > 61554
5743,reaches_CEO,4,5743 > 49727 > 84011 > 11277 > 61554
183035,reaches_CEO,5,183035 > 180037 > 167941 > 34051 > 11277 > 61554
168951,reaches_CEO,4,168951 > 120639 > 142146 > 11277 > 61554
86787,reaches_CEO,5,86787 > 168942 > 185138 > 152500 > 93708 > 61554
43937,reaches_CEO,4,43937 > 95935 > 71889 > 93708 > 61554
47849,reaches_CEO,5,47849 > 172321 > 145667 > 142146 > 11277 > 61554
12603,reaches_CEO,5,12603 > 25367 > 191391 > 138045 > 110464 > 61554
60230,reaches_CEO,5,60230 > 61988 > 49002 > 109804 > 51535 > 61554
33263,reaches_CEO,5,33263 > 57938 > 192589 > 55537 > 51535 > 61554
70747,reaches_CEO,5,70747 > 47863 > 40132 > 190801 > 51535 > 61554
163032,reaches_CEO,5,163032 > 146111 > 21604 > 26053 > 93708 > 61554
55188,reaches_CEO,5,55188 > 119302 > 25036 > 152500 > 93708 > 61554
166896,reaches_CEO,5,166896 > 39231 > 24681 > 124994 > 93708 > 61554
23051,reaches_CEO,5,23051 > 69379 > 183175 > 197876 > 11277 > 61554
124290,reaches_CEO,5,124290 > 30749 > 28697 > 79693 > 51535 > 61554
158826,reaches_CEO,5,158826 > 145710 > 167482 > 133795 > 51535 > 61554
43951,reaches_CEO,5,43951 > 54997 > 66119 > 34051 > 11277 > 61554
127356,reaches_CEO,5,127356 > 184885 > 77857 > 152500 > 93708 > 61554
197380,reaches_CEO,5,197380 > 90065 > 194121 > 176367 > 51535 > 61554
179506,reaches_CEO,5,179506 > 123258 > 69550 > 74062 > 110464 > 61554
63656,reaches_CEO,5,63656 > 92765 > 42270 > 79693 > 51535 > 61554
152662,reaches_CEO,5,152662 > 84230 > 5692 > 149778 > 110464 > 61554
65584,reaches_CEO,5,65584 > 19424 > 47553 > 69728 > 51535 > 61554
85426,reaches_CEO,4,85426 > 24015 > 125855 > 93708 > 61554
178617,reaches_CEO,5,178617 > 78215 > 181201 > 139032 > 11277 > 61554
91017,reaches_CEO,5,91017 > 157064 > 125912 > 107658 > 110464 > 61554
174723,reaches_CEO,5,174723 > 90639 > 103443 > 97647 > 110464 > 61554
172618,reaches_CEO,5,172618 > 94507 > 145161 > 69728 > 51535 > 61554
9597,reaches_CEO,5,9597 > 98520 > 70434 > 149778 > 110464 > 61554
46541,reaches_CEO,5,46541 > 5889 > 21604 > 26053 > 93708 > 61554
34370,reaches_CEO,5,34370 > 91345 > 32510 > 197876 > 11277 > 61554
179489,reaches_CEO,5,179489 > 129410 > 3917 > 139032 > 11277 > 61554
174500,reaches_CEO,5,174500 > 46178 > 42270 > 79693 > 51535 > 61554
116428,reaches_CEO,5,116428 > 145710 > 167482 > 133795 > 51535 > 61554
18455,reaches_CEO,5,18455 > 157966 > 134556 > 138045 > 110464 > 61554
181015,reaches_CEO,5,181015 > 169271 > 146600 > 107658 > 110464 > 61554
165137,reaches_CEO,5,165137 > 61811 > 78493 > 197876 > 11277 > 61554
60373,reaches_CEO,4,60373 > 155485 > 40920 > 110464 > 61554
26945,reaches_CEO,5,26945 > 170076 > 3802 > 133795 > 51535 > 61554
119480,reaches_CEO,5,119480 > 127275 > 42270 > 79693 > 51535 > 61554
13924,reaches_CEO,5,13924 > 64087 > 45969 > 26053 > 93708 > 61554
149485,reaches_CEO,4,149485 > 172989 > 34051 > 11277 > 61554
9992,reaches_CEO,5,9992 > 149485 > 172989 > 34051 > 11277 > 61554
147005,reaches_CEO,5,147005 > 73034 > 161284 > 109804 > 51535 > 61554
167986,reaches_CEO,5,167986 > 109254 > 191418 > 36075 > 11277 > 61554
34376,reaches_CEO,5,34376 > 10922 > 198366 > 142146 > 11277 > 61554
32159,reaches_CEO,4,32159 > 176804 > 139032 > 11277 > 61554
121591,reaches_CEO,5,121591 > 53390 > 8665 > 34051 > 11277 > 61554
9641,reaches_CEO,5,9641 > 40904 > 92567 > 162476 > 51535 > 61554
171335,reaches_CEO,5,171335 > 183065 > 8207 > 185673 > 51535 > 61554
174106,reaches_CEO,5,174106 > 199184 > 66119 > 34051 > 11277 > 61554
108055,reaches_CEO,5,108055 > 174800 > 158490 > 74062 > 110464 > 61554
15019,reaches_CEO,5,15019 > 153412 > 139507 > 97647 > 110464 > 61554
171990,reaches_CEO,5,171990 > 113124 > 65451 > 139032 > 11277 > 61554
159563,reaches_CEO,5,159563 > 18312 > 147555 > 107152 > 51535 > 61554
186963,reaches_CEO,5,186963 > 55476 > 82419 > 74062 > 110464 > 61554
11624,reaches_CEO,5,11624 > 81644 > 146629 > 190801 > 51535 > 61554
100373,reaches_CEO,4,100373 > 192056 > 71889 > 93708 > 61554
48690,reaches_CEO,4,48690 > 92713 > 96752 > 11277 > 61554
171239,reaches_CEO,5,171239 > 9239 > 47127 > 84011 > 11277 > 61554
196484,reaches_CEO,3,196484 > 176424 > 110464 > 61554
188542,reaches_CEO,5,188542 > 59939 > 91869 > 40920 > 110464 > 61554
109559,reaches_CEO,5,109559 > 102043 > 89053 > 97647 > 110464 > 61554
78494,reaches_CEO,5,78494 > 4110 > 94454 > 84011 > 11277 > 61554
81562,reaches_CEO,5,81562 > 67931 > 119481 > 79693 > 51535 > 61554
42511,reaches_CEO,5,42511 > 97919 > 110260 > 125855 > 93708 > 61554
103689,reaches_CEO,5,103689 > 19806 > 32510 > 197876 > 11277 > 61554
61377,reaches_CEO,5,61377 > 119991 > 184512 > 109804 > 51535 > 61554
65181,reaches_CEO,5,65181 > 34134 > 172989 > 34051 > 11277 > 61554
13501,reaches_CEO,5,13501 > 148032 > 172989 > 34051 > 11277 > 61554
185933,reaches_CEO,5,185933 > 113124 > 65451 > 139032 > 11277 > 61554
46674,reaches_CEO,5,46674 > 159638 > 116660 > 26053 > 93708 > 61554
111718,reaches_CEO,5,111718 > 181996 > 113589 > 190801 > 51535 > 61554
127423,reaches_CEO,5,127423 > 16510 > 77851 > 36075 > 11277 > 61554
62853,reaches_CEO,5,62853 > 71585 > 65174 > 154041 > 11277 > 61554
127223,reaches_CEO,5,127223 > 55431 > 100942 > 36075 > 11277 > 61554
169711,reaches_CEO,5,169711 > 169231 > 164851 > 154041 > 11277 > 61554
54319,reaches_CEO,5,54319 > 192414 > 47755 > 154041 > 11277 > 61554
144622,reaches_CEO,5,144622 > 165853 > 18295 > 176367 > 51535 > 61554
160632,reaches_CEO,5,160632 > 191454 > 191391 > 138045 > 110464 > 61554
190060,reaches_CEO,4,190060 > 181310 > 139032 > 11277 > 61554
116539,reaches_CEO,5,116539 > 37434 > 171907 > 142146 > 11277 > 61554
168744,reaches_CEO,5,168744 > 18627 > 115907 > 97647 > 110464 > 61554
127374,reaches_CEO,5,127374 > 168742 > 59535 > 154041 > 11277 > 61554
12679,reaches_CEO,4,12679 > 3917 > 139032 > 11277 > 61554
17223,reaches_CEO,5,17223 > 69345 > 163049 > 56068 > 11277 > 61554
112524,reaches_CEO,5,112524 > 198879 > 83356 > 84011 > 11277 > 61554
51229,reaches_CEO,5,51229 > 119658 > 61403 > 69728 > 51535 > 61554
97535,reaches_CEO,5,97535 > 148236 > 2308 > 84011 > 11277 > 61554
182627,reaches_CEO,5,182627 > 147819 > 120639 > 142146 > 11277 > 61554
37081,reaches_CEO,5,37081 > 181886 > 181201 > 139032 > 11277 > 61554
139396,reaches_CEO,5,139396 > 197896 > 110260 > 125855 > 93708 > 61554
21586,reaches_CEO,5,21586 > 76435 > 183175 > 197876 > 11277 > 61554
55681,reaches_CEO,5,55681 > 162518 > 32510 > 197876 > 11277 > 61554
110588,reaches_CEO,5,110588 > 101819 > 87379 > 176367 > 51535 > 61554
153821,reaches_CEO,5,153821 > 107694 > 50665 > 71889 > 93708 > 61554
138556,reaches_CEO,5,138556 > 80128 > 171907 > 142146 > 11277 > 61554
124721,reaches_CEO,5,124721 > 191351 > 87344 > 138045 > 110464 > 61554
108614,reaches_CEO,5,108614 > 84193 > 115539 > 71499 > 110464 > 61554
115888,reaches_CEO,5,115888 > 127623 > 72243 > 162476 > 51535 > 61554
143955,reaches_CEO,5,143955 > 90834 > 157492 > 34280 > 11277 > 61554
33426,reaches_CEO,5,33426 > 64452 > 3235 > 84011 > 11277 > 61554
12075,reaches_CEO,5,12075 > 43420 > 24691 > 56068 > 11277 > 61554
177603,reaches_CEO,5,177603 > 181311 > 17395 > 96752 > 11277 > 61554
30940,reaches_CEO,5,30940 > 162196 > 39726 > 69728 > 51535 > 61554
96761,reaches_CEO,5,96761 > 48730 > 181566 > 97647 > 110464 > 61554
134347,reaches_CEO,5,134347 > 144401 > 94362 > 34051 > 11277 > 61554
163228,reaches_CEO,5,163228 > 130585 > 3235 > 84011 > 11277 > 61554
155829,reaches_CEO,5,155829 > 148984 > 3917 > 139032 > 11277 > 61554
163861,reaches_CEO,5,163861 > 181219 > 196484 > 176424 > 110464 > 61554
16527,reaches_CEO,5,16527 > 43937 > 95935 > 71889 > 93708 > 61554
124364,reaches_CEO,5,124364 > 156927 > 181566 > 97647 > 110464 > 61554
3157,reaches_CEO,5,3157 > 98520 > 70434 > 149778 > 110464 > 61554
9216,reaches_CEO,5,9216 > 158777 > 71532 > 109308 > 110464 > 61554
52191,reaches_CEO,5,52191 > 63832 > 167223 > 40920 > 110464 > 61554
152011,reaches_CEO,5,152011 > 91124 > 167941 > 34051 > 11277 > 61554
126823,reaches_CEO,5,126823 > 166729 > 125912 > 107658 > 110464 > 61554
161055,reaches_CEO,5,161055 > 47260 > 24015 > 125855 > 93708 > 61554
103884,reaches_CEO,4,103884 > 39785 > 177860 > 93708 > 61554
112928,reaches_CEO,5,112928 > 76310 > 183869 > 185673 > 51535 > 61554
21449,reaches_CEO,5,21449 > 37124 > 120639 > 142146 > 11277 > 61554
93388,reaches_CEO,5,93388 > 53826 > 185138 > 152500 > 93708 > 61554
90756,reaches_CEO,5,90756 > 144927 > 94454 > 84011 > 11277 > 61554
183040,reaches_CEO,5,183040 > 111082 > 8665 > 34051 > 11277 > 61554
86119,reaches_CEO,5,86119 > 15768 > 77857 > 152500 > 93708 > 61554
178945,reaches_CEO,5,178945 > 98558 > 145161 > 69728 > 51535 > 61554
183563,reaches_CEO,5,183563 > 46997 > 167941 > 34051 > 11277 > 61554
32652,reaches_CEO,5,32652 > 168342 > 92567 > 162476 > 51535 > 61554
127266,reaches_CEO,4,127266 > 70434 > 149778 > 110464 > 61554
95279,reaches_CEO,5,95279 > 196058 > 5692 > 149778 > 110464 > 61554
185459,reaches_CEO,5,185459 > 46997 > 167941 > 34051 > 11277 > 61554
179405,reaches_CEO,5,179405 > 23565 > 78493 > 197876 > 11277 > 61554
84808,reaches_CEO,5,84808 > 98967 > 115539 > 71499 > 110464 > 61554
151598,reaches_CEO,5,151598 > 150189 > 138823 > 124994 > 93708 > 61554
110437,reaches_CEO,5,110437 > 73846 > 171907 > 142146 > 11277 > 61554
121571,reaches_CEO,5,121571 > 5889 > 21604 > 26053 > 93708 > 61554
140491,reaches_CEO,5,140491 > 191289 > 71595 > 55537 > 51535 > 61554
56726,reaches_CEO,5,56726 > 19806 > 32510 > 197876 > 11277 > 61554
170206,reaches_CEO,5,170206 > 75198 > 146600 > 107658 > 110464 > 61554
195975,reaches_CEO,5,195975 > 12679 > 3917 > 139032 > 11277 > 61554
198659,reaches_CEO,5,198659 > 90 > 183869 > 185673 > 51535 > 61554
88163,reaches_CEO,5,88163 > 181787 > 23830 > 74062 > 110464 > 61554
58386,reaches_CEO,5,58386 > 103014 > 183869 > 185673 > 51535 > 61554
65634,reaches_CEO,5,65634 > 147642 > 100942 > 36075 > 11277 > 61554
171037,reaches_CEO,5,171037 > 12877 > 57693 > 69728 > 51535 > 61554
15447,reaches_CEO,5,15447 > 92845 > 92567 > 162476 > 51535 > 61554
62588,reaches_CEO,5,62588 > 120381 > 164851 > 154041 > 11277 > 61554
167305,reaches_CEO,5,167305 > 99121 > 146600 > 107658 > 110464 > 61554
131640,reaches_CEO,5,131640 > 81490 > 65174 > 154041 > 11277 > 61554
156130,reaches_CEO,5,156130 > 87929 > 2308 > 84011 > 11277 > 61554
149550,reaches_CEO,5,149550 > 73254 > 192056 > 71889 > 93708 > 61554
4500,reaches_CEO,5,4500 > 60373 > 155485 > 40920 > 110464 > 61554
26168,reaches_CEO,5,26168 > 189222 > 3802 > 133795 > 51535 > 61554
60405,reaches_CEO,5,60405 > 26468 > 189937 > 55537 > 51535 > 61554
121816,reaches_CEO,5,121816 > 148984 > 3917 > 139032 > 11277 > 61554
79399,reaches_CEO,5,79399 > 134671 > 114472 > 197876 > 11277 > 61554
9554,reaches_CEO,5,9554 > 37124 > 120639 > 142146 > 11277 > 61554
47952,reaches_CEO,5,47952 > 191649 > 94454 > 84011 > 11277 > 61554
157881,reaches_CEO,5,157881 > 62043 > 189937 > 55537 > 51535 > 61554
164051,reaches_CEO,5,164051 > 57316 > 157492 > 34280 > 11277 > 61554
131620,reaches_CEO,4,131620 > 40475 > 56068 > 11277 > 61554
179879,reaches_CEO,5,179879 > 60609 > 94454 > 84011 > 11277 > 61554
137728,reaches_CEO,5,137728 > 55636 > 45969 > 26053 > 93708 > 61554
72359,reaches_CEO,5,72359 > 182116 > 3235 > 84011 > 11277 > 61554
31506,reaches_CEO,5,31506 > 53390 > 8665 > 34051 > 11277 > 61554
152844,reaches_CEO,5,152844 > 4110 > 94454 > 84011 > 11277 > 61554
191495,reaches_CEO,4,191495 > 100942 > 36075 > 11277 > 61554
76679,reaches_CEO,5,76679 > 48742 > 28697 > 79693 > 51535 > 61554
58027,reaches_CEO,5,58027 > 123387 > 66090 > 34280 > 11277 > 61554
158490,reaches_CEO,3,158490 > 74062 > 110464 > 61554
36003,reaches_CEO,5,36003 > 147715 > 24691 > 56068 > 11277 > 61554
198170,reaches_CEO,5,198170 > 177772 > 134556 > 138045 > 110464 > 61554
170059,reaches_CEO,5,170059 > 189148 > 20378 > 124994 > 93708 > 61554
120076,reaches_CEO,5,120076 > 79735 > 147555 > 107152 > 51535 > 61554
43886,reaches_CEO,5,43886 > 168797 > 6027 > 74062 > 110464 > 61554
116750,reaches_CEO,4,116750 > 145161 > 69728 > 51535 > 61554
193524,reaches_CEO,5,193524 > 192369 > 131950 > 96752 > 11277 > 61554
59609,reaches_CEO,5,59609 > 58365 > 196484 > 176424 > 110464 > 61554
81313,reaches_CEO,5,81313 > 159996 > 94362 > 34051 > 11277 > 61554
65305,reaches_CEO,5,65305 > 132187 > 146629 > 190801 > 51535 > 61554
62299,reaches_CEO,5,62299 > 42096 > 89002 > 34280 > 11277 > 61554
154913,reaches_CEO,5,154913 > 170431 > 5692 > 149778 > 110464 > 61554
49246,reaches_CEO,5,49246 > 1651 > 146629 > 190801 > 51535 > 61554
19213,reaches_CEO,5,19213 > 70819 > 161284 > 109804 > 51535 > 61554
65222,reaches_CEO,5,65222 > 177166 > 192589 > 55537 > 51535 > 61554
18742,reaches_CEO,5,18742 > 139278 > 171266 > 71889 > 93708 > 61554
69252,reaches_CEO,5,69252 > 131525 > 172989 > 34051 > 11277 > 61554
160885,reaches_CEO,5,160885 > 67522 > 141808 > 34051 > 11277 > 61554
14563,reaches_CEO,5,14563 > 8711 > 24489 > 176424 > 110464 > 61554
11186,reaches_CEO,5,11186 > 148865 > 24691 > 56068 > 11277 > 61554
85350,reaches_CEO,5,85350 > 48352 > 161284 > 109804 > 51535 > 61554
46272,reaches_CEO,5,46272 > 57316 > 157492 > 34280 > 11277 > 61554
47002,reaches_CEO,5,47002 > 132360 > 120639 > 142146 > 11277 > 61554
146198,reaches_CEO,5,146198 > 75198 > 146600 > 107658 > 110464 > 61554
27966,reaches_CEO,5,27966 > 7349 > 121233 > 176424 > 110464 > 61554
51757,reaches_CEO,5,51757 > 127769 > 47553 > 69728 > 51535 > 61554
87073,reaches_CEO,5,87073 > 59862 > 145161 > 69728 > 51535 > 61554
12970,reaches_CEO,5,12970 > 171499 > 152076 > 69728 > 51535 > 61554
117024,reaches_CEO,5,117024 > 126257 > 98225 > 162476 > 51535 > 61554
132143,reaches_CEO,5,132143 > 175361 > 100942 > 36075 > 11277 > 61554
54106,reaches_CEO,5,54106 > 134671 > 114472 > 197876 > 11277 > 61554
104600,reaches_CEO,5,104600 > 53012 > 91869 > 40920 > 110464 > 61554
26114,reaches_CEO,5,26114 > 79934 > 193330 > 162476 > 51535 > 61554
113636,reaches_CEO,5,113636 > 134982 > 66119 > 34051 > 11277 > 61554
145228,reaches_CEO,5,145228 > 64087 > 45969 > 26053 > 93708 > 61554
162107,reaches_CEO,5,162107 > 54808 > 163049 > 56068 > 11277 > 61554
154134,reaches_CEO,5,154134 > 32405 > 24681 > 124994 > 93708 > 61554
127727,reaches_CEO,5,127727 > 58365 > 196484 > 176424 > 110464 > 61554
151730,reaches_CEO,5,151730 > 52525 > 192589 > 55537 > 51535 > 61554
134338,reaches_CEO,5,134338 > 77866 > 181566 > 97647 > 110464 > 61554
43287,reaches_CEO,5,43287 > 16785 > 33814 > 190801 > 51535 > 61554
25011,reaches_CEO,5,25011 > 41175 > 61403 > 69728 > 51535 > 61554
71532,reaches_CEO,3,71532 > 109308 > 110464 > 61554
150928,reaches_CEO,5,150928 > 94611 > 194121 > 176367 > 51535 > 61554
14567,reaches_CEO,5,14567 > 114572 > 5692 > 149778 > 110464 > 61554
92706,reaches_CEO,5,92706 > 4394 > 118233 > 149778 > 110464 > 61554
57314,reaches_CEO,5,57314 > 27781 > 121233 > 176424 > 110464 > 61554
16648,reaches_CEO,5,16648 > 171940 > 70434 > 149778 > 110464 > 61554
163367,reaches_CEO,5,163367 > 39231 > 24681 > 124994 > 93708 > 61554
185422,reaches_CEO,5,185422 > 134658 > 65522 > 34051 > 11277 > 61554
125642,reaches_CEO,5,125642 > 186086 > 184512 > 109804 > 51535 > 61554
81363,reaches_CEO,5,81363 > 4440 > 155485 > 40920 > 110464 > 61554
14728,reaches_CEO,5,14728 > 147249 > 27660 > 69728 > 51535 > 61554
16781,reaches_CEO,5,16781 > 134728 > 114137 > 107658 > 110464 > 61554
36401,reaches_CEO,5,36401 > 62298 > 138823 > 124994 > 93708 > 61554
154716,reaches_CEO,5,154716 > 73254 > 192056 > 71889 > 93708 > 61554
15946,reaches_CEO,5,15946 > 191495 > 100942 > 36075 > 11277 > 61554
22155,reaches_CEO,5,22155 > 122762 > 17395 > 96752 > 11277 > 61554
30488,reaches_CEO,4,30488 > 115539 > 71499 > 110464 > 61554
5500,reaches_CEO,5,5500 > 157931 > 61403 > 69728 > 51535 > 61554
73649,reaches_CEO,4,73649 > 167941 > 34051 > 11277 > 61554
44612,reaches_CEO,5,44612 > 47748 > 89619 > 26053 > 93708 > 61554
48572,reaches_CEO,5,48572 > 146220 > 196484 > 176424 > 110464 > 61554
105439,reaches_CEO,5,105439 > 90639 > 103443 > 97647 > 110464 > 61554
17558,reaches_CEO,5,17558 > 110091 > 117030 > 109804 > 51535 > 61554
53109,reaches_CEO,4,53109 > 130489 > 36075 > 11277 > 61554
199298,reaches_CEO,5,199298 > 101484 > 91654 > 109804 > 51535 > 61554
127450,reaches_CEO,5,127450 > 25367 > 191391 > 138045 > 110464 > 61554
61569,reaches_CEO,5,61569 > 779 > 196484 > 176424 > 110464 > 61554
172566,reaches_CEO,5,172566 > 31063 > 99397 > 71889 > 93708 > 61554
57724,reaches_CEO,5,57724 > 141079 > 119481 > 79693 > 51535 > 61554
17509,reaches_CEO,5,17509 > 59705 > 181201 > 139032 > 11277 > 61554
86790,reaches_CEO,5,86790 > 66160 > 79285 > 34280 > 11277 > 61554
55515,reaches_CEO,5,55515 > 190778 > 155485 > 40920 > 110464 > 61554
62161,reaches_CEO,4,62161 > 125912 > 107658 > 110464 > 61554
135214,reaches_CEO,5,135214 > 39231 > 24681 > 124994 > 93708 > 61554
115421,reaches_CEO,5,115421 > 113618 > 103443 > 97647 > 110464 > 61554
49675,reaches_CEO,5,49675 > 73893 > 134865 > 197876 > 11277 > 61554
33665,reaches_CEO,4,33665 > 110260 > 125855 > 93708 > 61554
59363,reaches_CEO,5,59363 > 94447 > 39785 > 177860 > 93708 > 61554
161716,reaches_CEO,5,161716 > 31063 > 99397 > 71889 > 93708 > 61554
114207,reaches_CEO,5,114207 > 12649 > 17837 > 176367 > 51535 > 61554
19795,reaches_CEO,5,19795 > 153551 > 47755 > 154041 > 11277 > 61554
182404,reaches_CEO,5,182404 > 161132 > 114137 > 107658 > 110464 > 61554
97705,reaches_CEO,5,97705 > 47618 > 71532 > 109308 > 110464 > 61554
129700,reaches_CEO,5,129700 > 61517 > 110260 > 125855 > 93708 > 61554
121217,reaches_CEO,5,121217 > 191351 > 87344 > 138045 > 110464 > 61554
106277,reaches_CEO,5,106277 > 84828 > 33814 > 190801 > 51535 > 61554
171048,reaches_CEO,5,171048 > 89837 > 37154 > 138045 > 110464 > 61554
91527,reaches_CEO,5,91527 > 113578 > 125912 > 107658 > 110464 > 61554
45598,reaches_CEO,5,45598 > 8663 > 193088 > 96752 > 11277 > 61554
24936,reaches_CEO,5,24936 > 181421 > 107049 > 34280 > 11277 > 61554
47830,reaches_CEO,5,47830 > 24071 > 119832 > 190801 > 51535 > 61554
10241,reaches_CEO,5,10241 > 82657 > 171907 > 142146 > 11277 > 61554
114955,reaches_CEO,5,114955 > 64750 > 183869 > 185673 > 51535 > 61554
120180,reaches_CEO,5,120180 > 191454 > 191391 > 138045 > 110464 > 61554
104364,reaches_CEO,5,104364 > 186283 > 132307 > 185673 > 51535 > 61554
41993,reaches_CEO,5,41993 > 62298 > 138823 > 124994 > 93708 > 61554
28643,reaches_CEO,5,28643 > 75198 > 146600 > 107658 > 110464 > 61554
184203,reaches_CEO,5,184203 > 168742 > 59535 > 154041 > 11277 > 61554
166255,reaches_CEO,5,166255 > 69200 > 79285 > 34280 > 11277 > 61554
88583,reaches_CEO,5,88583 > 131620 > 40475 > 56068 > 11277 > 61554
129133,reaches_CEO,5,129133 > 5743 > 49727 > 84011 > 11277 > 61554
180930,reaches_CEO,4,180930 > 91117 > 34051 > 11277 > 61554
6880,reaches_CEO,5,6880 > 170076 > 3802 > 133795 > 51535 > 61554
79866,reaches_CEO,5,79866 > 53109 > 130489 > 36075 > 11277 > 61554
119558,reaches_CEO,5,119558 > 182038 > 79285 > 34280 > 11277 > 61554
155778,reaches_CEO,5,155778 > 81490 > 65174 > 154041 > 11277 > 61554
16510,reaches_CEO,4,16510 > 77851 > 36075 > 11277 > 61554
71858,reaches_CEO,5,71858 > 196637 > 189937 > 55537 > 51535 > 61554
148646,reaches_CEO,4,148646 > 47553 > 69728 > 51535 > 61554
106015,reaches_CEO,5,106015 > 144211 > 194121 > 176367 > 51535 > 61554
25392,reaches_CEO,5,25392 > 141211 > 116660 > 26053 > 93708 > 61554
172626,reaches_CEO,5,172626 > 48742 > 28697 > 79693 > 51535 > 61554
18725,reaches_CEO,5,18725 > 130585 > 3235 > 84011 > 11277 > 61554
5889,reaches_CEO,4,5889 > 21604 > 26053 > 93708 > 61554
165320,reaches_CEO,5,165320 > 80728 > 39726 > 69728 > 51535 > 61554
174541,reaches_CEO,5,174541 > 104539 > 138823 > 124994 > 93708 > 61554
19695,reaches_CEO,5,19695 > 75246 > 140317 > 107152 > 51535 > 61554
140972,reaches_CEO,5,140972 > 151696 > 77857 > 152500 > 93708 > 61554
72811,reaches_CEO,5,72811 > 130204 > 115907 > 97647 > 110464 > 61554
193088,reaches_CEO,3,193088 > 96752 > 11277 > 61554
164748,reaches_CEO,5,164748 > 134048 > 78493 > 197876 > 11277 > 61554
58859,reaches_CEO,5,58859 > 95609 > 119833 > 84011 > 11277 > 61554
99072,reaches_CEO,5,99072 > 119964 > 167223 > 40920 > 110464 > 61554
32601,reaches_CEO,5,32601 > 101819 > 87379 > 176367 > 51535 > 61554
93198,reaches_CEO,5,93198 > 156010 > 28697 > 79693 > 51535 > 61554
192229,reaches_CEO,5,192229 > 197206 > 91869 > 40920 > 110464 > 61554
11507,reaches_CEO,4,11507 > 20378 > 124994 > 93708 > 61554
157864,reaches_CEO,5,157864 > 71152 > 21604 > 26053 > 93708 > 61554
107184,reaches_CEO,5,107184 > 92845 > 92567 > 162476 > 51535 > 61554
44118,reaches_CEO,5,44118 > 57185 > 57693 > 69728 > 51535 > 61554
101901,reaches_CEO,4,101901 > 7558 > 69728 > 51535 > 61554
50602,reaches_CEO,5,50602 > 116180 > 113589 > 190801 > 51535 > 61554
15714,reaches_CEO,5,15714 > 87929 > 2308 > 84011 > 11277 > 61554
102347,reaches_CEO,5,102347 > 75198 > 146600 > 107658 > 110464 > 61554
39347,reaches_CEO,5,39347 > 66692 > 66090 > 34280 > 11277 > 61554
146136,reaches_CEO,5,146136 > 67522 > 141808 > 34051 > 11277 > 61554
180465,reaches_CEO,5,180465 > 139180 > 71532 > 109308 > 110464 > 61554
142022,reaches_CEO,5,142022 > 116289 > 189937 > 55537 > 51535 > 61554
47472,reaches_CEO,4,47472 > 7558 > 69728 > 51535 > 61554
17431,reaches_CEO,5,17431 > 64724 > 37154 > 138045 > 110464 > 61554
192043,reaches_CEO,5,192043 > 140838 > 95935 > 71889 > 93708 > 61554
34773,reaches_CEO,5,34773 > 71757 > 91869 > 40920 > 110464 > 61554
78359,reaches_CEO,5,78359 > 30488 > 115539 > 71499 > 110464 > 61554
7170,reaches_CEO,5,7170 > 97422 > 7531 > 152500 > 93708 > 61554
60713,reaches_CEO,5,60713 > 168742 > 59535 > 154041 > 11277 > 61554
181781,reaches_CEO,4,181781 > 110260 > 125855 > 93708 > 61554
175618,reaches_CEO,5,175618 > 199950 > 41533 > 177860 > 93708 > 61554
181996,reaches_CEO,4,181996 > 113589 > 190801 > 51535 > 61554
195911,reaches_CEO,5,195911 > 103912 > 89002 > 34280 > 11277 > 61554
156027,reaches_CEO,5,156027 > 103448 > 198366 > 142146 > 11277 > 61554
149926,reaches_CEO,5,149926 > 73106 > 60121 > 109804 > 51535 > 61554
56217,reaches_CEO,5,56217 > 126368 > 183175 > 197876 > 11277 > 61554
29408,reaches_CEO,5,29408 > 5889 > 21604 > 26053 > 93708 > 61554
184637,reaches_CEO,5,184637 > 144927 > 94454 > 84011 > 11277 > 61554
148195,reaches_CEO,5,148195 > 103912 > 89002 > 34280 > 11277 > 61554
124595,reaches_CEO,5,124595 > 129410 > 3917 > 139032 > 11277 > 61554
150235,reaches_CEO,5,150235 > 132683 > 146629 > 190801 > 51535 > 61554
170438,reaches_CEO,5,170438 > 122145 > 72243 > 162476 > 51535 > 61554
164657,reaches_CEO,5,164657 > 82657 > 171907 > 142146 > 11277 > 61554
26214,reaches_CEO,5,26214 > 47748 > 89619 > 26053 > 93708 > 61554
68643,reaches_CEO,5,68643 > 9400 > 138823 > 124994 > 93708 > 61554
199703,reaches_CEO,5,199703 > 51923 > 41533 > 177860 > 93708 > 61554
47850,reaches_CEO,5,47850 > 8711 > 24489 > 176424 > 110464 > 61554
14339,reaches_CEO,5,14339 > 68821 > 183869 > 185673 > 51535 > 61554
139350,reaches_CEO,5,139350 > 119774 > 66119 > 34051 > 11277 > 61554
144110,reaches_CEO,5,144110 > 129734 > 17837 > 176367 > 51535 > 61554
78268,reaches_CEO,5,78268 > 12649 > 17837 > 176367 > 51535 > 61554
141849,reaches_CEO,5,141849 > 119302 > 25036 > 152500 > 93708 > 61554
24843,reaches_CEO,5,24843 > 102043 > 89053 > 97647 > 110464 > 61554
72914,reaches_CEO,5,72914 > 88007 > 154897 > 34280 > 11277 > 61554
79820,reaches_CEO,5,79820 > 121527 > 139507 > 97647 > 110464 > 61554
105542,reaches_CEO,4,105542 > 162889 > 109308 > 110464 > 61554
21703,reaches_CEO,5,21703 > 50679 > 181310 > 139032 > 11277 > 61554
115534,reaches_CEO,5,115534 > 3260 > 33814 > 190801 > 51535 > 61554
83252,reaches_CEO,5,83252 > 61443 > 116660 > 26053 > 93708 > 61554
63908,reaches_CEO,5,63908 > 7255 > 167482 > 133795 > 51535 > 61554
117796,reaches_CEO,5,117796 > 41175 > 61403 > 69728 > 51535 > 61554
73155,reaches_CEO,5,73155 > 4421 > 32510 > 197876 > 11277 > 61554
121025,reaches_CEO,5,121025 > 89837 > 37154 > 138045 > 110464 > 61554
180442,reaches_CEO,5,180442 > 172947 > 166741 > 97647 > 110464 > 61554
120904,reaches_CEO,5,120904 > 72965 > 92713 > 96752 > 11277 > 61554
94648,reaches_CEO,5,94648 > 102498 > 192056 > 71889 > 93708 > 61554
191097,reaches_CEO,5,191097 > 52923 > 134865 > 197876 > 11277 > 61554
81449,reaches_CEO,5,81449 > 98520 > 70434 > 149778 > 110464 > 61554
50632,reaches_CEO,5,50632 > 81644 > 146629 > 190801 > 51535 > 61554
36983,reaches_CEO,5,36983 > 170076 > 3802 > 133795 > 51535 > 61554
173992,reaches_CEO,5,173992 > 78215 > 181201 > 139032 > 11277 > 61554
177240,reaches_CEO,5,177240 > 135848 > 121096 > 40920 > 110464 > 61554
27441,reaches_CEO,5,27441 > 80128 > 171907 > 142146 > 11277 > 61554
81362,reaches_CEO,5,81362 > 5875 > 146600 > 107658 > 110464 > 61554
45652,reaches_CEO,5,45652 > 190566 > 168545 > 176424 > 110464 > 61554
20101,reaches_CEO,5,20101 > 169574 > 114137 > 107658 > 110464 > 61554
167961,reaches_CEO,5,167961 > 87707 > 32248 > 34280 > 11277 > 61554
96752,reaches_CEO,2,96752 > 11277 > 61554
156010,reaches_CEO,4,156010 > 28697 > 79693 > 51535 > 61554
85469,reaches_CEO,5,85469 > 172541 > 138823 > 124994 > 93708 > 61554
191624,reaches_CEO,5,191624 > 12214 > 171907 > 142146 > 11277 > 61554
112262,reaches_CEO,5,112262 > 196490 > 165426 > 124994 > 93708 > 61554
134944,reaches_CEO,4,134944 > 181201 > 139032 > 11277 > 61554
107860,reaches_CEO,5,107860 > 147016 > 32248 > 34280 > 11277 > 61554
140022,reaches_CEO,5,140022 > 6335 > 91117 > 34051 > 11277 > 61554
164347,reaches_CEO,5,164347 > 153551 > 47755 > 154041 > 11277 > 61554
116347,reaches_CEO,5,116347 > 110091 > 117030 > 109804 > 51535 > 61554
147593,reaches_CEO,5,147593 > 23737 > 198893 > 124994 > 93708 > 61554
193303,reaches_CEO,5,193303 > 113618 > 103443 > 97647 > 110464 > 61554
22355,reaches_CEO,5,22355 > 10786 > 165426 > 124994 > 93708 > 61554
66249,reaches_CEO,5,66249 > 1872 > 154285 > 107152 > 51535 > 61554
44192,reaches_CEO,5,44192 > 126330 > 119481 > 79693 > 51535 > 61554
91114,reaches_CEO,5,91114 > 132399 > 94362 > 34051 > 11277 > 61554
116205,reaches_CEO,5,116205 > 109671 > 191391 > 138045 > 110464 > 61554
67178,reaches_CEO,4,67178 > 20378 > 124994 > 93708 > 61554
148781,reaches_CEO,5,148781 > 140838 > 95935 > 71889 > 93708 > 61554
9658,reaches_CEO,5,9658 > 189742 > 116660 > 26053 > 93708 > 61554
16528,reaches_CEO,5,16528 > 158777 > 71532 > 109308 > 110464 > 61554
59143,reaches_CEO,5,59143 > 69379 > 183175 > 197876 > 11277 > 61554
162839,reaches_CEO,5,162839 > 54808 > 163049 > 56068 > 11277 > 61554
161782,reaches_CEO,5,161782 > 53390 > 8665 > 34051 > 11277 > 61554
29656,reaches_CEO,5,29656 > 123358 > 167941 > 34051 > 11277 > 61554
58176,reaches_CEO,5,58176 > 94683 > 124893 > 149778 > 110464 > 61554
53258,reaches_CEO,5,53258 > 132192 > 89619 > 26053 > 93708 > 61554
128752,reaches_CEO,5,128752 > 196058 > 5692 > 149778 > 110464 > 61554
6881,reaches_CEO,5,6881 > 167921 > 147555 > 107152 > 51535 > 61554
130327,reaches_CEO,5,130327 > 161727 > 28697 > 79693 > 51535 > 61554
136561,reaches_CEO,5,136561 > 60319 > 65174 > 154041 > 11277 > 61554
185603,reaches_CEO,5,185603 > 15277 > 132307 > 185673 > 51535 > 61554
43174,reaches_CEO,5,43174 > 185285 > 198893 > 124994 > 93708 > 61554
2347,reaches_CEO,5,2347 > 124014 > 79285 > 34280 > 11277 > 61554
150522,reaches_CEO,5,150522 > 10786 > 165426 > 124994 > 93708 > 61554
183940,reaches_CEO,5,183940 > 91002 > 24489 > 176424 > 110464 > 61554
109002,reaches_CEO,5,109002 > 12649 > 17837 > 176367 > 51535 > 61554
124728,reaches_CEO,5,124728 > 158888 > 176804 > 139032 > 11277 > 61554
129410,reaches_CEO,4,129410 > 3917 > 139032 > 11277 > 61554
75372,reaches_CEO,5,75372 > 55858 > 119832 > 190801 > 51535 > 61554
168690,reaches_CEO,5,168690 > 119231 > 165426 > 124994 > 93708 > 61554
112601,reaches_CEO,5,112601 > 87847 > 91117 > 34051 > 11277 > 61554
60724,reaches_CEO,5,60724 > 123358 > 167941 > 34051 > 11277 > 61554
160170,reaches_CEO,5,160170 > 139278 > 171266 > 71889 > 93708 > 61554
103080,reaches_CEO,5,103080 > 160169 > 172989 > 34051 > 11277 > 61554
100827,reaches_CEO,5,100827 > 187053 > 194121 > 176367 > 51535 > 61554
73837,reaches_CEO,5,73837 > 119991 > 184512 > 109804 > 51535 > 61554
36581,reaches_CEO,5,36581 > 1808 > 140317 > 107152 > 51535 > 61554
58136,reaches_CEO,5,58136 > 24287 > 192056 > 71889 > 93708 > 61554
76785,reaches_CEO,5,76785 > 67522 > 141808 > 34051 > 11277 > 61554
25934,reaches_CEO,4,25934 > 154285 > 107152 > 51535 > 61554
23801,reaches_CEO,5,23801 > 54136 > 69550 > 74062 > 110464 > 61554
150952,reaches_CEO,5,150952 > 90 > 183869 > 185673 > 51535 > 61554
15818,reaches_CEO,5,15818 > 111508 > 82419 > 74062 > 110464 > 61554
88893,reaches_CEO,5,88893 > 85791 > 134865 > 197876 > 11277 > 61554
15040,reaches_CEO,5,15040 > 252 > 41533 > 177860 > 93708 > 61554
54315,reaches_CEO,4,54315 > 78493 > 197876 > 11277 > 61554
56714,reaches_CEO,5,56714 > 18627 > 115907 > 97647 > 110464 > 61554
60863,reaches_CEO,5,60863 > 160511 > 121233 > 176424 > 110464 > 61554
189061,reaches_CEO,5,189061 > 116750 > 145161 > 69728 > 51535 > 61554
47260,reaches_CEO,4,47260 > 24015 > 125855 > 93708 > 61554
165390,reaches_CEO,5,165390 > 184236 > 59566 > 125855 > 93708 > 61554
8801,reaches_CEO,5,8801 > 23737 > 198893 > 124994 > 93708 > 61554
34342,reaches_CEO,5,34342 > 8198 > 98225 > 162476 > 51535 > 61554
19371,reaches_CEO,5,19371 > 32159 > 176804 > 139032 > 11277 > 61554
73177,reaches_CEO,5,73177 > 60373 > 155485 > 40920 > 110464 > 61554
130649,reaches_CEO,5,130649 > 111082 > 8665 > 34051 > 11277 > 61554
27561,reaches_CEO,5,27561 > 182996 > 32510 > 197876 > 11277 > 61554
86074,reaches_CEO,5,86074 > 167389 > 181201 > 139032 > 11277 > 61554
173732,reaches_CEO,5,173732 > 101981 > 134865 > 197876 > 11277 > 61554
195502,reaches_CEO,5,195502 > 76135 > 5692 > 149778 > 110464 > 61554
124004,reaches_CEO,5,124004 > 77670 > 66119 > 34051 > 11277 > 61554
96952,reaches_CEO,5,96952 > 128966 > 107049 > 34280 > 11277 > 61554
24805,reaches_CEO,5,24805 > 138948 > 24489 > 176424 > 110464 > 61554
104365,reaches_CEO,5,104365 > 141079 > 119481 > 79693 > 51535 > 61554
146404,reaches_CEO,4,146404 > 143437 > 71499 > 110464 > 61554
167021,reaches_CEO,5,167021 > 149970 > 155485 > 40920 > 110464 > 61554
68589,reaches_CEO,5,68589 > 174092 > 3235 > 84011 > 11277 > 61554
186123,reaches_CEO,5,186123 > 79934 > 193330 > 162476 > 51535 > 61554
50408,reaches_CEO,5,50408 > 152960 > 157492 > 34280 > 11277 > 61554
175880,reaches_CEO,5,175880 > 190249 > 134556 > 138045 > 110464 > 61554
74606,reaches_CEO,5,74606 > 87929 > 2308 > 84011 > 11277 > 61554
161540,reaches_CEO,5,161540 > 14470 > 191418 > 36075 > 11277 > 61554
18741,reaches_CEO,5,18741 > 98520 > 70434 > 149778 > 110464 > 61554
49176,reaches_CEO,5,49176 > 35499 > 134865 > 197876 > 11277 > 61554
182581,reaches_CEO,5,182581 > 90834 > 157492 > 34280 > 11277 > 61554
11937,reaches_CEO,5,11937 > 191073 > 181201 > 139032 > 11277 > 61554
2083,reaches_CEO,5,2083 > 174122 > 152076 > 69728 > 51535 > 61554
178797,reaches_CEO,4,178797 > 47755 > 154041 > 11277 > 61554
55500,reaches_CEO,5,55500 > 112643 > 119833 > 84011 > 11277 > 61554
123169,reaches_CEO,5,123169 > 193818 > 136905 > 71889 > 93708 > 61554
175757,reaches_CEO,5,175757 > 160618 > 83356 > 84011 > 11277 > 61554
111137,reaches_CEO,5,111137 > 171461 > 138823 > 124994 > 93708 > 61554
192885,reaches_CEO,5,192885 > 30640 > 92567 > 162476 > 51535 > 61554
81543,reaches_CEO,5,81543 > 58365 > 196484 > 176424 > 110464 > 61554
79323,reaches_CEO,5,79323 > 64750 > 183869 > 185673 > 51535 > 61554
131134,reaches_CEO,5,131134 > 58522 > 39726 > 69728 > 51535 > 61554
31367,reaches_CEO,5,31367 > 60319 > 65174 > 154041 > 11277 > 61554
130585,reaches_CEO,4,130585 > 3235 > 84011 > 11277 > 61554
45588,reaches_CEO,5,45588 > 54136 > 69550 > 74062 > 110464 > 61554
130500,reaches_CEO,5,130500 > 82698 > 49727 > 84011 > 11277 > 61554
11953,reaches_CEO,5,11953 > 53677 > 41533 > 177860 > 93708 > 61554
160213,reaches_CEO,5,160213 > 45803 > 83356 > 84011 > 11277 > 61554
158220,reaches_CEO,5,158220 > 53390 > 8665 > 34051 > 11277 > 61554
56254,reaches_CEO,5,56254 > 182116 > 3235 > 84011 > 11277 > 61554
84840,reaches_CEO,5,84840 > 76135 > 5692 > 149778 > 110464 > 61554
84684,reaches_CEO,5,84684 > 6536 > 162889 > 109308 > 110464 > 61554
22846,reaches_CEO,5,22846 > 20828 > 156036 > 74062 > 110464 > 61554
123961,reaches_CEO,5,123961 > 50761 > 114137 > 107658 > 110464 > 61554
165554,reaches_CEO,5,165554 > 148795 > 49002 > 109804 > 51535 > 61554
169368,reaches_CEO,5,169368 > 91345 > 32510 > 197876 > 11277 > 61554
102217,reaches_CEO,5,102217 > 123000 > 94454 > 84011 > 11277 > 61554
9367,reaches_CEO,5,9367 > 63785 > 49002 > 109804 > 51535 > 61554
97401,reaches_CEO,5,97401 > 175548 > 116660 > 26053 > 93708 > 61554
179212,reaches_CEO,4,179212 > 162889 > 109308 > 110464 > 61554
57116,reaches_CEO,5,57116 > 181311 > 17395 > 96752 > 11277 > 61554
13395,reaches_CEO,5,13395 > 109254 > 191418 > 36075 > 11277 > 61554
43213,reaches_CEO,5,43213 > 174009 > 39785 > 177860 > 93708 > 61554
173137,reaches_CEO,5,173137 > 754 > 25036 > 152500 > 93708 > 61554
120642,reaches_CEO,5,120642 > 154170 > 27660 > 69728 > 51535 > 61554
78049,reaches_CEO,5,78049 > 11507 > 20378 > 124994 > 93708 > 61554
16760,reaches_CEO,5,16760 > 125114 > 41533 > 177860 > 93708 > 61554
193493,reaches_CEO,5,193493 > 15277 > 132307 > 185673 > 51535 > 61554
163627,reaches_CEO,5,163627 > 149970 > 155485 > 40920 > 110464 > 61554
1904,reaches_CEO,5,1904 > 129734 > 17837 > 176367 > 51535 > 61554
39178,reaches_CEO,5,39178 > 39231 > 24681 > 124994 > 93708 > 61554
66505,reaches_CEO,5,66505 > 51738 > 183869 > 185673 > 51535 > 61554
65599,reaches_CEO,5,65599 > 147249 > 27660 > 69728 > 51535 > 61554
119156,reaches_CEO,5,119156 > 182777 > 124893 > 149778 > 110464 > 61554
6517,reaches_CEO,5,6517 > 159906 > 65174 > 154041 > 11277 > 61554
71595,reaches_CEO,3,71595 > 55537 > 51535 > 61554
103062,reaches_CEO,5,103062 > 58365 > 196484 > 176424 > 110464 > 61554
20032,reaches_CEO,5,20032 > 88779 > 183175 > 197876 > 11277 > 61554
171765,reaches_CEO,5,171765 > 37124 > 120639 > 142146 > 11277 > 61554
135796,reaches_CEO,5,135796 > 29712 > 47553 > 69728 > 51535 > 61554
59327,reaches_CEO,4,59327 > 24681 > 124994 > 93708 > 61554
10287,reaches_CEO,5,10287 > 55481 > 72243 > 162476 > 51535 > 61554
137748,reaches_CEO,5,137748 > 175548 > 116660 > 26053 > 93708 > 61554
106356,reaches_CEO,5,106356 > 183824 > 113589 > 190801 > 51535 > 61554
130139,reaches_CEO,5,130139 > 167389 > 181201 > 139032 > 11277 > 61554
41707,reaches_CEO,5,41707 > 146111 > 21604 > 26053 > 93708 > 61554
184543,reaches_CEO,5,184543 > 110091 > 117030 > 109804 > 51535 > 61554
1908,reaches_CEO,5,1908 > 64858 > 24015 > 125855 > 93708 > 61554
13449,reaches_CEO,5,13449 > 46178 > 42270 > 79693 > 51535 > 61554
136594,reaches_CEO,5,136594 > 51288 > 140317 > 107152 > 51535 > 61554
13642,reaches_CEO,5,13642 > 104539 > 138823 > 124994 > 93708 > 61554
60197,reaches_CEO,5,60197 > 158888 > 176804 > 139032 > 11277 > 61554
80247,reaches_CEO,5,80247 > 71152 > 21604 > 26053 > 93708 > 61554
92060,reaches_CEO,5,92060 > 136861 > 157492 > 34280 > 11277 > 61554
186926,reaches_CEO,5,186926 > 88007 > 154897 > 34280 > 11277 > 61554
51134,reaches_CEO,5,51134 > 101981 > 134865 > 197876 > 11277 > 61554
10347,reaches_CEO,5,10347 > 30488 > 115539 > 71499 > 110464 > 61554
50007,reaches_CEO,5,50007 > 109254 > 191418 > 36075 > 11277 > 61554
5448,reaches_CEO,5,5448 > 130585 > 3235 > 84011 > 11277 > 61554
190004,reaches_CEO,5,190004 > 196660 > 94454 > 84011 > 11277 > 61554
181787,reaches_CEO,4,181787 > 23830 > 74062 > 110464 > 61554
174254,reaches_CEO,5,174254 > 118506 > 25036 > 152500 > 93708 > 61554
155125,reaches_CEO,5,155125 > 175361 > 100942 > 36075 > 11277 > 61554
115329,reaches_CEO,5,115329 > 112750 > 39726 > 69728 > 51535 > 61554
91088,reaches_CEO,5,91088 > 193518 > 78493 > 197876 > 11277 > 61554
64305,reaches_CEO,5,64305 > 53390 > 8665 > 34051 > 11277 > 61554
133302,reaches_CEO,5,133302 > 129287 > 99397 > 71889 > 93708 > 61554
19562,reaches_CEO,5,19562 > 165442 > 134865 > 197876 > 11277 > 61554
156708,reaches_CEO,5,156708 > 65126 > 125912 > 107658 > 110464 > 61554
137121,reaches_CEO,5,137121 > 185982 > 171907 > 142146 > 11277 > 61554
11464,reaches_CEO,5,11464 > 26757 > 23830 > 74062 > 110464 > 61554
193851,reaches_CEO,5,193851 > 113618 > 103443 > 97647 > 110464 > 61554
166381,reaches_CEO,5,166381 > 193518 > 78493 > 197876 > 11277 > 61554
127138,reaches_CEO,5,127138 > 156010 > 28697 > 79693 > 51535 > 61554
35932,reaches_CEO,5,35932 > 161727 > 28697 > 79693 > 51535 > 61554
145854,reaches_CEO,5,145854 > 99139 > 3917 > 139032 > 11277 > 61554
64190,reaches_CEO,4,64190 > 157492 > 34280 > 11277 > 61554
79354,reaches_CEO,5,79354 > 175361 > 100942 > 36075 > 11277 > 61554
74818,reaches_CEO,4,74818 > 181310 > 139032 > 11277 > 61554
97597,reaches_CEO,5,97597 > 197206 > 91869 > 40920 > 110464 > 61554
54152,reaches_CEO,5,54152 > 84230 > 5692 > 149778 > 110464 > 61554
9400,reaches_CEO,4,9400 > 138823 > 124994 > 93708 > 61554
112533,reaches_CEO,5,112533 > 109254 > 191418 > 36075 > 11277 > 61554
107658,reaches_CEO,2,107658 > 110464 > 61554
52796,reaches_CEO,4,52796 > 135238 > 84011 > 11277 > 61554
111951,reaches_CEO,5,111951 > 171461 > 138823 > 124994 > 93708 > 61554
141564,reaches_CEO,5,141564 > 108164 > 32510 > 197876 > 11277 > 61554
23744,reaches_CEO,5,23744 > 779 > 196484 > 176424 > 110464 > 61554
53205,reaches_CEO,5,53205 > 178954 > 189937 > 55537 > 51535 > 61554
2433,reaches_CEO,5,2433 > 112750 > 39726 > 69728 > 51535 > 61554
61053,reaches_CEO,5,61053 > 182556 > 107049 > 34280 > 11277 > 61554
69463,reaches_CEO,4,69463 > 91869 > 40920 > 110464 > 61554
164204,reaches_CEO,5,164204 > 11275 > 87344 > 138045 > 110464 > 61554
160618,reaches_CEO,4,160618 > 83356 > 84011 > 11277 > 61554
26173,reaches_CEO,5,26173 > 66453 > 171351 > 79693 > 51535 > 61554
118685,reaches_CEO,5,118685 > 162035 > 134865 > 197876 > 11277 > 61554
35461,reaches_CEO,5,35461 > 73663 > 87344 > 138045 > 110464 > 61554
171996,reaches_CEO,5,171996 > 24071 > 119832 > 190801 > 51535 > 61554
165291,reaches_CEO,5,165291 > 183283 > 20378 > 124994 > 93708 > 61554
671,reaches_CEO,5,671 > 136147 > 100942 > 36075 > 11277 > 61554
196011,reaches_CEO,5,196011 > 189222 > 3802 > 133795 > 51535 > 61554
119597,reaches_CEO,5,119597 > 57185 > 57693 > 69728 > 51535 > 61554
125541,reaches_CEO,5,125541 > 128447 > 193330 > 162476 > 51535 > 61554
105247,reaches_CEO,5,105247 > 103912 > 89002 > 34280 > 11277 > 61554
42239,reaches_CEO,5,42239 > 103014 > 183869 > 185673 > 51535 > 61554
78412,reaches_CEO,5,78412 > 178954 > 189937 > 55537 > 51535 > 61554
76028,reaches_CEO,5,76028 > 14226 > 21604 > 26053 > 93708 > 61554
64413,reaches_CEO,5,64413 > 149135 > 119481 > 79693 > 51535 > 61554
51239,reaches_CEO,5,51239 > 110091 > 117030 > 109804 > 51535 > 61554
186313,reaches_CEO,5,186313 > 151696 > 77857 > 152500 > 93708 > 61554
140026,reaches_CEO,5,140026 > 166653 > 146629 > 190801 > 51535 > 61554
179417,reaches_CEO,5,179417 > 191073 > 181201 > 139032 > 11277 > 61554
146538,reaches_CEO,5,146538 > 109254 > 191418 > 36075 > 11277 > 61554
148225,reaches_CEO,5,148225 > 122197 > 145161 > 69728 > 51535 > 61554
104085,reaches_CEO,5,104085 > 158056 > 33814 > 190801 > 51535 > 61554
76764,reaches_CEO,5,76764 > 153412 > 139507 > 97647 > 110464 > 61554
109394,reaches_CEO,5,109394 > 160511 > 121233 > 176424 > 110464 > 61554
113635,reaches_CEO,5,113635 > 67151 > 49002 > 109804 > 51535 > 61554
132187,reaches_CEO,4,132187 > 146629 > 190801 > 51535 > 61554
133219,reaches_CEO,5,133219 > 61038 > 65451 > 139032 > 11277 > 61554
80853,reaches_CEO,5,80853 > 1872 > 154285 > 107152 > 51535 > 61554
108173,reaches_CEO,5,108173 > 61517 > 110260 > 125855 > 93708 > 61554
156521,reaches_CEO,5,156521 > 96060 > 7531 > 152500 > 93708 > 61554
82240,reaches_CEO,5,82240 > 119302 > 25036 > 152500 > 93708 > 61554
131228,reaches_CEO,5,131228 > 153412 > 139507 > 97647 > 110464 > 61554
150722,reaches_CEO,4,150722 > 124893 > 149778 > 110464 > 61554
122542,reaches_CEO,5,122542 > 4440 > 155485 > 40920 > 110464 > 61554
45308,reaches_CEO,5,45308 > 137369 > 41945 > 84011 > 11277 > 61554
190264,reaches_CEO,5,190264 > 149485 > 172989 > 34051 > 11277 > 61554
130992,reaches_CEO,5,130992 > 52796 > 135238 > 84011 > 11277 > 61554
7531,reaches_CEO,3,7531 > 152500 > 93708 > 61554
119085,reaches_CEO,5,119085 > 23120 > 155485 > 40920 > 110464 > 61554
192958,reaches_CEO,5,192958 > 143050 > 155485 > 40920 > 110464 > 61554
21103,reaches_CEO,5,21103 > 182777 > 124893 > 149778 > 110464 > 61554
129287,reaches_CEO,4,129287 > 99397 > 71889 > 93708 > 61554
191825,reaches_CEO,5,191825 > 98967 > 115539 > 71499 > 110464 > 61554
26466,reaches_CEO,5,26466 > 135804 > 95935 > 71889 > 93708 > 61554
128132,reaches_CEO,5,128132 > 176415 > 39726 > 69728 > 51535 > 61554
33169,reaches_CEO,5,33169 > 68201 > 41945 > 84011 > 11277 > 61554
31418,reaches_CEO,5,31418 > 133420 > 120639 > 142146 > 11277 > 61554
91002,reaches_CEO,4,91002 > 24489 > 176424 > 110464 > 61554
27704,reaches_CEO,4,27704 > 171907 > 142146 > 11277 > 61554
134998,reaches_CEO,5,134998 > 5282 > 32248 > 34280 > 11277 > 61554
153782,reaches_CEO,5,153782 > 193818 > 136905 > 71889 > 93708 > 61554
149759,reaches_CEO,5,149759 > 154381 > 66090 > 34280 > 11277 > 61554
184993,reaches_CEO,5,184993 > 175361 > 100942 > 36075 > 11277 > 61554
129839,reaches_CEO,5,129839 > 126515 > 24681 > 124994 > 93708 > 61554
142508,reaches_CEO,5,142508 > 55883 > 49002 > 109804 > 51535 > 61554
191635,reaches_CEO,5,191635 > 154381 > 66090 > 34280 > 11277 > 61554
163430,reaches_CEO,5,163430 > 110089 > 41533 > 177860 > 93708 > 61554
2978,reaches_CEO,5,2978 > 130135 > 95935 > 71889 > 93708 > 61554
160686,reaches_CEO,5,160686 > 29733 > 50665 > 71889 > 93708 > 61554
81528,reaches_CEO,5,81528 > 71152 > 21604 > 26053 > 93708 > 61554
110763,reaches_CEO,5,110763 > 69379 > 183175 > 197876 > 11277 > 61554
177142,reaches_CEO,5,177142 > 7349 > 121233 > 176424 > 110464 > 61554
141840,reaches_CEO,5,141840 > 48352 > 161284 > 109804 > 51535 > 61554
103220,reaches_CEO,5,103220 > 109254 > 191418 > 36075 > 11277 > 61554
197241,reaches_CEO,5,197241 > 9400 > 138823 > 124994 > 93708 > 61554
87035,reaches_CEO,5,87035 > 18939 > 167941 > 34051 > 11277 > 61554
22955,reaches_CEO,5,22955 > 127275 > 42270 > 79693 > 51535 > 61554
68656,reaches_CEO,5,68656 > 175365 > 166741 > 97647 > 110464 > 61554
61768,reaches_CEO,5,61768 > 144401 > 94362 > 34051 > 11277 > 61554
81421,reaches_CEO,4,81421 > 45969 > 26053 > 93708 > 61554
22557,reaches_CEO,5,22557 > 155570 > 71532 > 109308 > 110464 > 61554
16462,reaches_CEO,5,16462 > 29508 > 77857 > 152500 > 93708 > 61554
121021,reaches_CEO,5,121021 > 8182 > 181310 > 139032 > 11277 > 61554
183175,reaches_CEO,3,183175 > 197876 > 11277 > 61554
152422,reaches_CEO,5,152422 > 125114 > 41533 > 177860 > 93708 > 61554
152254,reaches_CEO,5,152254 > 92845 > 92567 > 162476 > 51535 > 61554
116727,reaches_CEO,5,116727 > 147106 > 164851 > 154041 > 11277 > 61554
97318,reaches_CEO,5,97318 > 154375 > 24015 > 125855 > 93708 > 61554
111453,reaches_CEO,5,111453 > 95522 > 91869 > 40920 > 110464 > 61554
144668,reaches_CEO,5,144668 > 108428 > 117030 > 109804 > 51535 > 61554
18939,reaches_CEO,4,18939 > 167941 > 34051 > 11277 > 61554
21432,reaches_CEO,5,21432 > 72965 > 92713 > 96752 > 11277 > 61554
121402,reaches_CEO,5,121402 > 194078 > 162889 > 109308 > 110464 > 61554
49594,reaches_CEO,5,49594 > 39231 > 24681 > 124994 > 93708 > 61554
144705,reaches_CEO,5,144705 > 61038 > 65451 > 139032 > 11277 > 61554
100398,reaches_CEO,5,100398 > 198648 > 114137 > 107658 > 110464 > 61554
84129,reaches_CEO,5,84129 > 169574 > 114137 > 107658 > 110464 > 61554
114858,reaches_CEO,5,114858 > 189222 > 3802 > 133795 > 51535 > 61554
107468,reaches_CEO,5,107468 > 18312 > 147555 > 107152 > 51535 > 61554
29343,reaches_CEO,5,29343 > 43858 > 171351 > 79693 > 51535 > 61554
107020,reaches_CEO,5,107020 > 130135 > 95935 > 71889 > 93708 > 61554
189536,reaches_CEO,5,189536 > 131620 > 40475 > 56068 > 11277 > 61554
91485,reaches_CEO,5,91485 > 178797 > 47755 > 154041 > 11277 > 61554
84909,reaches_CEO,5,84909 > 112245 > 47755 > 154041 > 11277 > 61554
20694,reaches_CEO,5,20694 > 20828 > 156036 > 74062 > 110464 > 61554
179998,reaches_CEO,5,179998 > 252 > 41533 > 177860 > 93708 > 61554
91241,reaches_CEO,5,91241 > 81860 > 49002 > 109804 > 51535 > 61554
156818,reaches_CEO,5,156818 > 63832 > 167223 > 40920 > 110464 > 61554
89092,reaches_CEO,5,89092 > 90639 > 103443 > 97647 > 110464 > 61554
56959,reaches_CEO,5,56959 > 67931 > 119481 > 79693 > 51535 > 61554
129381,reaches_CEO,3,129381 > 142146 > 11277 > 61554
18825,reaches_CEO,5,18825 > 180930 > 91117 > 34051 > 11277 > 61554
187074,reaches_CEO,5,187074 > 175558 > 72243 > 162476 > 51535 > 61554
24965,reaches_CEO,5,24965 > 177166 > 192589 > 55537 > 51535 > 61554
59824,reaches_CEO,5,59824 > 125775 > 91869 > 40920 > 110464 > 61554
22903,reaches_CEO,5,22903 > 154170 > 27660 > 69728 > 51535 > 61554
175213,reaches_CEO,5,175213 > 142630 > 171266 > 71889 > 93708 > 61554
134728,reaches_CEO,4,134728 > 114137 > 107658 > 110464 > 61554
59539,reaches_CEO,5,59539 > 22145 > 134865 > 197876 > 11277 > 61554
185358,reaches_CEO,5,185358 > 68821 > 183869 > 185673 > 51535 > 61554
100854,reaches_CEO,5,100854 > 73106 > 60121 > 109804 > 51535 > 61554
122414,reaches_CEO,5,122414 > 9400 > 138823 > 124994 > 93708 > 61554
103815,reaches_CEO,5,103815 > 109671 > 191391 > 138045 > 110464 > 61554
96198,reaches_CEO,5,96198 > 17211 > 185138 > 152500 > 93708 > 61554
41287,reaches_CEO,5,41287 > 159838 > 167223 > 40920 > 110464 > 61554
36350,reaches_CEO,5,36350 > 102043 > 89053 > 97647 > 110464 > 61554
303,reaches_CEO,5,303 > 95473 > 65451 > 139032 > 11277 > 61554
40864,reaches_CEO,5,40864 > 74818 > 181310 > 139032 > 11277 > 61554
122762,reaches_CEO,4,122762 > 17395 > 96752 > 11277 > 61554
48566,reaches_CEO,5,48566 > 194904 > 21604 > 26053 > 93708 > 61554
88597,reaches_CEO,5,88597 > 132399 > 94362 > 34051 > 11277 > 61554
139712,reaches_CEO,5,139712 > 176415 > 39726 > 69728 > 51535 > 61554
83119,reaches_CEO,5,83119 > 103981 > 69550 > 74062 > 110464 > 61554
193141,reaches_CEO,5,193141 > 77613 > 66090 > 34280 > 11277 > 61554
43705,reaches_CEO,5,43705 > 164501 > 138823 > 124994 > 93708 > 61554
83665,reaches_CEO,5,83665 > 175558 > 72243 > 162476 > 51535 > 61554
25759,reaches_CEO,5,25759 > 187183 > 143437 > 71499 > 110464 > 61554
28383,reaches_CEO,5,28383 > 45803 > 83356 > 84011 > 11277 > 61554
46894,reaches_CEO,5,46894 > 56316 > 32248 > 34280 > 11277 > 61554
56376,reaches_CEO,5,56376 > 67522 > 141808 > 34051 > 11277 > 61554
159982,reaches_CEO,5,159982 > 192145 > 145667 > 142146 > 11277 > 61554
95899,reaches_CEO,5,95899 > 148984 > 3917 > 139032 > 11277 > 61554
59894,reaches_CEO,5,59894 > 159098 > 5342 > 133795 > 51535 > 61554
145385,reaches_CEO,5,145385 > 94039 > 107049 > 34280 > 11277 > 61554
118506,reaches_CEO,4,118506 > 25036 > 152500 > 93708 > 61554
20230,reaches_CEO,5,20230 > 132399 > 94362 > 34051 > 11277 > 61554
63090,reaches_CEO,5,63090 > 128065 > 192589 > 55537 > 51535 > 61554
124334,reaches_CEO,5,124334 > 10922 > 198366 > 142146 > 11277 > 61554
156394,reaches_CEO,5,156394 > 148865 > 24691 > 56068 > 11277 > 61554
53553,reaches_CEO,5,53553 > 181421 > 107049 > 34280 > 11277 > 61554
23759,reaches_CEO,5,23759 > 92210 > 78493 > 197876 > 11277 > 61554
107224,reaches_CEO,5,107224 > 123502 > 39785 > 177860 > 93708 > 61554
93860,reaches_CEO,5,93860 > 174122 > 152076 > 69728 > 51535 > 61554
34265,reaches_CEO,5,34265 > 168791 > 5342 > 133795 > 51535 > 61554
26859,reaches_CEO,5,26859 > 60609 > 94454 > 84011 > 11277 > 61554
169294,reaches_CEO,5,169294 > 60489 > 24489 > 176424 > 110464 > 61554
173017,reaches_CEO,5,173017 > 164501 > 138823 > 124994 > 93708 > 61554
46997,reaches_CEO,4,46997 > 167941 > 34051 > 11277 > 61554
113618,reaches_CEO,4,113618 > 103443 > 97647 > 110464 > 61554
35227,reaches_CEO,5,35227 > 148418 > 167482 > 133795 > 51535 > 61554
52245,reaches_CEO,5,52245 > 140838 > 95935 > 71889 > 93708 > 61554
195882,reaches_CEO,5,195882 > 47260 > 24015 > 125855 > 93708 > 61554
147824,reaches_CEO,5,147824 > 168564 > 8665 > 34051 > 11277 > 61554
3755,reaches_CEO,5,3755 > 87733 > 198366 > 142146 > 11277 > 61554
142408,reaches_CEO,5,142408 > 175558 > 72243 > 162476 > 51535 > 61554
35879,reaches_CEO,5,35879 > 52313 > 135238 > 84011 > 11277 > 61554
199084,reaches_CEO,5,199084 > 98558 > 145161 > 69728 > 51535 > 61554
99305,reaches_CEO,5,99305 > 123502 > 39785 > 177860 > 93708 > 61554
190103,reaches_CEO,5,190103 > 21470 > 143437 > 71499 > 110464 > 61554
115962,reaches_CEO,5,115962 > 47618 > 71532 > 109308 > 110464 > 61554
30639,reaches_CEO,5,30639 > 52319 > 154897 > 34280 > 11277 > 61554
113643,reaches_CEO,5,113643 > 14241 > 37154 > 138045 > 110464 > 61554
135028,reaches_CEO,5,135028 > 196660 > 94454 > 84011 > 11277 > 61554
97430,reaches_CEO,5,97430 > 153412 > 139507 > 97647 > 110464 > 61554
160169,reaches_CEO,4,160169 > 172989 > 34051 > 11277 > 61554
54067,reaches_CEO,5,54067 > 148418 > 167482 > 133795 > 51535 > 61554
92575,reaches_CEO,5,92575 > 14299 > 194121 > 176367 > 51535 > 61554
133064,reaches_CEO,5,133064 > 5222 > 135238 > 84011 > 11277 > 61554
36431,reaches_CEO,5,36431 > 8193 > 152076 > 69728 > 51535 > 61554
182873,reaches_CEO,5,182873 > 67178 > 20378 > 124994 > 93708 > 61554
178662,reaches_CEO,5,178662 > 54808 > 163049 > 56068 > 11277 > 61554
908,reaches_CEO,5,908 > 59327 > 24681 > 124994 > 93708 > 61554
115319,reaches_CEO,5,115319 > 183065 > 8207 > 185673 > 51535 > 61554
46896,reaches_CEO,5,46896 > 4384 > 138823 > 124994 > 93708 > 61554
77732,reaches_CEO,5,77732 > 102684 > 92713 > 96752 > 11277 > 61554
42899,reaches_CEO,5,42899 > 69903 > 17837 > 176367 > 51535 > 61554
99556,reaches_CEO,5,99556 > 59327 > 24681 > 124994 > 93708 > 61554
138908,reaches_CEO,5,138908 > 134048 > 78493 > 197876 > 11277 > 61554
53918,reaches_CEO,5,53918 > 126330 > 119481 > 79693 > 51535 > 61554
194994,reaches_CEO,5,194994 > 133858 > 184512 > 109804 > 51535 > 61554
163763,reaches_CEO,5,163763 > 142630 > 171266 > 71889 > 93708 > 61554
47570,reaches_CEO,5,47570 > 71757 > 91869 > 40920 > 110464 > 61554
20576,reaches_CEO,5,20576 > 64858 > 24015 > 125855 > 93708 > 61554
10088,reaches_CEO,5,10088 > 101981 > 134865 > 197876 > 11277 > 61554
120266,reaches_CEO,5,120266 > 151005 > 134556 > 138045 > 110464 > 61554
49407,reaches_CEO,5,49407 > 154170 > 27660 > 69728 > 51535 > 61554
123373,reaches_CEO,5,123373 > 68222 > 24681 > 124994 > 93708 > 61554
150184,reaches_CEO,5,150184 > 102727 > 114137 > 107658 > 110464 > 61554
161494,reaches_CEO,5,161494 > 111974 > 192589 > 55537 > 51535 > 61554
43334,reaches_CEO,5,43334 > 173939 > 156036 > 74062 > 110464 > 61554
66873,reaches_CEO,5,66873 > 8198 > 98225 > 162476 > 51535 > 61554
28088,reaches_CEO,5,28088 > 111363 > 89002 > 34280 > 11277 > 61554
127076,reaches_CEO,5,127076 > 81644 > 146629 > 190801 > 51535 > 61554
111895,reaches_CEO,5,111895 > 153291 > 141808 > 34051 > 11277 > 61554
144732,reaches_CEO,5,144732 > 169849 > 192056 > 71889 > 93708 > 61554
83885,reaches_CEO,5,83885 > 150408 > 61403 > 69728 > 51535 > 61554
133819,reaches_CEO,5,133819 > 63077 > 49727 > 84011 > 11277 > 61554
32177,reaches_CEO,5,32177 > 48690 > 92713 > 96752 > 11277 > 61554
7956,reaches_CEO,5,7956 > 142104 > 47553 > 69728 > 51535 > 61554
61554,reaches_CEO,0,61554
11847,reaches_CEO,5,11847 > 111508 > 82419 > 74062 > 110464 > 61554
118165,reaches_CEO,5,118165 > 167650 > 119481 > 79693 > 51535 > 61554
176818,reaches_CEO,5,176818 > 48352 > 161284 > 109804 > 51535 > 61554
31200,reaches_CEO,5,31200 > 58522 > 39726 > 69728 > 51535 > 61554
8989,reaches_CEO,5,8989 > 198814 > 181566 > 97647 > 110464 > 61554
167321,reaches_CEO,5,167321 > 95169 > 176804 > 139032 > 11277 > 61554
42085,reaches_CEO,5,42085 > 134536 > 5342 > 133795 > 51535 > 61554
30720,reaches_CEO,5,30720 > 48352 > 161284 > 109804 > 51535 > 61554
63303,reaches_CEO,5,63303 > 44056 > 16178 > 71889 > 93708 > 61554
14897,reaches_CEO,5,14897 > 56451 > 193088 > 96752 > 11277 > 61554
107318,reaches_CEO,5,107318 > 43937 > 95935 > 71889 > 93708 > 61554
129034,reaches_CEO,5,129034 > 87330 > 91654 > 109804 > 51535 > 61554
112323,reaches_CEO,5,112323 > 69463 > 91869 > 40920 > 110464 > 61554
172170,reaches_CEO,5,172170 > 76641 > 154285 > 107152 > 51535 > 61554
153576,reaches_CEO,5,153576 > 195165 > 113589 > 190801 > 51535 > 61554
141343,reaches_CEO,5,141343 > 95522 > 91869 > 40920 > 110464 > 61554
28159,reaches_CEO,5,28159 > 124186 > 103443 > 97647 > 110464 > 61554
20979,reaches_CEO,5,20979 > 70547 > 168545 > 176424 > 110464 > 61554
6670,reaches_CEO,5,6670 > 67931 > 119481 > 79693 > 51535 > 61554
75281,reaches_CEO,5,75281 > 60609 > 94454 > 84011 > 11277 > 61554
14274,reaches_CEO,5,14274 > 92403 > 59535 > 154041 > 11277 > 61554
155988,reaches_CEO,5,155988 > 140061 > 181201 > 139032 > 11277 > 61554
96548,reaches_CEO,5,96548 > 162196 > 39726 > 69728 > 51535 > 61554
182866,reaches_CEO,5,182866 > 1808 > 140317 > 107152 > 51535 > 61554
176330,reaches_CEO,5,176330 > 182996 > 32510 > 197876 > 11277 > 61554
21192,reaches_CEO,5,21192 > 133927 > 42270 > 79693 > 51535 > 61554
23088,reaches_CEO,5,23088 > 88936 > 3235 > 84011 > 11277 > 61554
95101,reaches_CEO,5,95101 > 136147 > 100942 > 36075 > 11277 > 61554
90984,reaches_CEO,5,90984 > 29547 > 47553 > 69728 > 51535 > 61554
118314,reaches_CEO,5,118314 > 149970 > 155485 > 40920 > 110464 > 61554
30165,reaches_CEO,5,30165 > 110089 > 41533 > 177860 > 93708 > 61554
70771,reaches_CEO,5,70771 > 196490 > 165426 > 124994 > 93708 > 61554
188470,reaches_CEO,5,188470 > 101484 > 91654 > 109804 > 51535 > 61554
194628,reaches_CEO,5,194628 > 119231 > 165426 > 124994 > 93708 > 61554
78743,reaches_CEO,5,78743 > 4421 > 32510 > 197876 > 11277 > 61554
72812,reaches_CEO,5,72812 > 129626 > 118233 > 149778 > 110464 > 61554
71889,reaches_CEO,2,71889 > 93708 > 61554
117973,reaches_CEO,5,117973 > 89837 > 37154 > 138045 > 110464 > 61554
56196,reaches_CEO,5,56196 > 78215 > 181201 > 139032 > 11277 > 61554
72699,reaches_CEO,5,72699 > 179212 > 162889 > 109308 > 110464 > 61554
156577,reaches_CEO,5,156577 > 166729 > 125912 > 107658 > 110464 > 61554
160045,reaches_CEO,5,160045 > 174092 > 3235 > 84011 > 11277 > 61554
189658,reaches_CEO,5,189658 > 92403 > 59535 > 154041 > 11277 > 61554
6083,reaches_CEO,5,6083 > 152960 > 157492 > 34280 > 11277 > 61554
62244,reaches_CEO,5,62244 > 162518 > 32510 > 197876 > 11277 > 61554
150110,reaches_CEO,5,150110 > 184998 > 183175 > 197876 > 11277 > 61554
154843,reaches_CEO,5,154843 > 173939 > 156036 > 74062 > 110464 > 61554
98958,reaches_CEO,5,98958 > 177772 > 134556 > 138045 > 110464 > 61554
177579,reaches_CEO,5,177579 > 187053 > 194121 > 176367 > 51535 > 61554
123103,reaches_CEO,4,123103 > 72243 > 162476 > 51535 > 61554
42182,reaches_CEO,5,42182 > 192414 > 47755 > 154041 > 11277 > 61554
28774,reaches_CEO,5,28774 > 68998 > 70434 > 149778 > 110464 > 61554
8175,reaches_CEO,5,8175 > 100373 > 192056 > 71889 > 93708 > 61554
162617,reaches_CEO,5,162617 > 26183 > 145667 > 142146 > 11277 > 61554
87419,reaches_CEO,5,87419 > 5374 > 167941 > 34051 > 11277 > 61554
119302,reaches_CEO,4,119302 > 25036 > 152500 > 93708 > 61554
173342,reaches_CEO,5,173342 > 51288 > 140317 > 107152 > 51535 > 61554
194904,reaches_CEO,4,194904 > 21604 > 26053 > 93708 > 61554
58171,reaches_CEO,5,58171 > 53856 > 16178 > 71889 > 93708 > 61554
193818,reaches_CEO,4,193818 > 136905 > 71889 > 93708 > 61554
121722,reaches_CEO,5,121722 > 148032 > 172989 > 34051 > 11277 > 61554
6819,reaches_CEO,5,6819 > 4110 > 94454 > 84011 > 11277 > 61554
14249,reaches_CEO,5,14249 > 121527 > 139507 > 97647 > 110464 > 61554
120383,reaches_CEO,5,120383 > 169223 > 5342 > 133795 > 51535 > 61554
12028,reaches_CEO,5,12028 > 87613 > 140317 > 107152 > 51535 > 61554
127011,reaches_CEO,5,127011 > 34134 > 172989 > 34051 > 11277 > 61554
25916,reaches_CEO,5,25916 > 32938 > 42270 > 79693 > 51535 > 61554
21575,reaches_CEO,5,21575 > 151838 > 3917 > 139032 > 11277 > 61554
38028,reaches_CEO,5,38028 > 167389 > 181201 > 139032 > 11277 > 61554
60394,reaches_CEO,5,60394 > 22977 > 41533 > 177860 > 93708 > 61554
58140,reaches_CEO,5,58140 > 4259 > 193330 > 162476 > 51535 > 61554
31646,reaches_CEO,5,31646 > 53109 > 130489 > 36075 > 11277 > 61554
90834,reaches_CEO,4,90834 > 157492 > 34280 > 11277 > 61554
155903,reaches_CEO,5,155903 > 189890 > 171351 > 79693 > 51535 > 61554
123717,reaches_CEO,5,123717 > 119991 > 184512 > 109804 > 51535 > 61554
91961,reaches_CEO,5,91961 > 191649 > 94454 > 84011 > 11277 > 61554
182765,reaches_CEO,5,182765 > 148260 > 89053 > 97647 > 110464 > 61554
137323,reaches_CEO,5,137323 > 41808 > 89619 > 26053 > 93708 > 61554
39396,reaches_CEO,5,39396 > 33266 > 158490 > 74062 > 110464 > 61554
139397,reaches_CEO,5,139397 > 21470 > 143437 > 71499 > 110464 > 61554
187756,reaches_CEO,5,187756 > 188118 > 114472 > 197876 > 11277 > 61554
133734,reaches_CEO,5,133734 > 77866 > 181566 > 97647 > 110464 > 61554
7027,reaches_CEO,5,7027 > 168564 > 8665 > 34051 > 11277 > 61554
100144,reaches_CEO,5,100144 > 94611 > 194121 > 176367 > 51535 > 61554
52714,reaches_CEO,5,52714 > 41335 > 33814 > 190801 > 51535 > 61554
97932,reaches_CEO,5,97932 > 135846 > 77851 > 36075 > 11277 > 61554
76432,reaches_CEO,5,76432 > 159838 > 167223 > 40920 > 110464 > 61554
97160,reaches_CEO,5,97160 > 8711 > 24489 > 176424 > 110464 > 61554
130873,reaches_CEO,5,130873 > 108164 > 32510 > 197876 > 11277 > 61554
67795,reaches_CEO,5,67795 > 78874 > 47127 > 84011 > 11277 > 61554
165952,reaches_CEO,5,165952 > 116180 > 113589 > 190801 > 51535 > 61554
41756,reaches_CEO,5,41756 > 58365 > 196484 > 176424 > 110464 > 61554
117545,reaches_CEO,5,117545 > 67151 > 49002 > 109804 > 51535 > 61554
135868,reaches_CEO,5,135868 > 134944 > 181201 > 139032 > 11277 > 61554
6148,reaches_CEO,5,6148 > 171940 > 70434 > 149778 > 110464 > 61554
59515,reaches_CEO,5,59515 > 63832 > 167223 > 40920 > 110464 > 61554
5214,reaches_CEO,5,5214 > 178147 > 24681 > 124994 > 93708 > 61554
26053,reaches_CEO,2,26053 > 93708 > 61554
136034,reaches_CEO,5,136034 > 147783 > 65522 > 34051 > 11277 > 61554
165415,reaches_CEO,5,165415 > 148032 > 172989 > 34051 > 11277 > 61554
69817,reaches_CEO,5,69817 > 189742 > 116660 > 26053 > 93708 > 61554
107049,reaches_CEO,3,107049 > 34280 > 11277 > 61554
53283,reaches_CEO,5,53283 > 198403 > 78493 > 197876 > 11277 > 61554
252,reaches_CEO,4,252 > 41533 > 177860 > 93708 > 61554
26529,reaches_CEO,5,26529 > 24287 > 192056 > 71889 > 93708 > 61554
103753,reaches_CEO,5,103753 > 157966 > 134556 > 138045 > 110464 > 61554
72864,reaches_CEO,5,72864 > 102684 > 92713 > 96752 > 11277 > 61554
132397,reaches_CEO,5,132397 > 70547 > 168545 > 176424 > 110464 > 61554
92746,reaches_CEO,5,92746 > 34714 > 32248 > 34280 > 11277 > 61554
152960,reaches_CEO,4,152960 > 157492 > 34280 > 11277 > 61554
149745,reaches_CEO,5,149745 > 189627 > 130489 > 36075 > 11277 > 61554
116791,reaches_CEO,5,116791 > 22090 > 156036 > 74062 > 110464 > 61554
179230,reaches_CEO,5,179230 > 150189 > 138823 > 124994 > 93708 > 61554
27648,reaches_CEO,5,27648 > 110089 > 41533 > 177860 > 93708 > 61554
194217,reaches_CEO,5,194217 > 194904 > 21604 > 26053 > 93708 > 61554
107299,reaches_CEO,5,107299 > 147783 > 65522 > 34051 > 11277 > 61554
1491,reaches_CEO,5,1491 > 109671 > 191391 > 138045 > 110464 > 61554
80030,reaches_CEO,5,80030 > 62990 > 129381 > 142146 > 11277 > 61554
189238,reaches_CEO,5,189238 > 132360 > 120639 > 142146 > 11277 > 61554
195702,reaches_CEO,5,195702 > 5743 > 49727 > 84011 > 11277 > 61554
33069,reaches_CEO,5,33069 > 114572 > 5692 > 149778 > 110464 > 61554
114620,reaches_CEO,5,114620 > 33266 > 158490 > 74062 > 110464 > 61554
58893,reaches_CEO,5,58893 > 64750 > 183869 > 185673 > 51535 > 61554
29605,reaches_CEO,5,29605 > 158888 > 176804 > 139032 > 11277 > 61554
188953,reaches_CEO,5,188953 > 101901 > 7558 > 69728 > 51535 > 61554
35139,reaches_CEO,5,35139 > 80043 > 99397 > 71889 > 93708 > 61554
48039,reaches_CEO,5,48039 > 154891 > 146629 > 190801 > 51535 > 61554
27661,reaches_CEO,5,27661 > 154375 > 24015 > 125855 > 93708 > 61554
194836,reaches_CEO,5,194836 > 162196 > 39726 > 69728 > 51535 > 61554
170153,reaches_CEO,5,170153 > 33266 > 158490 > 74062 > 110464 > 61554
62107,reaches_CEO,5,62107 > 5282 > 32248 > 34280 > 11277 > 61554
76649,reaches_CEO,5,76649 > 5374 > 167941 > 34051 > 11277 > 61554
170732,reaches_CEO,5,170732 > 180930 > 91117 > 34051 > 11277 > 61554
167568,reaches_CEO,5,167568 > 61038 > 65451 > 139032 > 11277 > 61554
165480,reaches_CEO,5,165480 > 187183 > 143437 > 71499 > 110464 > 61554
197606,reaches_CEO,5,197606 > 52796 > 135238 > 84011 > 11277 > 61554
199950,reaches_CEO,4,199950 > 41533 > 177860 > 93708 > 61554
145382,reaches_CEO,5,145382 > 168942 > 185138 > 152500 > 93708 > 61554
85080,reaches_CEO,5,85080 > 8812 > 171266 > 71889 > 93708 > 61554
62879,reaches_CEO,5,62879 > 191495 > 100942 > 36075 > 11277 > 61554
67891,reaches_CEO,5,67891 > 160289 > 79285 > 34280 > 11277 > 61554
46727,reaches_CEO,5,46727 > 158777 > 71532 > 109308 > 110464 > 61554
193336,reaches_CEO,5,193336 > 166928 > 189937 > 55537 > 51535 > 61554
149768,reaches_CEO,5,149768 > 102632 > 167223 > 40920 > 110464 > 61554
60752,reaches_CEO,5,60752 > 71585 > 65174 > 154041 > 11277 > 61554
60442,reaches_CEO,5,60442 > 134658 > 65522 > 34051 > 11277 > 61554
133669,reaches_CEO,5,133669 > 96060 > 7531 > 152500 > 93708 > 61554
109624,reaches_CEO,5,109624 > 157931 > 61403 > 69728 > 51535 > 61554
59536,reaches_CEO,5,59536 > 144211 > 194121 > 176367 > 51535 > 61554
111539,reaches_CEO,5,111539 > 1050 > 71595 > 55537 > 51535 > 61554
105656,reaches_CEO,5,105656 > 58365 > 196484 > 176424 > 110464 > 61554
99231,reaches_CEO,5,99231 > 192369 > 131950 > 96752 > 11277 > 61554
187643,reaches_CEO,5,187643 > 68222 > 24681 > 124994 > 93708 > 61554
155978,reaches_CEO,5,155978 > 3260 > 33814 > 190801 > 51535 > 61554
100211,reaches_CEO,5,100211 > 170076 > 3802 > 133795 > 51535 > 61554
82736,reaches_CEO,5,82736 > 101819 > 87379 > 176367 > 51535 > 61554
78215,reaches_CEO,4,78215 > 181201 > 139032 > 11277 > 61554
89672,reaches_CEO,5,89672 > 89837 > 37154 > 138045 > 110464 > 61554
116120,reaches_CEO,5,116120 > 43420 > 24691 > 56068 > 11277 > 61554
105315,reaches_CEO,5,105315 > 181421 > 107049 > 34280 > 11277 > 61554
159136,reaches_CEO,5,159136 > 12679 > 3917 > 139032 > 11277 > 61554
109061,reaches_CEO,5,109061 > 175434 > 157492 > 34280 > 11277 > 61554
65386,reaches_CEO,5,65386 > 22977 > 41533 > 177860 > 93708 > 61554
168742,reaches_CEO,4,168742 > 59535 > 154041 > 11277 > 61554
21124,reaches_CEO,5,21124 > 70819 > 161284 > 109804 > 51535 > 61554
130578,reaches_CEO,5,130578 > 145126 > 114472 > 197876 > 11277 > 61554
36277,reaches_CEO,5,36277 > 87330 > 91654 > 109804 > 51535 > 61554
192863,reaches_CEO,5,192863 > 150189 > 138823 > 124994 > 93708 > 61554
54808,reaches_CEO,4,54808 > 163049 > 56068 > 11277 > 61554
139839,reaches_CEO,5,139839 > 193763 > 194121 > 176367 > 51535 > 61554
135266,reaches_CEO,5,135266 > 138772 > 94362 > 34051 > 11277 > 61554
12300,reaches_CEO,5,12300 > 198879 > 83356 > 84011 > 11277 > 61554
83871,reaches_CEO,5,83871 > 101901 > 7558 > 69728 > 51535 > 61554
136646,reaches_CEO,5,136646 > 56451 > 193088 > 96752 > 11277 > 61554
75728,reaches_CEO,5,75728 > 5743 > 49727 > 84011 > 11277 > 61554
77980,reaches_CEO,5,77980 > 186283 > 132307 > 185673 > 51535 > 61554
113738,reaches_CEO,5,113738 > 112643 > 119833 > 84011 > 11277 > 61554
15890,reaches_CEO,5,15890 > 133927 > 42270 > 79693 > 51535 > 61554
63383,reaches_CEO,5,63383 > 21470 > 143437 > 71499 > 110464 > 61554
160775,reaches_CEO,5,160775 > 69345 > 163049 > 56068 > 11277 > 61554
73807,reaches_CEO,5,73807 > 84828 > 33814 > 190801 > 51535 > 61554
137439,reaches_CEO,5,137439 > 168415 > 39785 > 177860 > 93708 > 61554
126326,reaches_CEO,5,126326 > 107694 > 50665 > 71889 > 93708 > 61554
130924,reaches_CEO,5,130924 > 34714 > 32248 > 34280 > 11277 > 61554
111821,reaches_CEO,5,111821 > 189038 > 87379 > 176367 > 51535 > 61554
59617,reaches_CEO,5,59617 > 159638 > 116660 > 26053 > 93708 > 61554
40132,reaches_CEO,3,40132 > 190801 > 51535 > 61554
167031,reaches_CEO,5,167031 > 76135 > 5692 > 149778 > 110464 > 61554
65137,reaches_CEO,5,65137 > 193920 > 141808 > 34051 > 11277 > 61554
133420,reaches_CEO,4,133420 > 120639 > 142146 > 11277 > 61554
50100,reaches_CEO,5,50100 > 153551 > 47755 > 154041 > 11277 > 61554
76777,reaches_CEO,5,76777 > 5743 > 49727 > 84011 > 11277 > 61554
17351,reaches_CEO,5,17351 > 75705 > 171266 > 71889 > 93708 > 61554
146258,reaches_CEO,5,146258 > 52319 > 154897 > 34280 > 11277 > 61554
150290,reaches_CEO,4,150290 > 185138 > 152500 > 93708 > 61554
93962,reaches_CEO,5,93962 > 87330 > 91654 > 109804 > 51535 > 61554
36837,reaches_CEO,5,36837 > 143473 > 59566 > 125855 > 93708 > 61554
27307,reaches_CEO,5,27307 > 192414 > 47755 > 154041 > 11277 > 61554
69628,reaches_CEO,5,69628 > 179569 > 78493 > 197876 > 11277 > 61554
5729,reaches_CEO,5,5729 > 100373 > 192056 > 71889 > 93708 > 61554
199649,reaches_CEO,5,199649 > 92403 > 59535 > 154041 > 11277 > 61554
199903,reaches_CEO,5,199903 > 151005 > 134556 > 138045 > 110464 > 61554
42096,reaches_CEO,4,42096 > 89002 > 34280 > 11277 > 61554
118865,reaches_CEO,5,118865 > 64190 > 157492 > 34280 > 11277 > 61554
15752,reaches_CEO,5,15752 > 136147 > 100942 > 36075 > 11277 > 61554
75461,reaches_CEO,5,75461 > 98931 > 103443 > 97647 > 110464 > 61554
53759,reaches_CEO,5,53759 > 148260 > 89053 > 97647 > 110464 > 61554
70563,reaches_CEO,5,70563 > 54997 > 66119 > 34051 > 11277 > 61554
160362,reaches_CEO,5,160362 > 57316 > 157492 > 34280 > 11277 > 61554
117826,reaches_CEO,5,117826 > 147783 > 65522 > 34051 > 11277 > 61554
175921,reaches_CEO,5,175921 > 181219 > 196484 > 176424 > 110464 > 61554
80289,reaches_CEO,5,80289 > 88370 > 110260 > 125855 > 93708 > 61554
192719,reaches_CEO,5,192719 > 29960 > 118233 > 149778 > 110464 > 61554
122673,reaches_CEO,5,122673 > 132187 > 146629 > 190801 > 51535 > 61554
13852,reaches_CEO,5,13852 > 175548 > 116660 > 26053 > 93708 > 61554
109543,reaches_CEO,5,109543 > 95841 > 183869 > 185673 > 51535 > 61554
15626,reaches_CEO,5,15626 > 146111 > 21604 > 26053 > 93708 > 61554
178070,reaches_CEO,5,178070 > 49729 > 191418 > 36075 > 11277 > 61554
148355,reaches_CEO,5,148355 > 63077 > 49727 > 84011 > 11277 > 61554
174793,reaches_CEO,5,174793 > 110089 > 41533 > 177860 > 93708 > 61554
56639,reaches_CEO,5,56639 > 189890 > 171351 > 79693 > 51535 > 61554
115402,reaches_CEO,5,115402 > 73034 > 161284 > 109804 > 51535 > 61554
124911,reaches_CEO,5,124911 > 195795 > 59535 > 154041 > 11277 > 61554
22879,reaches_CEO,5,22879 > 121419 > 3802 > 133795 > 51535 > 61554
42972,reaches_CEO,5,42972 > 181772 > 54963 > 142146 > 11277 > 61554
130871,reaches_CEO,5,130871 > 168797 > 6027 > 74062 > 110464 > 61554
124641,reaches_CEO,5,124641 > 182038 > 79285 > 34280 > 11277 > 61554
78473,reaches_CEO,5,78473 > 177805 > 87344 > 138045 > 110464 > 61554
104329,reaches_CEO,5,104329 > 61988 > 49002 > 109804 > 51535 > 61554
182995,reaches_CEO,5,182995 > 172947 > 166741 > 97647 > 110464 > 61554
24343,reaches_CEO,5,24343 > 102727 > 114137 > 107658 > 110464 > 61554
186207,reaches_CEO,5,186207 > 70547 > 168545 > 176424 > 110464 > 61554
59035,reaches_CEO,5,59035 > 180925 > 141808 > 34051 > 11277 > 61554
166233,reaches_CEO,5,166233 > 69943 > 154897 > 34280 > 11277 > 61554
65449,reaches_CEO,5,65449 > 121419 > 3802 > 133795 > 51535 > 61554
56137,reaches_CEO,5,56137 > 191083 > 37154 > 138045 > 110464 > 61554
185080,reaches_CEO,5,185080 > 180854 > 65451 > 139032 > 11277 > 61554
196283,reaches_CEO,5,196283 > 71945 > 183869 > 185673 > 51535 > 61554
68881,reaches_CEO,5,68881 > 164501 > 138823 > 124994 > 93708 > 61554
35762,reaches_CEO,5,35762 > 61811 > 78493 > 197876 > 11277 > 61554
43136,reaches_CEO,5,43136 > 185982 > 171907 > 142146 > 11277 > 61554
9948,reaches_CEO,5,9948 > 64452 > 3235 > 84011 > 11277 > 61554
148860,reaches_CEO,5,148860 > 129778 > 59566 > 125855 > 93708 > 61554
52260,reaches_CEO,5,52260 > 52923 > 134865 > 197876 > 11277 > 61554
129000,reaches_CEO,4,129000 > 6027 > 74062 > 110464 > 61554
173361,reaches_CEO,5,173361 > 12679 > 3917 > 139032 > 11277 > 61554
97058,reaches_CEO,5,97058 > 21470 > 143437 > 71499 > 110464 > 61554
100555,reaches_CEO,5,100555 > 5875 > 146600 > 107658 > 110464 > 61554
192842,reaches_CEO,5,192842 > 103448 > 198366 > 142146 > 11277 > 61554
193242,reaches_CEO,5,193242 > 150290 > 185138 > 152500 > 93708 > 61554
136737,reaches_CEO,5,136737 > 115856 > 3235 > 84011 > 11277 > 61554
7295,reaches_CEO,5,7295 > 80043 > 99397 > 71889 > 93708 > 61554
194847,reaches_CEO,5,194847 > 102632 > 167223 > 40920 > 110464 > 61554
49601,reaches_CEO,5,49601 > 134536 > 5342 > 133795 > 51535 > 61554
95253,reaches_CEO,5,95253 > 47863 > 40132 > 190801 > 51535 > 61554
170337,reaches_CEO,5,170337 > 754 > 25036 > 152500 > 93708 > 61554
61447,reaches_CEO,5,61447 > 8182 > 181310 > 139032 > 11277 > 61554
1128,reaches_CEO,5,1128 > 12214 > 171907 > 142146 > 11277 > 61554
44143,reaches_CEO,5,44143 > 164638 > 47755 > 154041 > 11277 > 61554
87762,reaches_CEO,4,87762 > 154897 > 34280 > 11277 > 61554
56904,reaches_CEO,5,56904 > 65883 > 103443 > 97647 > 110464 > 61554
166796,reaches_CEO,5,166796 > 73893 > 134865 > 197876 > 11277 > 61554
74904,reaches_CEO,5,74904 > 53374 > 157492 > 34280 > 11277 > 61554
140244,reaches_CEO,5,140244 > 171499 > 152076 > 69728 > 51535 > 61554
137751,reaches_CEO,5,137751 > 134048 > 78493 > 197876 > 11277 > 61554
108604,reaches_CEO,5,108604 > 10786 > 165426 > 124994 > 93708 > 61554
183109,reaches_CEO,5,183109 > 50679 > 181310 > 139032 > 11277 > 61554
884,reaches_CEO,5,884 > 155570 > 71532 > 109308 > 110464 > 61554
44421,reaches_CEO,5,44421 > 8856 > 134556 > 138045 > 110464 > 61554
42756,reaches_CEO,5,42756 > 41991 > 171907 > 142146 > 11277 > 61554
181131,reaches_CEO,5,181131 > 125775 > 91869 > 40920 > 110464 > 61554
87805,reaches_CEO,5,87805 > 148795 > 49002 > 109804 > 51535 > 61554
51210,reaches_CEO,5,51210 > 126368 > 183175 > 197876 > 11277 > 61554
138338,reaches_CEO,5,138338 > 63785 > 49002 > 109804 > 51535 > 61554
88697,reaches_CEO,5,88697 > 180924 > 158490 > 74062 > 110464 > 61554
123202,reaches_CEO,5,123202 > 143317 > 94362 > 34051 > 11277 > 61554
8975,reaches_CEO,5,8975 > 30488 > 115539 > 71499 > 110464 > 61554
128296,reaches_CEO,5,128296 > 110508 > 183869 > 185673 > 51535 > 61554
4390,reaches_CEO,5,4390 > 194078 > 162889 > 109308 > 110464 > 61554
40624,reaches_CEO,5,40624 > 51738 > 183869 > 185673 > 51535 > 61554
67753,reaches_CEO,5,67753 > 34977 > 94362 > 34051 > 11277 > 61554
41648,reaches_CEO,5,41648 > 92403 > 59535 > 154041 > 11277 > 61554
143027,reaches_CEO,5,143027 > 43602 > 18295 > 176367 > 51535 > 61554
92409,reaches_CEO,5,92409 > 73846 > 171907 > 142146 > 11277 > 61554
47439,reaches_CEO,5,47439 > 156010 > 28697 > 79693 > 51535 > 61554
132091,reaches_CEO,5,132091 > 77670 > 66119 > 34051 > 11277 > 61554
81933,reaches_CEO,5,81933 > 27018 > 89619 > 26053 > 93708 > 61554
85081,reaches_CEO,5,85081 > 41991 > 171907 > 142146 > 11277 > 61554
33484,reaches_CEO,5,33484 > 98558 > 145161 > 69728 > 51535 > 61554
98387,reaches_CEO,5,98387 > 123502 > 39785 > 177860 > 93708 > 61554
49729,reaches_CEO,4,49729 > 191418 > 36075 > 11277 > 61554
85438,reaches_CEO,5,85438 > 75198 > 146600 > 107658 > 110464 > 61554
191856,reaches_CEO,5,191856 > 74264 > 82419 > 74062 > 110464 > 61554
163589,reaches_CEO,5,163589 > 61811 > 78493 > 197876 > 11277 > 61554
126402,reaches_CEO,5,126402 > 116750 > 145161 > 69728 > 51535 > 61554
19057,reaches_CEO,5,19057 > 132026 > 167223 > 40920 > 110464 > 61554
90566,reaches_CEO,5,90566 > 66591 > 78493 > 197876 > 11277 > 61554
92551,reaches_CEO,5,92551 > 5282 > 32248 > 34280 > 11277 > 61554
111317,reaches_CEO,5,111317 > 125114 > 41533 > 177860 > 93708 > 61554
50317,reaches_CEO,5,50317 > 102102 > 78493 > 197876 > 11277 > 61554
96645,reaches_CEO,5,96645 > 116180 > 113589 > 190801 > 51535 > 61554
192881,reaches_CEO,5,192881 > 129287 > 99397 > 71889 > 93708 > 61554
141090,reaches_CEO,5,141090 > 29410 > 145161 > 69728 > 51535 > 61554
72098,reaches_CEO,5,72098 > 193818 > 136905 > 71889 > 93708 > 61554
178655,reaches_CEO,5,178655 > 29410 > 145161 > 69728 > 51535 > 61554
76886,reaches_CEO,5,76886 > 153291 > 141808 > 34051 > 11277 > 61554
82228,reaches_CEO,5,82228 > 79237 > 124893 > 149778 > 110464 > 61554
191693,reaches_CEO,5,191693 > 22090 > 156036 > 74062 > 110464 > 61554
179117,reaches_CEO,5,179117 > 118506 > 25036 > 152500 > 93708 > 61554
28084,reaches_CEO,5,28084 > 94030 > 78493 > 197876 > 11277 > 61554
133832,reaches_CEO,5,133832 > 79 > 65174 > 154041 > 11277 > 61554
133979,reaches_CEO,5,133979 > 195795 > 59535 > 154041 > 11277 > 61554
129786,reaches_CEO,5,129786 > 73106 > 60121 > 109804 > 51535 > 61554
116417,reaches_CEO,5,116417 > 25934 > 154285 > 107152 > 51535 > 61554
138260,reaches_CEO,5,138260 > 74170 > 191418 > 36075 > 11277 > 61554
115907,reaches_CEO,3,115907 > 97647 > 110464 > 61554
152884,reaches_CEO,5,152884 > 132187 > 146629 > 190801 > 51535 > 61554
8809,reaches_CEO,5,8809 > 55972 > 59566 > 125855 > 93708 > 61554
199381,reaches_CEO,5,199381 > 103884 > 39785 > 177860 > 93708 > 61554
3802,reaches_CEO,3,3802 > 133795 > 51535 > 61554
101061,reaches_CEO,5,101061 > 79934 > 193330 > 162476 > 51535 > 61554
168312,reaches_CEO,5,168312 > 16785 > 33814 > 190801 > 51535 > 61554
190057,reaches_CEO,5,190057 > 104539 > 138823 > 124994 > 93708 > 61554
151341,reaches_CEO,5,151341 > 100373 > 192056 > 71889 > 93708 > 61554
15405,reaches_CEO,5,15405 > 148260 > 89053 > 97647 > 110464 > 61554
65237,reaches_CEO,5,65237 > 67522 > 141808 > 34051 > 11277 > 61554
138583,reaches_CEO,5,138583 > 88936 > 3235 > 84011 > 11277 > 61554
154008,reaches_CEO,5,154008 > 4394 > 118233 > 149778 > 110464 > 61554
107510,reaches_CEO,5,107510 > 1872 > 154285 > 107152 > 51535 > 61554
177182,reaches_CEO,5,177182 > 47863 > 40132 > 190801 > 51535 > 61554
20189,reaches_CEO,5,20189 > 88303 > 3235 > 84011 > 11277 > 61554
153644,reaches_CEO,5,153644 > 154381 > 66090 > 34280 > 11277 > 61554
168821,reaches_CEO,5,168821 > 87733 > 198366 > 142146 > 11277 > 61554
197832,reaches_CEO,4,197832 > 139507 > 97647 > 110464 > 61554
115276,reaches_CEO,5,115276 > 160169 > 172989 > 34051 > 11277 > 61554
141508,reaches_CEO,5,141508 > 66591 > 78493 > 197876 > 11277 > 61554
99125,reaches_CEO,5,99125 > 109254 > 191418 > 36075 > 11277 > 61554
75842,reaches_CEO,5,75842 > 101484 > 91654 > 109804 > 51535 > 61554
33333,reaches_CEO,5,33333 > 126515 > 24681 > 124994 > 93708 > 61554
45828,reaches_CEO,5,45828 > 142685 > 157492 > 34280 > 11277 > 61554
126414,reaches_CEO,5,126414 > 144976 > 145667 > 142146 > 11277 > 61554
162560,reaches_CEO,5,162560 > 73106 > 60121 > 109804 > 51535 > 61554
109693,reaches_CEO,5,109693 > 59327 > 24681 > 124994 > 93708 > 61554
35602,reaches_CEO,5,35602 > 77670 > 66119 > 34051 > 11277 > 61554
85237,reaches_CEO,5,85237 > 67151 > 49002 > 109804 > 51535 > 61554
130793,reaches_CEO,5,130793 > 1808 > 140317 > 107152 > 51535 > 61554
79276,reaches_CEO,5,79276 > 115694 > 152076 > 69728 > 51535 > 61554
139963,reaches_CEO,5,139963 > 140393 > 117030 > 109804 > 51535 > 61554
192004,reaches_CEO,5,192004 > 34977 > 94362 > 34051 > 11277 > 61554
119832,reaches_CEO,3,119832 > 190801 > 51535 > 61554
51535,reaches_CEO,1,51535 > 61554
29796,reaches_CEO,5,29796 > 98419 > 69550 > 74062 > 110464 > 61554
35610,reaches_CEO,5,35610 > 144928 > 134865 > 197876 > 11277 > 61554
41557,reaches_CEO,5,41557 > 129287 > 99397 > 71889 > 93708 > 61554
169574,reaches_CEO,4,169574 > 114137 > 107658 > 110464 > 61554
10786,reaches_CEO,4,10786 > 165426 > 124994 > 93708 > 61554
91624,reaches_CEO,5,91624 > 53677 > 41533 > 177860 > 93708 > 61554
152436,reaches_CEO,5,152436 > 167650 > 119481 > 79693 > 51535 > 61554
69274,reaches_CEO,5,69274 > 73893 > 134865 > 197876 > 11277 > 61554
120524,reaches_CEO,5,120524 > 5282 > 32248 > 34280 > 11277 > 61554
19683,reaches_CEO,5,19683 > 142367 > 181201 > 139032 > 11277 > 61554
122128,reaches_CEO,5,122128 > 72965 > 92713 > 96752 > 11277 > 61554
102043,reaches_CEO,4,102043 > 89053 > 97647 > 110464 > 61554
6674,reaches_CEO,5,6674 > 149135 > 119481 > 79693 > 51535 > 61554
115349,reaches_CEO,4,115349 > 41945 > 84011 > 11277 > 61554
32368,reaches_CEO,5,32368 > 16445 > 136905 > 71889 > 93708 > 61554
31169,reaches_CEO,5,31169 > 4384 > 138823 > 124994 > 93708 > 61554
56500,reaches_CEO,5,56500 > 155437 > 119481 > 79693 > 51535 > 61554
190414,reaches_CEO,5,190414 > 115765 > 192056 > 71889 > 93708 > 61554
5756,reaches_CEO,5,5756 > 198814 > 181566 > 97647 > 110464 > 61554
104958,reaches_CEO,5,104958 > 2644 > 154897 > 34280 > 11277 > 61554
121562,reaches_CEO,5,121562 > 61517 > 110260 > 125855 > 93708 > 61554
111348,reaches_CEO,5,111348 > 148032 > 172989 > 34051 > 11277 > 61554
152377,reaches_CEO,5,152377 > 142276 > 185138 > 152500 > 93708 > 61554
78775,reaches_CEO,5,78775 > 29712 > 47553 > 69728 > 51535 > 61554
83809,reaches_CEO,5,83809 > 18312 > 147555 > 107152 > 51535 > 61554
104432,reaches_CEO,5,104432 > 144401 > 94362 > 34051 > 11277 > 61554
135064,reaches_CEO,5,135064 > 47618 > 71532 > 109308 > 110464 > 61554
87733,reaches_CEO,4,87733 > 198366 > 142146 > 11277 > 61554
49545,reaches_CEO,5,49545 > 29712 > 47553 > 69728 > 51535 > 61554
65174,reaches_CEO,3,65174 > 154041 > 11277 > 61554
71757,reaches_CEO,4,71757 > 91869 > 40920 > 110464 > 61554
65722,reaches_CEO,5,65722 > 125114 > 41533 > 177860 > 93708 > 61554
177819,reaches_CEO,5,177819 > 182996 > 32510 > 197876 > 11277 > 61554
8388,reaches_CEO,5,8388 > 113189 > 193088 > 96752 > 11277 > 61554
23100,reaches_CEO,4,23100 > 132307 > 185673 > 51535 > 61554
178954,reaches_CEO,4,178954 > 189937 > 55537 > 51535 > 61554
170929,reaches_CEO,5,170929 > 104759 > 20378 > 124994 > 93708 > 61554
63436,reaches_CEO,5,63436 > 92210 > 78493 > 197876 > 11277 > 61554
79365,reaches_CEO,5,79365 > 188118 > 114472 > 197876 > 11277 > 61554
129591,reaches_CEO,5,129591 > 164638 > 47755 > 154041 > 11277 > 61554
175786,reaches_CEO,5,175786 > 181781 > 110260 > 125855 > 93708 > 61554
24460,reaches_CEO,5,24460 > 73254 > 192056 > 71889 > 93708 > 61554
145856,reaches_CEO,5,145856 > 73846 > 171907 > 142146 > 11277 > 61554
184941,reaches_CEO,5,184941 > 1610 > 145161 > 69728 > 51535 > 61554
94454,reaches_CEO,3,94454 > 84011 > 11277 > 61554
71087,reaches_CEO,5,71087 > 23565 > 78493 > 197876 > 11277 > 61554
103568,reaches_CEO,5,103568 > 144976 > 145667 > 142146 > 11277 > 61554
41277,reaches_CEO,5,41277 > 754 > 25036 > 152500 > 93708 > 61554
199601,reaches_CEO,5,199601 > 32572 > 125912 > 107658 > 110464 > 61554
97043,reaches_CEO,5,97043 > 115591 > 66119 > 34051 > 11277 > 61554
142926,reaches_CEO,4,142926 > 171351 > 79693 > 51535 > 61554
17660,reaches_CEO,5,17660 > 68222 > 24681 > 124994 > 93708 > 61554
124842,reaches_CEO,5,124842 > 90639 > 103443 > 97647 > 110464 > 61554
40237,reaches_CEO,5,40237 > 195165 > 113589 > 190801 > 51535 > 61554
161633,reaches_CEO,5,161633 > 43937 > 95935 > 71889 > 93708 > 61554
76060,reaches_CEO,5,76060 > 129410 > 3917 > 139032 > 11277 > 61554
89390,reaches_CEO,5,89390 > 123358 > 167941 > 34051 > 11277 > 61554
157703,reaches_CEO,5,157703 > 5374 > 167941 > 34051 > 11277 > 61554
86053,reaches_CEO,5,86053 > 4110 > 94454 > 84011 > 11277 > 61554
27868,reaches_CEO,5,27868 > 62043 > 189937 > 55537 > 51535 > 61554
64025,reaches_CEO,5,64025 > 62043 > 189937 > 55537 > 51535 > 61554
130595,reaches_CEO,5,130595 > 30488 > 115539 > 71499 > 110464 > 61554
33901,reaches_CEO,5,33901 > 175365 > 166741 > 97647 > 110464 > 61554
43468,reaches_CEO,5,43468 > 52525 > 192589 > 55537 > 51535 > 61554
99499,reaches_CEO,5,99499 > 51738 > 183869 > 185673 > 51535 > 61554
109335,reaches_CEO,5,109335 > 26468 > 189937 > 55537 > 51535 > 61554
186344,reaches_CEO,5,186344 > 132283 > 49002 > 109804 > 51535 > 61554
2644,reaches_CEO,4,2644 > 154897 > 34280 > 11277 > 61554
49535,reaches_CEO,5,49535 > 1610 > 145161 > 69728 > 51535 > 61554
163434,reaches_CEO,5,163434 > 148865 > 24691 > 56068 > 11277 > 61554
34540,reaches_CEO,5,34540 > 168905 > 193330 > 162476 > 51535 > 61554
103650,reaches_CEO,5,103650 > 70547 > 168545 > 176424 > 110464 > 61554
58296,reaches_CEO,5,58296 > 59555 > 156036 > 74062 > 110464 > 61554
118612,reaches_CEO,5,118612 > 172717 > 41533 > 177860 > 93708 > 61554
162002,reaches_CEO,5,162002 > 87929 > 2308 > 84011 > 11277 > 61554
78530,reaches_CEO,5,78530 > 146473 > 156036 > 74062 > 110464 > 61554
102068,reaches_CEO,5,102068 > 52796 > 135238 > 84011 > 11277 > 61554
135915,reaches_CEO,5,135915 > 159098 > 5342 > 133795 > 51535 > 61554
112055,reaches_CEO,5,112055 > 137369 > 41945 > 84011 > 11277 > 61554
11079,reaches_CEO,5,11079 > 4394 > 118233 > 149778 > 110464 > 61554
81901,reaches_CEO,5,81901 > 65126 > 125912 > 107658 > 110464 > 61554
116813,reaches_CEO,5,116813 > 7095 > 171266 > 71889 > 93708 > 61554
86345,reaches_CEO,5,86345 > 76641 > 154285 > 107152 > 51535 > 61554
44046,reaches_CEO,5,44046 > 94683 > 124893 > 149778 > 110464 > 61554
120938,reaches_CEO,5,120938 > 32938 > 42270 > 79693 > 51535 > 61554
183825,reaches_CEO,5,183825 > 168415 > 39785 > 177860 > 93708 > 61554
127119,reaches_CEO,5,127119 > 71152 > 21604 > 26053 > 93708 > 61554
98385,reaches_CEO,5,98385 > 151696 > 77857 > 152500 > 93708 > 61554
1545,reaches_CEO,5,1545 > 122762 > 17395 > 96752 > 11277 > 61554
39811,reaches_CEO,5,39811 > 103912 > 89002 > 34280 > 11277 > 61554
45200,reaches_CEO,5,45200 > 29733 > 50665 > 71889 > 93708 > 61554
140228,reaches_CEO,5,140228 > 113578 > 125912 > 107658 > 110464 > 61554
35534,reaches_CEO,5,35534 > 181886 > 181201 > 139032 > 11277 > 61554
172659,reaches_CEO,5,172659 > 76310 > 183869 > 185673 > 51535 > 61554
74179,reaches_CEO,5,74179 > 60489 > 24489 > 176424 > 110464 > 61554
188042,reaches_CEO,5,188042 > 123000 > 94454 > 84011 > 11277 > 61554
114666,reaches_CEO,5,114666 > 12649 > 17837 > 176367 > 51535 > 61554
38027,reaches_CEO,5,38027 > 191351 > 87344 > 138045 > 110464 > 61554
32703,reaches_CEO,5,32703 > 181772 > 54963 > 142146 > 11277 > 61554
22453,reaches_CEO,5,22453 > 113578 > 125912 > 107658 > 110464 > 61554
116613,reaches_CEO,5,116613 > 134658 > 65522 > 34051 > 11277 > 61554
142295,reaches_CEO,5,142295 > 147642 > 100942 > 36075 > 11277 > 61554
140984,reaches_CEO,5,140984 > 192369 > 131950 > 96752 > 11277 > 61554
130965,reaches_CEO,5,130965 > 64724 > 37154 > 138045 > 110464 > 61554
152158,reaches_CEO,5,152158 > 27704 > 171907 > 142146 > 11277 > 61554
143437,reaches_CEO,3,143437 > 71499 > 110464 > 61554
91254,reaches_CEO,4,91254 > 23830 > 74062 > 110464 > 61554
53237,reaches_CEO,5,53237 > 12679 > 3917 > 139032 > 11277 > 61554
62867,reaches_CEO,5,62867 > 189222 > 3802 > 133795 > 51535 > 61554
146677,reaches_CEO,5,146677 > 47748 > 89619 > 26053 > 93708 > 61554
7825,reaches_CEO,5,7825 > 29960 > 118233 > 149778 > 110464 > 61554
149927,reaches_CEO,5,149927 > 28979 > 198366 > 142146 > 11277 > 61554
108338,reaches_CEO,5,108338 > 113566 > 154285 > 107152 > 51535 > 61554
33390,reaches_CEO,5,33390 > 119774 > 66119 > 34051 > 11277 > 61554
172621,reaches_CEO,5,172621 > 7349 > 121233 > 176424 > 110464 > 61554
142086,reaches_CEO,5,142086 > 139278 > 171266 > 71889 > 93708 > 61554
123299,reaches_CEO,5,123299 > 198531 > 49727 > 84011 > 11277 > 61554
63182,reaches_CEO,5,63182 > 27704 > 171907 > 142146 > 11277 > 61554
30786,reaches_CEO,5,30786 > 141211 > 116660 > 26053 > 93708 > 61554
183718,reaches_CEO,5,183718 > 92845 > 92567 > 162476 > 51535 > 61554
164439,reaches_CEO,4,164439 > 191391 > 138045 > 110464 > 61554
114240,reaches_CEO,5,114240 > 53856 > 16178 > 71889 > 93708 > 61554
173884,reaches_CEO,5,173884 > 103421 > 5342 > 133795 > 51535 > 61554
14967,reaches_CEO,5,14967 > 182996 > 32510 > 197876 > 11277 > 61554
178314,reaches_CEO,4,178314 > 115539 > 71499 > 110464 > 61554
6474,reaches_CEO,5,6474 > 90639 > 103443 > 97647 > 110464 > 61554
94845,reaches_CEO,5,94845 > 183283 > 20378 > 124994 > 93708 > 61554
43504,reaches_CEO,5,43504 > 165853 > 18295 > 176367 > 51535 > 61554
20199,reaches_CEO,5,20199 > 158888 > 176804 > 139032 > 11277 > 61554
193920,reaches_CEO,4,193920 > 141808 > 34051 > 11277 > 61554
173370,reaches_CEO,5,173370 > 180854 > 65451 > 139032 > 11277 > 61554
41862,reaches_CEO,5,41862 > 132360 > 120639 > 142146 > 11277 > 61554
179332,reaches_CEO,5,179332 > 113189 > 193088 > 96752 > 11277 > 61554
132451,reaches_CEO,5,132451 > 137776 > 40132 > 190801 > 51535 > 61554
134295,reaches_CEO,5,134295 > 147016 > 32248 > 34280 > 11277 > 61554
196871,reaches_CEO,5,196871 > 8711 > 24489 > 176424 > 110464 > 61554
88649,reaches_CEO,5,88649 > 71945 > 183869 > 185673 > 51535 > 61554
150711,reaches_CEO,5,150711 > 81644 > 146629 > 190801 > 51535 > 61554
61670,reaches_CEO,5,61670 > 96060 > 7531 > 152500 > 93708 > 61554
159130,reaches_CEO,5,159130 > 151838 > 3917 > 139032 > 11277 > 61554
181047,reaches_CEO,5,181047 > 113566 > 154285 > 107152 > 51535 > 61554
133425,reaches_CEO,5,133425 > 123358 > 167941 > 34051 > 11277 > 61554
64768,reaches_CEO,5,64768 > 75198 > 146600 > 107658 > 110464 > 61554
123213,reaches_CEO,5,123213 > 11275 > 87344 > 138045 > 110464 > 61554
168660,reaches_CEO,5,168660 > 121419 > 3802 > 133795 > 51535 > 61554
181853,reaches_CEO,5,181853 > 58522 > 39726 > 69728 > 51535 > 61554
53269,reaches_CEO,5,53269 > 142367 > 181201 > 139032 > 11277 > 61554
17582,reaches_CEO,5,17582 > 102727 > 114137 > 107658 > 110464 > 61554
99397,reaches_CEO,3,99397 > 71889 > 93708 > 61554
26893,reaches_CEO,5,26893 > 144927 > 94454 > 84011 > 11277 > 61554
171579,reaches_CEO,5,171579 > 121527 > 139507 > 97647 > 110464 > 61554
178762,reaches_CEO,5,178762 > 118769 > 119832 > 190801 > 51535 > 61554
119418,reaches_CEO,5,119418 > 12649 > 17837 > 176367 > 51535 > 61554
6404,reaches_CEO,5,6404 > 60373 > 155485 > 40920 > 110464 > 61554
22546,reaches_CEO,5,22546 > 46997 > 167941 > 34051 > 11277 > 61554
95637,reaches_CEO,5,95637 > 92845 > 92567 > 162476 > 51535 > 61554
147819,reaches_CEO,4,147819 > 120639 > 142146 > 11277 > 61554
139027,reaches_CEO,5,139027 > 19524 > 167223 > 40920 > 110464 > 61554
110265,reaches_CEO,5,110265 > 12649 > 17837 > 176367 > 51535 > 61554
11724,reaches_CEO,5,11724 > 115349 > 41945 > 84011 > 11277 > 61554
66821,reaches_CEO,5,66821 > 52525 > 192589 > 55537 > 51535 > 61554
55744,reaches_CEO,5,55744 > 54136 > 69550 > 74062 > 110464 > 61554
25548,reaches_CEO,5,25548 > 194904 > 21604 > 26053 > 93708 > 61554
54546,reaches_CEO,5,54546 > 14226 > 21604 > 26053 > 93708 > 61554
163676,reaches_CEO,5,163676 > 174009 > 39785 > 177860 > 93708 > 61554
86935,reaches_CEO,5,86935 > 140061 > 181201 > 139032 > 11277 > 61554
23343,reaches_CEO,5,23343 > 129410 > 3917 > 139032 > 11277 > 61554
182833,reaches_CEO,5,182833 > 51121 > 59566 > 125855 > 93708 > 61554
125638,reaches_CEO,5,125638 > 21470 > 143437 > 71499 > 110464 > 61554
197180,reaches_CEO,5,197180 > 96420 > 59535 > 154041 > 11277 > 61554
29489,reaches_CEO,5,29489 > 11507 > 20378 > 124994 > 93708 > 61554
77670,reaches_CEO,4,77670 > 66119 > 34051 > 11277 > 61554
61023,reaches_CEO,5,61023 > 69345 > 163049 > 56068 > 11277 > 61554
34261,reaches_CEO,5,34261 > 29712 > 47553 > 69728 > 51535 > 61554
77514,reaches_CEO,5,77514 > 1050 > 71595 > 55537 > 51535 > 61554
176424,reaches_CEO,2,176424 > 110464 > 61554
45139,reaches_CEO,5,45139 > 144976 > 145667 > 142146 > 11277 > 61554
180722,reaches_CEO,5,180722 > 181311 > 17395 > 96752 > 11277 > 61554
75246,reaches_CEO,4,75246 > 140317 > 107152 > 51535 > 61554
196824,reaches_CEO,5,196824 > 132283 > 49002 > 109804 > 51535 > 61554
182154,reaches_CEO,5,182154 > 48120 > 140317 > 107152 > 51535 > 61554
178023,reaches_CEO,5,178023 > 108164 > 32510 > 197876 > 11277 > 61554
170363,reaches_CEO,5,170363 > 14226 > 21604 > 26053 > 93708 > 61554
82227,reaches_CEO,5,82227 > 129778 > 59566 > 125855 > 93708 > 61554
78125,reaches_CEO,5,78125 > 73663 > 87344 > 138045 > 110464 > 61554
141647,reaches_CEO,5,141647 > 109254 > 191418 > 36075 > 11277 > 61554
108467,reaches_CEO,5,108467 > 162518 > 32510 > 197876 > 11277 > 61554
88126,reaches_CEO,5,88126 > 73649 > 167941 > 34051 > 11277 > 61554
183402,reaches_CEO,5,183402 > 189222 > 3802 > 133795 > 51535 > 61554
144678,reaches_CEO,5,144678 > 16785 > 33814 > 190801 > 51535 > 61554
83064,reaches_CEO,5,83064 > 99139 > 3917 > 139032 > 11277 > 61554
151902,reaches_CEO,5,151902 > 103421 > 5342 > 133795 > 51535 > 61554
78886,reaches_CEO,5,78886 > 198875 > 87379 > 176367 > 51535 > 61554
44025,reaches_CEO,5,44025 > 160289 > 79285 > 34280 > 11277 > 61554
56000,reaches_CEO,5,56000 > 37434 > 171907 > 142146 > 11277 > 61554
20795,reaches_CEO,5,20795 > 58365 > 196484 > 176424 > 110464 > 61554
132015,reaches_CEO,5,132015 > 139278 > 171266 > 71889 > 93708 > 61554
126117,reaches_CEO,5,126117 > 68532 > 61403 > 69728 > 51535 > 61554
155213,reaches_CEO,5,155213 > 75198 > 146600 > 107658 > 110464 > 61554
82037,reaches_CEO,5,82037 > 68532 > 61403 > 69728 > 51535 > 61554
125799,reaches_CEO,5,125799 > 132683 > 146629 > 190801 > 51535 > 61554
355,reaches_CEO,5,355 > 113245 > 198366 > 142146 > 11277 > 61554
98861,reaches_CEO,5,98861 > 112750 > 39726 > 69728 > 51535 > 61554
32677,reaches_CEO,5,32677 > 119302 > 25036 > 152500 > 93708 > 61554
140528,reaches_CEO,5,140528 > 66420 > 21604 > 26053 > 93708 > 61554
130173,reaches_CEO,5,130173 > 127266 > 70434 > 149778 > 110464 > 61554
100624,reaches_CEO,5,100624 > 108428 > 117030 > 109804 > 51535 > 61554
184934,reaches_CEO,5,184934 > 142685 > 157492 > 34280 > 11277 > 61554
117728,reaches_CEO,5,117728 > 46957 > 89002 > 34280 > 11277 > 61554
171499,reaches_CEO,4,171499 > 152076 > 69728 > 51535 > 61554
14993,reaches_CEO,5,14993 > 139278 > 171266 > 71889 > 93708 > 61554
139792,reaches_CEO,5,139792 > 39231 > 24681 > 124994 > 93708 > 61554
49638,reaches_CEO,5,49638 > 164439 > 191391 > 138045 > 110464 > 61554
156036,reaches_CEO,3,156036 > 74062 > 110464 > 61554
11754,reaches_CEO,5,11754 > 64724 > 37154 > 138045 > 110464 > 61554
44607,reaches_CEO,5,44607 > 129626 > 118233 > 149778 > 110464 > 61554
162143,reaches_CEO,5,162143 > 51923 > 41533 > 177860 > 93708 > 61554
142031,reaches_CEO,5,142031 > 79934 > 193330 > 162476 > 51535 > 61554
16445,reaches_CEO,4,16445 > 136905 > 71889 > 93708 > 61554
82419,reaches_CEO,3,82419 > 74062 > 110464 > 61554
190801,reaches_CEO,2,190801 > 51535 > 61554
82725,reaches_CEO,5,82725 > 128447 > 193330 > 162476 > 51535 > 61554
106850,reaches_CEO,5,106850 > 125755 > 158490 > 74062 > 110464 > 61554
141211,reaches_CEO,4,141211 > 116660 > 26053 > 93708 > 61554
128065,reaches_CEO,4,128065 > 192589 > 55537 > 51535 > 61554
190304,reaches_CEO,5,190304 > 55972 > 59566 > 125855 > 93708 > 61554
135095,reaches_CEO,5,135095 > 123387 > 66090 > 34280 > 11277 > 61554
28460,reaches_CEO,5,28460 > 10773 > 113589 > 190801 > 51535 > 61554
184149,reaches_CEO,5,184149 > 7966 > 49727 > 84011 > 11277 > 61554
109999,reaches_CEO,5,109999 > 96664 > 125912 > 107658 > 110464 > 61554
175285,reaches_CEO,5,175285 > 131525 > 172989 > 34051 > 11277 > 61554
140263,reaches_CEO,5,140263 > 110089 > 41533 > 177860 > 93708 > 61554
118554,reaches_CEO,5,118554 > 46957 > 89002 > 34280 > 11277 > 61554
79637,reaches_CEO,5,79637 > 51923 > 41533 > 177860 > 93708 > 61554
100502,reaches_CEO,5,100502 > 63832 > 167223 > 40920 > 110464 > 61554
138745,reaches_CEO,5,138745 > 6335 > 91117 > 34051 > 11277 > 61554
33274,reaches_CEO,5,33274 > 183045 > 39726 > 69728 > 51535 > 61554
150974,reaches_CEO,5,150974 > 164638 > 47755 > 154041 > 11277 > 61554
535,reaches_CEO,5,535 > 71945 > 183869 > 185673 > 51535 > 61554
9186,reaches_CEO,5,9186 > 31063 > 99397 > 71889 > 93708 > 61554
188925,reaches_CEO,5,188925 > 52313 > 135238 > 84011 > 11277 > 61554
66551,reaches_CEO,5,66551 > 169574 > 114137 > 107658 > 110464 > 61554
24425,reaches_CEO,5,24425 > 66692 > 66090 > 34280 > 11277 > 61554
141053,reaches_CEO,5,141053 > 10922 > 198366 > 142146 > 11277 > 61554
189890,reaches_CEO,4,189890 > 171351 > 79693 > 51535 > 61554
172403,reaches_CEO,5,172403 > 23565 > 78493 > 197876 > 11277 > 61554
107204,reaches_CEO,5,107204 > 48730 > 181566 > 97647 > 110464 > 61554
141900,reaches_CEO,5,141900 > 140542 > 2308 > 84011 > 11277 > 61554
9648,reaches_CEO,5,9648 > 81421 > 45969 > 26053 > 93708 > 61554
41524,reaches_CEO,5,41524 > 73846 > 171907 > 142146 > 11277 > 61554
67485,reaches_CEO,5,67485 > 80043 > 99397 > 71889 > 93708 > 61554
86951,reaches_CEO,5,86951 > 132399 > 94362 > 34051 > 11277 > 61554
43243,reaches_CEO,5,43243 > 193763 > 194121 > 176367 > 51535 > 61554
165668,reaches_CEO,4,165668 > 140317 > 107152 > 51535 > 61554
182243,reaches_CEO,5,182243 > 65883 > 103443 > 97647 > 110464 > 61554
113128,reaches_CEO,5,113128 > 12877 > 57693 > 69728 > 51535 > 61554
69737,reaches_CEO,5,69737 > 144976 > 145667 > 142146 > 11277 > 61554
11713,reaches_CEO,5,11713 > 108428 > 117030 > 109804 > 51535 > 61554
28954,reaches_CEO,5,28954 > 181311 > 17395 > 96752 > 11277 > 61554
109804,reaches_CEO,2,109804 > 51535 > 61554
125860,reaches_CEO,5,125860 > 182116 > 3235 > 84011 > 11277 > 61554
61753,reaches_CEO,5,61753 > 8812 > 171266 > 71889 > 93708 > 61554
121294,reaches_CEO,5,121294 > 77844 > 3917 > 139032 > 11277 > 61554
83964,reaches_CEO,5,83964 > 134728 > 114137 > 107658 > 110464 > 61554
62957,reaches_CEO,5,62957 > 174092 > 3235 > 84011 > 11277 > 61554
151440,reaches_CEO,5,151440 > 191073 > 181201 > 139032 > 11277 > 61554
175310,reaches_CEO,5,175310 > 75705 > 171266 > 71889 > 93708 > 61554
116289,reaches_CEO,4,116289 > 189937 > 55537 > 51535 > 61554
178395,reaches_CEO,5,178395 > 119302 > 25036 > 152500 > 93708 > 61554
129454,reaches_CEO,5,129454 > 30749 > 28697 > 79693 > 51535 > 61554
71735,reaches_CEO,5,71735 > 167921 > 147555 > 107152 > 51535 > 61554
55279,reaches_CEO,5,55279 > 51288 > 140317 > 107152 > 51535 > 61554
165078,reaches_CEO,5,165078 > 168797 > 6027 > 74062 > 110464 > 61554
23533,reaches_CEO,5,23533 > 199282 > 82419 > 74062 > 110464 > 61554
157931,reaches_CEO,4,157931 > 61403 > 69728 > 51535 > 61554
83260,reaches_CEO,5,83260 > 159638 > 116660 > 26053 > 93708 > 61554
197091,reaches_CEO,5,197091 > 16510 > 77851 > 36075 > 11277 > 61554
180885,reaches_CEO,5,180885 > 147715 > 24691 > 56068 > 11277 > 61554
8507,reaches_CEO,5,8507 > 157064 > 125912 > 107658 > 110464 > 61554
120914,reaches_CEO,5,120914 > 4440 > 155485 > 40920 > 110464 > 61554
10213,reaches_CEO,5,10213 > 5222 > 135238 > 84011 > 11277 > 61554
111537,reaches_CEO,5,111537 > 102815 > 79285 > 34280 > 11277 > 61554
144192,reaches_CEO,5,144192 > 76641 > 154285 > 107152 > 51535 > 61554
149245,reaches_CEO,4,149245 > 91869 > 40920 > 110464 > 61554
169375,reaches_CEO,5,169375 > 115593 > 50665 > 71889 > 93708 > 61554
100091,reaches_CEO,5,100091 > 69903 > 17837 > 176367 > 51535 > 61554
76575,reaches_CEO,5,76575 > 186283 > 132307 > 185673 > 51535 > 61554
162099,reaches_CEO,5,162099 > 37124 > 120639 > 142146 > 11277 > 61554
188118,reaches_CEO,4,188118 > 114472 > 197876 > 11277 > 61554
137942,reaches_CEO,5,137942 > 48730 > 181566 > 97647 > 110464 > 61554
179625,reaches_CEO,5,179625 > 140838 > 95935 > 71889 > 93708 > 61554
146544,reaches_CEO,5,146544 > 97878 > 94362 > 34051 > 11277 > 61554
64455,reaches_CEO,5,64455 > 39460 > 192056 > 71889 > 93708 > 61554
184020,reaches_CEO,5,184020 > 107694 > 50665 > 71889 > 93708 > 61554
165717,reaches_CEO,4,165717 > 157492 > 34280 > 11277 > 61554
129883,reaches_CEO,5,129883 > 115856 > 3235 > 84011 > 11277 > 61554
140815,reaches_CEO,5,140815 > 24979 > 146600 > 107658 > 110464 > 61554
100884,reaches_CEO,5,100884 > 168905 > 193330 > 162476 > 51535 > 61554
86940,reaches_CEO,5,86940 > 188118 > 114472 > 197876 > 11277 > 61554
58212,reaches_CEO,5,58212 > 94507 > 145161 > 69728 > 51535 > 61554
39346,reaches_CEO,5,39346 > 171940 > 70434 > 149778 > 110464 > 61554
30040,reaches_CEO,5,30040 > 189148 > 20378 > 124994 > 93708 > 61554
132511,reaches_CEO,5,132511 > 179149 > 21604 > 26053 > 93708 > 61554
149973,reaches_CEO,5,149973 > 130204 > 115907 > 97647 > 110464 > 61554
81688,reaches_CEO,5,81688 > 87330 > 91654 > 109804 > 51535 > 61554
56197,reaches_CEO,5,56197 > 131525 > 172989 > 34051 > 11277 > 61554
28030,reaches_CEO,5,28030 > 110878 > 119481 > 79693 > 51535 > 61554
81380,reaches_CEO,5,81380 > 141317 > 24691 > 56068 > 11277 > 61554
3249,reaches_CEO,5,3249 > 66453 > 171351 > 79693 > 51535 > 61554
172948,reaches_CEO,4,172948 > 39785 > 177860 > 93708 > 61554
149855,reaches_CEO,5,149855 > 54997 > 66119 > 34051 > 11277 > 61554
1540,reaches_CEO,5,1540 > 196660 > 94454 > 84011 > 11277 > 61554
143926,reaches_CEO,5,143926 > 64750 > 183869 > 185673 > 51535 > 61554
122746,reaches_CEO,5,122746 > 6536 > 162889 > 109308 > 110464 > 61554
194016,reaches_CEO,5,194016 > 165442 > 134865 > 197876 > 11277 > 61554
106167,reaches_CEO,5,106167 > 52920 > 65522 > 34051 > 11277 > 61554
15849,reaches_CEO,5,15849 > 191083 > 37154 > 138045 > 110464 > 61554
64633,reaches_CEO,5,64633 > 84828 > 33814 > 190801 > 51535 > 61554
109882,reaches_CEO,5,109882 > 65856 > 120639 > 142146 > 11277 > 61554
96940,reaches_CEO,5,96940 > 79934 > 193330 > 162476 > 51535 > 61554
98489,reaches_CEO,5,98489 > 55972 > 59566 > 125855 > 93708 > 61554
184722,reaches_CEO,5,184722 > 37434 > 171907 > 142146 > 11277 > 61554
61959,reaches_CEO,5,61959 > 116119 > 125912 > 107658 > 110464 > 61554
6089,reaches_CEO,5,6089 > 181311 > 17395 > 96752 > 11277 > 61554
25987,reaches_CEO,5,25987 > 181996 > 113589 > 190801 > 51535 > 61554
196444,reaches_CEO,5,196444 > 133927 > 42270 > 79693 > 51535 > 61554
122530,reaches_CEO,5,122530 > 189742 > 116660 > 26053 > 93708 > 61554
8275,reaches_CEO,5,8275 > 6335 > 91117 > 34051 > 11277 > 61554
116876,reaches_CEO,5,116876 > 29712 > 47553 > 69728 > 51535 > 61554
33513,reaches_CEO,5,33513 > 39460 > 192056 > 71889 > 93708 > 61554
143357,reaches_CEO,5,143357 > 47748 > 89619 > 26053 > 93708 > 61554
52281,reaches_CEO,5,52281 > 192414 > 47755 > 154041 > 11277 > 61554
72683,reaches_CEO,5,72683 > 92765 > 42270 > 79693 > 51535 > 61554
103953,reaches_CEO,5,103953 > 192132 > 37154 > 138045 > 110464 > 61554
61003,reaches_CEO,5,61003 > 22977 > 41533 > 177860 > 93708 > 61554
78059,reaches_CEO,5,78059 > 110091 > 117030 > 109804 > 51535 > 61554
129930,reaches_CEO,5,129930 > 101981 > 134865 > 197876 > 11277 > 61554
138483,reaches_CEO,5,138483 > 164547 > 32510 > 197876 > 11277 > 61554
96475,reaches_CEO,5,96475 > 64724 > 37154 > 138045 > 110464 > 61554
60797,reaches_CEO,5,60797 > 7966 > 49727 > 84011 > 11277 > 61554
174074,reaches_CEO,5,174074 > 46997 > 167941 > 34051 > 11277 > 61554
149983,reaches_CEO,5,149983 > 30488 > 115539 > 71499 > 110464 > 61554
86533,reaches_CEO,5,86533 > 102498 > 192056 > 71889 > 93708 > 61554
132163,reaches_CEO,5,132163 > 160289 > 79285 > 34280 > 11277 > 61554
114538,reaches_CEO,5,114538 > 148795 > 49002 > 109804 > 51535 > 61554
152081,reaches_CEO,5,152081 > 12214 > 171907 > 142146 > 11277 > 61554
367,reaches_CEO,5,367 > 118769 > 119832 > 190801 > 51535 > 61554
188336,reaches_CEO,5,188336 > 61517 > 110260 > 125855 > 93708 > 61554
164635,reaches_CEO,5,164635 > 162518 > 32510 > 197876 > 11277 > 61554
100509,reaches_CEO,5,100509 > 105395 > 17837 > 176367 > 51535 > 61554
67248,reaches_CEO,5,67248 > 169849 > 192056 > 71889 > 93708 > 61554
36315,reaches_CEO,5,36315 > 179459 > 37154 > 138045 > 110464 > 61554
164772,reaches_CEO,5,164772 > 119991 > 184512 > 109804 > 51535 > 61554
105585,reaches_CEO,5,105585 > 130834 > 98225 > 162476 > 51535 > 61554
29892,reaches_CEO,5,29892 > 34714 > 32248 > 34280 > 11277 > 61554
148126,reaches_CEO,5,148126 > 104539 > 138823 > 124994 > 93708 > 61554
117812,reaches_CEO,5,117812 > 47260 > 24015 > 125855 > 93708 > 61554
43891,reaches_CEO,5,43891 > 37434 > 171907 > 142146 > 11277 > 61554
143558,reaches_CEO,5,143558 > 94683 > 124893 > 149778 > 110464 > 61554
181692,reaches_CEO,5,181692 > 107547 > 83356 > 84011 > 11277 > 61554
94528,reaches_CEO,5,94528 > 113245 > 198366 > 142146 > 11277 > 61554
120552,reaches_CEO,5,120552 > 183045 > 39726 > 69728 > 51535 > 61554
39743,reaches_CEO,5,39743 > 191351 > 87344 > 138045 > 110464 > 61554
161480,reaches_CEO,5,161480 > 80728 > 39726 > 69728 > 51535 > 61554
96771,reaches_CEO,5,96771 > 116774 > 71595 > 55537 > 51535 > 61554
29536,reaches_CEO,5,29536 > 94447 > 39785 > 177860 > 93708 > 61554
137203,reaches_CEO,5,137203 > 91124 > 167941 > 34051 > 11277 > 61554
164572,reaches_CEO,5,164572 > 125775 > 91869 > 40920 > 110464 > 61554
20518,reaches_CEO,5,20518 > 148236 > 2308 > 84011 > 11277 > 61554
120710,reaches_CEO,5,120710 > 193920 > 141808 > 34051 > 11277 > 61554
75583,reaches_CEO,5,75583 > 92403 > 59535 > 154041 > 11277 > 61554
15305,reaches_CEO,5,15305 > 115694 > 152076 > 69728 > 51535 > 61554
11959,reaches_CEO,5,11959 > 144927 > 94454 > 84011 > 11277 > 61554
36075,reaches_CEO,2,36075 > 11277 > 61554
20666,reaches_CEO,5,20666 > 61038 > 65451 > 139032 > 11277 > 61554
187259,reaches_CEO,5,187259 > 95522 > 91869 > 40920 > 110464 > 61554
44252,reaches_CEO,5,44252 > 146473 > 156036 > 74062 > 110464 > 61554
78430,reaches_CEO,5,78430 > 89837 > 37154 > 138045 > 110464 > 61554
7963,reaches_CEO,5,7963 > 123263 > 21604 > 26053 > 93708 > 61554
147963,reaches_CEO,5,147963 > 138948 > 24489 > 176424 > 110464 > 61554
195895,reaches_CEO,5,195895 > 126515 > 24681 > 124994 > 93708 > 61554
10898,reaches_CEO,5,10898 > 55481 > 72243 > 162476 > 51535 > 61554
52117,reaches_CEO,5,52117 > 135804 > 95935 > 71889 > 93708 > 61554
33160,reaches_CEO,5,33160 > 189222 > 3802 > 133795 > 51535 > 61554
110950,reaches_CEO,5,110950 > 165717 > 157492 > 34280 > 11277 > 61554
47821,reaches_CEO,5,47821 > 62081 > 3917 > 139032 > 11277 > 61554
112302,reaches_CEO,4,112302 > 71595 > 55537 > 51535 > 61554
51738,reaches_CEO,4,51738 > 183869 > 185673 > 51535 > 61554
66269,reaches_CEO,5,66269 > 189890 > 171351 > 79693 > 51535 > 61554
196556,reaches_CEO,5,196556 > 52319 > 154897 > 34280 > 11277 > 61554
32223,reaches_CEO,5,32223 > 5875 > 146600 > 107658 > 110464 > 61554
109541,reaches_CEO,5,109541 > 152960 > 157492 > 34280 > 11277 > 61554
59179,reaches_CEO,5,59179 > 104759 > 20378 > 124994 > 93708 > 61554
122318,reaches_CEO,5,122318 > 129734 > 17837 > 176367 > 51535 > 61554
46893,reaches_CEO,5,46893 > 148418 > 167482 > 133795 > 51535 > 61554
145316,reaches_CEO,5,145316 > 115593 > 50665 > 71889 > 93708 > 61554
198788,reaches_CEO,5,198788 > 68201 > 41945 > 84011 > 11277 > 61554
162309,reaches_CEO,5,162309 > 97040 > 95935 > 71889 > 93708 > 61554
57917,reaches_CEO,5,57917 > 113245 > 198366 > 142146 > 11277 > 61554
29733,reaches_CEO,4,29733 > 50665 > 71889 > 93708 > 61554
46649,reaches_CEO,5,46649 > 98558 > 145161 > 69728 > 51535 > 61554
65470,reaches_CEO,5,65470 > 81860 > 49002 > 109804 > 51535 > 61554
124254,reaches_CEO,5,124254 > 76310 > 183869 > 185673 > 51535 > 61554
71987,reaches_CEO,4,71987 > 24015 > 125855 > 93708 > 61554
147694,reaches_CEO,5,147694 > 114011 > 28697 > 79693 > 51535 > 61554
113415,reaches_CEO,5,113415 > 191485 > 89002 > 34280 > 11277 > 61554
49236,reaches_CEO,5,49236 > 193621 > 100942 > 36075 > 11277 > 61554
55687,reaches_CEO,5,55687 > 177772 > 134556 > 138045 > 110464 > 61554
196637,reaches_CEO,4,196637 > 189937 > 55537 > 51535 > 61554
165666,reaches_CEO,5,165666 > 111363 > 89002 > 34280 > 11277 > 61554
121819,reaches_CEO,5,121819 > 123502 > 39785 > 177860 > 93708 > 61554
13342,reaches_CEO,5,13342 > 96420 > 59535 > 154041 > 11277 > 61554
166458,reaches_CEO,5,166458 > 57185 > 57693 > 69728 > 51535 > 61554
154456,reaches_CEO,5,154456 > 62081 > 3917 > 139032 > 11277 > 61554
149987,reaches_CEO,5,149987 > 125114 > 41533 > 177860 > 93708 > 61554
23531,reaches_CEO,5,23531 > 51293 > 172989 > 34051 > 11277 > 61554
74255,reaches_CEO,5,74255 > 60489 > 24489 > 176424 > 110464 > 61554
172599,reaches_CEO,5,172599 > 5222 > 135238 > 84011 > 11277 > 61554
196288,reaches_CEO,5,196288 > 134671 > 114472 > 197876 > 11277 > 61554
72187,reaches_CEO,5,72187 > 132360 > 120639 > 142146 > 11277 > 61554
196223,reaches_CEO,5,196223 > 171499 > 152076 > 69728 > 51535 > 61554
34569,reaches_CEO,5,34569 > 191351 > 87344 > 138045 > 110464 > 61554
95169,reaches_CEO,4,95169 > 176804 > 139032 > 11277 > 61554
181350,reaches_CEO,5,181350 > 22090 > 156036 > 74062 > 110464 > 61554
118190,reaches_CEO,5,118190 > 14299 > 194121 > 176367 > 51535 > 61554
139266,reaches_CEO,5,139266 > 65883 > 103443 > 97647 > 110464 > 61554
32248,reaches_CEO,3,32248 > 34280 > 11277 > 61554
20677,reaches_CEO,5,20677 > 40904 > 92567 > 162476 > 51535 > 61554
198275,reaches_CEO,5,198275 > 173939 > 156036 > 74062 > 110464 > 61554
181041,reaches_CEO,5,181041 > 103884 > 39785 > 177860 > 93708 > 61554
198,reaches_CEO,5,198 > 144219 > 146629 > 190801 > 51535 > 61554
184380,reaches_CEO,5,184380 > 101819 > 87379 > 176367 > 51535 > 61554
30935,reaches_CEO,5,30935 > 53374 > 157492 > 34280 > 11277 > 61554
45531,reaches_CEO,5,45531 > 95473 > 65451 > 139032 > 11277 > 61554
156238,reaches_CEO,5,156238 > 45803 > 83356 > 84011 > 11277 > 61554
56375,reaches_CEO,5,56375 > 9239 > 47127 > 84011 > 11277 > 61554
167088,reaches_CEO,5,167088 > 111508 > 82419 > 74062 > 110464 > 61554
37803,reaches_CEO,5,37803 > 103421 > 5342 > 133795 > 51535 > 61554
66580,reaches_CEO,5,66580 > 35499 > 134865 > 197876 > 11277 > 61554
184133,reaches_CEO,5,184133 > 41721 > 162889 > 109308 > 110464 > 61554
140107,reaches_CEO,5,140107 > 154170 > 27660 > 69728 > 51535 > 61554
9830,reaches_CEO,5,9830 > 183065 > 8207 > 185673 > 51535 > 61554
167141,reaches_CEO,5,167141 > 197832 > 139507 > 97647 > 110464 > 61554
58658,reaches_CEO,5,58658 > 1050 > 71595 > 55537 > 51535 > 61554
198961,reaches_CEO,5,198961 > 39460 > 192056 > 71889 > 93708 > 61554
88303,reaches_CEO,4,88303 > 3235 > 84011 > 11277 > 61554
174429,reaches_CEO,5,174429 > 126257 > 98225 > 162476 > 51535 > 61554
20000,reaches_CEO,5,20000 > 142685 > 157492 > 34280 > 11277 > 61554
73693,reaches_CEO,5,73693 > 129287 > 99397 > 71889 > 93708 > 61554
61894,reaches_CEO,5,61894 > 186086 > 184512 > 109804 > 51535 > 61554
54865,reaches_CEO,5,54865 > 98558 > 145161 > 69728 > 51535 > 61554
79854,reaches_CEO,5,79854 > 66306 > 183869 > 185673 > 51535 > 61554
12652,reaches_CEO,5,12652 > 192369 > 131950 > 96752 > 11277 > 61554
72948,reaches_CEO,5,72948 > 179929 > 114472 > 197876 > 11277 > 61554
75198,reaches_CEO,4,75198 > 146600 > 107658 > 110464 > 61554
162381,reaches_CEO,4,162381 > 193330 > 162476 > 51535 > 61554
159197,reaches_CEO,5,159197 > 62043 > 189937 > 55537 > 51535 > 61554
91049,reaches_CEO,5,91049 > 139278 > 171266 > 71889 > 93708 > 61554
54468,reaches_CEO,5,54468 > 158777 > 71532 > 109308 > 110464 > 61554
36498,reaches_CEO,5,36498 > 79807 > 92567 > 162476 > 51535 > 61554
174604,reaches_CEO,5,174604 > 128966 > 107049 > 34280 > 11277 > 61554
175781,reaches_CEO,5,175781 > 182531 > 47127 > 84011 > 11277 > 61554
35850,reaches_CEO,5,35850 > 130834 > 98225 > 162476 > 51535 > 61554
160044,reaches_CEO,5,160044 > 148865 > 24691 > 56068 > 11277 > 61554
158457,reaches_CEO,5,158457 > 84230 > 5692 > 149778 > 110464 > 61554
47934,reaches_CEO,5,47934 > 154375 > 24015 > 125855 > 93708 > 61554
159437,reaches_CEO,5,159437 > 61038 > 65451 > 139032 > 11277 > 61554
150194,reaches_CEO,4,150194 > 132307 > 185673 > 51535 > 61554
189690,reaches_CEO,5,189690 > 193452 > 47755 > 154041 > 11277 > 61554
106405,reaches_CEO,5,106405 > 5889 > 21604 > 26053 > 93708 > 61554
179443,reaches_CEO,5,179443 > 147819 > 120639 > 142146 > 11277 > 61554
72001,reaches_CEO,5,72001 > 17211 > 185138 > 152500 > 93708 > 61554
119253,reaches_CEO,5,119253 > 98967 > 115539 > 71499 > 110464 > 61554
192691,reaches_CEO,5,192691 > 172889 > 49727 > 84011 > 11277 > 61554
176022,reaches_CEO,5,176022 > 14470 > 191418 > 36075 > 11277 > 61554
66119,reaches_CEO,3,66119 > 34051 > 11277 > 61554
129848,reaches_CEO,5,129848 > 132399 > 94362 > 34051 > 11277 > 61554
31058,reaches_CEO,5,31058 > 168905 > 193330 > 162476 > 51535 > 61554
162812,reaches_CEO,5,162812 > 129000 > 6027 > 74062 > 110464 > 61554
61193,reaches_CEO,5,61193 > 132283 > 49002 > 109804 > 51535 > 61554
148623,reaches_CEO,5,148623 > 194904 > 21604 > 26053 > 93708 > 61554
15741,reaches_CEO,5,15741 > 9400 > 138823 > 124994 > 93708 > 61554
30466,reaches_CEO,5,30466 > 89523 > 66119 > 34051 > 11277 > 61554
146537,reaches_CEO,5,146537 > 199950 > 41533 > 177860 > 93708 > 61554
133922,reaches_CEO,5,133922 > 80043 > 99397 > 71889 > 93708 > 61554
173269,reaches_CEO,5,173269 > 116119 > 125912 > 107658 > 110464 > 61554
20013,reaches_CEO,5,20013 > 128966 > 107049 > 34280 > 11277 > 61554
25173,reaches_CEO,5,25173 > 95473 > 65451 > 139032 > 11277 > 61554
108661,reaches_CEO,5,108661 > 7966 > 49727 > 84011 > 11277 > 61554
69379,reaches_CEO,4,69379 > 183175 > 197876 > 11277 > 61554
175418,reaches_CEO,5,175418 > 15277 > 132307 > 185673 > 51535 > 61554
43490,reaches_CEO,5,43490 > 167921 > 147555 > 107152 > 51535 > 61554
167377,reaches_CEO,5,167377 > 149245 > 91869 > 40920 > 110464 > 61554
149037,reaches_CEO,5,149037 > 11507 > 20378 > 124994 > 93708 > 61554
143478,reaches_CEO,5,143478 > 35499 > 134865 > 197876 > 11277 > 61554
138163,reaches_CEO,5,138163 > 144219 > 146629 > 190801 > 51535 > 61554
148032,reaches_CEO,4,148032 > 172989 > 34051 > 11277 > 61554
130037,reaches_CEO,5,130037 > 154292 > 72243 > 162476 > 51535 > 61554
83423,reaches_CEO,5,83423 > 101981 > 134865 > 197876 > 11277 > 61554
156985,reaches_CEO,5,156985 > 189222 > 3802 > 133795 > 51535 > 61554
162323,reaches_CEO,5,162323 > 149245 > 91869 > 40920 > 110464 > 61554
66455,reaches_CEO,5,66455 > 180006 > 24681 > 124994 > 93708 > 61554
84,reaches_CEO,5,84 > 182038 > 79285 > 34280 > 11277 > 61554
89554,reaches_CEO,5,89554 > 134728 > 114137 > 107658 > 110464 > 61554
123807,reaches_CEO,5,123807 > 164326 > 193088 > 96752 > 11277 > 61554
128473,reaches_CEO,5,128473 > 135846 > 77851 > 36075 > 11277 > 61554
103912,reaches_CEO,4,103912 > 89002 > 34280 > 11277 > 61554
52011,reaches_CEO,5,52011 > 75242 > 60121 > 109804 > 51535 > 61554
131595,reaches_CEO,5,131595 > 122197 > 145161 > 69728 > 51535 > 61554
199810,reaches_CEO,5,199810 > 171499 > 152076 > 69728 > 51535 > 61554
109308,reaches_CEO,2,109308 > 110464 > 61554
90214,reaches_CEO,5,90214 > 4384 > 138823 > 124994 > 93708 > 61554
157831,reaches_CEO,5,157831 > 48690 > 92713 > 96752 > 11277 > 61554
44737,reaches_CEO,5,44737 > 191495 > 100942 > 36075 > 11277 > 61554
176306,reaches_CEO,5,176306 > 14299 > 194121 > 176367 > 51535 > 61554
27018,reaches_CEO,4,27018 > 89619 > 26053 > 93708 > 61554
61182,reaches_CEO,5,61182 > 114011 > 28697 > 79693 > 51535 > 61554
36939,reaches_CEO,5,36939 > 98558 > 145161 > 69728 > 51535 > 61554
79582,reaches_CEO,5,79582 > 60489 > 24489 > 176424 > 110464 > 61554
87280,reaches_CEO,5,87280 > 74264 > 82419 > 74062 > 110464 > 61554
95883,reaches_CEO,5,95883 > 154292 > 72243 > 162476 > 51535 > 61554
184130,reaches_CEO,5,184130 > 148418 > 167482 > 133795 > 51535 > 61554
80045,reaches_CEO,5,80045 > 196490 > 165426 > 124994 > 93708 > 61554
146046,reaches_CEO,5,146046 > 161727 > 28697 > 79693 > 51535 > 61554
66792,reaches_CEO,5,66792 > 52525 > 192589 > 55537 > 51535 > 61554
24461,reaches_CEO,5,24461 > 148260 > 89053 > 97647 > 110464 > 61554
119564,reaches_CEO,5,119564 > 194904 > 21604 > 26053 > 93708 > 61554
105877,reaches_CEO,5,105877 > 43602 > 18295 > 176367 > 51535 > 61554
106438,reaches_CEO,5,106438 > 180037 > 167941 > 34051 > 11277 > 61554
111007,reaches_CEO,5,111007 > 87613 > 140317 > 107152 > 51535 > 61554
5687,reaches_CEO,5,5687 > 34134 > 172989 > 34051 > 11277 > 61554
6583,reaches_CEO,5,6583 > 156927 > 181566 > 97647 > 110464 > 61554
136147,reaches_CEO,4,136147 > 100942 > 36075 > 11277 > 61554
59139,reaches_CEO,5,59139 > 129410 > 3917 > 139032 > 11277 > 61554
149538,reaches_CEO,5,149538 > 171461 > 138823 > 124994 > 93708 > 61554
20707,reaches_CEO,5,20707 > 138772 > 94362 > 34051 > 11277 > 61554
73846,reaches_CEO,4,73846 > 171907 > 142146 > 11277 > 61554
50279,reaches_CEO,5,50279 > 742 > 192056 > 71889 > 93708 > 61554
104101,reaches_CEO,5,104101 > 181219 > 196484 > 176424 > 110464 > 61554
35374,reaches_CEO,5,35374 > 76073 > 184512 > 109804 > 51535 > 61554
93998,reaches_CEO,5,93998 > 101484 > 91654 > 109804 > 51535 > 61554
97891,reaches_CEO,5,97891 > 77866 > 181566 > 97647 > 110464 > 61554
5282,reaches_CEO,4,5282 > 32248 > 34280 > 11277 > 61554
49799,reaches_CEO,5,49799 > 135804 > 95935 > 71889 > 93708 > 61554
81391,reaches_CEO,5,81391 > 101981 > 134865 > 197876 > 11277 > 61554
120023,reaches_CEO,5,120023 > 134944 > 181201 > 139032 > 11277 > 61554
73604,reaches_CEO,5,73604 > 99139 > 3917 > 139032 > 11277 > 61554
89244,reaches_CEO,5,89244 > 129626 > 118233 > 149778 > 110464 > 61554
142104,reaches_CEO,4,142104 > 47553 > 69728 > 51535 > 61554
123803,reaches_CEO,5,123803 > 155570 > 71532 > 109308 > 110464 > 61554
178408,reaches_CEO,5,178408 > 7212 > 69550 > 74062 > 110464 > 61554
167877,reaches_CEO,4,167877 > 119833 > 84011 > 11277 > 61554
1367,reaches_CEO,5,1367 > 193518 > 78493 > 197876 > 11277 > 61554
127089,reaches_CEO,5,127089 > 151005 > 134556 > 138045 > 110464 > 61554
19746,reaches_CEO,5,19746 > 76135 > 5692 > 149778 > 110464 > 61554
137131,reaches_CEO,5,137131 > 191351 > 87344 > 138045 > 110464 > 61554
121441,reaches_CEO,5,121441 > 102684 > 92713 > 96752 > 11277 > 61554
127601,reaches_CEO,5,127601 > 53826 > 185138 > 152500 > 93708 > 61554
108474,reaches_CEO,5,108474 > 22887 > 24015 > 125855 > 93708 > 61554
92273,reaches_CEO,5,92273 > 191073 > 181201 > 139032 > 11277 > 61554
153174,reaches_CEO,5,153174 > 75045 > 124893 > 149778 > 110464 > 61554
191630,reaches_CEO,5,191630 > 162381 > 193330 > 162476 > 51535 > 61554
168861,reaches_CEO,5,168861 > 154170 > 27660 > 69728 > 51535 > 61554
5129,reaches_CEO,5,5129 > 184236 > 59566 > 125855 > 93708 > 61554
43706,reaches_CEO,5,43706 > 55883 > 49002 > 109804 > 51535 > 61554
103286,reaches_CEO,5,103286 > 3260 > 33814 > 190801 > 51535 > 61554
102310,reaches_CEO,5,102310 > 77766 > 6027 > 74062 > 110464 > 61554
20667,reaches_CEO,5,20667 > 116289 > 189937 > 55537 > 51535 > 61554
160003,reaches_CEO,5,160003 > 137369 > 41945 > 84011 > 11277 > 61554
84629,reaches_CEO,5,84629 > 81421 > 45969 > 26053 > 93708 > 61554
66765,reaches_CEO,5,66765 > 96060 > 7531 > 152500 > 93708 > 61554
114263,reaches_CEO,5,114263 > 118506 > 25036 > 152500 > 93708 > 61554
74017,reaches_CEO,5,74017 > 29547 > 47553 > 69728 > 51535 > 61554
28336,reaches_CEO,5,28336 > 52313 > 135238 > 84011 > 11277 > 61554
48737,reaches_CEO,5,48737 > 4384 > 138823 > 124994 > 93708 > 61554
149966,reaches_CEO,5,149966 > 130342 > 20378 > 124994 > 93708 > 61554
199161,reaches_CEO,5,199161 > 181772 > 54963 > 142146 > 11277 > 61554
161004,reaches_CEO,5,161004 > 84828 > 33814 > 190801 > 51535 > 61554
71444,reaches_CEO,5,71444 > 34163 > 65451 > 139032 > 11277 > 61554
31260,reaches_CEO,5,31260 > 115591 > 66119 > 34051 > 11277 > 61554
96489,reaches_CEO,5,96489 > 123358 > 167941 > 34051 > 11277 > 61554
68596,reaches_CEO,5,68596 > 146473 > 156036 > 74062 > 110464 > 61554
180285,reaches_CEO,5,180285 > 136147 > 100942 > 36075 > 11277 > 61554
24489,reaches_CEO,3,24489 > 176424 > 110464 > 61554
22160,reaches_CEO,5,22160 > 48730 > 181566 > 97647 > 110464 > 61554
151838,reaches_CEO,4,151838 > 3917 > 139032 > 11277 > 61554
33060,reaches_CEO,5,33060 > 78516 > 164851 > 154041 > 11277 > 61554
109934,reaches_CEO,5,109934 > 180924 > 158490 > 74062 > 110464 > 61554
97930,reaches_CEO,5,97930 > 62990 > 129381 > 142146 > 11277 > 61554
176986,reaches_CEO,5,176986 > 167877 > 119833 > 84011 > 11277 > 61554
145308,reaches_CEO,5,145308 > 158056 > 33814 > 190801 > 51535 > 61554
134358,reaches_CEO,5,134358 > 71945 > 183869 > 185673 > 51535 > 61554
87625,reaches_CEO,5,87625 > 142104 > 47553 > 69728 > 51535 > 61554
185166,reaches_CEO,5,185166 > 177495 > 39785 > 177860 > 93708 > 61554
153655,reaches_CEO,5,153655 > 184236 > 59566 > 125855 > 93708 > 61554
159620,reaches_CEO,5,159620 > 179929 > 114472 > 197876 > 11277 > 61554
81226,reaches_CEO,5,81226 > 22887 > 24015 > 125855 > 93708 > 61554
61788,reaches_CEO,5,61788 > 69345 > 163049 > 56068 > 11277 > 61554
144370,reaches_CEO,5,144370 > 32938 > 42270 > 79693 > 51535 > 61554
36588,reaches_CEO,5,36588 > 124014 > 79285 > 34280 > 11277 > 61554
115586,reaches_CEO,5,115586 > 168742 > 59535 > 154041 > 11277 > 61554
70050,reaches_CEO,5,70050 > 195795 > 59535 > 154041 > 11277 > 61554
80604,reaches_CEO,5,80604 > 125755 > 158490 > 74062 > 110464 > 61554
39460,reaches_CEO,4,39460 > 192056 > 71889 > 93708 > 61554
179301,reaches_CEO,5,179301 > 29749 > 39785 > 177860 > 93708 > 61554
142718,reaches_CEO,5,142718 > 47863 > 40132 > 190801 > 51535 > 61554
73982,reaches_CEO,4,73982 > 65522 > 34051 > 11277 > 61554
100567,reaches_CEO,5,100567 > 126257 > 98225 > 162476 > 51535 > 61554
132144,reaches_CEO,5,132144 > 171940 > 70434 > 149778 > 110464 > 61554
37423,reaches_CEO,5,37423 > 134048 > 78493 > 197876 > 11277 > 61554
2957,reaches_CEO,5,2957 > 71130 > 8207 > 185673 > 51535 > 61554
22713,reaches_CEO,5,22713 > 27704 > 171907 > 142146 > 11277 > 61554
140697,reaches_CEO,5,140697 > 81644 > 146629 > 190801 > 51535 > 61554
80710,reaches_CEO,5,80710 > 166928 > 189937 > 55537 > 51535 > 61554
21073,reaches_CEO,5,21073 > 67151 > 49002 > 109804 > 51535 > 61554
22499,reaches_CEO,5,22499 > 62298 > 138823 > 124994 > 93708 > 61554
40973,reaches_CEO,5,40973 > 108164 > 32510 > 197876 > 11277 > 61554
161809,reaches_CEO,5,161809 > 54997 > 66119 > 34051 > 11277 > 61554
172555,reaches_CEO,5,172555 > 71757 > 91869 > 40920 > 110464 > 61554
161091,reaches_CEO,5,161091 > 75045 > 124893 > 149778 > 110464 > 61554
36630,reaches_CEO,5,36630 > 26757 > 23830 > 74062 > 110464 > 61554
1114,reaches_CEO,5,1114 > 168342 > 92567 > 162476 > 51535 > 61554
65758,reaches_CEO,5,65758 > 34134 > 172989 > 34051 > 11277 > 61554
163136,reaches_CEO,5,163136 > 30468 > 39726 > 69728 > 51535 > 61554
18030,reaches_CEO,5,18030 > 172246 > 49727 > 84011 > 11277 > 61554
171580,reaches_CEO,5,171580 > 68821 > 183869 > 185673 > 51535 > 61554
53025,reaches_CEO,5,53025 > 55653 > 47755 > 154041 > 11277 > 61554
108555,reaches_CEO,5,108555 > 185976 > 119832 > 190801 > 51535 > 61554
160856,reaches_CEO,5,160856 > 94030 > 78493 > 197876 > 11277 > 61554
178459,reaches_CEO,5,178459 > 136147 > 100942 > 36075 > 11277 > 61554
137765,reaches_CEO,5,137765 > 54136 > 69550 > 74062 > 110464 > 61554
96361,reaches_CEO,5,96361 > 180037 > 167941 > 34051 > 11277 > 61554
60675,reaches_CEO,5,60675 > 166928 > 189937 > 55537 > 51535 > 61554
70659,reaches_CEO,5,70659 > 48352 > 161284 > 109804 > 51535 > 61554
138983,reaches_CEO,5,138983 > 157064 > 125912 > 107658 > 110464 > 61554
133628,reaches_CEO,5,133628 > 26183 > 145667 > 142146 > 11277 > 61554
13731,reaches_CEO,5,13731 > 193518 > 78493 > 197876 > 11277 > 61554
153321,reaches_CEO,5,153321 > 30640 > 92567 > 162476 > 51535 > 61554
178817,reaches_CEO,5,178817 > 191649 > 94454 > 84011 > 11277 > 61554
76531,reaches_CEO,5,76531 > 182028 > 184512 > 109804 > 51535 > 61554
63387,reaches_CEO,5,63387 > 170922 > 129381 > 142146 > 11277 > 61554
46653,reaches_CEO,5,46653 > 34134 > 172989 > 34051 > 11277 > 61554
15020,reaches_CEO,5,15020 > 181219 > 196484 > 176424 > 110464 > 61554
9480,reaches_CEO,5,9480 > 92403 > 59535 > 154041 > 11277 > 61554
161539,reaches_CEO,5,161539 > 66453 > 171351 > 79693 > 51535 > 61554
37286,reaches_CEO,5,37286 > 148418 > 167482 > 133795 > 51535 > 61554
112600,reaches_CEO,5,112600 > 119658 > 61403 > 69728 > 51535 > 61554
36852,reaches_CEO,5,36852 > 161727 > 28697 > 79693 > 51535 > 61554
97146,reaches_CEO,5,97146 > 46957 > 89002 > 34280 > 11277 > 61554
80609,reaches_CEO,5,80609 > 87330 > 91654 > 109804 > 51535 > 61554
99006,reaches_CEO,5,99006 > 47472 > 7558 > 69728 > 51535 > 61554
174779,reaches_CEO,5,174779 > 181311 > 17395 > 96752 > 11277 > 61554
77923,reaches_CEO,5,77923 > 183283 > 20378 > 124994 > 93708 > 61554
85096,reaches_CEO,5,85096 > 122197 > 145161 > 69728 > 51535 > 61554
159618,reaches_CEO,5,159618 > 184885 > 77857 > 152500 > 93708 > 61554
163659,reaches_CEO,5,163659 > 52313 > 135238 > 84011 > 11277 > 61554
116819,reaches_CEO,5,116819 > 105542 > 162889 > 109308 > 110464 > 61554
65548,reaches_CEO,5,65548 > 85717 > 47127 > 84011 > 11277 > 61554
194519,reaches_CEO,5,194519 > 78215 > 181201 > 139032 > 11277 > 61554
77381,reaches_CEO,5,77381 > 189222 > 3802 > 133795 > 51535 > 61554
105851,reaches_CEO,5,105851 > 135848 > 121096 > 40920 > 110464 > 61554
30067,reaches_CEO,5,30067 > 33665 > 110260 > 125855 > 93708 > 61554
65910,reaches_CEO,5,65910 > 12649 > 17837 > 176367 > 51535 > 61554
130903,reaches_CEO,5,130903 > 180924 > 158490 > 74062 > 110464 > 61554
96679,reaches_CEO,5,96679 > 182531 > 47127 > 84011 > 11277 > 61554
7941,reaches_CEO,5,7941 > 27704 > 171907 > 142146 > 11277 > 61554
131100,reaches_CEO,5,131100 > 140061 > 181201 > 139032 > 11277 > 61554
195457,reaches_CEO,5,195457 > 159906 > 65174 > 154041 > 11277 > 61554
31320,reaches_CEO,5,31320 > 179929 > 114472 > 197876 > 11277 > 61554
44715,reaches_CEO,5,44715 > 160261 > 23830 > 74062 > 110464 > 61554
92446,reaches_CEO,5,92446 > 168742 > 59535 > 154041 > 11277 > 61554
37794,reaches_CEO,5,37794 > 139278 > 171266 > 71889 > 93708 > 61554
85190,reaches_CEO,5,85190 > 136147 > 100942 > 36075 > 11277 > 61554
169330,reaches_CEO,5,169330 > 167877 > 119833 > 84011 > 11277 > 61554
194409,reaches_CEO,5,194409 > 47748 > 89619 > 26053 > 93708 > 61554
101981,reaches_CEO,4,101981 > 134865 > 197876 > 11277 > 61554
76894,reaches_CEO,5,76894 > 161727 > 28697 > 79693 > 51535 > 61554
65929,reaches_CEO,5,65929 > 182556 > 107049 > 34280 > 11277 > 61554
118583,reaches_CEO,5,118583 > 71757 > 91869 > 40920 > 110464 > 61554
126097,reaches_CEO,5,126097 > 9706 > 78493 > 197876 > 11277 > 61554
73476,reaches_CEO,5,73476 > 55883 > 49002 > 109804 > 51535 > 61554
66090,reaches_CEO,3,66090 > 34280 > 11277 > 61554
64637,reaches_CEO,5,64637 > 34163 > 65451 > 139032 > 11277 > 61554
95489,reaches_CEO,5,95489 > 43420 > 24691 > 56068 > 11277 > 61554
166665,reaches_CEO,5,166665 > 70406 > 91869 > 40920 > 110464 > 61554
102809,reaches_CEO,5,102809 > 94447 > 39785 > 177860 > 93708 > 61554
180460,reaches_CEO,5,180460 > 51121 > 59566 > 125855 > 93708 > 61554
18699,reaches_CEO,5,18699 > 111082 > 8665 > 34051 > 11277 > 61554
126754,reaches_CEO,5,126754 > 1050 > 71595 > 55537 > 51535 > 61554
78902,reaches_CEO,5,78902 > 5743 > 49727 > 84011 > 11277 > 61554
66299,reaches_CEO,5,66299 > 43420 > 24691 > 56068 > 11277 > 61554
30973,reaches_CEO,5,30973 > 132309 > 163049 > 56068 > 11277 > 61554
48871,reaches_CEO,5,48871 > 94507 > 145161 > 69728 > 51535 > 61554
143770,reaches_CEO,5,143770 > 103421 > 5342 > 133795 > 51535 > 61554
78710,reaches_CEO,5,78710 > 102498 > 192056 > 71889 > 93708 > 61554
74185,reaches_CEO,5,74185 > 75045 > 124893 > 149778 > 110464 > 61554
116962,reaches_CEO,5,116962 > 142850 > 78493 > 197876 > 11277 > 61554
136244,reaches_CEO,5,136244 > 198875 > 87379 > 176367 > 51535 > 61554
110625,reaches_CEO,5,110625 > 71152 > 21604 > 26053 > 93708 > 61554
43773,reaches_CEO,5,43773 > 177805 > 87344 > 138045 > 110464 > 61554
87570,reaches_CEO,5,87570 > 153412 > 139507 > 97647 > 110464 > 61554
90167,reaches_CEO,5,90167 > 53390 > 8665 > 34051 > 11277 > 61554
145161,reaches_CEO,3,145161 > 69728 > 51535 > 61554
130518,reaches_CEO,5,130518 > 99121 > 146600 > 107658 > 110464 > 61554
166741,reaches_CEO,3,166741 > 97647 > 110464 > 61554
193135,reaches_CEO,5,193135 > 18312 > 147555 > 107152 > 51535 > 61554
69273,reaches_CEO,5,69273 > 195165 > 113589 > 190801 > 51535 > 61554
60892,reaches_CEO,5,60892 > 107694 > 50665 > 71889 > 93708 > 61554
104514,reaches_CEO,5,104514 > 96060 > 7531 > 152500 > 93708 > 61554
168315,reaches_CEO,5,168315 > 73893 > 134865 > 197876 > 11277 > 61554
186503,reaches_CEO,5,186503 > 34714 > 32248 > 34280 > 11277 > 61554
194161,reaches_CEO,5,194161 > 127266 > 70434 > 149778 > 110464 > 61554
73084,reaches_CEO,5,73084 > 130342 > 20378 > 124994 > 93708 > 61554
40,reaches_CEO,5,40 > 123502 > 39785 > 177860 > 93708 > 61554
140728,reaches_CEO,5,140728 > 94030 > 78493 > 197876 > 11277 > 61554
19888,reaches_CEO,5,19888 > 109671 > 191391 > 138045 > 110464 > 61554
75485,reaches_CEO,5,75485 > 70547 > 168545 > 176424 > 110464 > 61554
132678,reaches_CEO,5,132678 > 43858 > 171351 > 79693 > 51535 > 61554
48129,reaches_CEO,5,48129 > 87762 > 154897 > 34280 > 11277 > 61554
100287,reaches_CEO,5,100287 > 22887 > 24015 > 125855 > 93708 > 61554
175825,reaches_CEO,5,175825 > 76135 > 5692 > 149778 > 110464 > 61554
38291,reaches_CEO,5,38291 > 122145 > 72243 > 162476 > 51535 > 61554
18639,reaches_CEO,5,18639 > 67522 > 141808 > 34051 > 11277 > 61554
4624,reaches_CEO,5,4624 > 159996 > 94362 > 34051 > 11277 > 61554
189742,reaches_CEO,4,189742 > 116660 > 26053 > 93708 > 61554
171182,reaches_CEO,5,171182 > 41991 > 171907 > 142146 > 11277 > 61554
52230,reaches_CEO,5,52230 > 189890 > 171351 > 79693 > 51535 > 61554
81860,reaches_CEO,4,81860 > 49002 > 109804 > 51535 > 61554
73338,reaches_CEO,5,73338 > 7212 > 69550 > 74062 > 110464 > 61554
65093,reaches_CEO,5,65093 > 138432 > 41945 > 84011 > 11277 > 61554
107634,reaches_CEO,5,107634 > 98419 > 69550 > 74062 > 110464 > 61554
94533,reaches_CEO,5,94533 > 129287 > 99397 > 71889 > 93708 > 61554
26526,reaches_CEO,5,26526 > 47260 > 24015 > 125855 > 93708 > 61554
185623,reaches_CEO,5,185623 > 22090 > 156036 > 74062 > 110464 > 61554
80029,reaches_CEO,5,80029 > 57938 > 192589 > 55537 > 51535 > 61554
135422,reaches_CEO,5,135422 > 189038 > 87379 > 176367 > 51535 > 61554
85596,reaches_CEO,5,85596 > 21470 > 143437 > 71499 > 110464 > 61554
18815,reaches_CEO,5,18815 > 5374 > 167941 > 34051 > 11277 > 61554
190249,reaches_CEO,4,190249 > 134556 > 138045 > 110464 > 61554
130497,reaches_CEO,5,130497 > 157931 > 61403 > 69728 > 51535 > 61554
173142,reaches_CEO,5,173142 > 8812 > 171266 > 71889 > 93708 > 61554
23781,reaches_CEO,5,23781 > 141317 > 24691 > 56068 > 11277 > 61554
192348,reaches_CEO,5,192348 > 142926 > 171351 > 79693 > 51535 > 61554
48352,reaches_CEO,4,48352 > 161284 > 109804 > 51535 > 61554
178923,reaches_CEO,5,178923 > 141079 > 119481 > 79693 > 51535 > 61554
53892,reaches_CEO,5,53892 > 82657 > 171907 > 142146 > 11277 > 61554
194462,reaches_CEO,5,194462 > 199184 > 66119 > 34051 > 11277 > 61554
164046,reaches_CEO,5,164046 > 189627 > 130489 > 36075 > 11277 > 61554
175117,reaches_CEO,5,175117 > 102043 > 89053 > 97647 > 110464 > 61554
72775,reaches_CEO,5,72775 > 197896 > 110260 > 125855 > 93708 > 61554
145829,reaches_CEO,5,145829 > 131620 > 40475 > 56068 > 11277 > 61554
152080,reaches_CEO,5,152080 > 73649 > 167941 > 34051 > 11277 > 61554
43386,reaches_CEO,5,43386 > 113189 > 193088 > 96752 > 11277 > 61554
6211,reaches_CEO,5,6211 > 193920 > 141808 > 34051 > 11277 > 61554
137912,reaches_CEO,5,137912 > 193621 > 100942 > 36075 > 11277 > 61554
62637,reaches_CEO,5,62637 > 102727 > 114137 > 107658 > 110464 > 61554
194716,reaches_CEO,5,194716 > 162518 > 32510 > 197876 > 11277 > 61554
120649,reaches_CEO,5,120649 > 66306 > 183869 > 185673 > 51535 > 61554
96249,reaches_CEO,5,96249 > 8856 > 134556 > 138045 > 110464 > 61554
43559,reaches_CEO,5,43559 > 51288 > 140317 > 107152 > 51535 > 61554
137811,reaches_CEO,5,137811 > 132399 > 94362 > 34051 > 11277 > 61554
122857,reaches_CEO,5,122857 > 146404 > 143437 > 71499 > 110464 > 61554
103093,reaches_CEO,5,103093 > 189890 > 171351 > 79693 > 51535 > 61554
190315,reaches_CEO,5,190315 > 24287 > 192056 > 71889 > 93708 > 61554
151455,reaches_CEO,5,151455 > 55883 > 49002 > 109804 > 51535 > 61554
40494,reaches_CEO,5,40494 > 150189 > 138823 > 124994 > 93708 > 61554
33020,reaches_CEO,5,33020 > 80240 > 50665 > 71889 > 93708 > 61554
113189,reaches_CEO,4,113189 > 193088 > 96752 > 11277 > 61554
98316,reaches_CEO,5,98316 > 191495 > 100942 > 36075 > 11277 > 61554
22332,reaches_CEO,5,22332 > 58365 > 196484 > 176424 > 110464 > 61554
137256,reaches_CEO,5,137256 > 134982 > 66119 > 34051 > 11277 > 61554
62081,reaches_CEO,4,62081 > 3917 > 139032 > 11277 > 61554
49953,reaches_CEO,5,49953 > 144401 > 94362 > 34051 > 11277 > 61554
57443,reaches_CEO,5,57443 > 8812 > 171266 > 71889 > 93708 > 61554
49028,reaches_CEO,5,49028 > 138432 > 41945 > 84011 > 11277 > 61554
58365,reaches_CEO,4,58365 > 196484 > 176424 > 110464 > 61554
117030,reaches_CEO,3,117030 > 109804 > 51535 > 61554
168179,reaches_CEO,5,168179 > 72965 > 92713 > 96752 > 11277 > 61554
49683,reaches_CEO,5,49683 > 742 > 192056 > 71889 > 93708 > 61554
175382,reaches_CEO,5,175382 > 108428 > 117030 > 109804 > 51535 > 61554
57019,reaches_CEO,5,57019 > 122762 > 17395 > 96752 > 11277 > 61554
195263,reaches_CEO,5,195263 > 53374 > 157492 > 34280 > 11277 > 61554
52027,reaches_CEO,5,52027 > 199184 > 66119 > 34051 > 11277 > 61554
95144,reaches_CEO,5,95144 > 74264 > 82419 > 74062 > 110464 > 61554
90032,reaches_CEO,5,90032 > 1791 > 99397 > 71889 > 93708 > 61554
52951,reaches_CEO,5,52951 > 54997 > 66119 > 34051 > 11277 > 61554
98912,reaches_CEO,5,98912 > 193818 > 136905 > 71889 > 93708 > 61554
153170,reaches_CEO,5,153170 > 121419 > 3802 > 133795 > 51535 > 61554
15277,reaches_CEO,4,15277 > 132307 > 185673 > 51535 > 61554
59749,reaches_CEO,5,59749 > 33665 > 110260 > 125855 > 93708 > 61554
149032,reaches_CEO,5,149032 > 27704 > 171907 > 142146 > 11277 > 61554
123154,reaches_CEO,4,123154 > 116660 > 26053 > 93708 > 61554
164326,reaches_CEO,4,164326 > 193088 > 96752 > 11277 > 61554
141800,reaches_CEO,5,141800 > 132192 > 89619 > 26053 > 93708 > 61554
170358,reaches_CEO,5,170358 > 98967 > 115539 > 71499 > 110464 > 61554
38081,reaches_CEO,5,38081 > 22145 > 134865 > 197876 > 11277 > 61554
175846,reaches_CEO,5,175846 > 91124 > 167941 > 34051 > 11277 > 61554
35114,reaches_CEO,5,35114 > 92585 > 114137 > 107658 > 110464 > 61554
29749,reaches_CEO,4,29749 > 39785 > 177860 > 93708 > 61554
105738,reaches_CEO,5,105738 > 73106 > 60121 > 109804 > 51535 > 61554
194076,reaches_CEO,5,194076 > 168951 > 120639 > 142146 > 11277 > 61554
45040,reaches_CEO,5,45040 > 95609 > 119833 > 84011 > 11277 > 61554
14241,reaches_CEO,4,14241 > 37154 > 138045 > 110464 > 61554
183752,reaches_CEO,5,183752 > 47618 > 71532 > 109308 > 110464 > 61554
64893,reaches_CEO,5,64893 > 160618 > 83356 > 84011 > 11277 > 61554
47954,reaches_CEO,5,47954 > 29410 > 145161 > 69728 > 51535 > 61554
85665,reaches_CEO,5,85665 > 138772 > 94362 > 34051 > 11277 > 61554
196675,reaches_CEO,5,196675 > 199184 > 66119 > 34051 > 11277 > 61554
183705,reaches_CEO,5,183705 > 73254 > 192056 > 71889 > 93708 > 61554
11522,reaches_CEO,5,11522 > 26183 > 145667 > 142146 > 11277 > 61554
145892,reaches_CEO,5,145892 > 132309 > 163049 > 56068 > 11277 > 61554
106322,reaches_CEO,5,106322 > 41721 > 162889 > 109308 > 110464 > 61554
97792,reaches_CEO,5,97792 > 159638 > 116660 > 26053 > 93708 > 61554
156949,reaches_CEO,5,156949 > 48352 > 161284 > 109804 > 51535 > 61554
25076,reaches_CEO,5,25076 > 151005 > 134556 > 138045 > 110464 > 61554
136800,reaches_CEO,5,136800 > 19424 > 47553 > 69728 > 51535 > 61554
73468,reaches_CEO,5,73468 > 20901 > 189937 > 55537 > 51535 > 61554
149878,reaches_CEO,5,149878 > 142630 > 171266 > 71889 > 93708 > 61554
195578,reaches_CEO,5,195578 > 189222 > 3802 > 133795 > 51535 > 61554
92314,reaches_CEO,5,92314 > 80043 > 99397 > 71889 > 93708 > 61554
62116,reaches_CEO,5,62116 > 62161 > 125912 > 107658 > 110464 > 61554
151214,reaches_CEO,5,151214 > 164501 > 138823 > 124994 > 93708 > 61554
197520,reaches_CEO,5,197520 > 98967 > 115539 > 71499 > 110464 > 61554
67896,reaches_CEO,5,67896 > 92585 > 114137 > 107658 > 110464 > 61554
139857,reaches_CEO,5,139857 > 84193 > 115539 > 71499 > 110464 > 61554
110499,reaches_CEO,5,110499 > 172321 > 145667 > 142146 > 11277 > 61554
50844,reaches_CEO,5,50844 > 87733 > 198366 > 142146 > 11277 > 61554
123190,reaches_CEO,5,123190 > 133420 > 120639 > 142146 > 11277 > 61554
8145,reaches_CEO,5,8145 > 69379 > 183175 > 197876 > 11277 > 61554
107116,reaches_CEO,5,107116 > 197206 > 91869 > 40920 > 110464 > 61554
179108,reaches_CEO,5,179108 > 64724 > 37154 > 138045 > 110464 > 61554
17970,reaches_CEO,5,17970 > 171499 > 152076 > 69728 > 51535 > 61554
147454,reaches_CEO,5,147454 > 4421 > 32510 > 197876 > 11277 > 61554
68484,reaches_CEO,5,68484 > 102026 > 40475 > 56068 > 11277 > 61554
140473,reaches_CEO,5,140473 > 64724 > 37154 > 138045 > 110464 > 61554
195265,reaches_CEO,5,195265 > 168415 > 39785 > 177860 > 93708 > 61554
48000,reaches_CEO,5,48000 > 142850 > 78493 > 197876 > 11277 > 61554
170004,reaches_CEO,5,170004 > 119964 > 167223 > 40920 > 110464 > 61554
148984,reaches_CEO,4,148984 > 3917 > 139032 > 11277 > 61554
42444,reaches_CEO,5,42444 > 162381 > 193330 > 162476 > 51535 > 61554
100654,reaches_CEO,5,100654 > 184236 > 59566 > 125855 > 93708 > 61554
148358,reaches_CEO,5,148358 > 159098 > 5342 > 133795 > 51535 > 61554
38044,reaches_CEO,5,38044 > 168742 > 59535 > 154041 > 11277 > 61554
42714,reaches_CEO,5,42714 > 145126 > 114472 > 197876 > 11277 > 61554
25609,reaches_CEO,5,25609 > 199950 > 41533 > 177860 > 93708 > 61554
185976,reaches_CEO,4,185976 > 119832 > 190801 > 51535 > 61554
40069,reaches_CEO,5,40069 > 140542 > 2308 > 84011 > 11277 > 61554
181214,reaches_CEO,5,181214 > 144219 > 146629 > 190801 > 51535 > 61554
93025,reaches_CEO,5,93025 > 74066 > 61403 > 69728 > 51535 > 61554
42644,reaches_CEO,5,42644 > 98558 > 145161 > 69728 > 51535 > 61554
152837,reaches_CEO,5,152837 > 19424 > 47553 > 69728 > 51535 > 61554
115678,reaches_CEO,5,115678 > 193920 > 141808 > 34051 > 11277 > 61554
198517,reaches_CEO,5,198517 > 20828 > 156036 > 74062 > 110464 > 61554
184512,reaches_CEO,3,184512 > 109804 > 51535 > 61554
38123,reaches_CEO,5,38123 > 102498 > 192056 > 71889 > 93708 > 61554
135101,reaches_CEO,5,135101 > 91002 > 24489 > 176424 > 110464 > 61554
188389,reaches_CEO,5,188389 > 72965 > 92713 > 96752 > 11277 > 61554
61344,reaches_CEO,5,61344 > 73034 > 161284 > 109804 > 51535 > 61554
193370,reaches_CEO,5,193370 > 71757 > 91869 > 40920 > 110464 > 61554
18800,reaches_CEO,5,18800 > 181996 > 113589 > 190801 > 51535 > 61554
22518,reaches_CEO,5,22518 > 198875 > 87379 > 176367 > 51535 > 61554
165154,reaches_CEO,5,165154 > 103912 > 89002 > 34280 > 11277 > 61554
123441,reaches_CEO,5,123441 > 132399 > 94362 > 34051 > 11277 > 61554
79086,reaches_CEO,5,79086 > 76135 > 5692 > 149778 > 110464 > 61554
123610,reaches_CEO,5,123610 > 114572 > 5692 > 149778 > 110464 > 61554
155427,reaches_CEO,5,155427 > 175361 > 100942 > 36075 > 11277 > 61554
34163,reaches_CEO,4,34163 > 65451 > 139032 > 11277 > 61554
11088,reaches_CEO,5,11088 > 6335 > 91117 > 34051 > 11277 > 61554
103923,reaches_CEO,5,103923 > 126257 > 98225 > 162476 > 51535 > 61554
36453,reaches_CEO,5,36453 > 69943 > 154897 > 34280 > 11277 > 61554
194078,reaches_CEO,4,194078 > 162889 > 109308 > 110464 > 61554
183353,reaches_CEO,5,183353 > 88779 > 183175 > 197876 > 11277 > 61554
89068,reaches_CEO,5,89068 > 25367 > 191391 > 138045 > 110464 > 61554
22367,reaches_CEO,5,22367 > 48912 > 171351 > 79693 > 51535 > 61554
86114,reaches_CEO,5,86114 > 186283 > 132307 > 185673 > 51535 > 61554
52189,reaches_CEO,5,52189 > 193920 > 141808 > 34051 > 11277 > 61554
106304,reaches_CEO,5,106304 > 147715 > 24691 > 56068 > 11277 > 61554
135099,reaches_CEO,5,135099 > 52313 > 135238 > 84011 > 11277 > 61554
105386,reaches_CEO,5,105386 > 196490 > 165426 > 124994 > 93708 > 61554
105954,reaches_CEO,5,105954 > 150408 > 61403 > 69728 > 51535 > 61554
121096,reaches_CEO,3,121096 > 40920 > 110464 > 61554
192710,reaches_CEO,5,192710 > 148795 > 49002 > 109804 > 51535 > 61554
62787,reaches_CEO,5,62787 > 26757 > 23830 > 74062 > 110464 > 61554
168336,reaches_CEO,5,168336 > 168415 > 39785 > 177860 > 93708 > 61554
37070,reaches_CEO,5,37070 > 193763 > 194121 > 176367 > 51535 > 61554
153224,reaches_CEO,5,153224 > 92210 > 78493 > 197876 > 11277 > 61554
107152,reaches_CEO,2,107152 > 51535 > 61554
44346,reaches_CEO,5,44346 > 90834 > 157492 > 34280 > 11277 > 61554
52923,reaches_CEO,4,52923 > 134865 > 197876 > 11277 > 61554
154905,reaches_CEO,5,154905 > 95841 > 183869 > 185673 > 51535 > 61554
157239,reaches_CEO,5,157239 > 180854 > 65451 > 139032 > 11277 > 61554
39828,reaches_CEO,5,39828 > 115591 > 66119 > 34051 > 11277 > 61554
138823,reaches_CEO,3,138823 > 124994 > 93708 > 61554
199683,reaches_CEO,5,199683 > 198875 > 87379 > 176367 > 51535 > 61554
107169,reaches_CEO,5,107169 > 114011 > 28697 > 79693 > 51535 > 61554
29547,reaches_CEO,4,29547 > 47553 > 69728 > 51535 > 61554
147265,reaches_CEO,5,147265 > 18939 > 167941 > 34051 > 11277 > 61554
13707,reaches_CEO,5,13707 > 131525 > 172989 > 34051 > 11277 > 61554
76815,reaches_CEO,5,76815 > 188118 > 114472 > 197876 > 11277 > 61554
134191,reaches_CEO,5,134191 > 168942 > 185138 > 152500 > 93708 > 61554
59353,reaches_CEO,4,59353 > 152076 > 69728 > 51535 > 61554
97606,reaches_CEO,5,97606 > 138432 > 41945 > 84011 > 11277 > 61554
58976,reaches_CEO,5,58976 > 48730 > 181566 > 97647 > 110464 > 61554
91854,reaches_CEO,5,91854 > 160261 > 23830 > 74062 > 110464 > 61554
123040,reaches_CEO,5,123040 > 110091 > 117030 > 109804 > 51535 > 61554
85321,reaches_CEO,5,85321 > 127769 > 47553 > 69728 > 51535 > 61554
195238,reaches_CEO,5,195238 > 157064 > 125912 > 107658 > 110464 > 61554
172889,reaches_CEO,4,172889 > 49727 > 84011 > 11277 > 61554
147859,reaches_CEO,5,147859 > 53390 > 8665 > 34051 > 11277 > 61554
87826,reaches_CEO,5,87826 > 198875 > 87379 > 176367 > 51535 > 61554
136468,reaches_CEO,4,136468 > 167941 > 34051 > 11277 > 61554
167453,reaches_CEO,5,167453 > 129626 > 118233 > 149778 > 110464 > 61554
42937,reaches_CEO,5,42937 > 55431 > 100942 > 36075 > 11277 > 61554
21841,reaches_CEO,5,21841 > 104539 > 138823 > 124994 > 93708 > 61554
25857,reaches_CEO,5,25857 > 122197 > 145161 > 69728 > 51535 > 61554
116774,reaches_CEO,4,116774 > 71595 > 55537 > 51535 > 61554
132309,reaches_CEO,4,132309 > 163049 > 56068 > 11277 > 61554
92585,reaches_CEO,4,92585 > 114137 > 107658 > 110464 > 61554
2806,reaches_CEO,5,2806 > 126368 > 183175 > 197876 > 11277 > 61554
98389,reaches_CEO,5,98389 > 37220 > 7558 > 69728 > 51535 > 61554
75814,reaches_CEO,5,75814 > 168742 > 59535 > 154041 > 11277 > 61554
64373,reaches_CEO,5,64373 > 74170 > 191418 > 36075 > 11277 > 61554
66160,reaches_CEO,4,66160 > 79285 > 34280 > 11277 > 61554
44732,reaches_CEO,5,44732 > 142685 > 157492 > 34280 > 11277 > 61554
170922,reaches_CEO,4,170922 > 129381 > 142146 > 11277 > 61554
75878,reaches_CEO,5,75878 > 17211 > 185138 > 152500 > 93708 > 61554
40332,reaches_CEO,5,40332 > 11507 > 20378 > 124994 > 93708 > 61554
87367,reaches_CEO,5,87367 > 198403 > 78493 > 197876 > 11277 > 61554
133745,reaches_CEO,5,133745 > 191649 > 94454 > 84011 > 11277 > 61554
79111,reaches_CEO,5,79111 > 160476 > 79285 > 34280 > 11277 > 61554
180396,reaches_CEO,5,180396 > 1808 > 140317 > 107152 > 51535 > 61554
123032,reaches_CEO,5,123032 > 132187 > 146629 > 190801 > 51535 > 61554
145328,reaches_CEO,5,145328 > 121527 > 139507 > 97647 > 110464 > 61554
199294,reaches_CEO,5,199294 > 192132 > 37154 > 138045 > 110464 > 61554
52971,reaches_CEO,5,52971 > 172717 > 41533 > 177860 > 93708 > 61554
143664,reaches_CEO,5,143664 > 190065 > 143437 > 71499 > 110464 > 61554
139938,reaches_CEO,5,139938 > 779 > 196484 > 176424 > 110464 > 61554
177837,reaches_CEO,5,177837 > 80043 > 99397 > 71889 > 93708 > 61554
97156,reaches_CEO,5,97156 > 103981 > 69550 > 74062 > 110464 > 61554
155801,reaches_CEO,5,155801 > 41335 > 33814 > 190801 > 51535 > 61554
36347,reaches_CEO,5,36347 > 47472 > 7558 > 69728 > 51535 > 61554
130736,reaches_CEO,5,130736 > 81421 > 45969 > 26053 > 93708 > 61554
5699,reaches_CEO,5,5699 > 169833 > 59566 > 125855 > 93708 > 61554
3793,reaches_CEO,5,3793 > 197832 > 139507 > 97647 > 110464 > 61554
22726,reaches_CEO,5,22726 > 107694 > 50665 > 71889 > 93708 > 61554
188816,reaches_CEO,5,188816 > 33266 > 158490 > 74062 > 110464 > 61554
68126,reaches_CEO,5,68126 > 101981 > 134865 > 197876 > 11277 > 61554
134248,reaches_CEO,5,134248 > 115694 > 152076 > 69728 > 51535 > 61554
33176,reaches_CEO,5,33176 > 82657 > 171907 > 142146 > 11277 > 61554
60733,reaches_CEO,5,60733 > 197206 > 91869 > 40920 > 110464 > 61554
32228,reaches_CEO,5,32228 > 4259 > 193330 > 162476 > 51535 > 61554
87541,reaches_CEO,5,87541 > 142630 > 171266 > 71889 > 93708 > 61554
135848,reaches_CEO,4,135848 > 121096 > 40920 > 110464 > 61554
134982,reaches_CEO,4,134982 > 66119 > 34051 > 11277 > 61554
187369,reaches_CEO,5,187369 > 103448 > 198366 > 142146 > 11277 > 61554
23896,reaches_CEO,5,23896 > 82463 > 158490 > 74062 > 110464 > 61554
124893,reaches_CEO,3,124893 > 149778 > 110464 > 61554
158959,reaches_CEO,5,158959 > 58522 > 39726 > 69728 > 51535 > 61554
125338,reaches_CEO,5,125338 > 151696 > 77857 > 152500 > 93708 > 61554
115738,reaches_CEO,5,115738 > 149135 > 119481 > 79693 > 51535 > 61554
126613,reaches_CEO,5,126613 > 148795 > 49002 > 109804 > 51535 > 61554
173939,reaches_CEO,4,173939 > 156036 > 74062 > 110464 > 61554
18478,reaches_CEO,5,18478 > 154381 > 66090 > 34280 > 11277 > 61554
127577,reaches_CEO,5,127577 > 185285 > 198893 > 124994 > 93708 > 61554
142795,reaches_CEO,5,142795 > 112643 > 119833 > 84011 > 11277 > 61554
25704,reaches_CEO,5,25704 > 198240 > 94454 > 84011 > 11277 > 61554
28202,reaches_CEO,5,28202 > 115856 > 3235 > 84011 > 11277 > 61554
15747,reaches_CEO,5,15747 > 75242 > 60121 > 109804 > 51535 > 61554
21585,reaches_CEO,5,21585 > 73649 > 167941 > 34051 > 11277 > 61554
74397,reaches_CEO,5,74397 > 144211 > 194121 > 176367 > 51535 > 61554
132283,reaches_CEO,4,132283 > 49002 > 109804 > 51535 > 61554
74575,reaches_CEO,5,74575 > 14470 > 191418 > 36075 > 11277 > 61554
139032,reaches_CEO,2,139032 > 11277 > 61554
7723,reaches_CEO,5,7723 > 60489 > 24489 > 176424 > 110464 > 61554
41286,reaches_CEO,5,41286 > 144211 > 194121 > 176367 > 51535 > 61554
99336,reaches_CEO,5,99336 > 29508 > 77857 > 152500 > 93708 > 61554
137988,reaches_CEO,5,137988 > 189742 > 116660 > 26053 > 93708 > 61554
123669,reaches_CEO,5,123669 > 79934 > 193330 > 162476 > 51535 > 61554
116425,reaches_CEO,5,116425 > 169833 > 59566 > 125855 > 93708 > 61554
167921,reaches_CEO,4,167921 > 147555 > 107152 > 51535 > 61554
66324,reaches_CEO,5,66324 > 1610 > 145161 > 69728 > 51535 > 61554
91623,reaches_CEO,5,91623 > 742 > 192056 > 71889 > 93708 > 61554
17120,reaches_CEO,5,17120 > 103421 > 5342 > 133795 > 51535 > 61554
87929,reaches_CEO,4,87929 > 2308 > 84011 > 11277 > 61554
192253,reaches_CEO,5,192253 > 158609 > 193088 > 96752 > 11277 > 61554
192542,reaches_CEO,5,192542 > 169223 > 5342 > 133795 > 51535 > 61554
199956,reaches_CEO,5,199956 > 5282 > 32248 > 34280 > 11277 > 61554
118607,reaches_CEO,5,118607 > 23565 > 78493 > 197876 > 11277 > 61554
173347,reaches_CEO,5,173347 > 193518 > 78493 > 197876 > 11277 > 61554
131965,reaches_CEO,5,131965 > 54315 > 78493 > 197876 > 11277 > 61554
46364,reaches_CEO,5,46364 > 142926 > 171351 > 79693 > 51535 > 61554
114636,reaches_CEO,5,114636 > 66692 > 66090 > 34280 > 11277 > 61554
178769,reaches_CEO,5,178769 > 12877 > 57693 > 69728 > 51535 > 61554
123546,reaches_CEO,5,123546 > 125755 > 158490 > 74062 > 110464 > 61554
126609,reaches_CEO,5,126609 > 73489 > 198366 > 142146 > 11277 > 61554
50152,reaches_CEO,5,50152 > 171499 > 152076 > 69728 > 51535 > 61554
149932,reaches_CEO,5,149932 > 125755 > 158490 > 74062 > 110464 > 61554
56219,reaches_CEO,5,56219 > 61038 > 65451 > 139032 > 11277 > 61554
118769,reaches_CEO,4,118769 > 119832 > 190801 > 51535 > 61554
133829,reaches_CEO,5,133829 > 14465 > 116660 > 26053 > 93708 > 61554
117298,reaches_CEO,5,117298 > 199282 > 82419 > 74062 > 110464 > 61554
24164,reaches_CEO,5,24164 > 34977 > 94362 > 34051 > 11277 > 61554
50832,reaches_CEO,5,50832 > 91002 > 24489 > 176424 > 110464 > 61554
57105,reaches_CEO,5,57105 > 105395 > 17837 > 176367 > 51535 > 61554
194784,reaches_CEO,5,194784 > 59327 > 24681 > 124994 > 93708 > 61554
73034,reaches_CEO,4,73034 > 161284 > 109804 > 51535 > 61554
142151,reaches_CEO,5,142151 > 170922 > 129381 > 142146 > 11277 > 61554
106175,reaches_CEO,5,106175 > 197896 > 110260 > 125855 > 93708 > 61554
119514,reaches_CEO,5,119514 > 108428 > 117030 > 109804 > 51535 > 61554
81559,reaches_CEO,5,81559 > 198879 > 83356 > 84011 > 11277 > 61554
94687,reaches_CEO,5,94687 > 111082 > 8665 > 34051 > 11277 > 61554
139359,reaches_CEO,5,139359 > 62298 > 138823 > 124994 > 93708 > 61554
116022,reaches_CEO,5,116022 > 94507 > 145161 > 69728 > 51535 > 61554
8411,reaches_CEO,5,8411 > 87330 > 91654 > 109804 > 51535 > 61554
100779,reaches_CEO,5,100779 > 147642 > 100942 > 36075 > 11277 > 61554
5615,reaches_CEO,5,5615 > 41721 > 162889 > 109308 > 110464 > 61554
90513,reaches_CEO,5,90513 > 111508 > 82419 > 74062 > 110464 > 61554
140671,reaches_CEO,5,140671 > 38308 > 37154 > 138045 > 110464 > 61554
105578,reaches_CEO,5,105578 > 148984 > 3917 > 139032 > 11277 > 61554
72941,reaches_CEO,5,72941 > 138772 > 94362 > 34051 > 11277 > 61554
21555,reaches_CEO,5,21555 > 156927 > 181566 > 97647 > 110464 > 61554
188719,reaches_CEO,5,188719 > 132399 > 94362 > 34051 > 11277 > 61554
14387,reaches_CEO,5,14387 > 159906 > 65174 > 154041 > 11277 > 61554
127000,reaches_CEO,5,127000 > 61517 > 110260 > 125855 > 93708 > 61554
105197,reaches_CEO,5,105197 > 10357 > 196484 > 176424 > 110464 > 61554
196043,reaches_CEO,5,196043 > 148032 > 172989 > 34051 > 11277 > 61554
181353,reaches_CEO,5,181353 > 48352 > 161284 > 109804 > 51535 > 61554
186587,reaches_CEO,5,186587 > 148646 > 47553 > 69728 > 51535 > 61554
109671,reaches_CEO,4,109671 > 191391 > 138045 > 110464 > 61554
94491,reaches_CEO,5,94491 > 122567 > 42270 > 79693 > 51535 > 61554
183869,reaches_CEO,3,183869 > 185673 > 51535 > 61554
77361,reaches_CEO,5,77361 > 175361 > 100942 > 36075 > 11277 > 61554
89871,reaches_CEO,5,89871 > 17291 > 92713 > 96752 > 11277 > 61554
85651,reaches_CEO,5,85651 > 77766 > 6027 > 74062 > 110464 > 61554
59484,reaches_CEO,5,59484 > 4384 > 138823 > 124994 > 93708 > 61554
85717,reaches_CEO,4,85717 > 47127 > 84011 > 11277 > 61554
162518,reaches_CEO,4,162518 > 32510 > 197876 > 11277 > 61554
195252,reaches_CEO,5,195252 > 192145 > 145667 > 142146 > 11277 > 61554
104760,reaches_CEO,5,104760 > 69903 > 17837 > 176367 > 51535 > 61554
196050,reaches_CEO,5,196050 > 180006 > 24681 > 124994 > 93708 > 61554
137130,reaches_CEO,5,137130 > 198531 > 49727 > 84011 > 11277 > 61554
82339,reaches_CEO,5,82339 > 165442 > 134865 > 197876 > 11277 > 61554
149850,reaches_CEO,5,149850 > 27781 > 121233 > 176424 > 110464 > 61554
100976,reaches_CEO,5,100976 > 18939 > 167941 > 34051 > 11277 > 61554
76511,reaches_CEO,5,76511 > 144219 > 146629 > 190801 > 51535 > 61554
32268,reaches_CEO,5,32268 > 16510 > 77851 > 36075 > 11277 > 61554
149696,reaches_CEO,4,149696 > 135238 > 84011 > 11277 > 61554
102093,reaches_CEO,5,102093 > 148032 > 172989 > 34051 > 11277 > 61554
108269,reaches_CEO,5,108269 > 102632 > 167223 > 40920 > 110464 > 61554
119589,reaches_CEO,5,119589 > 119576 > 27660 > 69728 > 51535 > 61554
121714,reaches_CEO,5,121714 > 41808 > 89619 > 26053 > 93708 > 61554
147090,reaches_CEO,5,147090 > 174009 > 39785 > 177860 > 93708 > 61554
190818,reaches_CEO,5,190818 > 140393 > 117030 > 109804 > 51535 > 61554
17718,reaches_CEO,5,17718 > 77556 > 45969 > 26053 > 93708 > 61554
73133,reaches_CEO,5,73133 > 92765 > 42270 > 79693 > 51535 > 61554
77857,reaches_CEO,3,77857 > 152500 > 93708 > 61554
129565,reaches_CEO,5,129565 > 147103 > 152076 > 69728 > 51535 > 61554
24468,reaches_CEO,5,24468 > 130135 > 95935 > 71889 > 93708 > 61554
88936,reaches_CEO,4,88936 > 3235 > 84011 > 11277 > 61554
54251,reaches_CEO,5,54251 > 126368 > 183175 > 197876 > 11277 > 61554
197206,reaches_CEO,4,197206 > 91869 > 40920 > 110464 > 61554
88655,reaches_CEO,5,88655 > 171940 > 70434 > 149778 > 110464 > 61554
169015,reaches_CEO,5,169015 > 91002 > 24489 > 176424 > 110464 > 61554
186118,reaches_CEO,5,186118 > 82463 > 158490 > 74062 > 110464 > 61554
21846,reaches_CEO,5,21846 > 102026 > 40475 > 56068 > 11277 > 61554
89960,reaches_CEO,5,89960 > 71152 > 21604 > 26053 > 93708 > 61554
184295,reaches_CEO,5,184295 > 18627 > 115907 > 97647 > 110464 > 61554
174189,reaches_CEO,5,174189 > 47863 > 40132 > 190801 > 51535 > 61554
42576,reaches_CEO,5,42576 > 24979 > 146600 > 107658 > 110464 > 61554
167987,reaches_CEO,5,167987 > 142104 > 47553 > 69728 > 51535 > 61554
145975,reaches_CEO,5,145975 > 57938 > 192589 > 55537 > 51535 > 61554
111284,reaches_CEO,5,111284 > 118769 > 119832 > 190801 > 51535 > 61554
139180,reaches_CEO,4,139180 > 71532 > 109308 > 110464 > 61554
168426,reaches_CEO,5,168426 > 17291 > 92713 > 96752 > 11277 > 61554
81173,reaches_CEO,5,81173 > 181781 > 110260 > 125855 > 93708 > 61554
194528,reaches_CEO,5,194528 > 85791 > 134865 > 197876 > 11277 > 61554
77344,reaches_CEO,5,77344 > 158056 > 33814 > 190801 > 51535 > 61554
162085,reaches_CEO,5,162085 > 90639 > 103443 > 97647 > 110464 > 61554
166450,reaches_CEO,5,166450 > 32159 > 176804 > 139032 > 11277 > 61554
51802,reaches_CEO,5,51802 > 168797 > 6027 > 74062 > 110464 > 61554
110004,reaches_CEO,5,110004 > 64750 > 183869 > 185673 > 51535 > 61554
153551,reaches_CEO,4,153551 > 47755 > 154041 > 11277 > 61554
140664,reaches_CEO,5,140664 > 8198 > 98225 > 162476 > 51535 > 61554
93159,reaches_CEO,5,93159 > 162381 > 193330 > 162476 > 51535 > 61554
31049,reaches_CEO,5,31049 > 113124 > 65451 > 139032 > 11277 > 61554
54668,reaches_CEO,5,54668 > 135846 > 77851 > 36075 > 11277 > 61554
98196,reaches_CEO,5,98196 > 102815 > 79285 > 34280 > 11277 > 61554
155138,reaches_CEO,5,155138 > 189148 > 20378 > 124994 > 93708 > 61554
166319,reaches_CEO,5,166319 > 147016 > 32248 > 34280 > 11277 > 61554
81217,reaches_CEO,5,81217 > 160261 > 23830 > 74062 > 110464 > 61554
41207,reaches_CEO,5,41207 > 181772 > 54963 > 142146 > 11277 > 61554
164429,reaches_CEO,5,164429 > 11275 > 87344 > 138045 > 110464 > 61554
10631,reaches_CEO,5,10631 > 59939 > 91869 > 40920 > 110464 > 61554
99459,reaches_CEO,5,99459 > 116180 > 113589 > 190801 > 51535 > 61554
51671,reaches_CEO,5,51671 > 94507 > 145161 > 69728 > 51535 > 61554
80661,reaches_CEO,5,80661 > 170431 > 5692 > 149778 > 110464 > 61554
42381,reaches_CEO,5,42381 > 182556 > 107049 > 34280 > 11277 > 61554
75374,reaches_CEO,5,75374 > 160618 > 83356 > 84011 > 11277 > 61554
133544,reaches_CEO,5,133544 > 186086 > 184512 > 109804 > 51535 > 61554
38678,reaches_CEO,5,38678 > 154292 > 72243 > 162476 > 51535 > 61554
169872,reaches_CEO,5,169872 > 98558 > 145161 > 69728 > 51535 > 61554
144320,reaches_CEO,5,144320 > 47472 > 7558 > 69728 > 51535 > 61554
100675,reaches_CEO,5,100675 > 8711 > 24489 > 176424 > 110464 > 61554
151698,reaches_CEO,5,151698 > 60319 > 65174 > 154041 > 11277 > 61554
79613,reaches_CEO,5,79613 > 184236 > 59566 > 125855 > 93708 > 61554
55493,reaches_CEO,5,55493 > 102815 > 79285 > 34280 > 11277 > 61554
16168,reaches_CEO,5,16168 > 175434 > 157492 > 34280 > 11277 > 61554
18295,reaches_CEO,3,18295 > 176367 > 51535 > 61554
124433,reaches_CEO,5,124433 > 176415 > 39726 > 69728 > 51535 > 61554
177475,reaches_CEO,5,177475 > 51331 > 89619 > 26053 > 93708 > 61554
32316,reaches_CEO,5,32316 > 191073 > 181201 > 139032 > 11277 > 61554
21741,reaches_CEO,5,21741 > 180925 > 141808 > 34051 > 11277 > 61554
73129,reaches_CEO,5,73129 > 150189 > 138823 > 124994 > 93708 > 61554
171705,reaches_CEO,5,171705 > 61443 > 116660 > 26053 > 93708 > 61554
90715,reaches_CEO,5,90715 > 26757 > 23830 > 74062 > 110464 > 61554
86090,reaches_CEO,5,86090 > 175434 > 157492 > 34280 > 11277 > 61554
145745,reaches_CEO,5,145745 > 136468 > 167941 > 34051 > 11277 > 61554
66261,reaches_CEO,5,66261 > 1872 > 154285 > 107152 > 51535 > 61554
114769,reaches_CEO,5,114769 > 123258 > 69550 > 74062 > 110464 > 61554
92008,reaches_CEO,5,92008 > 45803 > 83356 > 84011 > 11277 > 61554
103257,reaches_CEO,5,103257 > 110878 > 119481 > 79693 > 51535 > 61554
182038,reaches_CEO,4,182038 > 79285 > 34280 > 11277 > 61554
108309,reaches_CEO,5,108309 > 160476 > 79285 > 34280 > 11277 > 61554
1285,reaches_CEO,5,1285 > 122197 > 145161 > 69728 > 51535 > 61554
195795,reaches_CEO,4,195795 > 59535 > 154041 > 11277 > 61554
147940,reaches_CEO,5,147940 > 10357 > 196484 > 176424 > 110464 > 61554
40557,reaches_CEO,5,40557 > 88007 > 154897 > 34280 > 11277 > 61554
149164,reaches_CEO,5,149164 > 101484 > 91654 > 109804 > 51535 > 61554
135956,reaches_CEO,5,135956 > 148984 > 3917 > 139032 > 11277 > 61554
117564,reaches_CEO,5,117564 > 39388 > 66119 > 34051 > 11277 > 61554
779,reaches_CEO,4,779 > 196484 > 176424 > 110464 > 61554
171446,reaches_CEO,5,171446 > 148418 > 167482 > 133795 > 51535 > 61554
132916,reaches_CEO,5,132916 > 69379 > 183175 > 197876 > 11277 > 61554
38073,reaches_CEO,5,38073 > 80728 > 39726 > 69728 > 51535 > 61554
24807,reaches_CEO,5,24807 > 158777 > 71532 > 109308 > 110464 > 61554
187001,reaches_CEO,5,187001 > 169833 > 59566 > 125855 > 93708 > 61554
139846,reaches_CEO,5,139846 > 158888 > 176804 > 139032 > 11277 > 61554
163170,reaches_CEO,5,163170 > 68821 > 183869 > 185673 > 51535 > 61554
14517,reaches_CEO,5,14517 > 67522 > 141808 > 34051 > 11277 > 61554
147425,reaches_CEO,5,147425 > 252 > 41533 > 177860 > 93708 > 61554
162151,reaches_CEO,5,162151 > 5222 > 135238 > 84011 > 11277 > 61554
131345,reaches_CEO,5,131345 > 90834 > 157492 > 34280 > 11277 > 61554
184462,reaches_CEO,5,184462 > 174122 > 152076 > 69728 > 51535 > 61554
182534,reaches_CEO,5,182534 > 23100 > 132307 > 185673 > 51535 > 61554
111896,reaches_CEO,5,111896 > 134671 > 114472 > 197876 > 11277 > 61554
13465,reaches_CEO,5,13465 > 168797 > 6027 > 74062 > 110464 > 61554
36609,reaches_CEO,5,36609 > 39388 > 66119 > 34051 > 11277 > 61554
98931,reaches_CEO,4,98931 > 103443 > 97647 > 110464 > 61554
199398,reaches_CEO,5,199398 > 82698 > 49727 > 84011 > 11277 > 61554
193010,reaches_CEO,5,193010 > 44056 > 16178 > 71889 > 93708 > 61554
12869,reaches_CEO,5,12869 > 29410 > 145161 > 69728 > 51535 > 61554
105942,reaches_CEO,5,105942 > 108164 > 32510 > 197876 > 11277 > 61554
48471,reaches_CEO,5,48471 > 168742 > 59535 > 154041 > 11277 > 61554
50921,reaches_CEO,5,50921 > 71152 > 21604 > 26053 > 93708 > 61554
52920,reaches_CEO,4,52920 > 65522 > 34051 > 11277 > 61554
149144,reaches_CEO,5,149144 > 192414 > 47755 > 154041 > 11277 > 61554
133469,reaches_CEO,5,133469 > 146111 > 21604 > 26053 > 93708 > 61554
129745,reaches_CEO,5,129745 > 47748 > 89619 > 26053 > 93708 > 61554
199622,reaches_CEO,5,199622 > 76073 > 184512 > 109804 > 51535 > 61554
46514,reaches_CEO,5,46514 > 74066 > 61403 > 69728 > 51535 > 61554
168062,reaches_CEO,5,168062 > 37220 > 7558 > 69728 > 51535 > 61554
82971,reaches_CEO,5,82971 > 16510 > 77851 > 36075 > 11277 > 61554
99934,reaches_CEO,5,99934 > 110091 > 117030 > 109804 > 51535 > 61554
41336,reaches_CEO,5,41336 > 76310 > 183869 > 185673 > 51535 > 61554
37827,reaches_CEO,5,37827 > 169231 > 164851 > 154041 > 11277 > 61554
162461,reaches_CEO,5,162461 > 132399 > 94362 > 34051 > 11277 > 61554
166020,reaches_CEO,5,166020 > 6335 > 91117 > 34051 > 11277 > 61554
87610,reaches_CEO,5,87610 > 69345 > 163049 > 56068 > 11277 > 61554
67673,reaches_CEO,5,67673 > 23120 > 155485 > 40920 > 110464 > 61554
6729,reaches_CEO,5,6729 > 51121 > 59566 > 125855 > 93708 > 61554
30568,reaches_CEO,5,30568 > 130135 > 95935 > 71889 > 93708 > 61554
9987,reaches_CEO,5,9987 > 4394 > 118233 > 149778 > 110464 > 61554
986,reaches_CEO,5,986 > 37220 > 7558 > 69728 > 51535 > 61554
38198,reaches_CEO,5,38198 > 171461 > 138823 > 124994 > 93708 > 61554
189462,reaches_CEO,5,189462 > 139180 > 71532 > 109308 > 110464 > 61554
27272,reaches_CEO,5,27272 > 59939 > 91869 > 40920 > 110464 > 61554
78847,reaches_CEO,5,78847 > 123358 > 167941 > 34051 > 11277 > 61554
178134,reaches_CEO,5,178134 > 55858 > 119832 > 190801 > 51535 > 61554
57181,reaches_CEO,5,57181 > 120638 > 27660 > 69728 > 51535 > 61554
182819,reaches_CEO,5,182819 > 181311 > 17395 > 96752 > 11277 > 61554
181566,reaches_CEO,3,181566 > 97647 > 110464 > 61554
123270,reaches_CEO,5,123270 > 147642 > 100942 > 36075 > 11277 > 61554
53934,reaches_CEO,5,53934 > 177805 > 87344 > 138045 > 110464 > 61554
12939,reaches_CEO,5,12939 > 177489 > 71532 > 109308 > 110464 > 61554
19052,reaches_CEO,5,19052 > 136468 > 167941 > 34051 > 11277 > 61554
106466,reaches_CEO,5,106466 > 88007 > 154897 > 34280 > 11277 > 61554
168037,reaches_CEO,5,168037 > 78997 > 117030 > 109804 > 51535 > 61554
19354,reaches_CEO,5,19354 > 166928 > 189937 > 55537 > 51535 > 61554
14934,reaches_CEO,5,14934 > 111974 > 192589 > 55537 > 51535 > 61554
144361,reaches_CEO,5,144361 > 52923 > 134865 > 197876 > 11277 > 61554
17291,reaches_CEO,4,17291 > 92713 > 96752 > 11277 > 61554
131133,reaches_CEO,5,131133 > 55653 > 47755 > 154041 > 11277 > 61554
104399,reaches_CEO,5,104399 > 190060 > 181310 > 139032 > 11277 > 61554
167650,reaches_CEO,4,167650 > 119481 > 79693 > 51535 > 61554
182815,reaches_CEO,5,182815 > 113124 > 65451 > 139032 > 11277 > 61554
126409,reaches_CEO,5,126409 > 173939 > 156036 > 74062 > 110464 > 61554
163389,reaches_CEO,5,163389 > 22887 > 24015 > 125855 > 93708 > 61554
93835,reaches_CEO,5,93835 > 158777 > 71532 > 109308 > 110464 > 61554
153404,reaches_CEO,5,153404 > 51121 > 59566 > 125855 > 93708 > 61554
183551,reaches_CEO,5,183551 > 123502 > 39785 > 177860 > 93708 > 61554
21163,reaches_CEO,5,21163 > 43704 > 39785 > 177860 > 93708 > 61554
149162,reaches_CEO,5,149162 > 134671 > 114472 > 197876 > 11277 > 61554
119838,reaches_CEO,5,119838 > 131620 > 40475 > 56068 > 11277 > 61554
180741,reaches_CEO,5,180741 > 194904 > 21604 > 26053 > 93708 > 61554
177166,reaches_CEO,4,177166 > 192589 > 55537 > 51535 > 61554
150890,reaches_CEO,5,150890 > 97919 > 110260 > 125855 > 93708 > 61554
190630,reaches_CEO,5,190630 > 1050 > 71595 > 55537 > 51535 > 61554
136635,reaches_CEO,5,136635 > 103448 > 198366 > 142146 > 11277 > 61554
57316,reaches_CEO,4,57316 > 157492 > 34280 > 11277 > 61554
21566,reaches_CEO,5,21566 > 41080 > 77851 > 36075 > 11277 > 61554
171500,reaches_CEO,5,171500 > 57185 > 57693 > 69728 > 51535 > 61554
85643,reaches_CEO,5,85643 > 34977 > 94362 > 34051 > 11277 > 61554
95573,reaches_CEO,5,95573 > 149696 > 135238 > 84011 > 11277 > 61554
12448,reaches_CEO,5,12448 > 56316 > 32248 > 34280 > 11277 > 61554
143476,reaches_CEO,5,143476 > 146473 > 156036 > 74062 > 110464 > 61554
15795,reaches_CEO,5,15795 > 55858 > 119832 > 190801 > 51535 > 61554
112784,reaches_CEO,5,112784 > 147249 > 27660 > 69728 > 51535 > 61554
195194,reaches_CEO,5,195194 > 39460 > 192056 > 71889 > 93708 > 61554
192369,reaches_CEO,4,192369 > 131950 > 96752 > 11277 > 61554
31140,reaches_CEO,5,31140 > 37124 > 120639 > 142146 > 11277 > 61554
22956,reaches_CEO,5,22956 > 132309 > 163049 > 56068 > 11277 > 61554
171489,reaches_CEO,5,171489 > 156010 > 28697 > 79693 > 51535 > 61554
138403,reaches_CEO,5,138403 > 146220 > 196484 > 176424 > 110464 > 61554
197299,reaches_CEO,5,197299 > 2644 > 154897 > 34280 > 11277 > 61554
11426,reaches_CEO,5,11426 > 198875 > 87379 > 176367 > 51535 > 61554
105752,reaches_CEO,5,105752 > 59555 > 156036 > 74062 > 110464 > 61554
185940,reaches_CEO,5,185940 > 80728 > 39726 > 69728 > 51535 > 61554
70987,reaches_CEO,5,70987 > 4394 > 118233 > 149778 > 110464 > 61554
175712,reaches_CEO,5,175712 > 92845 > 92567 > 162476 > 51535 > 61554
34430,reaches_CEO,5,34430 > 55972 > 59566 > 125855 > 93708 > 61554
104120,reaches_CEO,5,104120 > 70406 > 91869 > 40920 > 110464 > 61554
133570,reaches_CEO,5,133570 > 147249 > 27660 > 69728 > 51535 > 61554
27355,reaches_CEO,5,27355 > 46957 > 89002 > 34280 > 11277 > 61554
86123,reaches_CEO,5,86123 > 122145 > 72243 > 162476 > 51535 > 61554
104709,reaches_CEO,5,104709 > 94683 > 124893 > 149778 > 110464 > 61554
30901,reaches_CEO,5,30901 > 68222 > 24681 > 124994 > 93708 > 61554
26830,reaches_CEO,5,26830 > 159906 > 65174 > 154041 > 11277 > 61554
2067,reaches_CEO,5,2067 > 8193 > 152076 > 69728 > 51535 > 61554
33709,reaches_CEO,5,33709 > 127266 > 70434 > 149778 > 110464 > 61554
152382,reaches_CEO,5,152382 > 70406 > 91869 > 40920 > 110464 > 61554
142200,reaches_CEO,5,142200 > 47748 > 89619 > 26053 > 93708 > 61554
118720,reaches_CEO,5,118720 > 7212 > 69550 > 74062 > 110464 > 61554
177875,reaches_CEO,5,177875 > 14470 > 191418 > 36075 > 11277 > 61554
169662,reaches_CEO,5,169662 > 181996 > 113589 > 190801 > 51535 > 61554
132092,reaches_CEO,5,132092 > 22090 > 156036 > 74062 > 110464 > 61554
146309,reaches_CEO,5,146309 > 123000 > 94454 > 84011 > 11277 > 61554
168564,reaches_CEO,4,168564 > 8665 > 34051 > 11277 > 61554
144949,reaches_CEO,5,144949 > 47618 > 71532 > 109308 > 110464 > 61554
106586,reaches_CEO,5,106586 > 70547 > 168545 > 176424 > 110464 > 61554
93280,reaches_CEO,5,93280 > 192132 > 37154 > 138045 > 110464 > 61554
69344,reaches_CEO,5,69344 > 62043 > 189937 > 55537 > 51535 > 61554
153717,reaches_CEO,5,153717 > 129778 > 59566 > 125855 > 93708 > 61554
173255,reaches_CEO,5,173255 > 184885 > 77857 > 152500 > 93708 > 61554
135200,reaches_CEO,5,135200 > 78516 > 164851 > 154041 > 11277 > 61554
13411,reaches_CEO,5,13411 > 191495 > 100942 > 36075 > 11277 > 61554
173360,reaches_CEO,5,173360 > 81811 > 94454 > 84011 > 11277 > 61554
117588,reaches_CEO,5,117588 > 115593 > 50665 > 71889 > 93708 > 61554
61489,reaches_CEO,5,61489 > 95522 > 91869 > 40920 > 110464 > 61554
77311,reaches_CEO,5,77311 > 168342 > 92567 > 162476 > 51535 > 61554
182847,reaches_CEO,5,182847 > 195165 > 113589 > 190801 > 51535 > 61554
125806,reaches_CEO,5,125806 > 108428 > 117030 > 109804 > 51535 > 61554
171270,reaches_CEO,5,171270 > 138948 > 24489 > 176424 > 110464 > 61554
42617,reaches_CEO,5,42617 > 175361 > 100942 > 36075 > 11277 > 61554
99105,reaches_CEO,5,99105 > 48877 > 37154 > 138045 > 110464 > 61554
196080,reaches_CEO,5,196080 > 159838 > 167223 > 40920 > 110464 > 61554
51571,reaches_CEO,5,51571 > 4110 > 94454 > 84011 > 11277 > 61554
47799,reaches_CEO,5,47799 > 76073 > 184512 > 109804 > 51535 > 61554
76760,reaches_CEO,5,76760 > 181781 > 110260 > 125855 > 93708 > 61554
35982,reaches_CEO,5,35982 > 126515 > 24681 > 124994 > 93708 > 61554
12943,reaches_CEO,5,12943 > 158888 > 176804 > 139032 > 11277 > 61554
154613,reaches_CEO,5,154613 > 79735 > 147555 > 107152 > 51535 > 61554
83596,reaches_CEO,5,83596 > 59705 > 181201 > 139032 > 11277 > 61554
102498,reaches_CEO,4,102498 > 192056 > 71889 > 93708 > 61554
46687,reaches_CEO,5,46687 > 43937 > 95935 > 71889 > 93708 > 61554
188233,reaches_CEO,5,188233 > 167650 > 119481 > 79693 > 51535 > 61554
108356,reaches_CEO,5,108356 > 99121 > 146600 > 107658 > 110464 > 61554
175365,reaches_CEO,4,175365 > 166741 > 97647 > 110464 > 61554
45088,reaches_CEO,5,45088 > 75860 > 91654 > 109804 > 51535 > 61554
61589,reaches_CEO,5,61589 > 183065 > 8207 > 185673 > 51535 > 61554
20569,reaches_CEO,5,20569 > 7212 > 69550 > 74062 > 110464 > 61554
12344,reaches_CEO,5,12344 > 123387 > 66090 > 34280 > 11277 > 61554
107047,reaches_CEO,5,107047 > 10357 > 196484 > 176424 > 110464 > 61554
89420,reaches_CEO,5,89420 > 142367 > 181201 > 139032 > 11277 > 61554
78138,reaches_CEO,5,78138 > 189890 > 171351 > 79693 > 51535 > 61554
168572,reaches_CEO,5,168572 > 14226 > 21604 > 26053 > 93708 > 61554
117199,reaches_CEO,5,117199 > 144219 > 146629 > 190801 > 51535 > 61554
198240,reaches_CEO,4,198240 > 94454 > 84011 > 11277 > 61554
171351,reaches_CEO,3,171351 > 79693 > 51535 > 61554
83947,reaches_CEO,5,83947 > 77766 > 6027 > 74062 > 110464 > 61554
173538,reaches_CEO,5,173538 > 58522 > 39726 > 69728 > 51535 > 61554
88767,reaches_CEO,5,88767 > 8198 > 98225 > 162476 > 51535 > 61554
54873,reaches_CEO,5,54873 > 190065 > 143437 > 71499 > 110464 > 61554
171432,reaches_CEO,5,171432 > 119658 > 61403 > 69728 > 51535 > 61554
181472,reaches_CEO,5,181472 > 29547 > 47553 > 69728 > 51535 > 61554
170761,reaches_CEO,5,170761 > 115591 > 66119 > 34051 > 11277 > 61554
110811,reaches_CEO,5,110811 > 168905 > 193330 > 162476 > 51535 > 61554
73145,reaches_CEO,5,73145 > 185976 > 119832 > 190801 > 51535 > 61554
153627,reaches_CEO,5,153627 > 79193 > 91117 > 34051 > 11277 > 61554
45802,reaches_CEO,5,45802 > 195795 > 59535 > 154041 > 11277 > 61554
65738,reaches_CEO,5,65738 > 90237 > 193088 > 96752 > 11277 > 61554
94173,reaches_CEO,5,94173 > 73254 > 192056 > 71889 > 93708 > 61554
199826,reaches_CEO,5,199826 > 192414 > 47755 > 154041 > 11277 > 61554
193726,reaches_CEO,5,193726 > 70547 > 168545 > 176424 > 110464 > 61554
199870,reaches_CEO,5,199870 > 33665 > 110260 > 125855 > 93708 > 61554
119210,reaches_CEO,5,119210 > 117376 > 192056 > 71889 > 93708 > 61554
78149,reaches_CEO,5,78149 > 134671 > 114472 > 197876 > 11277 > 61554
47324,reaches_CEO,5,47324 > 182777 > 124893 > 149778 > 110464 > 61554
616,reaches_CEO,5,616 > 168797 > 6027 > 74062 > 110464 > 61554
130445,reaches_CEO,5,130445 > 65883 > 103443 > 97647 > 110464 > 61554
57810,reaches_CEO,5,57810 > 52525 > 192589 > 55537 > 51535 > 61554
146473,reaches_CEO,4,146473 > 156036 > 74062 > 110464 > 61554
39248,reaches_CEO,5,39248 > 11507 > 20378 > 124994 > 93708 > 61554
195549,reaches_CEO,5,195549 > 95473 > 65451 > 139032 > 11277 > 61554
150836,reaches_CEO,5,150836 > 32405 > 24681 > 124994 > 93708 > 61554
129734,reaches_CEO,4,129734 > 17837 > 176367 > 51535 > 61554
172312,reaches_CEO,5,172312 > 61443 > 116660 > 26053 > 93708 > 61554
98972,reaches_CEO,5,98972 > 111508 > 82419 > 74062 > 110464 > 61554
151303,reaches_CEO,5,151303 > 48912 > 171351 > 79693 > 51535 > 61554
197863,reaches_CEO,5,197863 > 149970 > 155485 > 40920 > 110464 > 61554
137015,reaches_CEO,5,137015 > 102026 > 40475 > 56068 > 11277 > 61554
190361,reaches_CEO,5,190361 > 142850 > 78493 > 197876 > 11277 > 61554
89771,reaches_CEO,5,89771 > 199184 > 66119 > 34051 > 11277 > 61554
147611,reaches_CEO,5,147611 > 73663 > 87344 > 138045 > 110464 > 61554
114835,reaches_CEO,5,114835 > 74066 > 61403 > 69728 > 51535 > 61554
158970,reaches_CEO,5,158970 > 98931 > 103443 > 97647 > 110464 > 61554
10742,reaches_CEO,5,10742 > 85717 > 47127 > 84011 > 11277 > 61554
170643,reaches_CEO,5,170643 > 109671 > 191391 > 138045 > 110464 > 61554
19977,reaches_CEO,5,19977 > 1651 > 146629 > 190801 > 51535 > 61554
58062,reaches_CEO,5,58062 > 32159 > 176804 > 139032 > 11277 > 61554
107523,reaches_CEO,5,107523 > 180037 > 167941 > 34051 > 11277 > 61554
135846,reaches_CEO,4,135846 > 77851 > 36075 > 11277 > 61554
79328,reaches_CEO,5,79328 > 138432 > 41945 > 84011 > 11277 > 61554
64978,reaches_CEO,5,64978 > 4440 > 155485 > 40920 > 110464 > 61554
130503,reaches_CEO,5,130503 > 58365 > 196484 > 176424 > 110464 > 61554
171325,reaches_CEO,5,171325 > 178147 > 24681 > 124994 > 93708 > 61554
20440,reaches_CEO,5,20440 > 1808 > 140317 > 107152 > 51535 > 61554
41869,reaches_CEO,5,41869 > 113618 > 103443 > 97647 > 110464 > 61554
96596,reaches_CEO,5,96596 > 75198 > 146600 > 107658 > 110464 > 61554
43420,reaches_CEO,4,43420 > 24691 > 56068 > 11277 > 61554
110260,reaches_CEO,3,110260 > 125855 > 93708 > 61554
146220,reaches_CEO,4,146220 > 196484 > 176424 > 110464 > 61554
56766,reaches_CEO,5,56766 > 182038 > 79285 > 34280 > 11277 > 61554
77946,reaches_CEO,5,77946 > 101819 > 87379 > 176367 > 51535 > 61554
127889,reaches_CEO,5,127889 > 46957 > 89002 > 34280 > 11277 > 61554
135588,reaches_CEO,5,135588 > 115856 > 3235 > 84011 > 11277 > 61554
72541,reaches_CEO,5,72541 > 129778 > 59566 > 125855 > 93708 > 61554
12009,reaches_CEO,5,12009 > 9239 > 47127 > 84011 > 11277 > 61554
35659,reaches_CEO,5,35659 > 41808 > 89619 > 26053 > 93708 > 61554
150845,reaches_CEO,5,150845 > 46997 > 167941 > 34051 > 11277 > 61554
108178,reaches_CEO,5,108178 > 155437 > 119481 > 79693 > 51535 > 61554
169909,reaches_CEO,5,169909 > 10922 > 198366 > 142146 > 11277 > 61554
178493,reaches_CEO,5,178493 > 102102 > 78493 > 197876 > 11277 > 61554
121129,reaches_CEO,5,121129 > 160169 > 172989 > 34051 > 11277 > 61554
23571,reaches_CEO,5,23571 > 167188 > 89619 > 26053 > 93708 > 61554
42915,reaches_CEO,5,42915 > 189038 > 87379 > 176367 > 51535 > 61554
166615,reaches_CEO,5,166615 > 67931 > 119481 > 79693 > 51535 > 61554
157336,reaches_CEO,5,157336 > 144211 > 194121 > 176367 > 51535 > 61554
102549,reaches_CEO,5,102549 > 91979 > 116660 > 26053 > 93708 > 61554
59856,reaches_CEO,5,59856 > 77844 > 3917 > 139032 > 11277 > 61554
102304,reaches_CEO,5,102304 > 146404 > 143437 > 71499 > 110464 > 61554
57580,reaches_CEO,5,57580 > 134982 > 66119 > 34051 > 11277 > 61554
130153,reaches_CEO,5,130153 > 102712 > 157492 > 34280 > 11277 > 61554
41178,reaches_CEO,5,41178 > 29749 > 39785 > 177860 > 93708 > 61554
179945,reaches_CEO,5,179945 > 183283 > 20378 > 124994 > 93708 > 61554
109029,reaches_CEO,5,109029 > 7255 > 167482 > 133795 > 51535 > 61554
76135,reaches_CEO,4,76135 > 5692 > 149778 > 110464 > 61554
20859,reaches_CEO,5,20859 > 77556 > 45969 > 26053 > 93708 > 61554
187469,reaches_CEO,5,187469 > 152960 > 157492 > 34280 > 11277 > 61554
76061,reaches_CEO,5,76061 > 52313 > 135238 > 84011 > 11277 > 61554
137031,reaches_CEO,5,137031 > 151696 > 77857 > 152500 > 93708 > 61554
8207,reaches_CEO,3,8207 > 185673 > 51535 > 61554
6390,reaches_CEO,5,6390 > 148032 > 172989 > 34051 > 11277 > 61554
128031,reaches_CEO,5,128031 > 18312 > 147555 > 107152 > 51535 > 61554
84485,reaches_CEO,5,84485 > 113124 > 65451 > 139032 > 11277 > 61554
141803,reaches_CEO,5,141803 > 185982 > 171907 > 142146 > 11277 > 61554
10768,reaches_CEO,5,10768 > 87733 > 198366 > 142146 > 11277 > 61554
184968,reaches_CEO,5,184968 > 190249 > 134556 > 138045 > 110464 > 61554
94496,reaches_CEO,5,94496 > 39388 > 66119 > 34051 > 11277 > 61554
136704,reaches_CEO,5,136704 > 198879 > 83356 > 84011 > 11277 > 61554
76859,reaches_CEO,5,76859 > 52923 > 134865 > 197876 > 11277 > 61554
126891,reaches_CEO,5,126891 > 74066 > 61403 > 69728 > 51535 > 61554
21196,reaches_CEO,5,21196 > 43420 > 24691 > 56068 > 11277 > 61554
16619,reaches_CEO,5,16619 > 57316 > 157492 > 34280 > 11277 > 61554
81177,reaches_CEO,5,81177 > 130342 > 20378 > 124994 > 93708 > 61554
159048,reaches_CEO,5,159048 > 87707 > 32248 > 34280 > 11277 > 61554
135111,reaches_CEO,5,135111 > 60489 > 24489 > 176424 > 110464 > 61554
78997,reaches_CEO,4,78997 > 117030 > 109804 > 51535 > 61554
181380,reaches_CEO,5,181380 > 142104 > 47553 > 69728 > 51535 > 61554
66942,reaches_CEO,5,66942 > 103421 > 5342 > 133795 > 51535 > 61554
148599,reaches_CEO,5,148599 > 21470 > 143437 > 71499 > 110464 > 61554
16125,reaches_CEO,5,16125 > 100373 > 192056 > 71889 > 93708 > 61554
147789,reaches_CEO,5,147789 > 141079 > 119481 > 79693 > 51535 > 61554
70594,reaches_CEO,5,70594 > 92585 > 114137 > 107658 > 110464 > 61554
82385,reaches_CEO,5,82385 > 107547 > 83356 > 84011 > 11277 > 61554
46174,reaches_CEO,5,46174 > 79735 > 147555 > 107152 > 51535 > 61554
86494,reaches_CEO,5,86494 > 112302 > 71595 > 55537 > 51535 > 61554
88453,reaches_CEO,5,88453 > 55883 > 49002 > 109804 > 51535 > 61554
4259,reaches_CEO,4,4259 > 193330 > 162476 > 51535 > 61554
150300,reaches_CEO,4,150300 > 89053 > 97647 > 110464 > 61554
123521,reaches_CEO,5,123521 > 94611 > 194121 > 176367 > 51535 > 61554
184671,reaches_CEO,5,184671 > 132683 > 146629 > 190801 > 51535 > 61554
59747,reaches_CEO,5,59747 > 79 > 65174 > 154041 > 11277 > 61554
93803,reaches_CEO,5,93803 > 117376 > 192056 > 71889 > 93708 > 61554
167059,reaches_CEO,5,167059 > 75705 > 171266 > 71889 > 93708 > 61554
145632,reaches_CEO,5,145632 > 103912 > 89002 > 34280 > 11277 > 61554
179787,reaches_CEO,5,179787 > 18939 > 167941 > 34051 > 11277 > 61554
34960,reaches_CEO,5,34960 > 180037 > 167941 > 34051 > 11277 > 61554
87500,reaches_CEO,5,87500 > 123358 > 167941 > 34051 > 11277 > 61554
146412,reaches_CEO,5,146412 > 98931 > 103443 > 97647 > 110464 > 61554
192843,reaches_CEO,5,192843 > 96420 > 59535 > 154041 > 11277 > 61554
133826,reaches_CEO,5,133826 > 87762 > 154897 > 34280 > 11277 > 61554
92918,reaches_CEO,5,92918 > 182028 > 184512 > 109804 > 51535 > 61554
174255,reaches_CEO,5,174255 > 5743 > 49727 > 84011 > 11277 > 61554
176126,reaches_CEO,5,176126 > 51738 > 183869 > 185673 > 51535 > 61554
14482,reaches_CEO,5,14482 > 55858 > 119832 > 190801 > 51535 > 61554
156380,reaches_CEO,5,156380 > 53856 > 16178 > 71889 > 93708 > 61554
3663,reaches_CEO,5,3663 > 43420 > 24691 > 56068 > 11277 > 61554
26541,reaches_CEO,5,26541 > 198531 > 49727 > 84011 > 11277 > 61554
55335,reaches_CEO,5,55335 > 183283 > 20378 > 124994 > 93708 > 61554
4421,reaches_CEO,4,4421 > 32510 > 197876 > 11277 > 61554
139637,reaches_CEO,5,139637 > 95609 > 119833 > 84011 > 11277 > 61554
129879,reaches_CEO,5,129879 > 40904 > 92567 > 162476 > 51535 > 61554
170010,reaches_CEO,5,170010 > 126368 > 183175 > 197876 > 11277 > 61554
55665,reaches_CEO,5,55665 > 57316 > 157492 > 34280 > 11277 > 61554
129908,reaches_CEO,5,129908 > 150290 > 185138 > 152500 > 93708 > 61554
104276,reaches_CEO,5,104276 > 41175 > 61403 > 69728 > 51535 > 61554
10480,reaches_CEO,5,10480 > 157064 > 125912 > 107658 > 110464 > 61554
96360,reaches_CEO,5,96360 > 101819 > 87379 > 176367 > 51535 > 61554
68532,reaches_CEO,4,68532 > 61403 > 69728 > 51535 > 61554
57185,reaches_CEO,4,57185 > 57693 > 69728 > 51535 > 61554
61907,reaches_CEO,5,61907 > 87707 > 32248 > 34280 > 11277 > 61554
112751,reaches_CEO,5,112751 > 43420 > 24691 > 56068 > 11277 > 61554
27680,reaches_CEO,5,27680 > 112750 > 39726 > 69728 > 51535 > 61554
162889,reaches_CEO,3,162889 > 109308 > 110464 > 61554
74791,reaches_CEO,5,74791 > 60489 > 24489 > 176424 > 110464 > 61554
81304,reaches_CEO,5,81304 > 51738 > 183869 > 185673 > 51535 > 61554
192318,reaches_CEO,5,192318 > 180006 > 24681 > 124994 > 93708 > 61554
101478,reaches_CEO,5,101478 > 29960 > 118233 > 149778 > 110464 > 61554
107840,reaches_CEO,5,107840 > 138772 > 94362 > 34051 > 11277 > 61554
51121,reaches_CEO,4,51121 > 59566 > 125855 > 93708 > 61554
3235,reaches_CEO,3,3235 > 84011 > 11277 > 61554
92365,reaches_CEO,5,92365 > 140838 > 95935 > 71889 > 93708 > 61554
147776,reaches_CEO,5,147776 > 79735 > 147555 > 107152 > 51535 > 61554
141152,reaches_CEO,5,141152 > 149485 > 172989 > 34051 > 11277 > 61554
160557,reaches_CEO,5,160557 > 69345 > 163049 > 56068 > 11277 > 61554
2659,reaches_CEO,5,2659 > 115694 > 152076 > 69728 > 51535 > 61554
172328,reaches_CEO,5,172328 > 64087 > 45969 > 26053 > 93708 > 61554
152732,reaches_CEO,5,152732 > 123387 > 66090 > 34280 > 11277 > 61554
111625,reaches_CEO,5,111625 > 85791 > 134865 > 197876 > 11277 > 61554
90356,reaches_CEO,5,90356 > 113618 > 103443 > 97647 > 110464 > 61554
172311,reaches_CEO,5,172311 > 119658 > 61403 > 69728 > 51535 > 61554
124994,reaches_CEO,2,124994 > 93708 > 61554
77448,reaches_CEO,5,77448 > 158777 > 71532 > 109308 > 110464 > 61554
189611,reaches_CEO,5,189611 > 55883 > 49002 > 109804 > 51535 > 61554
166928,reaches_CEO,4,166928 > 189937 > 55537 > 51535 > 61554
22133,reaches_CEO,5,22133 > 97878 > 94362 > 34051 > 11277 > 61554
97153,reaches_CEO,5,97153 > 118329 > 181201 > 139032 > 11277 > 61554
160018,reaches_CEO,5,160018 > 48352 > 161284 > 109804 > 51535 > 61554
20935,reaches_CEO,5,20935 > 179569 > 78493 > 197876 > 11277 > 61554
17923,reaches_CEO,5,17923 > 59939 > 91869 > 40920 > 110464 > 61554
141079,reaches_CEO,4,141079 > 119481 > 79693 > 51535 > 61554
43602,reaches_CEO,4,43602 > 18295 > 176367 > 51535 > 61554
144219,reaches_CEO,4,144219 > 146629 > 190801 > 51535 > 61554
166653,reaches_CEO,4,166653 > 146629 > 190801 > 51535 > 61554
84230,reaches_CEO,4,84230 > 5692 > 149778 > 110464 > 61554
85044,reaches_CEO,5,85044 > 55972 > 59566 > 125855 > 93708 > 61554
154470,reaches_CEO,5,154470 > 93223 > 92567 > 162476 > 51535 > 61554
96671,reaches_CEO,5,96671 > 179212 > 162889 > 109308 > 110464 > 61554
158609,reaches_CEO,4,158609 > 193088 > 96752 > 11277 > 61554
112948,reaches_CEO,5,112948 > 98558 > 145161 > 69728 > 51535 > 61554
87753,reaches_CEO,5,87753 > 199282 > 82419 > 74062 > 110464 > 61554
126307,reaches_CEO,5,126307 > 191289 > 71595 > 55537 > 51535 > 61554
50701,reaches_CEO,5,50701 > 139278 > 171266 > 71889 > 93708 > 61554
60003,reaches_CEO,5,60003 > 33665 > 110260 > 125855 > 93708 > 61554
178081,reaches_CEO,5,178081 > 151696 > 77857 > 152500 > 93708 > 61554
5093,reaches_CEO,5,5093 > 54315 > 78493 > 197876 > 11277 > 61554
92730,reaches_CEO,5,92730 > 64452 > 3235 > 84011 > 11277 > 61554
16178,reaches_CEO,3,16178 > 71889 > 93708 > 61554
52651,reaches_CEO,5,52651 > 128511 > 57693 > 69728 > 51535 > 61554
83531,reaches_CEO,5,83531 > 119964 > 167223 > 40920 > 110464 > 61554
190551,reaches_CEO,5,190551 > 119658 > 61403 > 69728 > 51535 > 61554
50166,reaches_CEO,5,50166 > 158609 > 193088 > 96752 > 11277 > 61554
14429,reaches_CEO,5,14429 > 198531 > 49727 > 84011 > 11277 > 61554
9907,reaches_CEO,5,9907 > 178797 > 47755 > 154041 > 11277 > 61554
23766,reaches_CEO,5,23766 > 132683 > 146629 > 190801 > 51535 > 61554
107593,reaches_CEO,5,107593 > 102043 > 89053 > 97647 > 110464 > 61554
43290,reaches_CEO,5,43290 > 14465 > 116660 > 26053 > 93708 > 61554
169624,reaches_CEO,5,169624 > 118769 > 119832 > 190801 > 51535 > 61554
42655,reaches_CEO,5,42655 > 124014 > 79285 > 34280 > 11277 > 61554
196953,reaches_CEO,5,196953 > 76135 > 5692 > 149778 > 110464 > 61554
142051,reaches_CEO,5,142051 > 43420 > 24691 > 56068 > 11277 > 61554
127503,reaches_CEO,5,127503 > 162381 > 193330 > 162476 > 51535 > 61554
187556,reaches_CEO,5,187556 > 30749 > 28697 > 79693 > 51535 > 61554
71316,reaches_CEO,5,71316 > 160511 > 121233 > 176424 > 110464 > 61554
157742,reaches_CEO,5,157742 > 158888 > 176804 > 139032 > 11277 > 61554
81323,reaches_CEO,5,81323 > 69903 > 17837 > 176367 > 51535 > 61554
85451,reaches_CEO,5,85451 > 87762 > 154897 > 34280 > 11277 > 61554
168526,reaches_CEO,5,168526 > 142926 > 171351 > 79693 > 51535 > 61554
125164,reaches_CEO,5,125164 > 41335 > 33814 > 190801 > 51535 > 61554
108353,reaches_CEO,5,108353 > 39417 > 140317 > 107152 > 51535 > 61554
115731,reaches_CEO,5,115731 > 19424 > 47553 > 69728 > 51535 > 61554
178159,reaches_CEO,5,178159 > 46957 > 89002 > 34280 > 11277 > 61554
191873,reaches_CEO,5,191873 > 40904 > 92567 > 162476 > 51535 > 61554
103454,reaches_CEO,5,103454 > 94039 > 107049 > 34280 > 11277 > 61554
129644,reaches_CEO,5,129644 > 183824 > 113589 > 190801 > 51535 > 61554
13972,reaches_CEO,5,13972 > 754 > 25036 > 152500 > 93708 > 61554
177703,reaches_CEO,5,177703 > 138948 > 24489 > 176424 > 110464 > 61554
5692,reaches_CEO,3,5692 > 149778 > 110464 > 61554
9965,reaches_CEO,5,9965 > 41721 > 162889 > 109308 > 110464 > 61554
28657,reaches_CEO,5,28657 > 75705 > 171266 > 71889 > 93708 > 61554
74783,reaches_CEO,5,74783 > 16785 > 33814 > 190801 > 51535 > 61554
133846,reaches_CEO,5,133846 > 55858 > 119832 > 190801 > 51535 > 61554
118671,reaches_CEO,5,118671 > 74170 > 191418 > 36075 > 11277 > 61554
186961,reaches_CEO,5,186961 > 124014 > 79285 > 34280 > 11277 > 61554
33203,reaches_CEO,5,33203 > 144928 > 134865 > 197876 > 11277 > 61554
1832,reaches_CEO,5,1832 > 100373 > 192056 > 71889 > 93708 > 61554
106478,reaches_CEO,5,106478 > 162518 > 32510 > 197876 > 11277 > 61554
133662,reaches_CEO,5,133662 > 133927 > 42270 > 79693 > 51535 > 61554
75537,reaches_CEO,5,75537 > 168905 > 193330 > 162476 > 51535 > 61554
109136,reaches_CEO,5,109136 > 192369 > 131950 > 96752 > 11277 > 61554
188611,reaches_CEO,5,188611 > 120638 > 27660 > 69728 > 51535 > 61554
25819,reaches_CEO,5,25819 > 68201 > 41945 > 84011 > 11277 > 61554
97136,reaches_CEO,5,97136 > 134658 > 65522 > 34051 > 11277 > 61554
137326,reaches_CEO,5,137326 > 178147 > 24681 > 124994 > 93708 > 61554
184984,reaches_CEO,5,184984 > 25367 > 191391 > 138045 > 110464 > 61554
196872,reaches_CEO,5,196872 > 175558 > 72243 > 162476 > 51535 > 61554
141728,reaches_CEO,5,141728 > 81111 > 18295 > 176367 > 51535 > 61554
81183,reaches_CEO,5,81183 > 56316 > 32248 > 34280 > 11277 > 61554
100356,reaches_CEO,5,100356 > 132283 > 49002 > 109804 > 51535 > 61554
6371,reaches_CEO,5,6371 > 16073 > 139507 > 97647 > 110464 > 61554
147948,reaches_CEO,5,147948 > 96664 > 125912 > 107658 > 110464 > 61554
149778,reaches_CEO,2,149778 > 110464 > 61554
189576,reaches_CEO,5,189576 > 165442 > 134865 > 197876 > 11277 > 61554
177978,reaches_CEO,5,177978 > 198814 > 181566 > 97647 > 110464 > 61554
104754,reaches_CEO,5,104754 > 71152 > 21604 > 26053 > 93708 > 61554
168797,reaches_CEO,4,168797 > 6027 > 74062 > 110464 > 61554
43688,reaches_CEO,5,43688 > 149245 > 91869 > 40920 > 110464 > 61554
8350,reaches_CEO,5,8350 > 189627 > 130489 > 36075 > 11277 > 61554
14636,reaches_CEO,5,14636 > 96420 > 59535 > 154041 > 11277 > 61554
108926,reaches_CEO,5,108926 > 4421 > 32510 > 197876 > 11277 > 61554
74588,reaches_CEO,5,74588 > 182038 > 79285 > 34280 > 11277 > 61554
53433,reaches_CEO,5,53433 > 147249 > 27660 > 69728 > 51535 > 61554
90696,reaches_CEO,5,90696 > 113578 > 125912 > 107658 > 110464 > 61554
24985,reaches_CEO,5,24985 > 123154 > 116660 > 26053 > 93708 > 61554
150066,reaches_CEO,5,150066 > 51293 > 172989 > 34051 > 11277 > 61554
66184,reaches_CEO,5,66184 > 196660 > 94454 > 84011 > 11277 > 61554
194895,reaches_CEO,5,194895 > 139278 > 171266 > 71889 > 93708 > 61554
32405,reaches_CEO,4,32405 > 24681 > 124994 > 93708 > 61554
40838,reaches_CEO,5,40838 > 123358 > 167941 > 34051 > 11277 > 61554
117240,reaches_CEO,5,117240 > 115856 > 3235 > 84011 > 11277 > 61554
48174,reaches_CEO,5,48174 > 19524 > 167223 > 40920 > 110464 > 61554
151070,reaches_CEO,5,151070 > 159638 > 116660 > 26053 > 93708 > 61554
151538,reaches_CEO,5,151538 > 78874 > 47127 > 84011 > 11277 > 61554
59366,reaches_CEO,5,59366 > 142850 > 78493 > 197876 > 11277 > 61554
155385,reaches_CEO,5,155385 > 154292 > 72243 > 162476 > 51535 > 61554
181704,reaches_CEO,5,181704 > 94039 > 107049 > 34280 > 11277 > 61554
41589,reaches_CEO,5,41589 > 48877 > 37154 > 138045 > 110464 > 61554
134950,reaches_CEO,5,134950 > 81860 > 49002 > 109804 > 51535 > 61554
123791,reaches_CEO,5,123791 > 183528 > 184512 > 109804 > 51535 > 61554
142406,reaches_CEO,5,142406 > 27781 > 121233 > 176424 > 110464 > 61554
16722,reaches_CEO,5,16722 > 74170 > 191418 > 36075 > 11277 > 61554
37012,reaches_CEO,5,37012 > 53826 > 185138 > 152500 > 93708 > 61554
24568,reaches_CEO,5,24568 > 98967 > 115539 > 71499 > 110464 > 61554
166729,reaches_CEO,4,166729 > 125912 > 107658 > 110464 > 61554
61849,reaches_CEO,5,61849 > 160511 > 121233 > 176424 > 110464 > 61554
178582,reaches_CEO,5,178582 > 137776 > 40132 > 190801 > 51535 > 61554
128292,reaches_CEO,5,128292 > 43858 > 171351 > 79693 > 51535 > 61554
166328,reaches_CEO,5,166328 > 110878 > 119481 > 79693 > 51535 > 61554
171280,reaches_CEO,5,171280 > 80240 > 50665 > 71889 > 93708 > 61554
162465,reaches_CEO,5,162465 > 5222 > 135238 > 84011 > 11277 > 61554
8113,reaches_CEO,5,8113 > 43937 > 95935 > 71889 > 93708 > 61554
55719,reaches_CEO,5,55719 > 15768 > 77857 > 152500 > 93708 > 61554
76966,reaches_CEO,5,76966 > 185976 > 119832 > 190801 > 51535 > 61554
3912,reaches_CEO,5,3912 > 104759 > 20378 > 124994 > 93708 > 61554
70256,reaches_CEO,5,70256 > 94039 > 107049 > 34280 > 11277 > 61554
107833,reaches_CEO,5,107833 > 1791 > 99397 > 71889 > 93708 > 61554
191399,reaches_CEO,5,191399 > 14470 > 191418 > 36075 > 11277 > 61554
24047,reaches_CEO,5,24047 > 53012 > 91869 > 40920 > 110464 > 61554
104999,reaches_CEO,5,104999 > 92845 > 92567 > 162476 > 51535 > 61554
57714,reaches_CEO,5,57714 > 57938 > 192589 > 55537 > 51535 > 61554
118329,reaches_CEO,4,118329 > 181201 > 139032 > 11277 > 61554
154235,reaches_CEO,5,154235 > 149135 > 119481 > 79693 > 51535 > 61554
32443,reaches_CEO,5,32443 > 183283 > 20378 > 124994 > 93708 > 61554
94977,reaches_CEO,5,94977 > 142926 > 171351 > 79693 > 51535 > 61554
136600,reaches_CEO,5,136600 > 47472 > 7558 > 69728 > 51535 > 61554
31767,reaches_CEO,5,31767 > 25934 > 154285 > 107152 > 51535 > 61554
126662,reaches_CEO,5,126662 > 76135 > 5692 > 149778 > 110464 > 61554
86450,reaches_CEO,5,86450 > 40904 > 92567 > 162476 > 51535 > 61554
90835,reaches_CEO,5,90835 > 168905 > 193330 > 162476 > 51535 > 61554
106442,reaches_CEO,5,106442 > 59555 > 156036 > 74062 > 110464 > 61554
93093,reaches_CEO,5,93093 > 21086 > 24015 > 125855 > 93708 > 61554
61708,reaches_CEO,5,61708 > 81111 > 18295 > 176367 > 51535 > 61554
21656,reaches_CEO,5,21656 > 61988 > 49002 > 109804 > 51535 > 61554
136425,reaches_CEO,5,136425 > 16445 > 136905 > 71889 > 93708 > 61554
101223,reaches_CEO,5,101223 > 4440 > 155485 > 40920 > 110464 > 61554
53577,reaches_CEO,5,53577 > 12214 > 171907 > 142146 > 11277 > 61554
70238,reaches_CEO,5,70238 > 75246 > 140317 > 107152 > 51535 > 61554
123922,reaches_CEO,5,123922 > 157931 > 61403 > 69728 > 51535 > 61554
8997,reaches_CEO,5,8997 > 120638 > 27660 > 69728 > 51535 > 61554
153252,reaches_CEO,5,153252 > 119576 > 27660 > 69728 > 51535 > 61554
34525,reaches_CEO,5,34525 > 168942 > 185138 > 152500 > 93708 > 61554
196490,reaches_CEO,4,196490 > 165426 > 124994 > 93708 > 61554
136437,reaches_CEO,5,136437 > 7212 > 69550 > 74062 > 110464 > 61554
37097,reaches_CEO,5,37097 > 192145 > 145667 > 142146 > 11277 > 61554
146080,reaches_CEO,5,146080 > 167877 > 119833 > 84011 > 11277 > 61554
89494,reaches_CEO,5,89494 > 186086 > 184512 > 109804 > 51535 > 61554
79735,reaches_CEO,4,79735 > 147555 > 107152 > 51535 > 61554
69536,reaches_CEO,5,69536 > 138432 > 41945 > 84011 > 11277 > 61554
87704,reaches_CEO,5,87704 > 132283 > 49002 > 109804 > 51535 > 61554
94392,reaches_CEO,5,94392 > 39417 > 140317 > 107152 > 51535 > 61554
2314,reaches_CEO,5,2314 > 166928 > 189937 > 55537 > 51535 > 61554
98225,reaches_CEO,3,98225 > 162476 > 51535 > 61554
22976,reaches_CEO,5,22976 > 181787 > 23830 > 74062 > 110464 > 61554
157957,reaches_CEO,5,157957 > 82657 > 171907 > 142146 > 11277 > 61554
36255,reaches_CEO,5,36255 > 132187 > 146629 > 190801 > 51535 > 61554
95841,reaches_CEO,4,95841 > 183869 > 185673 > 51535 > 61554
68826,reaches_CEO,5,68826 > 181996 > 113589 > 190801 > 51535 > 61554
18445,reaches_CEO,5,18445 > 46997 > 167941 > 34051 > 11277 > 61554
65913,reaches_CEO,5,65913 > 14299 > 194121 > 176367 > 51535 > 61554
195222,reaches_CEO,5,195222 > 26505 > 121233 > 176424 > 110464 > 61554
174553,reaches_CEO,5,174553 > 149135 > 119481 > 79693 > 51535 > 61554
59265,reaches_CEO,5,59265 > 184998 > 183175 > 197876 > 11277 > 61554
118078,reaches_CEO,5,118078 > 52319 > 154897 > 34280 > 11277 > 61554
108648,reaches_CEO,5,108648 > 153551 > 47755 > 154041 > 11277 > 61554
35974,reaches_CEO,5,35974 > 129626 > 118233 > 149778 > 110464 > 61554
70460,reaches_CEO,5,70460 > 118506 > 25036 > 152500 > 93708 > 61554
194271,reaches_CEO,5,194271 > 199184 > 66119 > 34051 > 11277 > 61554
50760,reaches_CEO,5,50760 > 94611 > 194121 > 176367 > 51535 > 61554
177824,reaches_CEO,5,177824 > 198778 > 167482 > 133795 > 51535 > 61554
59823,reaches_CEO,5,59823 > 52319 > 154897 > 34280 > 11277 > 61554
148724,reaches_CEO,5,148724 > 199282 > 82419 > 74062 > 110464 > 61554
102275,reaches_CEO,5,102275 > 41808 > 89619 > 26053 > 93708 > 61554
74148,reaches_CEO,5,74148 > 12877 > 57693 > 69728 > 51535 > 61554
139543,reaches_CEO,5,139543 > 53677 > 41533 > 177860 > 93708 > 61554
23789,reaches_CEO,5,23789 > 157966 > 134556 > 138045 > 110464 > 61554
120028,reaches_CEO,5,120028 > 141211 > 116660 > 26053 > 93708 > 61554
162557,reaches_CEO,5,162557 > 123358 > 167941 > 34051 > 11277 > 61554
161218,reaches_CEO,5,161218 > 79237 > 124893 > 149778 > 110464 > 61554
194485,reaches_CEO,5,194485 > 8711 > 24489 > 176424 > 110464 > 61554
81111,reaches_CEO,4,81111 > 18295 > 176367 > 51535 > 61554
143050,reaches_CEO,4,143050 > 155485 > 40920 > 110464 > 61554
19079,reaches_CEO,5,19079 > 59555 > 156036 > 74062 > 110464 > 61554
181529,reaches_CEO,5,181529 > 177805 > 87344 > 138045 > 110464 > 61554
17309,reaches_CEO,5,17309 > 87613 > 140317 > 107152 > 51535 > 61554
91030,reaches_CEO,5,91030 > 55883 > 49002 > 109804 > 51535 > 61554
88812,reaches_CEO,5,88812 > 110878 > 119481 > 79693 > 51535 > 61554
148989,reaches_CEO,5,148989 > 127623 > 72243 > 162476 > 51535 > 61554
94022,reaches_CEO,5,94022 > 171461 > 138823 > 124994 > 93708 > 61554
124697,reaches_CEO,5,124697 > 49729 > 191418 > 36075 > 11277 > 61554
113574,reaches_CEO,5,113574 > 148865 > 24691 > 56068 > 11277 > 61554
49128,reaches_CEO,5,49128 > 74066 > 61403 > 69728 > 51535 > 61554
85006,reaches_CEO,5,85006 > 127544 > 65451 > 139032 > 11277 > 61554
130555,reaches_CEO,5,130555 > 779 > 196484 > 176424 > 110464 > 61554
120707,reaches_CEO,5,120707 > 5374 > 167941 > 34051 > 11277 > 61554
19233,reaches_CEO,5,19233 > 7349 > 121233 > 176424 > 110464 > 61554
139915,reaches_CEO,5,139915 > 62043 > 189937 > 55537 > 51535 > 61554
51923,reaches_CEO,4,51923 > 41533 > 177860 > 93708 > 61554
19528,reaches_CEO,5,19528 > 132683 > 146629 > 190801 > 51535 > 61554
75459,reaches_CEO,5,75459 > 191083 > 37154 > 138045 > 110464 > 61554
86202,reaches_CEO,5,86202 > 81811 > 94454 > 84011 > 11277 > 61554
193355,reaches_CEO,5,193355 > 8812 > 171266 > 71889 > 93708 > 61554
27766,reaches_CEO,5,27766 > 129000 > 6027 > 74062 > 110464 > 61554
167264,reaches_CEO,5,167264 > 75045 > 124893 > 149778 > 110464 > 61554
33896,reaches_CEO,5,33896 > 55636 > 45969 > 26053 > 93708 > 61554
144326,reaches_CEO,5,144326 > 78874 > 47127 > 84011 > 11277 > 61554
22981,reaches_CEO,5,22981 > 165668 > 140317 > 107152 > 51535 > 61554
77038,reaches_CEO,5,77038 > 193763 > 194121 > 176367 > 51535 > 61554
36643,reaches_CEO,5,36643 > 151696 > 77857 > 152500 > 93708 > 61554
77998,reaches_CEO,5,77998 > 76073 > 184512 > 109804 > 51535 > 61554
87200,reaches_CEO,5,87200 > 66420 > 21604 > 26053 > 93708 > 61554
121875,reaches_CEO,5,121875 > 779 > 196484 > 176424 > 110464 > 61554
136744,reaches_CEO,5,136744 > 83032 > 87344 > 138045 > 110464 > 61554
104174,reaches_CEO,5,104174 > 64858 > 24015 > 125855 > 93708 > 61554
54715,reaches_CEO,5,54715 > 174122 > 152076 > 69728 > 51535 > 61554
183547,reaches_CEO,5,183547 > 130834 > 98225 > 162476 > 51535 > 61554
158374,reaches_CEO,5,158374 > 34714 > 32248 > 34280 > 11277 > 61554
149902,reaches_CEO,5,149902 > 129734 > 17837 > 176367 > 51535 > 61554
197581,reaches_CEO,5,197581 > 94447 > 39785 > 177860 > 93708 > 61554
76651,reaches_CEO,5,76651 > 172541 > 138823 > 124994 > 93708 > 61554
74170,reaches_CEO,4,74170 > 191418 > 36075 > 11277 > 61554
117773,reaches_CEO,5,117773 > 198875 > 87379 > 176367 > 51535 > 61554
173171,reaches_CEO,5,173171 > 1808 > 140317 > 107152 > 51535 > 61554
181832,reaches_CEO,5,181832 > 51288 > 140317 > 107152 > 51535 > 61554
71466,reaches_CEO,5,71466 > 170922 > 129381 > 142146 > 11277 > 61554
28623,reaches_CEO,5,28623 > 51923 > 41533 > 177860 > 93708 > 61554
79,reaches_CEO,4,79 > 65174 > 154041 > 11277 > 61554
29009,reaches_CEO,5,29009 > 167650 > 119481 > 79693 > 51535 > 61554
199857,reaches_CEO,5,199857 > 21470 > 143437 > 71499 > 110464 > 61554
72326,reaches_CEO,5,72326 > 133927 > 42270 > 79693 > 51535 > 61554
199397,reaches_CEO,5,199397 > 199184 > 66119 > 34051 > 11277 > 61554
128055,reaches_CEO,5,128055 > 159098 > 5342 > 133795 > 51535 > 61554
4440,reaches_CEO,4,4440 > 155485 > 40920 > 110464 > 61554
183566,reaches_CEO,5,183566 > 179929 > 114472 > 197876 > 11277 > 61554
41769,reaches_CEO,5,41769 > 175361 > 100942 > 36075 > 11277 > 61554
104205,reaches_CEO,5,104205 > 68998 > 70434 > 149778 > 110464 > 61554
72349,reaches_CEO,5,72349 > 191649 > 94454 > 84011 > 11277 > 61554
21960,reaches_CEO,5,21960 > 132192 > 89619 > 26053 > 93708 > 61554
11032,reaches_CEO,5,11032 > 63832 > 167223 > 40920 > 110464 > 61554
190691,reaches_CEO,5,190691 > 63077 > 49727 > 84011 > 11277 > 61554
49927,reaches_CEO,5,49927 > 87707 > 32248 > 34280 > 11277 > 61554
63077,reaches_CEO,4,63077 > 49727 > 84011 > 11277 > 61554
10342,reaches_CEO,5,10342 > 102815 > 79285 > 34280 > 11277 > 61554
152521,reaches_CEO,5,152521 > 62161 > 125912 > 107658 > 110464 > 61554
191736,reaches_CEO,5,191736 > 85426 > 24015 > 125855 > 93708 > 61554
41024,reaches_CEO,5,41024 > 26757 > 23830 > 74062 > 110464 > 61554
108622,reaches_CEO,5,108622 > 109254 > 191418 > 36075 > 11277 > 61554
36586,reaches_CEO,5,36586 > 49729 > 191418 > 36075 > 11277 > 61554
134984,reaches_CEO,5,134984 > 151838 > 3917 > 139032 > 11277 > 61554
149856,reaches_CEO,5,149856 > 47260 > 24015 > 125855 > 93708 > 61554
108473,reaches_CEO,5,108473 > 175548 > 116660 > 26053 > 93708 > 61554
139621,reaches_CEO,5,139621 > 80128 > 171907 > 142146 > 11277 > 61554
42030,reaches_CEO,5,42030 > 53856 > 16178 > 71889 > 93708 > 61554
92526,reaches_CEO,5,92526 > 182777 > 124893 > 149778 > 110464 > 61554
69550,reaches_CEO,3,69550 > 74062 > 110464 > 61554
33671,reaches_CEO,5,33671 > 191073 > 181201 > 139032 > 11277 > 61554
177805,reaches_CEO,4,177805 > 87344 > 138045 > 110464 > 61554
17193,reaches_CEO,5,17193 > 47863 > 40132 > 190801 > 51535 > 61554
132076,reaches_CEO,5,132076 > 169223 > 5342 > 133795 > 51535 > 61554
113087,reaches_CEO,5,113087 > 102712 > 157492 > 34280 > 11277 > 61554
122893,reaches_CEO,5,122893 > 74170 > 191418 > 36075 > 11277 > 61554
187995,reaches_CEO,5,187995 > 116289 > 189937 > 55537 > 51535 > 61554
179482,reaches_CEO,5,179482 > 24287 > 192056 > 71889 > 93708 > 61554
39714,reaches_CEO,5,39714 > 29712 > 47553 > 69728 > 51535 > 61554
131516,reaches_CEO,5,131516 > 85791 > 134865 > 197876 > 11277 > 61554
191705,reaches_CEO,5,191705 > 32405 > 24681 > 124994 > 93708 > 61554
15156,reaches_CEO,5,15156 > 73649 > 167941 > 34051 > 11277 > 61554
130780,reaches_CEO,5,130780 > 80728 > 39726 > 69728 > 51535 > 61554
62357,reaches_CEO,5,62357 > 64190 > 157492 > 34280 > 11277 > 61554
46589,reaches_CEO,5,46589 > 189038 > 87379 > 176367 > 51535 > 61554
165235,reaches_CEO,5,165235 > 198240 > 94454 > 84011 > 11277 > 61554
127586,reaches_CEO,5,127586 > 113245 > 198366 > 142146 > 11277 > 61554
134371,reaches_CEO,5,134371 > 103448 > 198366 > 142146 > 11277 > 61554
85845,reaches_CEO,5,85845 > 17211 > 185138 > 152500 > 93708 > 61554
106594,reaches_CEO,5,106594 > 143317 > 94362 > 34051 > 11277 > 61554
85046,reaches_CEO,5,85046 > 130135 > 95935 > 71889 > 93708 > 61554
32959,reaches_CEO,5,32959 > 142276 > 185138 > 152500 > 93708 > 61554
35649,reaches_CEO,5,35649 > 71130 > 8207 > 185673 > 51535 > 61554
139403,reaches_CEO,5,139403 > 115856 > 3235 > 84011 > 11277 > 61554
132866,reaches_CEO,5,132866 > 51331 > 89619 > 26053 > 93708 > 61554
87999,reaches_CEO,5,87999 > 167877 > 119833 > 84011 > 11277 > 61554
61038,reaches_CEO,4,61038 > 65451 > 139032 > 11277 > 61554
22920,reaches_CEO,5,22920 > 115694 > 152076 > 69728 > 51535 > 61554
24499,reaches_CEO,5,24499 > 51288 > 140317 > 107152 > 51535 > 61554
43662,reaches_CEO,5,43662 > 160511 > 121233 > 176424 > 110464 > 61554
26680,reaches_CEO,5,26680 > 110089 > 41533 > 177860 > 93708 > 61554
64112,reaches_CEO,5,64112 > 199950 > 41533 > 177860 > 93708 > 61554
196291,reaches_CEO,5,196291 > 29712 > 47553 > 69728 > 51535 > 61554
174251,reaches_CEO,5,174251 > 151838 > 3917 > 139032 > 11277 > 61554
118656,reaches_CEO,5,118656 > 138772 > 94362 > 34051 > 11277 > 61554
168295,reaches_CEO,5,168295 > 168905 > 193330 > 162476 > 51535 > 61554
43677,reaches_CEO,5,43677 > 129287 > 99397 > 71889 > 93708 > 61554
80730,reaches_CEO,5,80730 > 81811 > 94454 > 84011 > 11277 > 61554
127398,reaches_CEO,5,127398 > 75242 > 60121 > 109804 > 51535 > 61554
122023,reaches_CEO,5,122023 > 80043 > 99397 > 71889 > 93708 > 61554
122470,reaches_CEO,5,122470 > 128966 > 107049 > 34280 > 11277 > 61554
76239,reaches_CEO,5,76239 > 150408 > 61403 > 69728 > 51535 > 61554
54833,reaches_CEO,5,54833 > 140393 > 117030 > 109804 > 51535 > 61554
171697,reaches_CEO,5,171697 > 90065 > 194121 > 176367 > 51535 > 61554
147567,reaches_CEO,5,147567 > 74170 > 191418 > 36075 > 11277 > 61554
1460,reaches_CEO,5,1460 > 115591 > 66119 > 34051 > 11277 > 61554
115674,reaches_CEO,5,115674 > 74264 > 82419 > 74062 > 110464 > 61554
59862,reaches_CEO,4,59862 > 145161 > 69728 > 51535 > 61554
120586,reaches_CEO,5,120586 > 87929 > 2308 > 84011 > 11277 > 61554
132622,reaches_CEO,5,132622 > 69379 > 183175 > 197876 > 11277 > 61554
35156,reaches_CEO,5,35156 > 184885 > 77857 > 152500 > 93708 > 61554
177810,reaches_CEO,5,177810 > 154703 > 18295 > 176367 > 51535 > 61554
66641,reaches_CEO,5,66641 > 198814 > 181566 > 97647 > 110464 > 61554
48364,reaches_CEO,5,48364 > 41175 > 61403 > 69728 > 51535 > 61554
76191,reaches_CEO,5,76191 > 123358 > 167941 > 34051 > 11277 > 61554
36113,reaches_CEO,5,36113 > 132309 > 163049 > 56068 > 11277 > 61554
121082,reaches_CEO,5,121082 > 168564 > 8665 > 34051 > 11277 > 61554
12512,reaches_CEO,5,12512 > 59862 > 145161 > 69728 > 51535 > 61554
171232,reaches_CEO,5,171232 > 89523 > 66119 > 34051 > 11277 > 61554
2420,reaches_CEO,5,2420 > 112245 > 47755 > 154041 > 11277 > 61554
35843,reaches_CEO,5,35843 > 17291 > 92713 > 96752 > 11277 > 61554
9056,reaches_CEO,5,9056 > 147249 > 27660 > 69728 > 51535 > 61554
89458,reaches_CEO,5,89458 > 122145 > 72243 > 162476 > 51535 > 61554
132939,reaches_CEO,5,132939 > 65126 > 125912 > 107658 > 110464 > 61554
181455,reaches_CEO,5,181455 > 61811 > 78493 > 197876 > 11277 > 61554
23866,reaches_CEO,5,23866 > 146111 > 21604 > 26053 > 93708 > 61554
54334,reaches_CEO,5,54334 > 57938 > 192589 > 55537 > 51535 > 61554
89656,reaches_CEO,5,89656 > 55431 > 100942 > 36075 > 11277 > 61554
159550,reaches_CEO,5,159550 > 132192 > 89619 > 26053 > 93708 > 61554
87379,reaches_CEO,3,87379 > 176367 > 51535 > 61554
85896,reaches_CEO,5,85896 > 47472 > 7558 > 69728 > 51535 > 61554
170076,reaches_CEO,4,170076 > 3802 > 133795 > 51535 > 61554
90155,reaches_CEO,5,90155 > 41808 > 89619 > 26053 > 93708 > 61554
194744,reaches_CEO,5,194744 > 78516 > 164851 > 154041 > 11277 > 61554
100565,reaches_CEO,5,100565 > 107694 > 50665 > 71889 > 93708 > 61554
49063,reaches_CEO,5,49063 > 148418 > 167482 > 133795 > 51535 > 61554
191305,reaches_CEO,5,191305 > 7255 > 167482 > 133795 > 51535 > 61554
80670,reaches_CEO,5,80670 > 57701 > 77857 > 152500 > 93708 > 61554
187990,reaches_CEO,5,187990 > 88007 > 154897 > 34280 > 11277 > 61554
17048,reaches_CEO,5,17048 > 191649 > 94454 > 84011 > 11277 > 61554
159939,reaches_CEO,5,159939 > 102102 > 78493 > 197876 > 11277 > 61554
133105,reaches_CEO,5,133105 > 125114 > 41533 > 177860 > 93708 > 61554
178177,reaches_CEO,5,178177 > 90237 > 193088 > 96752 > 11277 > 61554
60489,reaches_CEO,4,60489 > 24489 > 176424 > 110464 > 61554
150121,reaches_CEO,5,150121 > 18627 > 115907 > 97647 > 110464 > 61554
170696,reaches_CEO,5,170696 > 56316 > 32248 > 34280 > 11277 > 61554
118252,reaches_CEO,5,118252 > 34714 > 32248 > 34280 > 11277 > 61554
180475,reaches_CEO,5,180475 > 133927 > 42270 > 79693 > 51535 > 61554
59555,reaches_CEO,4,59555 > 156036 > 74062 > 110464 > 61554
63363,reaches_CEO,5,63363 > 73846 > 171907 > 142146 > 11277 > 61554
128030,reaches_CEO,5,128030 > 77613 > 66090 > 34280 > 11277 > 61554
46312,reaches_CEO,5,46312 > 29960 > 118233 > 149778 > 110464 > 61554
179929,reaches_CEO,4,179929 > 114472 > 197876 > 11277 > 61554
33727,reaches_CEO,5,33727 > 199184 > 66119 > 34051 > 11277 > 61554
49992,reaches_CEO,5,49992 > 104759 > 20378 > 124994 > 93708 > 61554
52586,reaches_CEO,5,52586 > 196058 > 5692 > 149778 > 110464 > 61554
70153,reaches_CEO,5,70153 > 130135 > 95935 > 71889 > 93708 > 61554
123916,reaches_CEO,5,123916 > 193621 > 100942 > 36075 > 11277 > 61554
19961,reaches_CEO,5,19961 > 101901 > 7558 > 69728 > 51535 > 61554
27815,reaches_CEO,5,27815 > 88936 > 3235 > 84011 > 11277 > 61554
164414,reaches_CEO,5,164414 > 117376 > 192056 > 71889 > 93708 > 61554
3531,reaches_CEO,5,3531 > 73982 > 65522 > 34051 > 11277 > 61554
120750,reaches_CEO,5,120750 > 167877 > 119833 > 84011 > 11277 > 61554
174122,reaches_CEO,4,174122 > 152076 > 69728 > 51535 > 61554
39236,reaches_CEO,5,39236 > 181886 > 181201 > 139032 > 11277 > 61554
58311,reaches_CEO,5,58311 > 177166 > 192589 > 55537 > 51535 > 61554
146600,reaches_CEO,3,146600 > 107658 > 110464 > 61554
2325,reaches_CEO,5,2325 > 73034 > 161284 > 109804 > 51535 > 61554
103112,reaches_CEO,5,103112 > 88936 > 3235 > 84011 > 11277 > 61554
22354,reaches_CEO,5,22354 > 41175 > 61403 > 69728 > 51535 > 61554
189077,reaches_CEO,5,189077 > 193920 > 141808 > 34051 > 11277 > 61554
174967,reaches_CEO,5,174967 > 32938 > 42270 > 79693 > 51535 > 61554
23443,reaches_CEO,5,23443 > 130585 > 3235 > 84011 > 11277 > 61554
172992,reaches_CEO,5,172992 > 34977 > 94362 > 34051 > 11277 > 61554
117117,reaches_CEO,5,117117 > 175365 > 166741 > 97647 > 110464 > 61554
22042,reaches_CEO,5,22042 > 62081 > 3917 > 139032 > 11277 > 61554
191514,reaches_CEO,5,191514 > 112302 > 71595 > 55537 > 51535 > 61554
192639,reaches_CEO,5,192639 > 157064 > 125912 > 107658 > 110464 > 61554
46328,reaches_CEO,5,46328 > 158777 > 71532 > 109308 > 110464 > 61554
54798,reaches_CEO,5,54798 > 80240 > 50665 > 71889 > 93708 > 61554
90405,reaches_CEO,5,90405 > 65883 > 103443 > 97647 > 110464 > 61554
147783,reaches_CEO,4,147783 > 65522 > 34051 > 11277 > 61554
181248,reaches_CEO,5,181248 > 48912 > 171351 > 79693 > 51535 > 61554
156450,reaches_CEO,5,156450 > 92845 > 92567 > 162476 > 51535 > 61554
17741,reaches_CEO,5,17741 > 110508 > 183869 > 185673 > 51535 > 61554
74096,reaches_CEO,5,74096 > 24287 > 192056 > 71889 > 93708 > 61554
54837,reaches_CEO,5,54837 > 191073 > 181201 > 139032 > 11277 > 61554
131488,reaches_CEO,5,131488 > 66453 > 171351 > 79693 > 51535 > 61554
51827,reaches_CEO,5,51827 > 16510 > 77851 > 36075 > 11277 > 61554
64087,reaches_CEO,4,64087 > 45969 > 26053 > 93708 > 61554
194775,reaches_CEO,5,194775 > 100373 > 192056 > 71889 > 93708 > 61554
56110,reaches_CEO,5,56110 > 30640 > 92567 > 162476 > 51535 > 61554
54599,reaches_CEO,5,54599 > 160289 > 79285 > 34280 > 11277 > 61554
3530,reaches_CEO,5,3530 > 112302 > 71595 > 55537 > 51535 > 61554
29127,reaches_CEO,5,29127 > 189627 > 130489 > 36075 > 11277 > 61554
16144,reaches_CEO,5,16144 > 178954 > 189937 > 55537 > 51535 > 61554
97839,reaches_CEO,5,97839 > 23120 > 155485 > 40920 > 110464 > 61554
4781,reaches_CEO,5,4781 > 149696 > 135238 > 84011 > 11277 > 61554
178999,reaches_CEO,5,178999 > 176415 > 39726 > 69728 > 51535 > 61554
92548,reaches_CEO,5,92548 > 110089 > 41533 > 177860 > 93708 > 61554
155578,reaches_CEO,5,155578 > 128511 > 57693 > 69728 > 51535 > 61554
181674,reaches_CEO,5,181674 > 182777 > 124893 > 149778 > 110464 > 61554
92769,reaches_CEO,5,92769 > 154891 > 146629 > 190801 > 51535 > 61554
135793,reaches_CEO,5,135793 > 99139 > 3917 > 139032 > 11277 > 61554
153412,reaches_CEO,4,153412 > 139507 > 97647 > 110464 > 61554
18283,reaches_CEO,5,18283 > 142850 > 78493 > 197876 > 11277 > 61554
1005,reaches_CEO,5,1005 > 158056 > 33814 > 190801 > 51535 > 61554
7212,reaches_CEO,4,7212 > 69550 > 74062 > 110464 > 61554
29952,reaches_CEO,5,29952 > 70406 > 91869 > 40920 > 110464 > 61554
54137,reaches_CEO,5,54137 > 122197 > 145161 > 69728 > 51535 > 61554
163494,reaches_CEO,5,163494 > 139180 > 71532 > 109308 > 110464 > 61554
109417,reaches_CEO,5,109417 > 136147 > 100942 > 36075 > 11277 > 61554
147736,reaches_CEO,5,147736 > 33665 > 110260 > 125855 > 93708 > 61554
43704,reaches_CEO,4,43704 > 39785 > 177860 > 93708 > 61554
111426,reaches_CEO,5,111426 > 177166 > 192589 > 55537 > 51535 > 61554
98265,reaches_CEO,5,98265 > 85426 > 24015 > 125855 > 93708 > 61554
144342,reaches_CEO,5,144342 > 43937 > 95935 > 71889 > 93708 > 61554
147238,reaches_CEO,5,147238 > 118769 > 119832 > 190801 > 51535 > 61554
182397,reaches_CEO,5,182397 > 97878 > 94362 > 34051 > 11277 > 61554
46167,reaches_CEO,5,46167 > 145126 > 114472 > 197876 > 11277 > 61554
115929,reaches_CEO,5,115929 > 45803 > 83356 > 84011 > 11277 > 61554
171123,reaches_CEO,5,171123 > 182996 > 32510 > 197876 > 11277 > 61554
109075,reaches_CEO,5,109075 > 166928 > 189937 > 55537 > 51535 > 61554
119964,reaches_CEO,4,119964 > 167223 > 40920 > 110464 > 61554
118887,reaches_CEO,5,118887 > 77766 > 6027 > 74062 > 110464 > 61554
53677,reaches_CEO,4,53677 > 41533 > 177860 > 93708 > 61554
185639,reaches_CEO,5,185639 > 92765 > 42270 > 79693 > 51535 > 61554
78924,reaches_CEO,5,78924 > 182531 > 47127 > 84011 > 11277 > 61554
197975,reaches_CEO,5,197975 > 164501 > 138823 > 124994 > 93708 > 61554
133769,reaches_CEO,5,133769 > 92585 > 114137 > 107658 > 110464 > 61554
126429,reaches_CEO,5,126429 > 43937 > 95935 > 71889 > 93708 > 61554
11243,reaches_CEO,5,11243 > 67151 > 49002 > 109804 > 51535 > 61554
152791,reaches_CEO,4,152791 > 154897 > 34280 > 11277 > 61554
146830,reaches_CEO,5,146830 > 104539 > 138823 > 124994 > 93708 > 61554
33540,reaches_CEO,5,33540 > 55972 > 59566 > 125855 > 93708 > 61554
70328,reaches_CEO,5,70328 > 66420 > 21604 > 26053 > 93708 > 61554
188716,reaches_CEO,5,188716 > 126515 > 24681 > 124994 > 93708 > 61554
88370,reaches_CEO,4,88370 > 110260 > 125855 > 93708 > 61554
185421,reaches_CEO,5,185421 > 167389 > 181201 > 139032 > 11277 > 61554
135380,reaches_CEO,5,135380 > 159838 > 167223 > 40920 > 110464 > 61554
87050,reaches_CEO,5,87050 > 43937 > 95935 > 71889 > 93708 > 61554
30238,reaches_CEO,5,30238 > 149970 > 155485 > 40920 > 110464 > 61554
101808,reaches_CEO,5,101808 > 79807 > 92567 > 162476 > 51535 > 61554
12215,reaches_CEO,5,12215 > 76135 > 5692 > 149778 > 110464 > 61554
60413,reaches_CEO,5,60413 > 91002 > 24489 > 176424 > 110464 > 61554
167389,reaches_CEO,4,167389 > 181201 > 139032 > 11277 > 61554
37480,reaches_CEO,5,37480 > 114011 > 28697 > 79693 > 51535 > 61554
151293,reaches_CEO,5,151293 > 48877 > 37154 > 138045 > 110464 > 61554
126454,reaches_CEO,5,126454 > 90834 > 157492 > 34280 > 11277 > 61554
121934,reaches_CEO,5,121934 > 116119 > 125912 > 107658 > 110464 > 61554
58902,reaches_CEO,5,58902 > 41335 > 33814 > 190801 > 51535 > 61554
53182,reaches_CEO,5,53182 > 48352 > 161284 > 109804 > 51535 > 61554
84097,reaches_CEO,5,84097 > 55883 > 49002 > 109804 > 51535 > 61554
164530,reaches_CEO,5,164530 > 132283 > 49002 > 109804 > 51535 > 61554
117376,reaches_CEO,4,117376 > 192056 > 71889 > 93708 > 61554
159286,reaches_CEO,5,159286 > 140393 > 117030 > 109804 > 51535 > 61554
198910,reaches_CEO,5,198910 > 82698 > 49727 > 84011 > 11277 > 61554
59650,reaches_CEO,5,59650 > 8812 > 171266 > 71889 > 93708 > 61554
159581,reaches_CEO,5,159581 > 97422 > 7531 > 152500 > 93708 > 61554
158557,reaches_CEO,5,158557 > 129287 > 99397 > 71889 > 93708 > 61554
180505,reaches_CEO,5,180505 > 134728 > 114137 > 107658 > 110464 > 61554
44056,reaches_CEO,4,44056 > 16178 > 71889 > 93708 > 61554
188979,reaches_CEO,5,188979 > 94611 > 194121 > 176367 > 51535 > 61554
181219,reaches_CEO,4,181219 > 196484 > 176424 > 110464 > 61554
33819,reaches_CEO,5,33819 > 37434 > 171907 > 142146 > 11277 > 61554
48657,reaches_CEO,5,48657 > 194904 > 21604 > 26053 > 93708 > 61554
133849,reaches_CEO,5,133849 > 71130 > 8207 > 185673 > 51535 > 61554
117914,reaches_CEO,5,117914 > 176415 > 39726 > 69728 > 51535 > 61554
48235,reaches_CEO,5,48235 > 175558 > 72243 > 162476 > 51535 > 61554
1133,reaches_CEO,5,1133 > 68821 > 183869 > 185673 > 51535 > 61554
32940,reaches_CEO,5,32940 > 121419 > 3802 > 133795 > 51535 > 61554
104855,reaches_CEO,5,104855 > 154891 > 146629 > 190801 > 51535 > 61554
15732,reaches_CEO,5,15732 > 177772 > 134556 > 138045 > 110464 > 61554
162752,reaches_CEO,5,162752 > 57185 > 57693 > 69728 > 51535 > 61554
118518,reaches_CEO,5,118518 > 178147 > 24681 > 124994 > 93708 > 61554
33336,reaches_CEO,5,33336 > 45803 > 83356 > 84011 > 11277 > 61554
63682,reaches_CEO,5,63682 > 52796 > 135238 > 84011 > 11277 > 61554
46432,reaches_CEO,5,46432 > 191649 > 94454 > 84011 > 11277 > 61554
186896,reaches_CEO,5,186896 > 142850 > 78493 > 197876 > 11277 > 61554
97144,reaches_CEO,5,97144 > 115591 > 66119 > 34051 > 11277 > 61554
100276,reaches_CEO,5,100276 > 77844 > 3917 > 139032 > 11277 > 61554
56156,reaches_CEO,5,56156 > 7349 > 121233 > 176424 > 110464 > 61554
6939,reaches_CEO,5,6939 > 150194 > 132307 > 185673 > 51535 > 61554
169833,reaches_CEO,4,169833 > 59566 > 125855 > 93708 > 61554
95522,reaches_CEO,4,95522 > 91869 > 40920 > 110464 > 61554
9432,reaches_CEO,5,9432 > 34977 > 94362 > 34051 > 11277 > 61554
115133,reaches_CEO,5,115133 > 119658 > 61403 > 69728 > 51535 > 61554
177495,reaches_CEO,4,177495 > 39785 > 177860 > 93708 > 61554
7469,reaches_CEO,5,7469 > 144928 > 134865 > 197876 > 11277 > 61554
132762,reaches_CEO,5,132762 > 38308 > 37154 > 138045 > 110464 > 61554
146244,reaches_CEO,5,146244 > 185976 > 119832 > 190801 > 51535 > 61554
167100,reaches_CEO,5,167100 > 37434 > 171907 > 142146 > 11277 > 61554
61340,reaches_CEO,5,61340 > 180930 > 91117 > 34051 > 11277 > 61554
9226,reaches_CEO,5,9226 > 142276 > 185138 > 152500 > 93708 > 61554
181882,reaches_CEO,5,181882 > 104539 > 138823 > 124994 > 93708 > 61554
47366,reaches_CEO,5,47366 > 62161 > 125912 > 107658 > 110464 > 61554
165151,reaches_CEO,5,165151 > 192369 > 131950 > 96752 > 11277 > 61554
166787,reaches_CEO,5,166787 > 183283 > 20378 > 124994 > 93708 > 61554
119560,reaches_CEO,5,119560 > 48912 > 171351 > 79693 > 51535 > 61554
62219,reaches_CEO,5,62219 > 85426 > 24015 > 125855 > 93708 > 61554
30712,reaches_CEO,5,30712 > 60489 > 24489 > 176424 > 110464 > 61554
71205,reaches_CEO,5,71205 > 168564 > 8665 > 34051 > 11277 > 61554
21165,reaches_CEO,5,21165 > 73846 > 171907 > 142146 > 11277 > 61554
73939,reaches_CEO,5,73939 > 182556 > 107049 > 34280 > 11277 > 61554
127397,reaches_CEO,5,127397 > 76135 > 5692 > 149778 > 110464 > 61554
35528,reaches_CEO,5,35528 > 189148 > 20378 > 124994 > 93708 > 61554
92715,reaches_CEO,5,92715 > 114572 > 5692 > 149778 > 110464 > 61554
185589,reaches_CEO,5,185589 > 75045 > 124893 > 149778 > 110464 > 61554
108494,reaches_CEO,5,108494 > 198879 > 83356 > 84011 > 11277 > 61554
168159,reaches_CEO,5,168159 > 162035 > 134865 > 197876 > 11277 > 61554
179436,reaches_CEO,5,179436 > 197206 > 91869 > 40920 > 110464 > 61554
57569,reaches_CEO,5,57569 > 107493 > 132307 > 185673 > 51535 > 61554
139177,reaches_CEO,5,139177 > 74066 > 61403 > 69728 > 51535 > 61554
145087,reaches_CEO,5,145087 > 23100 > 132307 > 185673 > 51535 > 61554
182379,reaches_CEO,5,182379 > 34163 > 65451 > 139032 > 11277 > 61554
138933,reaches_CEO,5,138933 > 1808 > 140317 > 107152 > 51535 > 61554
122493,reaches_CEO,5,122493 > 150194 > 132307 > 185673 > 51535 > 61554
148807,reaches_CEO,5,148807 > 43704 > 39785 > 177860 > 93708 > 61554
170092,reaches_CEO,5,170092 > 164501 > 138823 > 124994 > 93708 > 61554
168472,reaches_CEO,5,168472 > 181421 > 107049 > 34280 > 11277 > 61554
70042,reaches_CEO,5,70042 > 168342 > 92567 > 162476 > 51535 > 61554
114435,reaches_CEO,5,114435 > 103884 > 39785 > 177860 > 93708 > 61554
186082,reaches_CEO,5,186082 > 175365 > 166741 > 97647 > 110464 > 61554
62503,reaches_CEO,5,62503 > 193920 > 141808 > 34051 > 11277 > 61554
32724,reaches_CEO,5,32724 > 76310 > 183869 > 185673 > 51535 > 61554
182996,reaches_CEO,4,182996 > 32510 > 197876 > 11277 > 61554
169962,reaches_CEO,5,169962 > 171940 > 70434 > 149778 > 110464 > 61554
178499,reaches_CEO,5,178499 > 75198 > 146600 > 107658 > 110464 > 61554
175240,reaches_CEO,5,175240 > 171461 > 138823 > 124994 > 93708 > 61554
109328,reaches_CEO,5,109328 > 4259 > 193330 > 162476 > 51535 > 61554
59398,reaches_CEO,5,59398 > 24071 > 119832 > 190801 > 51535 > 61554
159580,reaches_CEO,5,159580 > 62161 > 125912 > 107658 > 110464 > 61554
89962,reaches_CEO,5,89962 > 160169 > 172989 > 34051 > 11277 > 61554
97376,reaches_CEO,5,97376 > 190566 > 168545 > 176424 > 110464 > 61554
78260,reaches_CEO,5,78260 > 141211 > 116660 > 26053 > 93708 > 61554
196058,reaches_CEO,4,196058 > 5692 > 149778 > 110464 > 61554
69793,reaches_CEO,5,69793 > 4384 > 138823 > 124994 > 93708 > 61554
57280,reaches_CEO,5,57280 > 119991 > 184512 > 109804 > 51535 > 61554
133528,reaches_CEO,5,133528 > 88303 > 3235 > 84011 > 11277 > 61554
78099,reaches_CEO,5,78099 > 139278 > 171266 > 71889 > 93708 > 61554
184247,reaches_CEO,5,184247 > 185976 > 119832 > 190801 > 51535 > 61554
117401,reaches_CEO,5,117401 > 95169 > 176804 > 139032 > 11277 > 61554
194121,reaches_CEO,3,194121 > 176367 > 51535 > 61554
29801,reaches_CEO,5,29801 > 181219 > 196484 > 176424 > 110464 > 61554
163884,reaches_CEO,5,163884 > 12679 > 3917 > 139032 > 11277 > 61554
153560,reaches_CEO,5,153560 > 12649 > 17837 > 176367 > 51535 > 61554
153383,reaches_CEO,5,153383 > 177805 > 87344 > 138045 > 110464 > 61554
197467,reaches_CEO,5,197467 > 26505 > 121233 > 176424 > 110464 > 61554
128966,reaches_CEO,4,128966 > 107049 > 34280 > 11277 > 61554
92916,reaches_CEO,5,92916 > 113124 > 65451 > 139032 > 11277 > 61554
3742,reaches_CEO,5,3742 > 69379 > 183175 > 197876 > 11277 > 61554
149858,reaches_CEO,5,149858 > 48120 > 140317 > 107152 > 51535 > 61554
199014,reaches_CEO,5,199014 > 80128 > 171907 > 142146 > 11277 > 61554
180841,reaches_CEO,5,180841 > 123387 > 66090 > 34280 > 11277 > 61554
187172,reaches_CEO,5,187172 > 177495 > 39785 > 177860 > 93708 > 61554
86152,reaches_CEO,5,86152 > 65883 > 103443 > 97647 > 110464 > 61554
130078,reaches_CEO,5,130078 > 151838 > 3917 > 139032 > 11277 > 61554
134398,reaches_CEO,5,134398 > 160289 > 79285 > 34280 > 11277 > 61554
124988,reaches_CEO,5,124988 > 139278 > 171266 > 71889 > 93708 > 61554
110263,reaches_CEO,5,110263 > 184998 > 183175 > 197876 > 11277 > 61554
161508,reaches_CEO,5,161508 > 23565 > 78493 > 197876 > 11277 > 61554
134607,reaches_CEO,5,134607 > 176415 > 39726 > 69728 > 51535 > 61554
175434,reaches_CEO,4,175434 > 157492 > 34280 > 11277 > 61554
168368,reaches_CEO,5,168368 > 62043 > 189937 > 55537 > 51535 > 61554
80322,reaches_CEO,5,80322 > 61811 > 78493 > 197876 > 11277 > 61554
115694,reaches_CEO,4,115694 > 152076 > 69728 > 51535 > 61554
98147,reaches_CEO,5,98147 > 199282 > 82419 > 74062 > 110464 > 61554
23316,reaches_CEO,5,23316 > 147642 > 100942 > 36075 > 11277 > 61554
174018,reaches_CEO,5,174018 > 170076 > 3802 > 133795 > 51535 > 61554
189222,reaches_CEO,4,189222 > 3802 > 133795 > 51535 > 61554
137290,reaches_CEO,5,137290 > 94611 > 194121 > 176367 > 51535 > 61554
144738,reaches_CEO,5,144738 > 121527 > 139507 > 97647 > 110464 > 61554
197361,reaches_CEO,5,197361 > 169271 > 146600 > 107658 > 110464 > 61554
163843,reaches_CEO,5,163843 > 152791 > 154897 > 34280 > 11277 > 61554
143691,reaches_CEO,5,143691 > 24071 > 119832 > 190801 > 51535 > 61554
29673,reaches_CEO,5,29673 > 154170 > 27660 > 69728 > 51535 > 61554
112023,reaches_CEO,5,112023 > 12649 > 17837 > 176367 > 51535 > 61554
87298,reaches_CEO,5,87298 > 159838 > 167223 > 40920 > 110464 > 61554
38800,reaches_CEO,5,38800 > 10922 > 198366 > 142146 > 11277 > 61554
49720,reaches_CEO,5,49720 > 39460 > 192056 > 71889 > 93708 > 61554
18343,reaches_CEO,5,18343 > 98967 > 115539 > 71499 > 110464 > 61554
56058,reaches_CEO,5,56058 > 160618 > 83356 > 84011 > 11277 > 61554
128960,reaches_CEO,5,128960 > 178954 > 189937 > 55537 > 51535 > 61554
160993,reaches_CEO,5,160993 > 81421 > 45969 > 26053 > 93708 > 61554
191396,reaches_CEO,5,191396 > 71757 > 91869 > 40920 > 110464 > 61554
38821,reaches_CEO,5,38821 > 161132 > 114137 > 107658 > 110464 > 61554
15443,reaches_CEO,5,15443 > 70406 > 91869 > 40920 > 110464 > 61554
162089,reaches_CEO,5,162089 > 103912 > 89002 > 34280 > 11277 > 61554
17160,reaches_CEO,5,17160 > 175365 > 166741 > 97647 > 110464 > 61554
192065,reaches_CEO,5,192065 > 142685 > 157492 > 34280 > 11277 > 61554
71438,reaches_CEO,5,71438 > 130834 > 98225 > 162476 > 51535 > 61554
153894,reaches_CEO,5,153894 > 185285 > 198893 > 124994 > 93708 > 61554
102323,reaches_CEO,5,102323 > 94030 > 78493 > 197876 > 11277 > 61554
116714,reaches_CEO,5,116714 > 148418 > 167482 > 133795 > 51535 > 61554
32006,reaches_CEO,5,32006 > 175593 > 167941 > 34051 > 11277 > 61554
20827,reaches_CEO,5,20827 > 102632 > 167223 > 40920 > 110464 > 61554
109125,reaches_CEO,5,109125 > 181781 > 110260 > 125855 > 93708 > 61554
17790,reaches_CEO,5,17790 > 147715 > 24691 > 56068 > 11277 > 61554
64435,reaches_CEO,5,64435 > 198875 > 87379 > 176367 > 51535 > 61554
44800,reaches_CEO,5,44800 > 127544 > 65451 > 139032 > 11277 > 61554
136347,reaches_CEO,5,136347 > 47472 > 7558 > 69728 > 51535 > 61554
18802,reaches_CEO,5,18802 > 166591 > 17395 > 96752 > 11277 > 61554
9177,reaches_CEO,5,9177 > 180924 > 158490 > 74062 > 110464 > 61554
63563,reaches_CEO,5,63563 > 105542 > 162889 > 109308 > 110464 > 61554
191438,reaches_CEO,5,191438 > 27781 > 121233 > 176424 > 110464 > 61554
104934,reaches_CEO,5,104934 > 191454 > 191391 > 138045 > 110464 > 61554
12377,reaches_CEO,5,12377 > 53390 > 8665 > 34051 > 11277 > 61554
180037,reaches_CEO,4,180037 > 167941 > 34051 > 11277 > 61554
145759,reaches_CEO,5,145759 > 21086 > 24015 > 125855 > 93708 > 61554
13641,reaches_CEO,5,13641 > 118329 > 181201 > 139032 > 11277 > 61554
130025,reaches_CEO,5,130025 > 155437 > 119481 > 79693 > 51535 > 61554
18489,reaches_CEO,5,18489 > 82657 > 171907 > 142146 > 11277 > 61554
82137,reaches_CEO,5,82137 > 127769 > 47553 > 69728 > 51535 > 61554
155437,reaches_CEO,4,155437 > 119481 > 79693 > 51535 > 61554
172587,reaches_CEO,5,172587 > 141079 > 119481 > 79693 > 51535 > 61554
45758,reaches_CEO,5,45758 > 66160 > 79285 > 34280 > 11277 > 61554
81293,reaches_CEO,5,81293 > 157931 > 61403 > 69728 > 51535 > 61554
143920,reaches_CEO,5,143920 > 18627 > 115907 > 97647 > 110464 > 61554
133595,reaches_CEO,5,133595 > 90639 > 103443 > 97647 > 110464 > 61554
177772,reaches_CEO,4,177772 > 134556 > 138045 > 110464 > 61554
80533,reaches_CEO,5,80533 > 153291 > 141808 > 34051 > 11277 > 61554
3563,reaches_CEO,5,3563 > 185982 > 171907 > 142146 > 11277 > 61554
165884,reaches_CEO,5,165884 > 125775 > 91869 > 40920 > 110464 > 61554
82693,reaches_CEO,5,82693 > 127266 > 70434 > 149778 > 110464 > 61554
21378,reaches_CEO,5,21378 > 1808 > 140317 > 107152 > 51535 > 61554
196280,reaches_CEO,5,196280 > 5743 > 49727 > 84011 > 11277 > 61554
154170,reaches_CEO,4,154170 > 27660 > 69728 > 51535 > 61554
94963,reaches_CEO,5,94963 > 80728 > 39726 > 69728 > 51535 > 61554
150189,reaches_CEO,4,150189 > 138823 > 124994 > 93708 > 61554
55428,reaches_CEO,5,55428 > 127544 > 65451 > 139032 > 11277 > 61554
44645,reaches_CEO,5,44645 > 32159 > 176804 > 139032 > 11277 > 61554
42144,reaches_CEO,5,42144 > 41808 > 89619 > 26053 > 93708 > 61554
47923,reaches_CEO,5,47923 > 149135 > 119481 > 79693 > 51535 > 61554
127974,reaches_CEO,5,127974 > 11507 > 20378 > 124994 > 93708 > 61554
51266,reaches_CEO,5,51266 > 47472 > 7558 > 69728 > 51535 > 61554
187704,reaches_CEO,5,187704 > 140838 > 95935 > 71889 > 93708 > 61554
46651,reaches_CEO,5,46651 > 54808 > 163049 > 56068 > 11277 > 61554
17066,reaches_CEO,5,17066 > 193452 > 47755 > 154041 > 11277 > 61554
4110,reaches_CEO,4,4110 > 94454 > 84011 > 11277 > 61554
17964,reaches_CEO,5,17964 > 150290 > 185138 > 152500 > 93708 > 61554
38245,reaches_CEO,5,38245 > 147103 > 152076 > 69728 > 51535 > 61554
51253,reaches_CEO,5,51253 > 102632 > 167223 > 40920 > 110464 > 61554
106449,reaches_CEO,5,106449 > 14465 > 116660 > 26053 > 93708 > 61554
43738,reaches_CEO,5,43738 > 167650 > 119481 > 79693 > 51535 > 61554
25031,reaches_CEO,5,25031 > 145710 > 167482 > 133795 > 51535 > 61554
106398,reaches_CEO,5,106398 > 119576 > 27660 > 69728 > 51535 > 61554
152533,reaches_CEO,5,152533 > 65856 > 120639 > 142146 > 11277 > 61554
153693,reaches_CEO,5,153693 > 73663 > 87344 > 138045 > 110464 > 61554
88051,reaches_CEO,5,88051 > 170076 > 3802 > 133795 > 51535 > 61554
59477,reaches_CEO,5,59477 > 16445 > 136905 > 71889 > 93708 > 61554
61722,reaches_CEO,5,61722 > 32938 > 42270 > 79693 > 51535 > 61554
189254,reaches_CEO,5,189254 > 147249 > 27660 > 69728 > 51535 > 61554
65743,reaches_CEO,5,65743 > 92403 > 59535 > 154041 > 11277 > 61554
150993,reaches_CEO,5,150993 > 142685 > 157492 > 34280 > 11277 > 61554
179463,reaches_CEO,5,179463 > 70406 > 91869 > 40920 > 110464 > 61554
182116,reaches_CEO,4,182116 > 3235 > 84011 > 11277 > 61554
182871,reaches_CEO,5,182871 > 26183 > 145667 > 142146 > 11277 > 61554
128748,reaches_CEO,5,128748 > 62081 > 3917 > 139032 > 11277 > 61554
153422,reaches_CEO,5,153422 > 47863 > 40132 > 190801 > 51535 > 61554
65717,reaches_CEO,5,65717 > 136861 > 157492 > 34280 > 11277 > 61554
165675,reaches_CEO,5,165675 > 15768 > 77857 > 152500 > 93708 > 61554
34426,reaches_CEO,5,34426 > 166591 > 17395 > 96752 > 11277 > 61554
92277,reaches_CEO,5,92277 > 129287 > 99397 > 71889 > 93708 > 61554
22228,reaches_CEO,5,22228 > 40904 > 92567 > 162476 > 51535 > 61554
56508,reaches_CEO,5,56508 > 32159 > 176804 > 139032 > 11277 > 61554
9036,reaches_CEO,5,9036 > 198531 > 49727 > 84011 > 11277 > 61554
151215,reaches_CEO,5,151215 > 103421 > 5342 > 133795 > 51535 > 61554
36765,reaches_CEO,5,36765 > 10786 > 165426 > 124994 > 93708 > 61554
83007,reaches_CEO,5,83007 > 159638 > 116660 > 26053 > 93708 > 61554
27293,reaches_CEO,5,27293 > 56451 > 193088 > 96752 > 11277 > 61554
173517,reaches_CEO,5,173517 > 164547 > 32510 > 197876 > 11277 > 61554
129007,reaches_CEO,5,129007 > 196058 > 5692 > 149778 > 110464 > 61554
153987,reaches_CEO,5,153987 > 153551 > 47755 > 154041 > 11277 > 61554
73733,reaches_CEO,5,73733 > 61443 > 116660 > 26053 > 93708 > 61554
47863,reaches_CEO,4,47863 > 40132 > 190801 > 51535 > 61554
26410,reaches_CEO,5,26410 > 61988 > 49002 > 109804 > 51535 > 61554
176578,reaches_CEO,5,176578 > 131063 > 5692 > 149778 > 110464 > 61554
21503,reaches_CEO,5,21503 > 89837 > 37154 > 138045 > 110464 > 61554
110892,reaches_CEO,5,110892 > 22977 > 41533 > 177860 > 93708 > 61554
61517,reaches_CEO,4,61517 > 110260 > 125855 > 93708 > 61554
77844,reaches_CEO,4,77844 > 3917 > 139032 > 11277 > 61554
75860,reaches_CEO,4,75860 > 91654 > 109804 > 51535 > 61554
189305,reaches_CEO,5,189305 > 189890 > 171351 > 79693 > 51535 > 61554
94209,reaches_CEO,5,94209 > 146220 > 196484 > 176424 > 110464 > 61554
97702,reaches_CEO,5,97702 > 98520 > 70434 > 149778 > 110464 > 61554
133267,reaches_CEO,5,133267 > 154891 > 146629 > 190801 > 51535 > 61554
194072,reaches_CEO,5,194072 > 75242 > 60121 > 109804 > 51535 > 61554
84055,reaches_CEO,5,84055 > 127266 > 70434 > 149778 > 110464 > 61554
52476,reaches_CEO,5,52476 > 60373 > 155485 > 40920 > 110464 > 61554
56866,reaches_CEO,5,56866 > 112643 > 119833 > 84011 > 11277 > 61554
27656,reaches_CEO,5,27656 > 81490 > 65174 > 154041 > 11277 > 61554
20135,reaches_CEO,5,20135 > 159098 > 5342 > 133795 > 51535 > 61554
110089,reaches_CEO,4,110089 > 41533 > 177860 > 93708 > 61554
129120,reaches_CEO,5,129120 > 155437 > 119481 > 79693 > 51535 > 61554
119991,reaches_CEO,4,119991 > 184512 > 109804 > 51535 > 61554
8288,reaches_CEO,5,8288 > 26468 > 189937 > 55537 > 51535 > 61554
6350,reaches_CEO,5,6350 > 172889 > 49727 > 84011 > 11277 > 61554
67026,reaches_CEO,5,67026 > 20828 > 156036 > 74062 > 110464 > 61554
16358,reaches_CEO,5,16358 > 98967 > 115539 > 71499 > 110464 > 61554
82835,reaches_CEO,5,82835 > 96420 > 59535 > 154041 > 11277 > 61554
119374,reaches_CEO,5,119374 > 150290 > 185138 > 152500 > 93708 > 61554
142126,reaches_CEO,5,142126 > 180925 > 141808 > 34051 > 11277 > 61554
76433,reaches_CEO,5,76433 > 1651 > 146629 > 190801 > 51535 > 61554
155337,reaches_CEO,5,155337 > 114572 > 5692 > 149778 > 110464 > 61554
37154,reaches_CEO,3,37154 > 138045 > 110464 > 61554
113281,reaches_CEO,5,113281 > 167921 > 147555 > 107152 > 51535 > 61554
103981,reaches_CEO,4,103981 > 69550 > 74062 > 110464 > 61554
183824,reaches_CEO,4,183824 > 113589 > 190801 > 51535 > 61554
124945,reaches_CEO,5,124945 > 54808 > 163049 > 56068 > 11277 > 61554
156075,reaches_CEO,5,156075 > 176415 > 39726 > 69728 > 51535 > 61554
133978,reaches_CEO,5,133978 > 174009 > 39785 > 177860 > 93708 > 61554
49780,reaches_CEO,5,49780 > 8711 > 24489 > 176424 > 110464 > 61554
158125,reaches_CEO,5,158125 > 142367 > 181201 > 139032 > 11277 > 61554
14487,reaches_CEO,5,14487 > 33665 > 110260 > 125855 > 93708 > 61554
43371,reaches_CEO,5,43371 > 113245 > 198366 > 142146 > 11277 > 61554
36209,reaches_CEO,5,36209 > 7966 > 49727 > 84011 > 11277 > 61554
167566,reaches_CEO,5,167566 > 84193 > 115539 > 71499 > 110464 > 61554
149352,reaches_CEO,5,149352 > 43704 > 39785 > 177860 > 93708 > 61554
20010,reaches_CEO,5,20010 > 42096 > 89002 > 34280 > 11277 > 61554
6222,reaches_CEO,5,6222 > 4421 > 32510 > 197876 > 11277 > 61554
52856,reaches_CEO,5,52856 > 191083 > 37154 > 138045 > 110464 > 61554
125924,reaches_CEO,5,125924 > 155437 > 119481 > 79693 > 51535 > 61554
46640,reaches_CEO,5,46640 > 157064 > 125912 > 107658 > 110464 > 61554
8142,reaches_CEO,5,8142 > 27393 > 198366 > 142146 > 11277 > 61554
76366,reaches_CEO,5,76366 > 34134 > 172989 > 34051 > 11277 > 61554
22394,reaches_CEO,5,22394 > 125775 > 91869 > 40920 > 110464 > 61554
72965,reaches_CEO,4,72965 > 92713 > 96752 > 11277 > 61554
181559,reaches_CEO,5,181559 > 169574 > 114137 > 107658 > 110464 > 61554
186506,reaches_CEO,5,186506 > 55858 > 119832 > 190801 > 51535 > 61554
198875,reaches_CEO,4,198875 > 87379 > 176367 > 51535 > 61554
108496,reaches_CEO,5,108496 > 162035 > 134865 > 197876 > 11277 > 61554
37903,reaches_CEO,5,37903 > 145710 > 167482 > 133795 > 51535 > 61554
143700,reaches_CEO,5,143700 > 169574 > 114137 > 107658 > 110464 > 61554
107437,reaches_CEO,5,107437 > 150194 > 132307 > 185673 > 51535 > 61554
19286,reaches_CEO,5,19286 > 88303 > 3235 > 84011 > 11277 > 61554
91763,reaches_CEO,5,91763 > 65883 > 103443 > 97647 > 110464 > 61554
92143,reaches_CEO,5,92143 > 10773 > 113589 > 190801 > 51535 > 61554
99038,reaches_CEO,5,99038 > 66453 > 171351 > 79693 > 51535 > 61554
27916,reaches_CEO,5,27916 > 165853 > 18295 > 176367 > 51535 > 61554
8876,reaches_CEO,5,8876 > 142276 > 185138 > 152500 > 93708 > 61554
134599,reaches_CEO,5,134599 > 127769 > 47553 > 69728 > 51535 > 61554
125254,reaches_CEO,5,125254 > 122567 > 42270 > 79693 > 51535 > 61554
58666,reaches_CEO,5,58666 > 148795 > 49002 > 109804 > 51535 > 61554
165378,reaches_CEO,5,165378 > 73106 > 60121 > 109804 > 51535 > 61554
35624,reaches_CEO,5,35624 > 88936 > 3235 > 84011 > 11277 > 61554
12168,reaches_CEO,5,12168 > 181886 > 181201 > 139032 > 11277 > 61554
198996,reaches_CEO,5,198996 > 30468 > 39726 > 69728 > 51535 > 61554
107509,reaches_CEO,5,107509 > 168791 > 5342 > 133795 > 51535 > 61554
99521,reaches_CEO,5,99521 > 192369 > 131950 > 96752 > 11277 > 61554
83551,reaches_CEO,5,83551 > 110878 > 119481 > 79693 > 51535 > 61554
185171,reaches_CEO,5,185171 > 99121 > 146600 > 107658 > 110464 > 61554
193115,reaches_CEO,5,193115 > 8663 > 193088 > 96752 > 11277 > 61554
132705,reaches_CEO,5,132705 > 39231 > 24681 > 124994 > 93708 > 61554
187657,reaches_CEO,5,187657 > 57701 > 77857 > 152500 > 93708 > 61554
77756,reaches_CEO,5,77756 > 27781 > 121233 > 176424 > 110464 > 61554
29334,reaches_CEO,5,29334 > 92210 > 78493 > 197876 > 11277 > 61554
151958,reaches_CEO,5,151958 > 64858 > 24015 > 125855 > 93708 > 61554
38219,reaches_CEO,5,38219 > 51121 > 59566 > 125855 > 93708 > 61554
87884,reaches_CEO,4,87884 > 145161 > 69728 > 51535 > 61554
146771,reaches_CEO,5,146771 > 144927 > 94454 > 84011 > 11277 > 61554
115123,reaches_CEO,5,115123 > 154703 > 18295 > 176367 > 51535 > 61554
65682,reaches_CEO,5,65682 > 167650 > 119481 > 79693 > 51535 > 61554
30570,reaches_CEO,5,30570 > 126330 > 119481 > 79693 > 51535 > 61554
61288,reaches_CEO,5,61288 > 143050 > 155485 > 40920 > 110464 > 61554
85698,reaches_CEO,5,85698 > 43704 > 39785 > 177860 > 93708 > 61554
26728,reaches_CEO,5,26728 > 60319 > 65174 > 154041 > 11277 > 61554
18581,reaches_CEO,5,18581 > 87884 > 145161 > 69728 > 51535 > 61554
34868,reaches_CEO,5,34868 > 77670 > 66119 > 34051 > 11277 > 61554
183101,reaches_CEO,5,183101 > 150300 > 89053 > 97647 > 110464 > 61554
13341,reaches_CEO,5,13341 > 28979 > 198366 > 142146 > 11277 > 61554
168393,reaches_CEO,5,168393 > 30640 > 92567 > 162476 > 51535 > 61554
126636,reaches_CEO,5,126636 > 51121 > 59566 > 125855 > 93708 > 61554
59705,reaches_CEO,4,59705 > 181201 > 139032 > 11277 > 61554
163319,reaches_CEO,5,163319 > 144401 > 94362 > 34051 > 11277 > 61554
140747,reaches_CEO,5,140747 > 147715 > 24691 > 56068 > 11277 > 61554
167941,reaches_CEO,3,167941 > 34051 > 11277 > 61554
144927,reaches_CEO,4,144927 > 94454 > 84011 > 11277 > 61554
53250,reaches_CEO,5,53250 > 150290 > 185138 > 152500 > 93708 > 61554
92990,reaches_CEO,5,92990 > 87929 > 2308 > 84011 > 11277 > 61554
168222,reaches_CEO,5,168222 > 71945 > 183869 > 185673 > 51535 > 61554
167223,reaches_CEO,3,167223 > 40920 > 110464 > 61554
49274,reaches_CEO,5,49274 > 14241 > 37154 > 138045 > 110464 > 61554
169518,reaches_CEO,5,169518 > 98558 > 145161 > 69728 > 51535 > 61554
125894,reaches_CEO,5,125894 > 97422 > 7531 > 152500 > 93708 > 61554
18483,reaches_CEO,5,18483 > 164439 > 191391 > 138045 > 110464 > 61554
126976,reaches_CEO,5,126976 > 197896 > 110260 > 125855 > 93708 > 61554
179352,reaches_CEO,5,179352 > 165717 > 157492 > 34280 > 11277 > 61554
196199,reaches_CEO,5,196199 > 115694 > 152076 > 69728 > 51535 > 61554
67383,reaches_CEO,5,67383 > 27704 > 171907 > 142146 > 11277 > 61554
72157,reaches_CEO,5,72157 > 142685 > 157492 > 34280 > 11277 > 61554
98212,reaches_CEO,5,98212 > 69903 > 17837 > 176367 > 51535 > 61554
180225,reaches_CEO,5,180225 > 127623 > 72243 > 162476 > 51535 > 61554
108505,reaches_CEO,5,108505 > 57701 > 77857 > 152500 > 93708 > 61554
145949,reaches_CEO,5,145949 > 175593 > 167941 > 34051 > 11277 > 61554
113746,reaches_CEO,5,113746 > 90834 > 157492 > 34280 > 11277 > 61554
67198,reaches_CEO,5,67198 > 54808 > 163049 > 56068 > 11277 > 61554
139370,reaches_CEO,5,139370 > 32572 > 125912 > 107658 > 110464 > 61554
175834,reaches_CEO,5,175834 > 53109 > 130489 > 36075 > 11277 > 61554
135161,reaches_CEO,5,135161 > 1610 > 145161 > 69728 > 51535 > 61554
151324,reaches_CEO,5,151324 > 27704 > 171907 > 142146 > 11277 > 61554
29508,reaches_CEO,4,29508 > 77857 > 152500 > 93708 > 61554
98328,reaches_CEO,5,98328 > 143050 > 155485 > 40920 > 110464 > 61554
113640,reaches_CEO,5,113640 > 56451 > 193088 > 96752 > 11277 > 61554
72343,reaches_CEO,5,72343 > 182028 > 184512 > 109804 > 51535 > 61554
69175,reaches_CEO,5,69175 > 46178 > 42270 > 79693 > 51535 > 61554
95933,reaches_CEO,5,95933 > 41808 > 89619 > 26053 > 93708 > 61554
153669,reaches_CEO,5,153669 > 47748 > 89619 > 26053 > 93708 > 61554
154502,reaches_CEO,5,154502 > 141079 > 119481 > 79693 > 51535 > 61554
74316,reaches_CEO,5,74316 > 57316 > 157492 > 34280 > 11277 > 61554
65316,reaches_CEO,5,65316 > 168415 > 39785 > 177860 > 93708 > 61554
86077,reaches_CEO,5,86077 > 175434 > 157492 > 34280 > 11277 > 61554
144928,reaches_CEO,4,144928 > 134865 > 197876 > 11277 > 61554
86656,reaches_CEO,5,86656 > 53109 > 130489 > 36075 > 11277 > 61554
140936,reaches_CEO,5,140936 > 33266 > 158490 > 74062 > 110464 > 61554
52253,reaches_CEO,5,52253 > 102632 > 167223 > 40920 > 110464 > 61554
16423,reaches_CEO,5,16423 > 190566 > 168545 > 176424 > 110464 > 61554
112743,reaches_CEO,5,112743 > 122567 > 42270 > 79693 > 51535 > 61554
131788,reaches_CEO,5,131788 > 190778 > 155485 > 40920 > 110464 > 61554
65126,reaches_CEO,4,65126 > 125912 > 107658 > 110464 > 61554
18239,reaches_CEO,5,18239 > 177166 > 192589 > 55537 > 51535 > 61554
96612,reaches_CEO,5,96612 > 49729 > 191418 > 36075 > 11277 > 61554
60858,reaches_CEO,5,60858 > 134944 > 181201 > 139032 > 11277 > 61554
31063,reaches_CEO,4,31063 > 99397 > 71889 > 93708 > 61554
47730,reaches_CEO,5,47730 > 5222 > 135238 > 84011 > 11277 > 61554
156662,reaches_CEO,5,156662 > 167650 > 119481 > 79693 > 51535 > 61554
166912,reaches_CEO,5,166912 > 24979 > 146600 > 107658 > 110464 > 61554
185261,reaches_CEO,5,185261 > 80240 > 50665 > 71889 > 93708 > 61554
8627,reaches_CEO,5,8627 > 111082 > 8665 > 34051 > 11277 > 61554
156169,reaches_CEO,5,156169 > 4110 > 94454 > 84011 > 11277 > 61554
24632,reaches_CEO,5,24632 > 52796 > 135238 > 84011 > 11277 > 61554
87847,reaches_CEO,4,87847 > 91117 > 34051 > 11277 > 61554
73011,reaches_CEO,5,73011 > 47748 > 89619 > 26053 > 93708 > 61554
188711,reaches_CEO,5,188711 > 16445 > 136905 > 71889 > 93708 > 61554
147103,reaches_CEO,4,147103 > 152076 > 69728 > 51535 > 61554
127677,reaches_CEO,5,127677 > 148418 > 167482 > 133795 > 51535 > 61554
82819,reaches_CEO,5,82819 > 96420 > 59535 > 154041 > 11277 > 61554
164074,reaches_CEO,5,164074 > 116180 > 113589 > 190801 > 51535 > 61554
174891,reaches_CEO,5,174891 > 181787 > 23830 > 74062 > 110464 > 61554
41510,reaches_CEO,5,41510 > 147715 > 24691 > 56068 > 11277 > 61554
126234,reaches_CEO,5,126234 > 30488 > 115539 > 71499 > 110464 > 61554
184363,reaches_CEO,5,184363 > 110089 > 41533 > 177860 > 93708 > 61554
140214,reaches_CEO,5,140214 > 47618 > 71532 > 109308 > 110464 > 61554
159670,reaches_CEO,5,159670 > 52920 > 65522 > 34051 > 11277 > 61554
49849,reaches_CEO,5,49849 > 129778 > 59566 > 125855 > 93708 > 61554
95334,reaches_CEO,5,95334 > 75705 > 171266 > 71889 > 93708 > 61554
77851,reaches_CEO,3,77851 > 36075 > 11277 > 61554
180535,reaches_CEO,5,180535 > 147783 > 65522 > 34051 > 11277 > 61554
147679,reaches_CEO,5,147679 > 73982 > 65522 > 34051 > 11277 > 61554
72270,reaches_CEO,5,72270 > 168951 > 120639 > 142146 > 11277 > 61554
11476,reaches_CEO,5,11476 > 51121 > 59566 > 125855 > 93708 > 61554
180863,reaches_CEO,5,180863 > 75246 > 140317 > 107152 > 51535 > 61554
180216,reaches_CEO,5,180216 > 182116 > 3235 > 84011 > 11277 > 61554
22374,reaches_CEO,5,22374 > 126257 > 98225 > 162476 > 51535 > 61554
21327,reaches_CEO,5,21327 > 119576 > 27660 > 69728 > 51535 > 61554
61773,reaches_CEO,5,61773 > 197896 > 110260 > 125855 > 93708 > 61554
134812,reaches_CEO,5,134812 > 5889 > 21604 > 26053 > 93708 > 61554
180734,reaches_CEO,5,180734 > 160169 > 172989 > 34051 > 11277 > 61554
144003,reaches_CEO,5,144003 > 197896 > 110260 > 125855 > 93708 > 61554
19577,reaches_CEO,5,19577 > 18312 > 147555 > 107152 > 51535 > 61554
164154,reaches_CEO,5,164154 > 14226 > 21604 > 26053 > 93708 > 61554
52982,reaches_CEO,5,52982 > 9239 > 47127 > 84011 > 11277 > 61554
196478,reaches_CEO,5,196478 > 52313 > 135238 > 84011 > 11277 > 61554
98045,reaches_CEO,5,98045 > 126368 > 183175 > 197876 > 11277 > 61554
4553,reaches_CEO,5,4553 > 174092 > 3235 > 84011 > 11277 > 61554
136431,reaches_CEO,5,136431 > 64087 > 45969 > 26053 > 93708 > 61554
102,reaches_CEO,5,102 > 1050 > 71595 > 55537 > 51535 > 61554
77236,reaches_CEO,5,77236 > 35499 > 134865 > 197876 > 11277 > 61554
141763,reaches_CEO,5,141763 > 132192 > 89619 > 26053 > 93708 > 61554
29493,reaches_CEO,5,29493 > 180925 > 141808 > 34051 > 11277 > 61554
182777,reaches_CEO,4,182777 > 124893 > 149778 > 110464 > 61554
25305,reaches_CEO,5,25305 > 10357 > 196484 > 176424 > 110464 > 61554
67603,reaches_CEO,5,67603 > 62298 > 138823 > 124994 > 93708 > 61554
75025,reaches_CEO,5,75025 > 129410 > 3917 > 139032 > 11277 > 61554
10961,reaches_CEO,5,10961 > 90639 > 103443 > 97647 > 110464 > 61554
45969,reaches_CEO,3,45969 > 26053 > 93708 > 61554
195823,reaches_CEO,5,195823 > 1872 > 154285 > 107152 > 51535 > 61554
106547,reaches_CEO,5,106547 > 67151 > 49002 > 109804 > 51535 > 61554
156856,reaches_CEO,5,156856 > 172250 > 115907 > 97647 > 110464 > 61554
4863,reaches_CEO,5,4863 > 152791 > 154897 > 34280 > 11277 > 61554
131755,reaches_CEO,5,131755 > 77670 > 66119 > 34051 > 11277 > 61554
171138,reaches_CEO,5,171138 > 172541 > 138823 > 124994 > 93708 > 61554
66306,reaches_CEO,4,66306 > 183869 > 185673 > 51535 > 61554
103470,reaches_CEO,5,103470 > 50761 > 114137 > 107658 > 110464 > 61554
3088,reaches_CEO,5,3088 > 193518 > 78493 > 197876 > 11277 > 61554
177524,reaches_CEO,5,177524 > 12649 > 17837 > 176367 > 51535 > 61554
39067,reaches_CEO,5,39067 > 26183 > 145667 > 142146 > 11277 > 61554
171774,reaches_CEO,5,171774 > 30749 > 28697 > 79693 > 51535 > 61554
149246,reaches_CEO,5,149246 > 87847 > 91117 > 34051 > 11277 > 61554
34438,reaches_CEO,5,34438 > 178314 > 115539 > 71499 > 110464 > 61554
9347,reaches_CEO,5,9347 > 158056 > 33814 > 190801 > 51535 > 61554
114624,reaches_CEO,5,114624 > 90237 > 193088 > 96752 > 11277 > 61554
54014,reaches_CEO,5,54014 > 68201 > 41945 > 84011 > 11277 > 61554
109442,reaches_CEO,5,109442 > 129410 > 3917 > 139032 > 11277 > 61554
22254,reaches_CEO,5,22254 > 14465 > 116660 > 26053 > 93708 > 61554
7730,reaches_CEO,5,7730 > 73489 > 198366 > 142146 > 11277 > 61554
85780,reaches_CEO,5,85780 > 26468 > 189937 > 55537 > 51535 > 61554
44614,reaches_CEO,5,44614 > 26505 > 121233 > 176424 > 110464 > 61554
155875,reaches_CEO,5,155875 > 171461 > 138823 > 124994 > 93708 > 61554
55087,reaches_CEO,5,55087 > 48912 > 171351 > 79693 > 51535 > 61554
169428,reaches_CEO,5,169428 > 34163 > 65451 > 139032 > 11277 > 61554
143444,reaches_CEO,5,143444 > 146404 > 143437 > 71499 > 110464 > 61554
121221,reaches_CEO,5,121221 > 119231 > 165426 > 124994 > 93708 > 61554
109848,reaches_CEO,5,109848 > 3260 > 33814 > 190801 > 51535 > 61554
59470,reaches_CEO,5,59470 > 8663 > 193088 > 96752 > 11277 > 61554
122759,reaches_CEO,5,122759 > 160618 > 83356 > 84011 > 11277 > 61554
68048,reaches_CEO,5,68048 > 62161 > 125912 > 107658 > 110464 > 61554
133331,reaches_CEO,5,133331 > 175434 > 157492 > 34280 > 11277 > 61554
171850,reaches_CEO,5,171850 > 47863 > 40132 > 190801 > 51535 > 61554
17149,reaches_CEO,5,17149 > 94507 > 145161 > 69728 > 51535 > 61554
46140,reaches_CEO,5,46140 > 112750 > 39726 > 69728 > 51535 > 61554
144872,reaches_CEO,5,144872 > 183283 > 20378 > 124994 > 93708 > 61554
193452,reaches_CEO,4,193452 > 47755 > 154041 > 11277 > 61554
98663,reaches_CEO,5,98663 > 39460 > 192056 > 71889 > 93708 > 61554
194614,reaches_CEO,5,194614 > 154170 > 27660 > 69728 > 51535 > 61554
113245,reaches_CEO,4,113245 > 198366 > 142146 > 11277 > 61554
184936,reaches_CEO,5,184936 > 160261 > 23830 > 74062 > 110464 > 61554
71348,reaches_CEO,5,71348 > 61517 > 110260 > 125855 > 93708 > 61554
191604,reaches_CEO,5,191604 > 111082 > 8665 > 34051 > 11277 > 61554
53069,reaches_CEO,5,53069 > 159996 > 94362 > 34051 > 11277 > 61554
143317,reaches_CEO,4,143317 > 94362 > 34051 > 11277 > 61554
89619,reaches_CEO,3,89619 > 26053 > 93708 > 61554
196259,reaches_CEO,5,196259 > 173939 > 156036 > 74062 > 110464 > 61554
88784,reaches_CEO,5,88784 > 135804 > 95935 > 71889 > 93708 > 61554
84805,reaches_CEO,5,84805 > 90639 > 103443 > 97647 > 110464 > 61554
121887,reaches_CEO,5,121887 > 78874 > 47127 > 84011 > 11277 > 61554
13689,reaches_CEO,5,13689 > 74818 > 181310 > 139032 > 11277 > 61554
186368,reaches_CEO,5,186368 > 41721 > 162889 > 109308 > 110464 > 61554
183701,reaches_CEO,5,183701 > 158888 > 176804 > 139032 > 11277 > 61554
138726,reaches_CEO,5,138726 > 194904 > 21604 > 26053 > 93708 > 61554
58511,reaches_CEO,5,58511 > 188118 > 114472 > 197876 > 11277 > 61554
141073,reaches_CEO,5,141073 > 129287 > 99397 > 71889 > 93708 > 61554
34235,reaches_CEO,5,34235 > 27718 > 89619 > 26053 > 93708 > 61554
18766,reaches_CEO,5,18766 > 43602 > 18295 > 176367 > 51535 > 61554
12214,reaches_CEO,4,12214 > 171907 > 142146 > 11277 > 61554
105960,reaches_CEO,5,105960 > 172541 > 138823 > 124994 > 93708 > 61554
10414,reaches_CEO,5,10414 > 26468 > 189937 > 55537 > 51535 > 61554
76269,reaches_CEO,5,76269 > 119964 > 167223 > 40920 > 110464 > 61554
169087,reaches_CEO,5,169087 > 119964 > 167223 > 40920 > 110464 > 61554
157111,reaches_CEO,5,157111 > 5282 > 32248 > 34280 > 11277 > 61554
183084,reaches_CEO,5,183084 > 39417 > 140317 > 107152 > 51535 > 61554
8663,reaches_CEO,4,8663 > 193088 > 96752 > 11277 > 61554
129830,reaches_CEO,5,129830 > 159098 > 5342 > 133795 > 51535 > 61554
196987,reaches_CEO,5,196987 > 87762 > 154897 > 34280 > 11277 > 61554
147374,reaches_CEO,5,147374 > 18627 > 115907 > 97647 > 110464 > 61554
25606,reaches_CEO,5,25606 > 130135 > 95935 > 71889 > 93708 > 61554
123428,reaches_CEO,5,123428 > 142276 > 185138 > 152500 > 93708 > 61554
127385,reaches_CEO,5,127385 > 77766 > 6027 > 74062 > 110464 > 61554
171973,reaches_CEO,5,171973 > 119964 > 167223 > 40920 > 110464 > 61554
176931,reaches_CEO,5,176931 > 27393 > 198366 > 142146 > 11277 > 61554
79703,reaches_CEO,5,79703 > 168564 > 8665 > 34051 > 11277 > 61554
96175,reaches_CEO,5,96175 > 144401 > 94362 > 34051 > 11277 > 61554
191649,reaches_CEO,4,191649 > 94454 > 84011 > 11277 > 61554
112997,reaches_CEO,5,112997 > 87929 > 2308 > 84011 > 11277 > 61554
64097,reaches_CEO,5,64097 > 1610 > 145161 > 69728 > 51535 > 61554
175929,reaches_CEO,5,175929 > 195165 > 113589 > 190801 > 51535 > 61554
75242,reaches_CEO,4,75242 > 60121 > 109804 > 51535 > 61554
161003,reaches_CEO,5,161003 > 23120 > 155485 > 40920 > 110464 > 61554
181421,reaches_CEO,4,181421 > 107049 > 34280 > 11277 > 61554
98550,reaches_CEO,5,98550 > 168564 > 8665 > 34051 > 11277 > 61554
129852,reaches_CEO,5,129852 > 81111 > 18295 > 176367 > 51535 > 61554
13470,reaches_CEO,5,13470 > 101819 > 87379 > 176367 > 51535 > 61554
14515,reaches_CEO,5,14515 > 110091 > 117030 > 109804 > 51535 > 61554
189119,reaches_CEO,5,189119 > 87929 > 2308 > 84011 > 11277 > 61554
110756,reaches_CEO,5,110756 > 75860 > 91654 > 109804 > 51535 > 61554
190715,reaches_CEO,5,190715 > 8663 > 193088 > 96752 > 11277 > 61554
154231,reaches_CEO,5,154231 > 115349 > 41945 > 84011 > 11277 > 61554
63694,reaches_CEO,5,63694 > 175361 > 100942 > 36075 > 11277 > 61554
6281,reaches_CEO,5,6281 > 191495 > 100942 > 36075 > 11277 > 61554
144090,reaches_CEO,5,144090 > 99139 > 3917 > 139032 > 11277 > 61554
73101,reaches_CEO,5,73101 > 61443 > 116660 > 26053 > 93708 > 61554
166271,reaches_CEO,5,166271 > 101484 > 91654 > 109804 > 51535 > 61554
58638,reaches_CEO,5,58638 > 28979 > 198366 > 142146 > 11277 > 61554
63757,reaches_CEO,5,63757 > 27781 > 121233 > 176424 > 110464 > 61554
197214,reaches_CEO,5,197214 > 191649 > 94454 > 84011 > 11277 > 61554
31036,reaches_CEO,5,31036 > 64190 > 157492 > 34280 > 11277 > 61554
58369,reaches_CEO,5,58369 > 114011 > 28697 > 79693 > 51535 > 61554
40222,reaches_CEO,5,40222 > 148236 > 2308 > 84011 > 11277 > 61554
55390,reaches_CEO,5,55390 > 48690 > 92713 > 96752 > 11277 > 61554
28676,reaches_CEO,5,28676 > 191485 > 89002 > 34280 > 11277 > 61554
107506,reaches_CEO,5,107506 > 34714 > 32248 > 34280 > 11277 > 61554
196713,reaches_CEO,5,196713 > 115593 > 50665 > 71889 > 93708 > 61554
56363,reaches_CEO,5,56363 > 77556 > 45969 > 26053 > 93708 > 61554
24175,reaches_CEO,5,24175 > 158888 > 176804 > 139032 > 11277 > 61554
135446,reaches_CEO,5,135446 > 184885 > 77857 > 152500 > 93708 > 61554
41533,reaches_CEO,3,41533 > 177860 > 93708 > 61554
111149,reaches_CEO,5,111149 > 30749 > 28697 > 79693 > 51535 > 61554
179578,reaches_CEO,5,179578 > 54808 > 163049 > 56068 > 11277 > 61554
157733,reaches_CEO,5,157733 > 172246 > 49727 > 84011 > 11277 > 61554
136025,reaches_CEO,5,136025 > 171940 > 70434 > 149778 > 110464 > 61554
98607,reaches_CEO,5,98607 > 57185 > 57693 > 69728 > 51535 > 61554
90644,reaches_CEO,5,90644 > 164439 > 191391 > 138045 > 110464 > 61554
164799,reaches_CEO,5,164799 > 90 > 183869 > 185673 > 51535 > 61554
27235,reaches_CEO,5,27235 > 147819 > 120639 > 142146 > 11277 > 61554
1222,reaches_CEO,5,1222 > 171499 > 152076 > 69728 > 51535 > 61554
187949,reaches_CEO,5,187949 > 94039 > 107049 > 34280 > 11277 > 61554
105698,reaches_CEO,5,105698 > 172948 > 39785 > 177860 > 93708 > 61554
110915,reaches_CEO,5,110915 > 169664 > 184512 > 109804 > 51535 > 61554
129392,reaches_CEO,5,129392 > 146111 > 21604 > 26053 > 93708 > 61554
113600,reaches_CEO,5,113600 > 112643 > 119833 > 84011 > 11277 > 61554
117334,reaches_CEO,5,117334 > 62298 > 138823 > 124994 > 93708 > 61554
150437,reaches_CEO,5,150437 > 53390 > 8665 > 34051 > 11277 > 61554
8419,reaches_CEO,5,8419 > 8812 > 171266 > 71889 > 93708 > 61554
5514,reaches_CEO,5,5514 > 175593 > 167941 > 34051 > 11277 > 61554
110298,reaches_CEO,5,110298 > 133858 > 184512 > 109804 > 51535 > 61554
64163,reaches_CEO,5,64163 > 63832 > 167223 > 40920 > 110464 > 61554
75108,reaches_CEO,5,75108 > 32405 > 24681 > 124994 > 93708 > 61554
132307,reaches_CEO,3,132307 > 185673 > 51535 > 61554
123129,reaches_CEO,5,123129 > 127266 > 70434 > 149778 > 110464 > 61554
31251,reaches_CEO,5,31251 > 57185 > 57693 > 69728 > 51535 > 61554
162487,reaches_CEO,5,162487 > 84828 > 33814 > 190801 > 51535 > 61554
24163,reaches_CEO,5,24163 > 74170 > 191418 > 36075 > 11277 > 61554
64392,reaches_CEO,5,64392 > 117376 > 192056 > 71889 > 93708 > 61554
52383,reaches_CEO,5,52383 > 78874 > 47127 > 84011 > 11277 > 61554
171810,reaches_CEO,5,171810 > 141079 > 119481 > 79693 > 51535 > 61554
61928,reaches_CEO,5,61928 > 180037 > 167941 > 34051 > 11277 > 61554
152076,reaches_CEO,3,152076 > 69728 > 51535 > 61554
50427,reaches_CEO,5,50427 > 132283 > 49002 > 109804 > 51535 > 61554
115602,reaches_CEO,5,115602 > 173939 > 156036 > 74062 > 110464 > 61554
17490,reaches_CEO,5,17490 > 14299 > 194121 > 176367 > 51535 > 61554
181410,reaches_CEO,5,181410 > 181772 > 54963 > 142146 > 11277 > 61554
122456,reaches_CEO,5,122456 > 76641 > 154285 > 107152 > 51535 > 61554
106395,reaches_CEO,5,106395 > 22887 > 24015 > 125855 > 93708 > 61554
156449,reaches_CEO,5,156449 > 71987 > 24015 > 125855 > 93708 > 61554
24681,reaches_CEO,3,24681 > 124994 > 93708 > 61554
164878,reaches_CEO,5,164878 > 10357 > 196484 > 176424 > 110464 > 61554
110979,reaches_CEO,5,110979 > 123502 > 39785 > 177860 > 93708 > 61554
61631,reaches_CEO,5,61631 > 12649 > 17837 > 176367 > 51535 > 61554
72505,reaches_CEO,5,72505 > 98520 > 70434 > 149778 > 110464 > 61554
155528,reaches_CEO,5,155528 > 192369 > 131950 > 96752 > 11277 > 61554
172204,reaches_CEO,5,172204 > 27018 > 89619 > 26053 > 93708 > 61554
73663,reaches_CEO,4,73663 > 87344 > 138045 > 110464 > 61554
113681,reaches_CEO,5,113681 > 17211 > 185138 > 152500 > 93708 > 61554
191612,reaches_CEO,5,191612 > 115694 > 152076 > 69728 > 51535 > 61554
121813,reaches_CEO,5,121813 > 112302 > 71595 > 55537 > 51535 > 61554
97848,reaches_CEO,5,97848 > 32159 > 176804 > 139032 > 11277 > 61554
19806,reaches_CEO,4,19806 > 32510 > 197876 > 11277 > 61554
72447,reaches_CEO,5,72447 > 87330 > 91654 > 109804 > 51535 > 61554
13036,reaches_CEO,5,13036 > 123154 > 116660 > 26053 > 93708 > 61554
69223,reaches_CEO,5,69223 > 100373 > 192056 > 71889 > 93708 > 61554
31002,reaches_CEO,5,31002 > 252 > 41533 > 177860 > 93708 > 61554
24691,reaches_CEO,3,24691 > 56068 > 11277 > 61554
139278,reaches_CEO,4,139278 > 171266 > 71889 > 93708 > 61554
40184,reaches_CEO,5,40184 > 90065 > 194121 > 176367 > 51535 > 61554
16083,reaches_CEO,5,16083 > 159638 > 116660 > 26053 > 93708 > 61554
196008,reaches_CEO,5,196008 > 127275 > 42270 > 79693 > 51535 > 61554
40277,reaches_CEO,5,40277 > 5875 > 146600 > 107658 > 110464 > 61554
190566,reaches_CEO,4,190566 > 168545 > 176424 > 110464 > 61554
167945,reaches_CEO,5,167945 > 92210 > 78493 > 197876 > 11277 > 61554
13458,reaches_CEO,5,13458 > 159838 > 167223 > 40920 > 110464 > 61554
147779,reaches_CEO,5,147779 > 164501 > 138823 > 124994 > 93708 > 61554
152427,reaches_CEO,5,152427 > 7255 > 167482 > 133795 > 51535 > 61554
1467,reaches_CEO,5,1467 > 148984 > 3917 > 139032 > 11277 > 61554
136610,reaches_CEO,5,136610 > 182996 > 32510 > 197876 > 11277 > 61554
47423,reaches_CEO,5,47423 > 161132 > 114137 > 107658 > 110464 > 61554
69804,reaches_CEO,5,69804 > 95609 > 119833 > 84011 > 11277 > 61554
4542,reaches_CEO,5,4542 > 125775 > 91869 > 40920 > 110464 > 61554
188129,reaches_CEO,5,188129 > 90834 > 157492 > 34280 > 11277 > 61554
179384,reaches_CEO,5,179384 > 147106 > 164851 > 154041 > 11277 > 61554
139877,reaches_CEO,5,139877 > 123358 > 167941 > 34051 > 11277 > 61554
161391,reaches_CEO,5,161391 > 168797 > 6027 > 74062 > 110464 > 61554
187053,reaches_CEO,4,187053 > 194121 > 176367 > 51535 > 61554
148957,reaches_CEO,5,148957 > 179459 > 37154 > 138045 > 110464 > 61554
135799,reaches_CEO,5,135799 > 108164 > 32510 > 197876 > 11277 > 61554
170407,reaches_CEO,5,170407 > 179212 > 162889 > 109308 > 110464 > 61554
16091,reaches_CEO,5,16091 > 8663 > 193088 > 96752 > 11277 > 61554
39869,reaches_CEO,5,39869 > 92845 > 92567 > 162476 > 51535 > 61554
171869,reaches_CEO,5,171869 > 132360 > 120639 > 142146 > 11277 > 61554
132315,reaches_CEO,5,132315 > 16445 > 136905 > 71889 > 93708 > 61554
173478,reaches_CEO,5,173478 > 11507 > 20378 > 124994 > 93708 > 61554
155850,reaches_CEO,5,155850 > 65883 > 103443 > 97647 > 110464 > 61554
92224,reaches_CEO,5,92224 > 138432 > 41945 > 84011 > 11277 > 61554
4927,reaches_CEO,5,4927 > 148418 > 167482 > 133795 > 51535 > 61554
105689,reaches_CEO,5,105689 > 85426 > 24015 > 125855 > 93708 > 61554
114582,reaches_CEO,5,114582 > 88779 > 183175 > 197876 > 11277 > 61554
54633,reaches_CEO,5,54633 > 47748 > 89619 > 26053 > 93708 > 61554
62816,reaches_CEO,5,62816 > 95169 > 176804 > 139032 > 11277 > 61554
32803,reaches_CEO,5,32803 > 147819 > 120639 > 142146 > 11277 > 61554
1651,reaches_CEO,4,1651 > 146629 > 190801 > 51535 > 61554
157313,reaches_CEO,5,157313 > 60489 > 24489 > 176424 > 110464 > 61554
118172,reaches_CEO,5,118172 > 146220 > 196484 > 176424 > 110464 > 61554
101720,reaches_CEO,5,101720 > 64858 > 24015 > 125855 > 93708 > 61554
118115,reaches_CEO,5,118115 > 148984 > 3917 > 139032 > 11277 > 61554
138872,reaches_CEO,5,138872 > 102712 > 157492 > 34280 > 11277 > 61554
124589,reaches_CEO,5,124589 > 126515 > 24681 > 124994 > 93708 > 61554
8893,reaches_CEO,5,8893 > 130449 > 47755 > 154041 > 11277 > 61554
106652,reaches_CEO,5,106652 > 185285 > 198893 > 124994 > 93708 > 61554
674,reaches_CEO,5,674 > 190249 > 134556 > 138045 > 110464 > 61554
67719,reaches_CEO,5,67719 > 68222 > 24681 > 124994 > 93708 > 61554
49075,reaches_CEO,5,49075 > 173939 > 156036 > 74062 > 110464 > 61554
148572,reaches_CEO,5,148572 > 134671 > 114472 > 197876 > 11277 > 61554
25895,reaches_CEO,5,25895 > 39388 > 66119 > 34051 > 11277 > 61554
172608,reaches_CEO,5,172608 > 742 > 192056 > 71889 > 93708 > 61554
198032,reaches_CEO,4,198032 > 183175 > 197876 > 11277 > 61554
21987,reaches_CEO,5,21987 > 159098 > 5342 > 133795 > 51535 > 61554
94955,reaches_CEO,5,94955 > 73106 > 60121 > 109804 > 51535 > 61554
169565,reaches_CEO,5,169565 > 88007 > 154897 > 34280 > 11277 > 61554
80728,reaches_CEO,4,80728 > 39726 > 69728 > 51535 > 61554
41316,reaches_CEO,5,41316 > 9239 > 47127 > 84011 > 11277 > 61554
66832,reaches_CEO,5,66832 > 111082 > 8665 > 34051 > 11277 > 61554
95038,reaches_CEO,5,95038 > 110091 > 117030 > 109804 > 51535 > 61554
165011,reaches_CEO,5,165011 > 17211 > 185138 > 152500 > 93708 > 61554
82615,reaches_CEO,5,82615 > 161727 > 28697 > 79693 > 51535 > 61554
24926,reaches_CEO,5,24926 > 90834 > 157492 > 34280 > 11277 > 61554
80717,reaches_CEO,5,80717 > 113566 > 154285 > 107152 > 51535 > 61554
133858,reaches_CEO,4,133858 > 184512 > 109804 > 51535 > 61554
73266,reaches_CEO,5,73266 > 172541 > 138823 > 124994 > 93708 > 61554
70211,reaches_CEO,5,70211 > 112643 > 119833 > 84011 > 11277 > 61554
13022,reaches_CEO,5,13022 > 190060 > 181310 > 139032 > 11277 > 61554
151279,reaches_CEO,5,151279 > 132026 > 167223 > 40920 > 110464 > 61554
1305,reaches_CEO,5,1305 > 73846 > 171907 > 142146 > 11277 > 61554
143015,reaches_CEO,5,143015 > 84828 > 33814 > 190801 > 51535 > 61554
79438,reaches_CEO,5,79438 > 122567 > 42270 > 79693 > 51535 > 61554
87947,reaches_CEO,5,87947 > 118769 > 119832 > 190801 > 51535 > 61554
167398,reaches_CEO,5,167398 > 130135 > 95935 > 71889 > 93708 > 61554
56854,reaches_CEO,5,56854 > 6536 > 162889 > 109308 > 110464 > 61554
55741,reaches_CEO,5,55741 > 175558 > 72243 > 162476 > 51535 > 61554
102759,reaches_CEO,5,102759 > 142104 > 47553 > 69728 > 51535 > 61554
127997,reaches_CEO,5,127997 > 72965 > 92713 > 96752 > 11277 > 61554
168727,reaches_CEO,5,168727 > 52525 > 192589 > 55537 > 51535 > 61554
186323,reaches_CEO,5,186323 > 109102 > 65451 > 139032 > 11277 > 61554
76462,reaches_CEO,5,76462 > 191485 > 89002 > 34280 > 11277 > 61554
176415,reaches_CEO,4,176415 > 39726 > 69728 > 51535 > 61554
79698,reaches_CEO,5,79698 > 190778 > 155485 > 40920 > 110464 > 61554
62501,reaches_CEO,5,62501 > 113245 > 198366 > 142146 > 11277 > 61554
138416,reaches_CEO,5,138416 > 177495 > 39785 > 177860 > 93708 > 61554
49853,reaches_CEO,5,49853 > 31063 > 99397 > 71889 > 93708 > 61554
157867,reaches_CEO,5,157867 > 137369 > 41945 > 84011 > 11277 > 61554
77988,reaches_CEO,5,77988 > 187053 > 194121 > 176367 > 51535 > 61554
95433,reaches_CEO,5,95433 > 132683 > 146629 > 190801 > 51535 > 61554
65388,reaches_CEO,5,65388 > 127266 > 70434 > 149778 > 110464 > 61554
5318,reaches_CEO,5,5318 > 181996 > 113589 > 190801 > 51535 > 61554
192169,reaches_CEO,5,192169 > 51288 > 140317 > 107152 > 51535 > 61554
128997,reaches_CEO,5,128997 > 146473 > 156036 > 74062 > 110464 > 61554
94665,reaches_CEO,5,94665 > 74818 > 181310 > 139032 > 11277 > 61554
191274,reaches_CEO,5,191274 > 55858 > 119832 > 190801 > 51535 > 61554
140426,reaches_CEO,5,140426 > 20901 > 189937 > 55537 > 51535 > 61554
167061,reaches_CEO,5,167061 > 87762 > 154897 > 34280 > 11277 > 61554
13281,reaches_CEO,5,13281 > 66453 > 171351 > 79693 > 51535 > 61554
54136,reaches_CEO,4,54136 > 69550 > 74062 > 110464 > 61554
114682,reaches_CEO,5,114682 > 160169 > 172989 > 34051 > 11277 > 61554
47268,reaches_CEO,5,47268 > 12214 > 171907 > 142146 > 11277 > 61554
167020,reaches_CEO,5,167020 > 7255 > 167482 > 133795 > 51535 > 61554
81788,reaches_CEO,5,81788 > 101901 > 7558 > 69728 > 51535 > 61554
38402,reaches_CEO,5,38402 > 75045 > 124893 > 149778 > 110464 > 61554
192011,reaches_CEO,5,192011 > 128065 > 192589 > 55537 > 51535 > 61554
197533,reaches_CEO,5,197533 > 145126 > 114472 > 197876 > 11277 > 61554
186429,reaches_CEO,5,186429 > 175434 > 157492 > 34280 > 11277 > 61554
55566,reaches_CEO,5,55566 > 103421 > 5342 > 133795 > 51535 > 61554
22993,reaches_CEO,5,22993 > 70819 > 161284 > 109804 > 51535 > 61554
52296,reaches_CEO,5,52296 > 73034 > 161284 > 109804 > 51535 > 61554
75786,reaches_CEO,5,75786 > 151005 > 134556 > 138045 > 110464 > 61554
52085,reaches_CEO,5,52085 > 75246 > 140317 > 107152 > 51535 > 61554
174657,reaches_CEO,5,174657 > 74264 > 82419 > 74062 > 110464 > 61554
47339,reaches_CEO,5,47339 > 118506 > 25036 > 152500 > 93708 > 61554
100299,reaches_CEO,5,100299 > 87613 > 140317 > 107152 > 51535 > 61554
64496,reaches_CEO,5,64496 > 144927 > 94454 > 84011 > 11277 > 61554
182041,reaches_CEO,5,182041 > 119991 > 184512 > 109804 > 51535 > 61554
55479,reaches_CEO,5,55479 > 128447 > 193330 > 162476 > 51535 > 61554
198478,reaches_CEO,5,198478 > 198240 > 94454 > 84011 > 11277 > 61554
172947,reaches_CEO,4,172947 > 166741 > 97647 > 110464 > 61554
45967,reaches_CEO,5,45967 > 136468 > 167941 > 34051 > 11277 > 61554
31499,reaches_CEO,5,31499 > 149696 > 135238 > 84011 > 11277 > 61554
165864,reaches_CEO,5,165864 > 62298 > 138823 > 124994 > 93708 > 61554
157952,reaches_CEO,5,157952 > 22977 > 41533 > 177860 > 93708 > 61554
127400,reaches_CEO,5,127400 > 78516 > 164851 > 154041 > 11277 > 61554
10301,reaches_CEO,5,10301 > 134982 > 66119 > 34051 > 11277 > 61554
133269,reaches_CEO,5,133269 > 183045 > 39726 > 69728 > 51535 > 61554
44062,reaches_CEO,5,44062 > 54136 > 69550 > 74062 > 110464 > 61554
177250,reaches_CEO,5,177250 > 6536 > 162889 > 109308 > 110464 > 61554
112701,reaches_CEO,5,112701 > 177772 > 134556 > 138045 > 110464 > 61554
60194,reaches_CEO,5,60194 > 189222 > 3802 > 133795 > 51535 > 61554
104454,reaches_CEO,5,104454 > 28979 > 198366 > 142146 > 11277 > 61554
148236,reaches_CEO,4,148236 > 2308 > 84011 > 11277 > 61554
59062,reaches_CEO,5,59062 > 166928 > 189937 > 55537 > 51535 > 61554
135938,reaches_CEO,5,135938 > 150189 > 138823 > 124994 > 93708 > 61554
191158,reaches_CEO,5,191158 > 48690 > 92713 > 96752 > 11277 > 61554
135256,reaches_CEO,5,135256 > 131620 > 40475 > 56068 > 11277 > 61554
183528,reaches_CEO,4,183528 > 184512 > 109804 > 51535 > 61554
102632,reaches_CEO,4,102632 > 167223 > 40920 > 110464 > 61554
120628,reaches_CEO,5,120628 > 23737 > 198893 > 124994 > 93708 > 61554
14296,reaches_CEO,5,14296 > 125114 > 41533 > 177860 > 93708 > 61554
126686,reaches_CEO,5,126686 > 157966 > 134556 > 138045 > 110464 > 61554
46849,reaches_CEO,5,46849 > 88007 > 154897 > 34280 > 11277 > 61554
96420,reaches_CEO,4,96420 > 59535 > 154041 > 11277 > 61554
60945,reaches_CEO,5,60945 > 67151 > 49002 > 109804 > 51535 > 61554
22262,reaches_CEO,5,22262 > 157064 > 125912 > 107658 > 110464 > 61554
86864,reaches_CEO,5,86864 > 53374 > 157492 > 34280 > 11277 > 61554
126246,reaches_CEO,5,126246 > 184998 > 183175 > 197876 > 11277 > 61554
50445,reaches_CEO,5,50445 > 8856 > 134556 > 138045 > 110464 > 61554
169360,reaches_CEO,5,169360 > 14465 > 116660 > 26053 > 93708 > 61554
154534,reaches_CEO,5,154534 > 107493 > 132307 > 185673 > 51535 > 61554
70547,reaches_CEO,4,70547 > 168545 > 176424 > 110464 > 61554
58290,reaches_CEO,5,58290 > 180925 > 141808 > 34051 > 11277 > 61554
121739,reaches_CEO,5,121739 > 181787 > 23830 > 74062 > 110464 > 61554
40726,reaches_CEO,5,40726 > 182038 > 79285 > 34280 > 11277 > 61554
121706,reaches_CEO,5,121706 > 77844 > 3917 > 139032 > 11277 > 61554
43618,reaches_CEO,5,43618 > 103014 > 183869 > 185673 > 51535 > 61554
172039,reaches_CEO,5,172039 > 92403 > 59535 > 154041 > 11277 > 61554
73893,reaches_CEO,4,73893 > 134865 > 197876 > 11277 > 61554
71324,reaches_CEO,5,71324 > 34134 > 172989 > 34051 > 11277 > 61554
180924,reaches_CEO,4,180924 > 158490 > 74062 > 110464 > 61554
49131,reaches_CEO,5,49131 > 119576 > 27660 > 69728 > 51535 > 61554
123352,reaches_CEO,5,123352 > 14470 > 191418 > 36075 > 11277 > 61554
114505,reaches_CEO,5,114505 > 51738 > 183869 > 185673 > 51535 > 61554
69903,reaches_CEO,4,69903 > 17837 > 176367 > 51535 > 61554
88176,reaches_CEO,5,88176 > 73663 > 87344 > 138045 > 110464 > 61554
134683,reaches_CEO,5,134683 > 23737 > 198893 > 124994 > 93708 > 61554
153890,reaches_CEO,5,153890 > 146473 > 156036 > 74062 > 110464 > 61554
191279,reaches_CEO,5,191279 > 154891 > 146629 > 190801 > 51535 > 61554
62856,reaches_CEO,5,62856 > 46178 > 42270 > 79693 > 51535 > 61554
162035,reaches_CEO,4,162035 > 134865 > 197876 > 11277 > 61554
95127,reaches_CEO,5,95127 > 191289 > 71595 > 55537 > 51535 > 61554
152856,reaches_CEO,5,152856 > 59705 > 181201 > 139032 > 11277 > 61554
120480,reaches_CEO,5,120480 > 159906 > 65174 > 154041 > 11277 > 61554
114239,reaches_CEO,5,114239 > 119576 > 27660 > 69728 > 51535 > 61554
183045,reaches_CEO,4,183045 > 39726 > 69728 > 51535 > 61554
96221,reaches_CEO,5,96221 > 46957 > 89002 > 34280 > 11277 > 61554
122671,reaches_CEO,5,122671 > 53826 > 185138 > 152500 > 93708 > 61554
197984,reaches_CEO,5,197984 > 141079 > 119481 > 79693 > 51535 > 61554
30132,reaches_CEO,5,30132 > 65856 > 120639 > 142146 > 11277 > 61554
88152,reaches_CEO,5,88152 > 43858 > 171351 > 79693 > 51535 > 61554
8247,reaches_CEO,5,8247 > 17291 > 92713 > 96752 > 11277 > 61554
76507,reaches_CEO,5,76507 > 168791 > 5342 > 133795 > 51535 > 61554
73436,reaches_CEO,5,73436 > 79 > 65174 > 154041 > 11277 > 61554
126119,reaches_CEO,5,126119 > 79193 > 91117 > 34051 > 11277 > 61554
179009,reaches_CEO,5,179009 > 84230 > 5692 > 149778 > 110464 > 61554
110516,reaches_CEO,5,110516 > 184998 > 183175 > 197876 > 11277 > 61554
129247,reaches_CEO,5,129247 > 179569 > 78493 > 197876 > 11277 > 61554
74799,reaches_CEO,5,74799 > 101819 > 87379 > 176367 > 51535 > 61554
50412,reaches_CEO,5,50412 > 6536 > 162889 > 109308 > 110464 > 61554
174847,reaches_CEO,5,174847 > 53390 > 8665 > 34051 > 11277 > 61554
164113,reaches_CEO,5,164113 > 17211 > 185138 > 152500 > 93708 > 61554
175641,reaches_CEO,5,175641 > 159906 > 65174 > 154041 > 11277 > 61554
100930,reaches_CEO,5,100930 > 81860 > 49002 > 109804 > 51535 > 61554
92593,reaches_CEO,5,92593 > 133420 > 120639 > 142146 > 11277 > 61554
100707,reaches_CEO,5,100707 > 33266 > 158490 > 74062 > 110464 > 61554
58946,reaches_CEO,5,58946 > 97422 > 7531 > 152500 > 93708 > 61554
167782,reaches_CEO,5,167782 > 20828 > 156036 > 74062 > 110464 > 61554
67582,reaches_CEO,5,67582 > 77670 > 66119 > 34051 > 11277 > 61554
61222,reaches_CEO,5,61222 > 193920 > 141808 > 34051 > 11277 > 61554
181058,reaches_CEO,5,181058 > 29508 > 77857 > 152500 > 93708 > 61554
79007,reaches_CEO,5,79007 > 52796 > 135238 > 84011 > 11277 > 61554
105629,reaches_CEO,5,105629 > 167921 > 147555 > 107152 > 51535 > 61554
142745,reaches_CEO,5,142745 > 1791 > 99397 > 71889 > 93708 > 61554
62587,reaches_CEO,5,62587 > 168791 > 5342 > 133795 > 51535 > 61554
196803,reaches_CEO,5,196803 > 77670 > 66119 > 34051 > 11277 > 61554
20100,reaches_CEO,5,20100 > 126515 > 24681 > 124994 > 93708 > 61554
115539,reaches_CEO,3,115539 > 71499 > 110464 > 61554
154040,reaches_CEO,5,154040 > 103981 > 69550 > 74062 > 110464 > 61554
51788,reaches_CEO,5,51788 > 172250 > 115907 > 97647 > 110464 > 61554
125194,reaches_CEO,5,125194 > 144401 > 94362 > 34051 > 11277 > 61554
10906,reaches_CEO,5,10906 > 82657 > 171907 > 142146 > 11277 > 61554
104684,reaches_CEO,5,104684 > 75198 > 146600 > 107658 > 110464 > 61554
4156,reaches_CEO,5,4156 > 37434 > 171907 > 142146 > 11277 > 61554
141265,reaches_CEO,5,141265 > 39417 > 140317 > 107152 > 51535 > 61554
14477,reaches_CEO,5,14477 > 6335 > 91117 > 34051 > 11277 > 61554
129977,reaches_CEO,5,129977 > 130342 > 20378 > 124994 > 93708 > 61554
113491,reaches_CEO,5,113491 > 142630 > 171266 > 71889 > 93708 > 61554
115199,reaches_CEO,5,115199 > 87733 > 198366 > 142146 > 11277 > 61554
93572,reaches_CEO,5,93572 > 88779 > 183175 > 197876 > 11277 > 61554
49496,reaches_CEO,5,49496 > 182116 > 3235 > 84011 > 11277 > 61554
184021,reaches_CEO,5,184021 > 75198 > 146600 > 107658 > 110464 > 61554
11237,reaches_CEO,5,11237 > 180037 > 167941 > 34051 > 11277 > 61554
62951,reaches_CEO,5,62951 > 126330 > 119481 > 79693 > 51535 > 61554
69120,reaches_CEO,5,69120 > 44056 > 16178 > 71889 > 93708 > 61554
192551,reaches_CEO,5,192551 > 78874 > 47127 > 84011 > 11277 > 61554
97482,reaches_CEO,5,97482 > 21377 > 65174 > 154041 > 11277 > 61554
14146,reaches_CEO,5,14146 > 159098 > 5342 > 133795 > 51535 > 61554
189627,reaches_CEO,4,189627 > 130489 > 36075 > 11277 > 61554
48883,reaches_CEO,5,48883 > 179929 > 114472 > 197876 > 11277 > 61554
102381,reaches_CEO,5,102381 > 132026 > 167223 > 40920 > 110464 > 61554
194968,reaches_CEO,5,194968 > 104759 > 20378 > 124994 > 93708 > 61554
69932,reaches_CEO,5,69932 > 142630 > 171266 > 71889 > 93708 > 61554
80435,reaches_CEO,5,80435 > 136861 > 157492 > 34280 > 11277 > 61554
7460,reaches_CEO,5,7460 > 137369 > 41945 > 84011 > 11277 > 61554
101484,reaches_CEO,4,101484 > 91654 > 109804 > 51535 > 61554
190956,reaches_CEO,5,190956 > 154381 > 66090 > 34280 > 11277 > 61554
21276,reaches_CEO,5,21276 > 144219 > 146629 > 190801 > 51535 > 61554
197083,reaches_CEO,5,197083 > 138432 > 41945 > 84011 > 11277 > 61554
18546,reaches_CEO,5,18546 > 180930 > 91117 > 34051 > 11277 > 61554
71424,reaches_CEO,5,71424 > 16510 > 77851 > 36075 > 11277 > 61554
49116,reaches_CEO,5,49116 > 41808 > 89619 > 26053 > 93708 > 61554
139377,reaches_CEO,5,139377 > 87613 > 140317 > 107152 > 51535 > 61554
74097,reaches_CEO,5,74097 > 9239 > 47127 > 84011 > 11277 > 61554
197481,reaches_CEO,5,197481 > 73489 > 198366 > 142146 > 11277 > 61554
111991,reaches_CEO,5,111991 > 169849 > 192056 > 71889 > 93708 > 61554
36666,reaches_CEO,5,36666 > 64858 > 24015 > 125855 > 93708 > 61554
61106,reaches_CEO,5,61106 > 46997 > 167941 > 34051 > 11277 > 61554
181772,reaches_CEO,4,181772 > 54963 > 142146 > 11277 > 61554
77301,reaches_CEO,5,77301 > 87707 > 32248 > 34280 > 11277 > 61554
147441,reaches_CEO,5,147441 > 90065 > 194121 > 176367 > 51535 > 61554
48730,reaches_CEO,4,48730 > 181566 > 97647 > 110464 > 61554
126389,reaches_CEO,5,126389 > 59353 > 152076 > 69728 > 51535 > 61554
58737,reaches_CEO,5,58737 > 84828 > 33814 > 190801 > 51535 > 61554
53390,reaches_CEO,4,53390 > 8665 > 34051 > 11277 > 61554
25291,reaches_CEO,5,25291 > 192369 > 131950 > 96752 > 11277 > 61554
57999,reaches_CEO,5,57999 > 180925 > 141808 > 34051 > 11277 > 61554
182416,reaches_CEO,5,182416 > 172717 > 41533 > 177860 > 93708 > 61554
23065,reaches_CEO,5,23065 > 171940 > 70434 > 149778 > 110464 > 61554
87072,reaches_CEO,5,87072 > 43937 > 95935 > 71889 > 93708 > 61554
152890,reaches_CEO,5,152890 > 198648 > 114137 > 107658 > 110464 > 61554
143404,reaches_CEO,5,143404 > 194078 > 162889 > 109308 > 110464 > 61554
119835,reaches_CEO,5,119835 > 168797 > 6027 > 74062 > 110464 > 61554
112245,reaches_CEO,4,112245 > 47755 > 154041 > 11277 > 61554
63570,reaches_CEO,5,63570 > 7095 > 171266 > 71889 > 93708 > 61554
195033,reaches_CEO,5,195033 > 78215 > 181201 > 139032 > 11277 > 61554
63845,reaches_CEO,5,63845 > 182996 > 32510 > 197876 > 11277 > 61554
69734,reaches_CEO,5,69734 > 187053 > 194121 > 176367 > 51535 > 61554
82089,reaches_CEO,5,82089 > 127266 > 70434 > 149778 > 110464 > 61554
10680,reaches_CEO,5,10680 > 184236 > 59566 > 125855 > 93708 > 61554
189398,reaches_CEO,5,189398 > 164501 > 138823 > 124994 > 93708 > 61554
102337,reaches_CEO,5,102337 > 87929 > 2308 > 84011 > 11277 > 61554
27263,reaches_CEO,5,27263 > 34977 > 94362 > 34051 > 11277 > 61554
187782,reaches_CEO,5,187782 > 50761 > 114137 > 107658 > 110464 > 61554
54183,reaches_CEO,5,54183 > 82463 > 158490 > 74062 > 110464 > 61554
158253,reaches_CEO,5,158253 > 94447 > 39785 > 177860 > 93708 > 61554
5864,reaches_CEO,5,5864 > 41080 > 77851 > 36075 > 11277 > 61554
171907,reaches_CEO,3,171907 > 142146 > 11277 > 61554
42512,reaches_CEO,5,42512 > 168951 > 120639 > 142146 > 11277 > 61554
62047,reaches_CEO,5,62047 > 68998 > 70434 > 149778 > 110464 > 61554
74204,reaches_CEO,5,74204 > 103014 > 183869 > 185673 > 51535 > 61554
24437,reaches_CEO,5,24437 > 98520 > 70434 > 149778 > 110464 > 61554
189516,reaches_CEO,5,189516 > 160618 > 83356 > 84011 > 11277 > 61554
129748,reaches_CEO,5,129748 > 158609 > 193088 > 96752 > 11277 > 61554
128511,reaches_CEO,4,128511 > 57693 > 69728 > 51535 > 61554
56382,reaches_CEO,5,56382 > 93223 > 92567 > 162476 > 51535 > 61554
61403,reaches_CEO,3,61403 > 69728 > 51535 > 61554
25003,reaches_CEO,5,25003 > 111974 > 192589 > 55537 > 51535 > 61554
177184,reaches_CEO,5,177184 > 169271 > 146600 > 107658 > 110464 > 61554
175388,reaches_CEO,5,175388 > 34714 > 32248 > 34280 > 11277 > 61554
61234,reaches_CEO,5,61234 > 15768 > 77857 > 152500 > 93708 > 61554
27327,reaches_CEO,5,27327 > 198424 > 115539 > 71499 > 110464 > 61554
85459,reaches_CEO,5,85459 > 37434 > 171907 > 142146 > 11277 > 61554
183120,reaches_CEO,5,183120 > 111508 > 82419 > 74062 > 110464 > 61554
4606,reaches_CEO,5,4606 > 68821 > 183869 > 185673 > 51535 > 61554
156333,reaches_CEO,5,156333 > 195165 > 113589 > 190801 > 51535 > 61554
138307,reaches_CEO,5,138307 > 157064 > 125912 > 107658 > 110464 > 61554
67957,reaches_CEO,5,67957 > 171499 > 152076 > 69728 > 51535 > 61554
199712,reaches_CEO,5,199712 > 142685 > 157492 > 34280 > 11277 > 61554
38000,reaches_CEO,5,38000 > 154891 > 146629 > 190801 > 51535 > 61554
14181,reaches_CEO,5,14181 > 184885 > 77857 > 152500 > 93708 > 61554
36629,reaches_CEO,5,36629 > 198624 > 157530 > 71889 > 93708 > 61554
116547,reaches_CEO,5,116547 > 55476 > 82419 > 74062 > 110464 > 61554
69556,reaches_CEO,5,69556 > 186283 > 132307 > 185673 > 51535 > 61554
181311,reaches_CEO,4,181311 > 17395 > 96752 > 11277 > 61554
128892,reaches_CEO,5,128892 > 166729 > 125912 > 107658 > 110464 > 61554
80162,reaches_CEO,5,80162 > 53677 > 41533 > 177860 > 93708 > 61554
29039,reaches_CEO,5,29039 > 88370 > 110260 > 125855 > 93708 > 61554
13430,reaches_CEO,5,13430 > 175361 > 100942 > 36075 > 11277 > 61554
117368,reaches_CEO,5,117368 > 162035 > 134865 > 197876 > 11277 > 61554
129471,reaches_CEO,5,129471 > 113578 > 125912 > 107658 > 110464 > 61554
18627,reaches_CEO,4,18627 > 115907 > 97647 > 110464 > 61554
61315,reaches_CEO,5,61315 > 118769 > 119832 > 190801 > 51535 > 61554
50887,reaches_CEO,5,50887 > 35499 > 134865 > 197876 > 11277 > 61554
15070,reaches_CEO,5,15070 > 159906 > 65174 > 154041 > 11277 > 61554
168580,reaches_CEO,5,168580 > 101981 > 134865 > 197876 > 11277 > 61554
140399,reaches_CEO,5,140399 > 51288 > 140317 > 107152 > 51535 > 61554
147033,reaches_CEO,5,147033 > 8198 > 98225 > 162476 > 51535 > 61554
119763,reaches_CEO,5,119763 > 52313 > 135238 > 84011 > 11277 > 61554
50255,reaches_CEO,5,50255 > 113245 > 198366 > 142146 > 11277 > 61554
198207,reaches_CEO,5,198207 > 12877 > 57693 > 69728 > 51535 > 61554
3308,reaches_CEO,5,3308 > 1050 > 71595 > 55537 > 51535 > 61554
165266,reaches_CEO,5,165266 > 185285 > 198893 > 124994 > 93708 > 61554
34194,reaches_CEO,5,34194 > 174092 > 3235 > 84011 > 11277 > 61554
129762,reaches_CEO,5,129762 > 123103 > 72243 > 162476 > 51535 > 61554
57920,reaches_CEO,5,57920 > 115349 > 41945 > 84011 > 11277 > 61554
543,reaches_CEO,5,543 > 102815 > 79285 > 34280 > 11277 > 61554
11782,reaches_CEO,5,11782 > 191485 > 89002 > 34280 > 11277 > 61554
59992,reaches_CEO,5,59992 > 79237 > 124893 > 149778 > 110464 > 61554
43888,reaches_CEO,5,43888 > 41808 > 89619 > 26053 > 93708 > 61554
71945,reaches_CEO,4,71945 > 183869 > 185673 > 51535 > 61554
21110,reaches_CEO,5,21110 > 87733 > 198366 > 142146 > 11277 > 61554
174909,reaches_CEO,5,174909 > 19424 > 47553 > 69728 > 51535 > 61554
184555,reaches_CEO,5,184555 > 77556 > 45969 > 26053 > 93708 > 61554
70518,reaches_CEO,5,70518 > 166591 > 17395 > 96752 > 11277 > 61554
69544,reaches_CEO,5,69544 > 64190 > 157492 > 34280 > 11277 > 61554
177391,reaches_CEO,5,177391 > 134048 > 78493 > 197876 > 11277 > 61554
195368,reaches_CEO,5,195368 > 79735 > 147555 > 107152 > 51535 > 61554
23940,reaches_CEO,5,23940 > 74264 > 82419 > 74062 > 110464 > 61554
76435,reaches_CEO,4,76435 > 183175 > 197876 > 11277 > 61554
166390,reaches_CEO,5,166390 > 160169 > 172989 > 34051 > 11277 > 61554
7481,reaches_CEO,5,7481 > 64858 > 24015 > 125855 > 93708 > 61554
89940,reaches_CEO,5,89940 > 182028 > 184512 > 109804 > 51535 > 61554
198626,reaches_CEO,5,198626 > 198648 > 114137 > 107658 > 110464 > 61554
108063,reaches_CEO,5,108063 > 87733 > 198366 > 142146 > 11277 > 61554
70638,reaches_CEO,5,70638 > 23737 > 198893 > 124994 > 93708 > 61554
87878,reaches_CEO,5,87878 > 102712 > 157492 > 34280 > 11277 > 61554
50685,reaches_CEO,5,50685 > 152960 > 157492 > 34280 > 11277 > 61554
53127,reaches_CEO,5,53127 > 96420 > 59535 > 154041 > 11277 > 61554
5127,reaches_CEO,5,5127 > 101484 > 91654 > 109804 > 51535 > 61554
120852,reaches_CEO,5,120852 > 10773 > 113589 > 190801 > 51535 > 61554
10979,reaches_CEO,5,10979 > 162381 > 193330 > 162476 > 51535 > 61554
1331,reaches_CEO,5,1331 > 98520 > 70434 > 149778 > 110464 > 61554
91050,reaches_CEO,5,91050 > 175361 > 100942 > 36075 > 11277 > 61554
159865,reaches_CEO,5,159865 > 23737 > 198893 > 124994 > 93708 > 61554
68808,reaches_CEO,5,68808 > 5374 > 167941 > 34051 > 11277 > 61554
190955,reaches_CEO,5,190955 > 192145 > 145667 > 142146 > 11277 > 61554
108428,reaches_CEO,4,108428 > 117030 > 109804 > 51535 > 61554
157302,reaches_CEO,5,157302 > 7212 > 69550 > 74062 > 110464 > 61554
176062,reaches_CEO,5,176062 > 179149 > 21604 > 26053 > 93708 > 61554
93969,reaches_CEO,5,93969 > 125114 > 41533 > 177860 > 93708 > 61554
143329,reaches_CEO,5,143329 > 168905 > 193330 > 162476 > 51535 > 61554
45415,reaches_CEO,5,45415 > 119576 > 27660 > 69728 > 51535 > 61554
151646,reaches_CEO,5,151646 > 128447 > 193330 > 162476 > 51535 > 61554
92023,reaches_CEO,5,92023 > 27704 > 171907 > 142146 > 11277 > 61554
19015,reaches_CEO,5,19015 > 122567 > 42270 > 79693 > 51535 > 61554
115796,reaches_CEO,5,115796 > 87733 > 198366 > 142146 > 11277 > 61554
68448,reaches_CEO,5,68448 > 118329 > 181201 > 139032 > 11277 > 61554
147249,reaches_CEO,4,147249 > 27660 > 69728 > 51535 > 61554
194039,reaches_CEO,5,194039 > 182028 > 184512 > 109804 > 51535 > 61554
131301,reaches_CEO,5,131301 > 129778 > 59566 > 125855 > 93708 > 61554
37179,reaches_CEO,5,37179 > 39417 > 140317 > 107152 > 51535 > 61554
27406,reaches_CEO,5,27406 > 19806 > 32510 > 197876 > 11277 > 61554
6321,reaches_CEO,5,6321 > 186086 > 184512 > 109804 > 51535 > 61554
125605,reaches_CEO,5,125605 > 118769 > 119832 > 190801 > 51535 > 61554
174580,reaches_CEO,5,174580 > 194078 > 162889 > 109308 > 110464 > 61554
11793,reaches_CEO,5,11793 > 127623 > 72243 > 162476 > 51535 > 61554
100601,reaches_CEO,5,100601 > 71585 > 65174 > 154041 > 11277 > 61554
196450,reaches_CEO,5,196450 > 7255 > 167482 > 133795 > 51535 > 61554
77636,reaches_CEO,5,77636 > 93223 > 92567 > 162476 > 51535 > 61554
66892,reaches_CEO,5,66892 > 195165 > 113589 > 190801 > 51535 > 61554
82830,reaches_CEO,5,82830 > 88370 > 110260 > 125855 > 93708 > 61554
98882,reaches_CEO,5,98882 > 123154 > 116660 > 26053 > 93708 > 61554
19060,reaches_CEO,5,19060 > 4110 > 94454 > 84011 > 11277 > 61554
189038,reaches_CEO,4,189038 > 87379 > 176367 > 51535 > 61554
175073,reaches_CEO,5,175073 > 118329 > 181201 > 139032 > 11277 > 61554
101030,reaches_CEO,5,101030 > 131063 > 5692 > 149778 > 110464 > 61554
158291,reaches_CEO,5,158291 > 175365 > 166741 > 97647 > 110464 > 61554
76296,reaches_CEO,5,76296 > 6536 > 162889 > 109308 > 110464 > 61554
111272,reaches_CEO,5,111272 > 177166 > 192589 > 55537 > 51535 > 61554
2740,reaches_CEO,5,2740 > 136468 > 167941 > 34051 > 11277 > 61554
67393,reaches_CEO,5,67393 > 198240 > 94454 > 84011 > 11277 > 61554
6703,reaches_CEO,5,6703 > 64750 > 183869 > 185673 > 51535 > 61554
58808,reaches_CEO,5,58808 > 124014 > 79285 > 34280 > 11277 > 61554
131240,reaches_CEO,5,131240 > 61811 > 78493 > 197876 > 11277 > 61554
148564,reaches_CEO,5,148564 > 66306 > 183869 > 185673 > 51535 > 61554
13426,reaches_CEO,5,13426 > 165853 > 18295 > 176367 > 51535 > 61554
94683,reaches_CEO,4,94683 > 124893 > 149778 > 110464 > 61554
146242,reaches_CEO,5,146242 > 42096 > 89002 > 34280 > 11277 > 61554
118417,reaches_CEO,5,118417 > 14299 > 194121 > 176367 > 51535 > 61554
114526,reaches_CEO,5,114526 > 30640 > 92567 > 162476 > 51535 > 61554
91074,reaches_CEO,5,91074 > 168564 > 8665 > 34051 > 11277 > 61554
57140,reaches_CEO,5,57140 > 162381 > 193330 > 162476 > 51535 > 61554
81253,reaches_CEO,5,81253 > 181886 > 181201 > 139032 > 11277 > 61554
75262,reaches_CEO,5,75262 > 155570 > 71532 > 109308 > 110464 > 61554
62066,reaches_CEO,5,62066 > 169231 > 164851 > 154041 > 11277 > 61554
94873,reaches_CEO,5,94873 > 15277 > 132307 > 185673 > 51535 > 61554
25479,reaches_CEO,5,25479 > 75242 > 60121 > 109804 > 51535 > 61554
42200,reaches_CEO,5,42200 > 160618 > 83356 > 84011 > 11277 > 61554
4815,reaches_CEO,5,4815 > 182038 > 79285 > 34280 > 11277 > 61554
102195,reaches_CEO,5,102195 > 142276 > 185138 > 152500 > 93708 > 61554
69184,reaches_CEO,5,69184 > 171461 > 138823 > 124994 > 93708 > 61554
45133,reaches_CEO,5,45133 > 5875 > 146600 > 107658 > 110464 > 61554
194606,reaches_CEO,5,194606 > 194078 > 162889 > 109308 > 110464 > 61554
192592,reaches_CEO,5,192592 > 43858 > 171351 > 79693 > 51535 > 61554
122567,reaches_CEO,4,122567 > 42270 > 79693 > 51535 > 61554
130321,reaches_CEO,5,130321 > 82698 > 49727 > 84011 > 11277 > 61554
37347,reaches_CEO,5,37347 > 11275 > 87344 > 138045 > 110464 > 61554
39704,reaches_CEO,5,39704 > 148260 > 89053 > 97647 > 110464 > 61554
187154,reaches_CEO,5,187154 > 118329 > 181201 > 139032 > 11277 > 61554
56162,reaches_CEO,5,56162 > 21086 > 24015 > 125855 > 93708 > 61554
127623,reaches_CEO,4,127623 > 72243 > 162476 > 51535 > 61554
138249,reaches_CEO,5,138249 > 90834 > 157492 > 34280 > 11277 > 61554
33450,reaches_CEO,5,33450 > 10773 > 113589 > 190801 > 51535 > 61554
162303,reaches_CEO,5,162303 > 8193 > 152076 > 69728 > 51535 > 61554
41352,reaches_CEO,5,41352 > 77844 > 3917 > 139032 > 11277 > 61554
108019,reaches_CEO,5,108019 > 147016 > 32248 > 34280 > 11277 > 61554
166199,reaches_CEO,5,166199 > 46178 > 42270 > 79693 > 51535 > 61554
21022,reaches_CEO,5,21022 > 192145 > 145667 > 142146 > 11277 > 61554
33704,reaches_CEO,5,33704 > 182038 > 79285 > 34280 > 11277 > 61554
72243,reaches_CEO,3,72243 > 162476 > 51535 > 61554
129631,reaches_CEO,5,129631 > 157064 > 125912 > 107658 > 110464 > 61554
23565,reaches_CEO,4,23565 > 78493 > 197876 > 11277 > 61554
189124,reaches_CEO,5,189124 > 29410 > 145161 > 69728 > 51535 > 61554
194796,reaches_CEO,5,194796 > 8198 > 98225 > 162476 > 51535 > 61554
155376,reaches_CEO,5,155376 > 82698 > 49727 > 84011 > 11277 > 61554
164806,reaches_CEO,5,164806 > 79237 > 124893 > 149778 > 110464 > 61554
52658,reaches_CEO,5,52658 > 95522 > 91869 > 40920 > 110464 > 61554
105454,reaches_CEO,5,105454 > 136313 > 8207 > 185673 > 51535 > 61554
38743,reaches_CEO,5,38743 > 48742 > 28697 > 79693 > 51535 > 61554
24656,reaches_CEO,5,24656 > 29547 > 47553 > 69728 > 51535 > 61554
33323,reaches_CEO,5,33323 > 59327 > 24681 > 124994 > 93708 > 61554
120281,reaches_CEO,5,120281 > 61811 > 78493 > 197876 > 11277 > 61554
181264,reaches_CEO,5,181264 > 7349 > 121233 > 176424 > 110464 > 61554
62413,reaches_CEO,5,62413 > 113618 > 103443 > 97647 > 110464 > 61554
31371,reaches_CEO,5,31371 > 103912 > 89002 > 34280 > 11277 > 61554
68766,reaches_CEO,5,68766 > 88370 > 110260 > 125855 > 93708 > 61554
4873,reaches_CEO,5,4873 > 52319 > 154897 > 34280 > 11277 > 61554
195435,reaches_CEO,5,195435 > 184998 > 183175 > 197876 > 11277 > 61554
26639,reaches_CEO,5,26639 > 77866 > 181566 > 97647 > 110464 > 61554
169469,reaches_CEO,5,169469 > 145126 > 114472 > 197876 > 11277 > 61554
49210,reaches_CEO,5,49210 > 53374 > 157492 > 34280 > 11277 > 61554
62873,reaches_CEO,5,62873 > 102727 > 114137 > 107658 > 110464 > 61554
114529,reaches_CEO,5,114529 > 102043 > 89053 > 97647 > 110464 > 61554
194656,reaches_CEO,5,194656 > 136468 > 167941 > 34051 > 11277 > 61554
73247,reaches_CEO,5,73247 > 52796 > 135238 > 84011 > 11277 > 61554
176703,reaches_CEO,5,176703 > 32405 > 24681 > 124994 > 93708 > 61554
47643,reaches_CEO,5,47643 > 754 > 25036 > 152500 > 93708 > 61554
186623,reaches_CEO,5,186623 > 167877 > 119833 > 84011 > 11277 > 61554
199068,reaches_CEO,5,199068 > 54315 > 78493 > 197876 > 11277 > 61554
21693,reaches_CEO,5,21693 > 46178 > 42270 > 79693 > 51535 > 61554
99262,reaches_CEO,5,99262 > 8182 > 181310 > 139032 > 11277 > 61554
31679,reaches_CEO,5,31679 > 8812 > 171266 > 71889 > 93708 > 61554
144173,reaches_CEO,5,144173 > 125114 > 41533 > 177860 > 93708 > 61554
199580,reaches_CEO,5,199580 > 167921 > 147555 > 107152 > 51535 > 61554
131520,reaches_CEO,5,131520 > 183065 > 8207 > 185673 > 51535 > 61554
191913,reaches_CEO,5,191913 > 754 > 25036 > 152500 > 93708 > 61554
3737,reaches_CEO,5,3737 > 98931 > 103443 > 97647 > 110464 > 61554
23751,reaches_CEO,5,23751 > 187053 > 194121 > 176367 > 51535 > 61554
110282,reaches_CEO,5,110282 > 74066 > 61403 > 69728 > 51535 > 61554
106349,reaches_CEO,5,106349 > 22977 > 41533 > 177860 > 93708 > 61554
138434,reaches_CEO,5,138434 > 55476 > 82419 > 74062 > 110464 > 61554
107493,reaches_CEO,4,107493 > 132307 > 185673 > 51535 > 61554
193330,reaches_CEO,3,193330 > 162476 > 51535 > 61554
155225,reaches_CEO,5,155225 > 154292 > 72243 > 162476 > 51535 > 61554
91547,reaches_CEO,5,91547 > 64452 > 3235 > 84011 > 11277 > 61554
187952,reaches_CEO,5,187952 > 180854 > 65451 > 139032 > 11277 > 61554
173162,reaches_CEO,5,173162 > 167877 > 119833 > 84011 > 11277 > 61554
78493,reaches_CEO,3,78493 > 197876 > 11277 > 61554
117458,reaches_CEO,5,117458 > 198814 > 181566 > 97647 > 110464 > 61554
8198,reaches_CEO,4,8198 > 98225 > 162476 > 51535 > 61554
185200,reaches_CEO,5,185200 > 14299 > 194121 > 176367 > 51535 > 61554
105936,reaches_CEO,5,105936 > 10357 > 196484 > 176424 > 110464 > 61554
36531,reaches_CEO,5,36531 > 56316 > 32248 > 34280 > 11277 > 61554
46442,reaches_CEO,5,46442 > 59327 > 24681 > 124994 > 93708 > 61554
160158,reaches_CEO,5,160158 > 144928 > 134865 > 197876 > 11277 > 61554
179228,reaches_CEO,5,179228 > 97040 > 95935 > 71889 > 93708 > 61554
100942,reaches_CEO,3,100942 > 36075 > 11277 > 61554
15465,reaches_CEO,5,15465 > 76435 > 183175 > 197876 > 11277 > 61554
160273,reaches_CEO,5,160273 > 162196 > 39726 > 69728 > 51535 > 61554
83473,reaches_CEO,5,83473 > 81421 > 45969 > 26053 > 93708 > 61554
104068,reaches_CEO,5,104068 > 23737 > 198893 > 124994 > 93708 > 61554
151256,reaches_CEO,5,151256 > 43602 > 18295 > 176367 > 51535 > 61554
50374,reaches_CEO,5,50374 > 52525 > 192589 > 55537 > 51535 > 61554
106818,reaches_CEO,5,106818 > 190566 > 168545 > 176424 > 110464 > 61554
196768,reaches_CEO,5,196768 > 67178 > 20378 > 124994 > 93708 > 61554
106828,reaches_CEO,5,106828 > 132026 > 167223 > 40920 > 110464 > 61554
154109,reaches_CEO,5,154109 > 75860 > 91654 > 109804 > 51535 > 61554
122208,reaches_CEO,5,122208 > 59353 > 152076 > 69728 > 51535 > 61554
186283,reaches_CEO,4,186283 > 132307 > 185673 > 51535 > 61554
43316,reaches_CEO,5,43316 > 4394 > 118233 > 149778 > 110464 > 61554
43412,reaches_CEO,5,43412 > 182116 > 3235 > 84011 > 11277 > 61554
21919,reaches_CEO,5,21919 > 41080 > 77851 > 36075 > 11277 > 61554
158371,reaches_CEO,5,158371 > 7255 > 167482 > 133795 > 51535 > 61554
114572,reaches_CEO,4,114572 > 5692 > 149778 > 110464 > 61554
188487,reaches_CEO,5,188487 > 119576 > 27660 > 69728 > 51535 > 61554
34977,reaches_CEO,4,34977 > 94362 > 34051 > 11277 > 61554
170476,reaches_CEO,5,170476 > 169574 > 114137 > 107658 > 110464 > 61554
16207,reaches_CEO,5,16207 > 199950 > 41533 > 177860 > 93708 > 61554
76696,reaches_CEO,5,76696 > 18939 > 167941 > 34051 > 11277 > 61554
58522,reaches_CEO,4,58522 > 39726 > 69728 > 51535 > 61554
130978,reaches_CEO,5,130978 > 81811 > 94454 > 84011 > 11277 > 61554
1872,reaches_CEO,4,1872 > 154285 > 107152 > 51535 > 61554
118175,reaches_CEO,5,118175 > 51121 > 59566 > 125855 > 93708 > 61554
14618,reaches_CEO,5,14618 > 98419 > 69550 > 74062 > 110464 > 61554
124044,reaches_CEO,5,124044 > 26183 > 145667 > 142146 > 11277 > 61554
57358,reaches_CEO,5,57358 > 150408 > 61403 > 69728 > 51535 > 61554
34714,reaches_CEO,4,34714 > 32248 > 34280 > 11277 > 61554
97261,reaches_CEO,5,97261 > 132399 > 94362 > 34051 > 11277 > 61554
107617,reaches_CEO,5,107617 > 21377 > 65174 > 154041 > 11277 > 61554
127930,reaches_CEO,5,127930 > 162518 > 32510 > 197876 > 11277 > 61554
865,reaches_CEO,5,865 > 48690 > 92713 > 96752 > 11277 > 61554
161105,reaches_CEO,5,161105 > 181219 > 196484 > 176424 > 110464 > 61554
23195,reaches_CEO,5,23195 > 102026 > 40475 > 56068 > 11277 > 61554
195150,reaches_CEO,5,195150 > 128447 > 193330 > 162476 > 51535 > 61554
76792,reaches_CEO,5,76792 > 80240 > 50665 > 71889 > 93708 > 61554
107937,reaches_CEO,5,107937 > 191289 > 71595 > 55537 > 51535 > 61554
145740,reaches_CEO,5,145740 > 64452 > 3235 > 84011 > 11277 > 61554
44997,reaches_CEO,5,44997 > 132309 > 163049 > 56068 > 11277 > 61554
93792,reaches_CEO,5,93792 > 61988 > 49002 > 109804 > 51535 > 61554
175619,reaches_CEO,5,175619 > 142630 > 171266 > 71889 > 93708 > 61554
109727,reaches_CEO,5,109727 > 742 > 192056 > 71889 > 93708 > 61554
131233,reaches_CEO,5,131233 > 149696 > 135238 > 84011 > 11277 > 61554
197010,reaches_CEO,5,197010 > 142630 > 171266 > 71889 > 93708 > 61554
137633,reaches_CEO,5,137633 > 7095 > 171266 > 71889 > 93708 > 61554
84737,reaches_CEO,5,84737 > 103912 > 89002 > 34280 > 11277 > 61554
168902,reaches_CEO,5,168902 > 154170 > 27660 > 69728 > 51535 > 61554
71693,reaches_CEO,5,71693 > 70819 > 161284 > 109804 > 51535 > 61554
286,reaches_CEO,5,286 > 113189 > 193088 > 96752 > 11277 > 61554
100411,reaches_CEO,5,100411 > 98520 > 70434 > 149778 > 110464 > 61554
82649,reaches_CEO,5,82649 > 119774 > 66119 > 34051 > 11277 > 61554
155603,reaches_CEO,5,155603 > 37220 > 7558 > 69728 > 51535 > 61554
34931,reaches_CEO,5,34931 > 162381 > 193330 > 162476 > 51535 > 61554
147949,reaches_CEO,5,147949 > 84828 > 33814 > 190801 > 51535 > 61554
195920,reaches_CEO,5,195920 > 184885 > 77857 > 152500 > 93708 > 61554
109120,reaches_CEO,5,109120 > 83032 > 87344 > 138045 > 110464 > 61554
5675,reaches_CEO,5,5675 > 39417 > 140317 > 107152 > 51535 > 61554
147934,reaches_CEO,5,147934 > 43704 > 39785 > 177860 > 93708 > 61554
52119,reaches_CEO,5,52119 > 162196 > 39726 > 69728 > 51535 > 61554
189752,reaches_CEO,5,189752 > 30488 > 115539 > 71499 > 110464 > 61554
147498,reaches_CEO,5,147498 > 85426 > 24015 > 125855 > 93708 > 61554
14733,reaches_CEO,5,14733 > 136861 > 157492 > 34280 > 11277 > 61554
172591,reaches_CEO,5,172591 > 65856 > 120639 > 142146 > 11277 > 61554
120216,reaches_CEO,5,120216 > 127544 > 65451 > 139032 > 11277 > 61554
168791,reaches_CEO,4,168791 > 5342 > 133795 > 51535 > 61554
6839,reaches_CEO,5,6839 > 126515 > 24681 > 124994 > 93708 > 61554
72338,reaches_CEO,5,72338 > 132283 > 49002 > 109804 > 51535 > 61554
120055,reaches_CEO,5,120055 > 93223 > 92567 > 162476 > 51535 > 61554
1628,reaches_CEO,5,1628 > 53109 > 130489 > 36075 > 11277 > 61554
20323,reaches_CEO,5,20323 > 134658 > 65522 > 34051 > 11277 > 61554
36233,reaches_CEO,5,36233 > 40904 > 92567 > 162476 > 51535 > 61554
146629,reaches_CEO,3,146629 > 190801 > 51535 > 61554
179282,reaches_CEO,5,179282 > 55481 > 72243 > 162476 > 51535 > 61554
114821,reaches_CEO,5,114821 > 148236 > 2308 > 84011 > 11277 > 61554
132597,reaches_CEO,5,132597 > 65883 > 103443 > 97647 > 110464 > 61554
123860,reaches_CEO,5,123860 > 167877 > 119833 > 84011 > 11277 > 61554
13970,reaches_CEO,5,13970 > 46178 > 42270 > 79693 > 51535 > 61554
49822,reaches_CEO,5,49822 > 154292 > 72243 > 162476 > 51535 > 61554
128373,reaches_CEO,5,128373 > 185982 > 171907 > 142146 > 11277 > 61554
88543,reaches_CEO,5,88543 > 84230 > 5692 > 149778 > 110464 > 61554
4345,reaches_CEO,5,4345 > 107547 > 83356 > 84011 > 11277 > 61554
121073,reaches_CEO,5,121073 > 197832 > 139507 > 97647 > 110464 > 61554
153748,reaches_CEO,5,153748 > 85791 > 134865 > 197876 > 11277 > 61554
191418,reaches_CEO,3,191418 > 36075 > 11277 > 61554
46411,reaches_CEO,5,46411 > 144976 > 145667 > 142146 > 11277 > 61554
12649,reaches_CEO,4,12649 > 17837 > 176367 > 51535 > 61554
11915,reaches_CEO,5,11915 > 742 > 192056 > 71889 > 93708 > 61554
63578,reaches_CEO,5,63578 > 122762 > 17395 > 96752 > 11277 > 61554
161458,reaches_CEO,5,161458 > 69200 > 79285 > 34280 > 11277 > 61554
132713,reaches_CEO,5,132713 > 131525 > 172989 > 34051 > 11277 > 61554
183853,reaches_CEO,5,183853 > 48730 > 181566 > 97647 > 110464 > 61554
23982,reaches_CEO,5,23982 > 140542 > 2308 > 84011 > 11277 > 61554
24371,reaches_CEO,5,24371 > 172541 > 138823 > 124994 > 93708 > 61554
119979,reaches_CEO,5,119979 > 62161 > 125912 > 107658 > 110464 > 61554
101647,reaches_CEO,5,101647 > 193518 > 78493 > 197876 > 11277 > 61554
126176,reaches_CEO,5,126176 > 98419 > 69550 > 74062 > 110464 > 61554
25452,reaches_CEO,5,25452 > 82657 > 171907 > 142146 > 11277 > 61554
191653,reaches_CEO,5,191653 > 59327 > 24681 > 124994 > 93708 > 61554
58541,reaches_CEO,5,58541 > 183824 > 113589 > 190801 > 51535 > 61554
65292,reaches_CEO,5,65292 > 189890 > 171351 > 79693 > 51535 > 61554
193439,reaches_CEO,5,193439 > 42096 > 89002 > 34280 > 11277 > 61554
139383,reaches_CEO,5,139383 > 30468 > 39726 > 69728 > 51535 > 61554
80192,reaches_CEO,5,80192 > 146220 > 196484 > 176424 > 110464 > 61554
102797,reaches_CEO,5,102797 > 178314 > 115539 > 71499 > 110464 > 61554
151707,reaches_CEO,5,151707 > 199184 > 66119 > 34051 > 11277 > 61554
7911,reaches_CEO,5,7911 > 9706 > 78493 > 197876 > 11277 > 61554
19937,reaches_CEO,5,19937 > 7212 > 69550 > 74062 > 110464 > 61554
162976,reaches_CEO,5,162976 > 123263 > 21604 > 26053 > 93708 > 61554
13212,reaches_CEO,5,13212 > 189627 > 130489 > 36075 > 11277 > 61554
7314,reaches_CEO,5,7314 > 101484 > 91654 > 109804 > 51535 > 61554
107547,reaches_CEO,4,107547 > 83356 > 84011 > 11277 > 61554
159838,reaches_CEO,4,159838 > 167223 > 40920 > 110464 > 61554
7966,reaches_CEO,4,7966 > 49727 > 84011 > 11277 > 61554
117246,reaches_CEO,5,117246 > 29733 > 50665 > 71889 > 93708 > 61554
29161,reaches_CEO,5,29161 > 110878 > 119481 > 79693 > 51535 > 61554
154891,reaches_CEO,4,154891 > 146629 > 190801 > 51535 > 61554
18325,reaches_CEO,5,18325 > 107547 > 83356 > 84011 > 11277 > 61554
117005,reaches_CEO,5,117005 > 92585 > 114137 > 107658 > 110464 > 61554
85865,reaches_CEO,5,85865 > 64724 > 37154 > 138045 > 110464 > 61554
125223,reaches_CEO,5,125223 > 180854 > 65451 > 139032 > 11277 > 61554
123150,reaches_CEO,5,123150 > 181421 > 107049 > 34280 > 11277 > 61554
192129,reaches_CEO,5,192129 > 167650 > 119481 > 79693 > 51535 > 61554
190330,reaches_CEO,5,190330 > 172246 > 49727 > 84011 > 11277 > 61554
59128,reaches_CEO,5,59128 > 198879 > 83356 > 84011 > 11277 > 61554
51168,reaches_CEO,5,51168 > 193518 > 78493 > 197876 > 11277 > 61554
54260,reaches_CEO,5,54260 > 16073 > 139507 > 97647 > 110464 > 61554
160011,reaches_CEO,5,160011 > 118769 > 119832 > 190801 > 51535 > 61554
111937,reaches_CEO,5,111937 > 21470 > 143437 > 71499 > 110464 > 61554
41721,reaches_CEO,4,41721 > 162889 > 109308 > 110464 > 61554
180036,reaches_CEO,5,180036 > 147642 > 100942 > 36075 > 11277 > 61554
174800,reaches_CEO,4,174800 > 158490 > 74062 > 110464 > 61554
48884,reaches_CEO,5,48884 > 132399 > 94362 > 34051 > 11277 > 61554
82250,reaches_CEO,5,82250 > 129734 > 17837 > 176367 > 51535 > 61554
170681,reaches_CEO,5,170681 > 62043 > 189937 > 55537 > 51535 > 61554
90393,reaches_CEO,5,90393 > 43937 > 95935 > 71889 > 93708 > 61554
49161,reaches_CEO,5,49161 > 5374 > 167941 > 34051 > 11277 > 61554
158243,reaches_CEO,5,158243 > 79807 > 92567 > 162476 > 51535 > 61554
157985,reaches_CEO,5,157985 > 102498 > 192056 > 71889 > 93708 > 61554
164378,reaches_CEO,5,164378 > 132360 > 120639 > 142146 > 11277 > 61554
43986,reaches_CEO,5,43986 > 184885 > 77857 > 152500 > 93708 > 61554
34423,reaches_CEO,5,34423 > 160289 > 79285 > 34280 > 11277 > 61554
62806,reaches_CEO,5,62806 > 132399 > 94362 > 34051 > 11277 > 61554
638,reaches_CEO,5,638 > 94683 > 124893 > 149778 > 110464 > 61554
603,reaches_CEO,5,603 > 189890 > 171351 > 79693 > 51535 > 61554
157303,reaches_CEO,5,157303 > 56451 > 193088 > 96752 > 11277 > 61554
100979,reaches_CEO,5,100979 > 55972 > 59566 > 125855 > 93708 > 61554
39659,reaches_CEO,5,39659 > 16510 > 77851 > 36075 > 11277 > 61554
45128,reaches_CEO,5,45128 > 89837 > 37154 > 138045 > 110464 > 61554
73509,reaches_CEO,5,73509 > 9239 > 47127 > 84011 > 11277 > 61554
84660,reaches_CEO,5,84660 > 149135 > 119481 > 79693 > 51535 > 61554
78089,reaches_CEO,5,78089 > 29960 > 118233 > 149778 > 110464 > 61554
46460,reaches_CEO,5,46460 > 169223 > 5342 > 133795 > 51535 > 61554
8599,reaches_CEO,5,8599 > 132026 > 167223 > 40920 > 110464 > 61554
52681,reaches_CEO,5,52681 > 150408 > 61403 > 69728 > 51535 > 61554
13272,reaches_CEO,5,13272 > 81490 > 65174 > 154041 > 11277 > 61554
122831,reaches_CEO,5,122831 > 17291 > 92713 > 96752 > 11277 > 61554
198586,reaches_CEO,5,198586 > 119658 > 61403 > 69728 > 51535 > 61554
57761,reaches_CEO,5,57761 > 116750 > 145161 > 69728 > 51535 > 61554
115744,reaches_CEO,5,115744 > 126257 > 98225 > 162476 > 51535 > 61554
169973,reaches_CEO,5,169973 > 91979 > 116660 > 26053 > 93708 > 61554
54436,reaches_CEO,5,54436 > 92210 > 78493 > 197876 > 11277 > 61554
77283,reaches_CEO,5,77283 > 115694 > 152076 > 69728 > 51535 > 61554
79958,reaches_CEO,5,79958 > 61988 > 49002 > 109804 > 51535 > 61554
166301,reaches_CEO,5,166301 > 34163 > 65451 > 139032 > 11277 > 61554
67824,reaches_CEO,5,67824 > 88936 > 3235 > 84011 > 11277 > 61554
13374,reaches_CEO,5,13374 > 129734 > 17837 > 176367 > 51535 > 61554
113744,reaches_CEO,5,113744 > 63785 > 49002 > 109804 > 51535 > 61554
121241,reaches_CEO,5,121241 > 123263 > 21604 > 26053 > 93708 > 61554
165229,reaches_CEO,5,165229 > 29733 > 50665 > 71889 > 93708 > 61554
102157,reaches_CEO,5,102157 > 24071 > 119832 > 190801 > 51535 > 61554
4151,reaches_CEO,5,4151 > 61811 > 78493 > 197876 > 11277 > 61554
82824,reaches_CEO,5,82824 > 70819 > 161284 > 109804 > 51535 > 61554
124716,reaches_CEO,5,124716 > 52923 > 134865 > 197876 > 11277 > 61554
97422,reaches_CEO,4,97422 > 7531 > 152500 > 93708 > 61554
55763,reaches_CEO,5,55763 > 52796 > 135238 > 84011 > 11277 > 61554
189388,reaches_CEO,5,189388 > 102026 > 40475 > 56068 > 11277 > 61554
146969,reaches_CEO,5,146969 > 136468 > 167941 > 34051 > 11277 > 61554
144725,reaches_CEO,5,144725 > 2644 > 154897 > 34280 > 11277 > 61554
174692,reaches_CEO,5,174692 > 78516 > 164851 > 154041 > 11277 > 61554
32880,reaches_CEO,5,32880 > 75705 > 171266 > 71889 > 93708 > 61554
49784,reaches_CEO,5,49784 > 187053 > 194121 > 176367 > 51535 > 61554
176194,reaches_CEO,5,176194 > 4110 > 94454 > 84011 > 11277 > 61554
142245,reaches_CEO,5,142245 > 113124 > 65451 > 139032 > 11277 > 61554
98468,reaches_CEO,5,98468 > 181996 > 113589 > 190801 > 51535 > 61554
73533,reaches_CEO,5,73533 > 102712 > 157492 > 34280 > 11277 > 61554
116832,reaches_CEO,5,116832 > 158609 > 193088 > 96752 > 11277 > 61554
181836,reaches_CEO,5,181836 > 119302 > 25036 > 152500 > 93708 > 61554
140013,reaches_CEO,5,140013 > 27704 > 171907 > 142146 > 11277 > 61554
48069,reaches_CEO,5,48069 > 60489 > 24489 > 176424 > 110464 > 61554
190039,reaches_CEO,5,190039 > 22090 > 156036 > 74062 > 110464 > 61554
135734,reaches_CEO,5,135734 > 67522 > 141808 > 34051 > 11277 > 61554
137823,reaches_CEO,5,137823 > 32405 > 24681 > 124994 > 93708 > 61554
113887,reaches_CEO,5,113887 > 197206 > 91869 > 40920 > 110464 > 61554
81945,reaches_CEO,5,81945 > 193518 > 78493 > 197876 > 11277 > 61554
64641,reaches_CEO,5,64641 > 98931 > 103443 > 97647 > 110464 > 61554
187898,reaches_CEO,5,187898 > 108428 > 117030 > 109804 > 51535 > 61554
3785,reaches_CEO,5,3785 > 190249 > 134556 > 138045 > 110464 > 61554
156742,reaches_CEO,5,156742 > 81644 > 146629 > 190801 > 51535 > 61554
8593,reaches_CEO,5,8593 > 193518 > 78493 > 197876 > 11277 > 61554
63134,reaches_CEO,5,63134 > 71945 > 183869 > 185673 > 51535 > 61554
150206,reaches_CEO,5,150206 > 151696 > 77857 > 152500 > 93708 > 61554
6734,reaches_CEO,5,6734 > 116180 > 113589 > 190801 > 51535 > 61554
42324,reaches_CEO,5,42324 > 137776 > 40132 > 190801 > 51535 > 61554
36763,reaches_CEO,5,36763 > 119658 > 61403 > 69728 > 51535 > 61554
43351,reaches_CEO,5,43351 > 29547 > 47553 > 69728 > 51535 > 61554
154943,reaches_CEO,5,154943 > 190065 > 143437 > 71499 > 110464 > 61554
161048,reaches_CEO,5,161048 > 134982 > 66119 > 34051 > 11277 > 61554
15932,reaches_CEO,5,15932 > 54315 > 78493 > 197876 > 11277 > 61554
195956,reaches_CEO,5,195956 > 7212 > 69550 > 74062 > 110464 > 61554
89935,reaches_CEO,5,89935 > 87613 > 140317 > 107152 > 51535 > 61554
190143,reaches_CEO,5,190143 > 95169 > 176804 > 139032 > 11277 > 61554
126368,reaches_CEO,4,126368 > 183175 > 197876 > 11277 > 61554
55636,reaches_CEO,4,55636 > 45969 > 26053 > 93708 > 61554
68821,reaches_CEO,4,68821 > 183869 > 185673 > 51535 > 61554
132306,reaches_CEO,5,132306 > 75045 > 124893 > 149778 > 110464 > 61554
12909,reaches_CEO,5,12909 > 129626 > 118233 > 149778 > 110464 > 61554
176985,reaches_CEO,5,176985 > 148032 > 172989 > 34051 > 11277 > 61554
114479,reaches_CEO,5,114479 > 22145 > 134865 > 197876 > 11277 > 61554
139678,reaches_CEO,5,139678 > 12649 > 17837 > 176367 > 51535 > 61554
21600,reaches_CEO,5,21600 > 52525 > 192589 > 55537 > 51535 > 61554
52096,reaches_CEO,5,52096 > 141317 > 24691 > 56068 > 11277 > 61554
32197,reaches_CEO,5,32197 > 131525 > 172989 > 34051 > 11277 > 61554
15326,reaches_CEO,5,15326 > 150300 > 89053 > 97647 > 110464 > 61554
158933,reaches_CEO,5,158933 > 85426 > 24015 > 125855 > 93708 > 61554
35391,reaches_CEO,5,35391 > 192414 > 47755 > 154041 > 11277 > 61554
111974,reaches_CEO,4,111974 > 192589 > 55537 > 51535 > 61554
55481,reaches_CEO,4,55481 > 72243 > 162476 > 51535 > 61554
126532,reaches_CEO,5,126532 > 145710 > 167482 > 133795 > 51535 > 61554
72644,reaches_CEO,5,72644 > 126257 > 98225 > 162476 > 51535 > 61554
162469,reaches_CEO,5,162469 > 180930 > 91117 > 34051 > 11277 > 61554
123306,reaches_CEO,5,123306 > 98967 > 115539 > 71499 > 110464 > 61554
136335,reaches_CEO,5,136335 > 124014 > 79285 > 34280 > 11277 > 61554
58186,reaches_CEO,5,58186 > 79735 > 147555 > 107152 > 51535 > 61554
124423,reaches_CEO,5,124423 > 168342 > 92567 > 162476 > 51535 > 61554
147696,reaches_CEO,5,147696 > 27393 > 198366 > 142146 > 11277 > 61554
138954,reaches_CEO,5,138954 > 123358 > 167941 > 34051 > 11277 > 61554
82791,reaches_CEO,5,82791 > 15768 > 77857 > 152500 > 93708 > 61554
2255,reaches_CEO,5,2255 > 179149 > 21604 > 26053 > 93708 > 61554
143832,reaches_CEO,5,143832 > 5889 > 21604 > 26053 > 93708 > 61554
115490,reaches_CEO,5,115490 > 77844 > 3917 > 139032 > 11277 > 61554
13959,reaches_CEO,5,13959 > 102498 > 192056 > 71889 > 93708 > 61554
61175,reaches_CEO,5,61175 > 122762 > 17395 > 96752 > 11277 > 61554
170685,reaches_CEO,5,170685 > 54315 > 78493 > 197876 > 11277 > 61554
95077,reaches_CEO,5,95077 > 185976 > 119832 > 190801 > 51535 > 61554
197313,reaches_CEO,5,197313 > 82698 > 49727 > 84011 > 11277 > 61554
172681,reaches_CEO,5,172681 > 191073 > 181201 > 139032 > 11277 > 61554
148249,reaches_CEO,5,148249 > 198240 > 94454 > 84011 > 11277 > 61554
115496,reaches_CEO,5,115496 > 149245 > 91869 > 40920 > 110464 > 61554
46339,reaches_CEO,5,46339 > 41175 > 61403 > 69728 > 51535 > 61554
7953,reaches_CEO,5,7953 > 190249 > 134556 > 138045 > 110464 > 61554
190009,reaches_CEO,5,190009 > 742 > 192056 > 71889 > 93708 > 61554
49053,reaches_CEO,5,49053 > 51738 > 183869 > 185673 > 51535 > 61554
8559,reaches_CEO,5,8559 > 172541 > 138823 > 124994 > 93708 > 61554
77952,reaches_CEO,5,77952 > 118329 > 181201 > 139032 > 11277 > 61554
169331,reaches_CEO,5,169331 > 12679 > 3917 > 139032 > 11277 > 61554
56351,reaches_CEO,5,56351 > 167877 > 119833 > 84011 > 11277 > 61554
149482,reaches_CEO,5,149482 > 190778 > 155485 > 40920 > 110464 > 61554
187183,reaches_CEO,4,187183 > 143437 > 71499 > 110464 > 61554
178686,reaches_CEO,5,178686 > 14299 > 194121 > 176367 > 51535 > 61554
175611,reaches_CEO,5,175611 > 144211 > 194121 > 176367 > 51535 > 61554
195311,reaches_CEO,5,195311 > 164326 > 193088 > 96752 > 11277 > 61554
69892,reaches_CEO,5,69892 > 140393 > 117030 > 109804 > 51535 > 61554
183570,reaches_CEO,5,183570 > 59705 > 181201 > 139032 > 11277 > 61554
59647,reaches_CEO,5,59647 > 51293 > 172989 > 34051 > 11277 > 61554
30093,reaches_CEO,5,30093 > 189627 > 130489 > 36075 > 11277 > 61554
197898,reaches_CEO,5,197898 > 77670 > 66119 > 34051 > 11277 > 61554
11732,reaches_CEO,5,11732 > 146404 > 143437 > 71499 > 110464 > 61554
41080,reaches_CEO,4,41080 > 77851 > 36075 > 11277 > 61554
46770,reaches_CEO,5,46770 > 177805 > 87344 > 138045 > 110464 > 61554
126237,reaches_CEO,5,126237 > 26468 > 189937 > 55537 > 51535 > 61554
118983,reaches_CEO,5,118983 > 136147 > 100942 > 36075 > 11277 > 61554
6844,reaches_CEO,5,6844 > 32405 > 24681 > 124994 > 93708 > 61554
20828,reaches_CEO,4,20828 > 156036 > 74062 > 110464 > 61554
26103,reaches_CEO,5,26103 > 170076 > 3802 > 133795 > 51535 > 61554
8337,reaches_CEO,5,8337 > 16073 > 139507 > 97647 > 110464 > 61554
52525,reaches_CEO,4,52525 > 192589 > 55537 > 51535 > 61554
172577,reaches_CEO,5,172577 > 15768 > 77857 > 152500 > 93708 > 61554
106642,reaches_CEO,5,106642 > 48912 > 171351 > 79693 > 51535 > 61554
12488,reaches_CEO,5,12488 > 123258 > 69550 > 74062 > 110464 > 61554
170172,reaches_CEO,5,170172 > 19524 > 167223 > 40920 > 110464 > 61554
152926,reaches_CEO,5,152926 > 87762 > 154897 > 34280 > 11277 > 61554
188001,reaches_CEO,5,188001 > 150189 > 138823 > 124994 > 93708 > 61554
113874,reaches_CEO,5,113874 > 126368 > 183175 > 197876 > 11277 > 61554
140393,reaches_CEO,4,140393 > 117030 > 109804 > 51535 > 61554
139498,reaches_CEO,5,139498 > 27018 > 89619 > 26053 > 93708 > 61554
27436,reaches_CEO,5,27436 > 81644 > 146629 > 190801 > 51535 > 61554
132234,reaches_CEO,5,132234 > 65856 > 120639 > 142146 > 11277 > 61554
22142,reaches_CEO,5,22142 > 94039 > 107049 > 34280 > 11277 > 61554
26073,reaches_CEO,5,26073 > 142630 > 171266 > 71889 > 93708 > 61554
136903,reaches_CEO,5,136903 > 149970 > 155485 > 40920 > 110464 > 61554
539,reaches_CEO,5,539 > 18627 > 115907 > 97647 > 110464 > 61554
83242,reaches_CEO,5,83242 > 188118 > 114472 > 197876 > 11277 > 61554
88619,reaches_CEO,5,88619 > 48690 > 92713 > 96752 > 11277 > 61554
158387,reaches_CEO,5,158387 > 40904 > 92567 > 162476 > 51535 > 61554
167237,reaches_CEO,5,167237 > 84828 > 33814 > 190801 > 51535 > 61554
195460,reaches_CEO,5,195460 > 153551 > 47755 > 154041 > 11277 > 61554
26474,reaches_CEO,5,26474 > 59862 > 145161 > 69728 > 51535 > 61554
23986,reaches_CEO,5,23986 > 198778 > 167482 > 133795 > 51535 > 61554
8741,reaches_CEO,5,8741 > 142926 > 171351 > 79693 > 51535 > 61554
128450,reaches_CEO,5,128450 > 10922 > 198366 > 142146 > 11277 > 61554
133762,reaches_CEO,5,133762 > 72965 > 92713 > 96752 > 11277 > 61554
189575,reaches_CEO,5,189575 > 27718 > 89619 > 26053 > 93708 > 61554
34837,reaches_CEO,5,34837 > 21470 > 143437 > 71499 > 110464 > 61554
77345,reaches_CEO,5,77345 > 53374 > 157492 > 34280 > 11277 > 61554
79304,reaches_CEO,5,79304 > 48730 > 181566 > 97647 > 110464 > 61554
154261,reaches_CEO,5,154261 > 92585 > 114137 > 107658 > 110464 > 61554
194179,reaches_CEO,5,194179 > 34163 > 65451 > 139032 > 11277 > 61554
182807,reaches_CEO,5,182807 > 85426 > 24015 > 125855 > 93708 > 61554
126304,reaches_CEO,5,126304 > 55883 > 49002 > 109804 > 51535 > 61554
78773,reaches_CEO,5,78773 > 2644 > 154897 > 34280 > 11277 > 61554
105382,reaches_CEO,5,105382 > 98520 > 70434 > 149778 > 110464 > 61554
50559,reaches_CEO,5,50559 > 23565 > 78493 > 197876 > 11277 > 61554
69128,reaches_CEO,5,69128 > 84230 > 5692 > 149778 > 110464 > 61554
47405,reaches_CEO,5,47405 > 179212 > 162889 > 109308 > 110464 > 61554
1078,reaches_CEO,5,1078 > 23565 > 78493 > 197876 > 11277 > 61554
129885,reaches_CEO,5,129885 > 73106 > 60121 > 109804 > 51535 > 61554
7106,reaches_CEO,5,7106 > 54997 > 66119 > 34051 > 11277 > 61554
44705,reaches_CEO,5,44705 > 110508 > 183869 > 185673 > 51535 > 61554
120274,reaches_CEO,5,120274 > 26505 > 121233 > 176424 > 110464 > 61554
101952,reaches_CEO,5,101952 > 41991 > 171907 > 142146 > 11277 > 61554
129213,reaches_CEO,5,129213 > 127623 > 72243 > 162476 > 51535 > 61554
130532,reaches_CEO,5,130532 > 187183 > 143437 > 71499 > 110464 > 61554
76107,reaches_CEO,5,76107 > 199282 > 82419 > 74062 > 110464 > 61554
195107,reaches_CEO,5,195107 > 15768 > 77857 > 152500 > 93708 > 61554
69664,reaches_CEO,5,69664 > 147249 > 27660 > 69728 > 51535 > 61554
9059,reaches_CEO,5,9059 > 79237 > 124893 > 149778 > 110464 > 61554
24686,reaches_CEO,5,24686 > 26183 > 145667 > 142146 > 11277 > 61554
7558,reaches_CEO,3,7558 > 69728 > 51535 > 61554
11291,reaches_CEO,5,11291 > 80128 > 171907 > 142146 > 11277 > 61554
98047,reaches_CEO,5,98047 > 178314 > 115539 > 71499 > 110464 > 61554
122102,reaches_CEO,5,122102 > 58522 > 39726 > 69728 > 51535 > 61554
175841,reaches_CEO,5,175841 > 170076 > 3802 > 133795 > 51535 > 61554
142317,reaches_CEO,5,142317 > 60373 > 155485 > 40920 > 110464 > 61554
138229,reaches_CEO,5,138229 > 123263 > 21604 > 26053 > 93708 > 61554
127313,reaches_CEO,5,127313 > 125775 > 91869 > 40920 > 110464 > 61554
188845,reaches_CEO,5,188845 > 131525 > 172989 > 34051 > 11277 > 61554
54760,reaches_CEO,5,54760 > 164501 > 138823 > 124994 > 93708 > 61554
39808,reaches_CEO,5,39808 > 96664 > 125912 > 107658 > 110464 > 61554
79552,reaches_CEO,5,79552 > 111508 > 82419 > 74062 > 110464 > 61554
92629,reaches_CEO,5,92629 > 120638 > 27660 > 69728 > 51535 > 61554
154897,reaches_CEO,3,154897 > 34280 > 11277 > 61554
107396,reaches_CEO,5,107396 > 146111 > 21604 > 26053 > 93708 > 61554
93126,reaches_CEO,5,93126 > 189890 > 171351 > 79693 > 51535 > 61554
159480,reaches_CEO,5,159480 > 16510 > 77851 > 36075 > 11277 > 61554
34280,reaches_CEO,2,34280 > 11277 > 61554
38760,reaches_CEO,5,38760 > 154170 > 27660 > 69728 > 51535 > 61554
199080,reaches_CEO,5,199080 > 64750 > 183869 > 185673 > 51535 > 61554
125456,reaches_CEO,5,125456 > 127544 > 65451 > 139032 > 11277 > 61554
180428,reaches_CEO,5,180428 > 8182 > 181310 > 139032 > 11277 > 61554
122506,reaches_CEO,5,122506 > 80043 > 99397 > 71889 > 93708 > 61554
177361,reaches_CEO,5,177361 > 75198 > 146600 > 107658 > 110464 > 61554
33329,reaches_CEO,5,33329 > 25367 > 191391 > 138045 > 110464 > 61554
113231,reaches_CEO,5,113231 > 11275 > 87344 > 138045 > 110464 > 61554
168301,reaches_CEO,5,168301 > 22145 > 134865 > 197876 > 11277 > 61554
42724,reaches_CEO,5,42724 > 1872 > 154285 > 107152 > 51535 > 61554
52695,reaches_CEO,5,52695 > 40904 > 92567 > 162476 > 51535 > 61554
2152,reaches_CEO,5,2152 > 8663 > 193088 > 96752 > 11277 > 61554
66998,reaches_CEO,5,66998 > 135848 > 121096 > 40920 > 110464 > 61554
67211,reaches_CEO,5,67211 > 48690 > 92713 > 96752 > 11277 > 61554
81158,reaches_CEO,5,81158 > 26757 > 23830 > 74062 > 110464 > 61554
160380,reaches_CEO,5,160380 > 90065 > 194121 > 176367 > 51535 > 61554
69200,reaches_CEO,4,69200 > 79285 > 34280 > 11277 > 61554
192865,reaches_CEO,5,192865 > 150408 > 61403 > 69728 > 51535 > 61554
119641,reaches_CEO,5,119641 > 62161 > 125912 > 107658 > 110464 > 61554
54203,reaches_CEO,5,54203 > 39417 > 140317 > 107152 > 51535 > 61554
196755,reaches_CEO,5,196755 > 149696 > 135238 > 84011 > 11277 > 61554
5993,reaches_CEO,5,5993 > 196490 > 165426 > 124994 > 93708 > 61554
174376,reaches_CEO,5,174376 > 132283 > 49002 > 109804 > 51535 > 61554
37254,reaches_CEO,5,37254 > 107694 > 50665 > 71889 > 93708 > 61554
184582,reaches_CEO,5,184582 > 198240 > 94454 > 84011 > 11277 > 61554
175333,reaches_CEO,5,175333 > 61811 > 78493 > 197876 > 11277 > 61554
54807,reaches_CEO,5,54807 > 180006 > 24681 > 124994 > 93708 > 61554
50341,reaches_CEO,5,50341 > 169833 > 59566 > 125855 > 93708 > 61554
79580,reaches_CEO,5,79580 > 128966 > 107049 > 34280 > 11277 > 61554
139010,reaches_CEO,5,139010 > 30468 > 39726 > 69728 > 51535 > 61554
144817,reaches_CEO,5,144817 > 74264 > 82419 > 74062 > 110464 > 61554
81180,reaches_CEO,5,81180 > 19806 > 32510 > 197876 > 11277 > 61554
160214,reaches_CEO,5,160214 > 78516 > 164851 > 154041 > 11277 > 61554
181185,reaches_CEO,5,181185 > 55653 > 47755 > 154041 > 11277 > 61554
196927,reaches_CEO,5,196927 > 52319 > 154897 > 34280 > 11277 > 61554
133012,reaches_CEO,5,133012 > 84230 > 5692 > 149778 > 110464 > 61554
78785,reaches_CEO,5,78785 > 187183 > 143437 > 71499 > 110464 > 61554
11601,reaches_CEO,5,11601 > 4110 > 94454 > 84011 > 11277 > 61554
147388,reaches_CEO,5,147388 > 116774 > 71595 > 55537 > 51535 > 61554
81720,reaches_CEO,5,81720 > 113189 > 193088 > 96752 > 11277 > 61554
161816,reaches_CEO,5,161816 > 198648 > 114137 > 107658 > 110464 > 61554
169355,reaches_CEO,5,169355 > 156010 > 28697 > 79693 > 51535 > 61554
195540,reaches_CEO,5,195540 > 147106 > 164851 > 154041 > 11277 > 61554
97878,reaches_CEO,4,97878 > 94362 > 34051 > 11277 > 61554
71923,reaches_CEO,5,71923 > 114011 > 28697 > 79693 > 51535 > 61554
18007,reaches_CEO,5,18007 > 5222 > 135238 > 84011 > 11277 > 61554
19934,reaches_CEO,5,19934 > 199950 > 41533 > 177860 > 93708 > 61554
185642,reaches_CEO,5,185642 > 55653 > 47755 > 154041 > 11277 > 61554
88008,reaches_CEO,5,88008 > 175434 > 157492 > 34280 > 11277 > 61554
20234,reaches_CEO,5,20234 > 77766 > 6027 > 74062 > 110464 > 61554
163350,reaches_CEO,5,163350 > 169231 > 164851 > 154041 > 11277 > 61554
142890,reaches_CEO,5,142890 > 87330 > 91654 > 109804 > 51535 > 61554
81565,reaches_CEO,5,81565 > 168942 > 185138 > 152500 > 93708 > 61554
95473,reaches_CEO,4,95473 > 65451 > 139032 > 11277 > 61554
118492,reaches_CEO,5,118492 > 754 > 25036 > 152500 > 93708 > 61554
73961,reaches_CEO,5,73961 > 29960 > 118233 > 149778 > 110464 > 61554
90973,reaches_CEO,5,90973 > 155437 > 119481 > 79693 > 51535 > 61554
19364,reaches_CEO,5,19364 > 180854 > 65451 > 139032 > 11277 > 61554
180909,reaches_CEO,5,180909 > 10786 > 165426 > 124994 > 93708 > 61554
133236,reaches_CEO,5,133236 > 6536 > 162889 > 109308 > 110464 > 61554
60899,reaches_CEO,5,60899 > 33665 > 110260 > 125855 > 93708 > 61554
112523,reaches_CEO,5,112523 > 754 > 25036 > 152500 > 93708 > 61554
51838,reaches_CEO,5,51838 > 154375 > 24015 > 125855 > 93708 > 61554
43519,reaches_CEO,5,43519 > 112302 > 71595 > 55537 > 51535 > 61554
5425,reaches_CEO,5,5425 > 77866 > 181566 > 97647 > 110464 > 61554
159650,reaches_CEO,5,159650 > 69903 > 17837 > 176367 > 51535 > 61554
83542,reaches_CEO,5,83542 > 48690 > 92713 > 96752 > 11277 > 61554
164036,reaches_CEO,5,164036 > 97878 > 94362 > 34051 > 11277 > 61554
134671,reaches_CEO,4,134671 > 114472 > 197876 > 11277 > 61554
48547,reaches_CEO,5,48547 > 84230 > 5692 > 149778 > 110464 > 61554
75846,reaches_CEO,5,75846 > 134671 > 114472 > 197876 > 11277 > 61554
187725,reaches_CEO,5,187725 > 180037 > 167941 > 34051 > 11277 > 61554
122830,reaches_CEO,5,122830 > 101484 > 91654 > 109804 > 51535 > 61554
83431,reaches_CEO,5,83431 > 51121 > 59566 > 125855 > 93708 > 61554
49605,reaches_CEO,5,49605 > 25934 > 154285 > 107152 > 51535 > 61554
108742,reaches_CEO,5,108742 > 73489 > 198366 > 142146 > 11277 > 61554
33188,reaches_CEO,5,33188 > 90834 > 157492 > 34280 > 11277 > 61554
143977,reaches_CEO,5,143977 > 143317 > 94362 > 34051 > 11277 > 61554
25293,reaches_CEO,5,25293 > 52319 > 154897 > 34280 > 11277 > 61554
195416,reaches_CEO,5,195416 > 141317 > 24691 > 56068 > 11277 > 61554
160605,reaches_CEO,5,160605 > 168342 > 92567 > 162476 > 51535 > 61554
77489,reaches_CEO,5,77489 > 134048 > 78493 > 197876 > 11277 > 61554
90033,reaches_CEO,5,90033 > 79 > 65174 > 154041 > 11277 > 61554
150518,reaches_CEO,5,150518 > 193763 > 194121 > 176367 > 51535 > 61554
144211,reaches_CEO,4,144211 > 194121 > 176367 > 51535 > 61554
14373,reaches_CEO,5,14373 > 147642 > 100942 > 36075 > 11277 > 61554
11535,reaches_CEO,5,11535 > 168905 > 193330 > 162476 > 51535 > 61554
34447,reaches_CEO,5,34447 > 140393 > 117030 > 109804 > 51535 > 61554
127121,reaches_CEO,5,127121 > 113618 > 103443 > 97647 > 110464 > 61554
112873,reaches_CEO,5,112873 > 43937 > 95935 > 71889 > 93708 > 61554
122297,reaches_CEO,5,122297 > 41335 > 33814 > 190801 > 51535 > 61554
50966,reaches_CEO,5,50966 > 194078 > 162889 > 109308 > 110464 > 61554
52625,reaches_CEO,5,52625 > 191073 > 181201 > 139032 > 11277 > 61554
61443,reaches_CEO,4,61443 > 116660 > 26053 > 93708 > 61554
80691,reaches_CEO,5,80691 > 39231 > 24681 > 124994 > 93708 > 61554
55286,reaches_CEO,5,55286 > 133420 > 120639 > 142146 > 11277 > 61554
66692,reaches_CEO,4,66692 > 66090 > 34280 > 11277 > 61554
166577,reaches_CEO,5,166577 > 71987 > 24015 > 125855 > 93708 > 61554
80456,reaches_CEO,5,80456 > 76435 > 183175 > 197876 > 11277 > 61554
52319,reaches_CEO,4,52319 > 154897 > 34280 > 11277 > 61554
87221,reaches_CEO,5,87221 > 46957 > 89002 > 34280 > 11277 > 61554
46921,reaches_CEO,5,46921 > 178147 > 24681 > 124994 > 93708 > 61554
180851,reaches_CEO,5,180851 > 191485 > 89002 > 34280 > 11277 > 61554
129429,reaches_CEO,5,129429 > 128447 > 193330 > 162476 > 51535 > 61554
60862,reaches_CEO,5,60862 > 147249 > 27660 > 69728 > 51535 > 61554
169654,reaches_CEO,5,169654 > 32159 > 176804 > 139032 > 11277 > 61554
82146,reaches_CEO,5,82146 > 104539 > 138823 > 124994 > 93708 > 61554
145844,reaches_CEO,5,145844 > 5374 > 167941 > 34051 > 11277 > 61554
20533,reaches_CEO,5,20533 > 194078 > 162889 > 109308 > 110464 > 61554
21950,reaches_CEO,5,21950 > 102026 > 40475 > 56068 > 11277 > 61554
1050,reaches_CEO,4,1050 > 71595 > 55537 > 51535 > 61554
173485,reaches_CEO,5,173485 > 154292 > 72243 > 162476 > 51535 > 61554
148382,reaches_CEO,5,148382 > 178797 > 47755 > 154041 > 11277 > 61554
107612,reaches_CEO,5,107612 > 63077 > 49727 > 84011 > 11277 > 61554
128922,reaches_CEO,5,128922 > 184998 > 183175 > 197876 > 11277 > 61554
145126,reaches_CEO,4,145126 > 114472 > 197876 > 11277 > 61554
196319,reaches_CEO,5,196319 > 141317 > 24691 > 56068 > 11277 > 61554
56276,reaches_CEO,5,56276 > 67151 > 49002 > 109804 > 51535 > 61554
110550,reaches_CEO,5,110550 > 95841 > 183869 > 185673 > 51535 > 61554
42892,reaches_CEO,5,42892 > 118506 > 25036 > 152500 > 93708 > 61554
112112,reaches_CEO,5,112112 > 59353 > 152076 > 69728 > 51535 > 61554
73778,reaches_CEO,5,73778 > 199184 > 66119 > 34051 > 11277 > 61554
174477,reaches_CEO,5,174477 > 59353 > 152076 > 69728 > 51535 > 61554
108138,reaches_CEO,5,108138 > 82463 > 158490 > 74062 > 110464 > 61554
11650,reaches_CEO,5,11650 > 29508 > 77857 > 152500 > 93708 > 61554
50864,reaches_CEO,5,50864 > 66453 > 171351 > 79693 > 51535 > 61554
754,reaches_CEO,4,754 > 25036 > 152500 > 93708 > 61554
234,reaches_CEO,5,234 > 171499 > 152076 > 69728 > 51535 > 61554
172985,reaches_CEO,5,172985 > 186283 > 132307 > 185673 > 51535 > 61554
58531,reaches_CEO,5,58531 > 119774 > 66119 > 34051 > 11277 > 61554
188650,reaches_CEO,5,188650 > 135846 > 77851 > 36075 > 11277 > 61554
179481,reaches_CEO,5,179481 > 98931 > 103443 > 97647 > 110464 > 61554
59745,reaches_CEO,5,59745 > 115765 > 192056 > 71889 > 93708 > 61554
4394,reaches_CEO,4,4394 > 118233 > 149778 > 110464 > 61554
58585,reaches_CEO,5,58585 > 148260 > 89053 > 97647 > 110464 > 61554
74264,reaches_CEO,4,74264 > 82419 > 74062 > 110464 > 61554
188167,reaches_CEO,5,188167 > 175365 > 166741 > 97647 > 110464 > 61554
47612,reaches_CEO,5,47612 > 77844 > 3917 > 139032 > 11277 > 61554
112172,reaches_CEO,5,112172 > 37124 > 120639 > 142146 > 11277 > 61554
26208,reaches_CEO,5,26208 > 182028 > 184512 > 109804 > 51535 > 61554
151566,reaches_CEO,5,151566 > 131620 > 40475 > 56068 > 11277 > 61554
187790,reaches_CEO,5,187790 > 53374 > 157492 > 34280 > 11277 > 61554
76270,reaches_CEO,5,76270 > 191485 > 89002 > 34280 > 11277 > 61554
130928,reaches_CEO,5,130928 > 90639 > 103443 > 97647 > 110464 > 61554
151693,reaches_CEO,5,151693 > 168951 > 120639 > 142146 > 11277 > 61554
177448,reaches_CEO,5,177448 > 95841 > 183869 > 185673 > 51535 > 61554
7255,reaches_CEO,4,7255 > 167482 > 133795 > 51535 > 61554
35443,reaches_CEO,5,35443 > 115765 > 192056 > 71889 > 93708 > 61554
158450,reaches_CEO,5,158450 > 138772 > 94362 > 34051 > 11277 > 61554
33343,reaches_CEO,5,33343 > 149696 > 135238 > 84011 > 11277 > 61554
50525,reaches_CEO,5,50525 > 183045 > 39726 > 69728 > 51535 > 61554
14017,reaches_CEO,5,14017 > 85791 > 134865 > 197876 > 11277 > 61554
3686,reaches_CEO,5,3686 > 175365 > 166741 > 97647 > 110464 > 61554
23017,reaches_CEO,5,23017 > 87929 > 2308 > 84011 > 11277 > 61554
172803,reaches_CEO,5,172803 > 22090 > 156036 > 74062 > 110464 > 61554
81770,reaches_CEO,5,81770 > 122197 > 145161 > 69728 > 51535 > 61554
79151,reaches_CEO,5,79151 > 8182 > 181310 > 139032 > 11277 > 61554
158486,reaches_CEO,5,158486 > 102043 > 89053 > 97647 > 110464 > 61554
6072,reaches_CEO,5,6072 > 123263 > 21604 > 26053 > 93708 > 61554
20386,reaches_CEO,5,20386 > 96060 > 7531 > 152500 > 93708 > 61554
79285,reaches_CEO,3,79285 > 34280 > 11277 > 61554
36705,reaches_CEO,5,36705 > 61443 > 116660 > 26053 > 93708 > 61554
133729,reaches_CEO,5,133729 > 11507 > 20378 > 124994 > 93708 > 61554
156901,reaches_CEO,5,156901 > 144219 > 146629 > 190801 > 51535 > 61554
132680,reaches_CEO,5,132680 > 199282 > 82419 > 74062 > 110464 > 61554
29523,reaches_CEO,5,29523 > 95169 > 176804 > 139032 > 11277 > 61554
83765,reaches_CEO,5,83765 > 142630 > 171266 > 71889 > 93708 > 61554
42163,reaches_CEO,5,42163 > 189742 > 116660 > 26053 > 93708 > 61554
150250,reaches_CEO,5,150250 > 73663 > 87344 > 138045 > 110464 > 61554
119481,reaches_CEO,3,119481 > 79693 > 51535 > 61554
198494,reaches_CEO,5,198494 > 120381 > 164851 > 154041 > 11277 > 61554
136000,reaches_CEO,5,136000 > 85717 > 47127 > 84011 > 11277 > 61554
111817,reaches_CEO,5,111817 > 22977 > 41533 > 177860 > 93708 > 61554
97248,reaches_CEO,5,97248 > 55636 > 45969 > 26053 > 93708 > 61554
113298,reaches_CEO,5,113298 > 56451 > 193088 > 96752 > 11277 > 61554
94871,reaches_CEO,5,94871 > 160476 > 79285 > 34280 > 11277 > 61554
119581,reaches_CEO,5,119581 > 122567 > 42270 > 79693 > 51535 > 61554
49348,reaches_CEO,5,49348 > 87707 > 32248 > 34280 > 11277 > 61554
122594,reaches_CEO,5,122594 > 140393 > 117030 > 109804 > 51535 > 61554
152748,reaches_CEO,5,152748 > 175434 > 157492 > 34280 > 11277 > 61554
170906,reaches_CEO,5,170906 > 182116 > 3235 > 84011 > 11277 > 61554
65224,reaches_CEO,5,65224 > 62990 > 129381 > 142146 > 11277 > 61554
25456,reaches_CEO,5,25456 > 7095 > 171266 > 71889 > 93708 > 61554
144947,reaches_CEO,5,144947 > 154375 > 24015 > 125855 > 93708 > 61554
168415,reaches_CEO,4,168415 > 39785 > 177860 > 93708 > 61554
17962,reaches_CEO,5,17962 > 173939 > 156036 > 74062 > 110464 > 61554
107773,reaches_CEO,5,107773 > 185976 > 119832 > 190801 > 51535 > 61554
64666,reaches_CEO,5,64666 > 108164 > 32510 > 197876 > 11277 > 61554
104539,reaches_CEO,4,104539 > 138823 > 124994 > 93708 > 61554
166962,reaches_CEO,5,166962 > 138772 > 94362 > 34051 > 11277 > 61554
199165,reaches_CEO,5,199165 > 128511 > 57693 > 69728 > 51535 > 61554
198314,reaches_CEO,5,198314 > 9239 > 47127 > 84011 > 11277 > 61554
104805,reaches_CEO,5,104805 > 177495 > 39785 > 177860 > 93708 > 61554
57938,reaches_CEO,4,57938 > 192589 > 55537 > 51535 > 61554
12531,reaches_CEO,5,12531 > 148865 > 24691 > 56068 > 11277 > 61554
40458,reaches_CEO,5,40458 > 124014 > 79285 > 34280 > 11277 > 61554
153662,reaches_CEO,5,153662 > 22145 > 134865 > 197876 > 11277 > 61554
99200,reaches_CEO,5,99200 > 68222 > 24681 > 124994 > 93708 > 61554
199698,reaches_CEO,5,199698 > 73106 > 60121 > 109804 > 51535 > 61554
90445,reaches_CEO,5,90445 > 71115 > 92567 > 162476 > 51535 > 61554
17347,reaches_CEO,5,17347 > 81421 > 45969 > 26053 > 93708 > 61554
95834,reaches_CEO,5,95834 > 55636 > 45969 > 26053 > 93708 > 61554
192911,reaches_CEO,5,192911 > 164439 > 191391 > 138045 > 110464 > 61554
88639,reaches_CEO,5,88639 > 199184 > 66119 > 34051 > 11277 > 61554
144100,reaches_CEO,5,144100 > 122762 > 17395 > 96752 > 11277 > 61554
189411,reaches_CEO,5,189411 > 8198 > 98225 > 162476 > 51535 > 61554
146509,reaches_CEO,5,146509 > 161132 > 114137 > 107658 > 110464 > 61554
78,reaches_CEO,5,78 > 168342 > 92567 > 162476 > 51535 > 61554
24655,reaches_CEO,5,24655 > 64190 > 157492 > 34280 > 11277 > 61554
188851,reaches_CEO,5,188851 > 146220 > 196484 > 176424 > 110464 > 61554
32329,reaches_CEO,5,32329 > 27393 > 198366 > 142146 > 11277 > 61554
1841,reaches_CEO,5,1841 > 73489 > 198366 > 142146 > 11277 > 61554
174009,reaches_CEO,4,174009 > 39785 > 177860 > 93708 > 61554
191108,reaches_CEO,5,191108 > 147106 > 164851 > 154041 > 11277 > 61554
99363,reaches_CEO,5,99363 > 132192 > 89619 > 26053 > 93708 > 61554
76310,reaches_CEO,4,76310 > 183869 > 185673 > 51535 > 61554
183625,reaches_CEO,5,183625 > 30640 > 92567 > 162476 > 51535 > 61554
176748,reaches_CEO,5,176748 > 182531 > 47127 > 84011 > 11277 > 61554
59347,reaches_CEO,5,59347 > 75705 > 171266 > 71889 > 93708 > 61554
60602,reaches_CEO,5,60602 > 159638 > 116660 > 26053 > 93708 > 61554
171417,reaches_CEO,5,171417 > 120638 > 27660 > 69728 > 51535 > 61554
156710,reaches_CEO,5,156710 > 132309 > 163049 > 56068 > 11277 > 61554
111133,reaches_CEO,5,111133 > 57938 > 192589 > 55537 > 51535 > 61554
115697,reaches_CEO,5,115697 > 57938 > 192589 > 55537 > 51535 > 61554
46117,reaches_CEO,5,46117 > 129410 > 3917 > 139032 > 11277 > 61554
123780,reaches_CEO,5,123780 > 779 > 196484 > 176424 > 110464 > 61554
191246,reaches_CEO,5,191246 > 88303 > 3235 > 84011 > 11277 > 61554
57643,reaches_CEO,5,57643 > 119231 > 165426 > 124994 > 93708 > 61554
116326,reaches_CEO,5,116326 > 149485 > 172989 > 34051 > 11277 > 61554
160175,reaches_CEO,5,160175 > 54315 > 78493 > 197876 > 11277 > 61554
115641,reaches_CEO,5,115641 > 25805 > 8665 > 34051 > 11277 > 61554
78365,reaches_CEO,5,78365 > 142104 > 47553 > 69728 > 51535 > 61554
170452,reaches_CEO,5,170452 > 104539 > 138823 > 124994 > 93708 > 61554
159996,reaches_CEO,4,159996 > 94362 > 34051 > 11277 > 61554
184136,reaches_CEO,5,184136 > 190249 > 134556 > 138045 > 110464 > 61554
192080,reaches_CEO,5,192080 > 185982 > 171907 > 142146 > 11277 > 61554
23901,reaches_CEO,5,23901 > 68998 > 70434 > 149778 > 110464 > 61554
120379,reaches_CEO,5,120379 > 130342 > 20378 > 124994 > 93708 > 61554
46230,reaches_CEO,5,46230 > 138948 > 24489 > 176424 > 110464 > 61554
55593,reaches_CEO,5,55593 > 177772 > 134556 > 138045 > 110464 > 61554
131289,reaches_CEO,5,131289 > 71585 > 65174 > 154041 > 11277 > 61554
11817,reaches_CEO,5,11817 > 190249 > 134556 > 138045 > 110464 > 61554
108774,reaches_CEO,5,108774 > 161132 > 114137 > 107658 > 110464 > 61554
182247,reaches_CEO,5,182247 > 156927 > 181566 > 97647 > 110464 > 61554
123921,reaches_CEO,5,123921 > 8198 > 98225 > 162476 > 51535 > 61554
102102,reaches_CEO,4,102102 > 78493 > 197876 > 11277 > 61554
104582,reaches_CEO,5,104582 > 143317 > 94362 > 34051 > 11277 > 61554
55376,reaches_CEO,5,55376 > 173939 > 156036 > 74062 > 110464 > 61554
97126,reaches_CEO,5,97126 > 77866 > 181566 > 97647 > 110464 > 61554
63781,reaches_CEO,5,63781 > 83032 > 87344 > 138045 > 110464 > 61554
62167,reaches_CEO,5,62167 > 126515 > 24681 > 124994 > 93708 > 61554
75014,reaches_CEO,5,75014 > 132360 > 120639 > 142146 > 11277 > 61554
185979,reaches_CEO,5,185979 > 169271 > 146600 > 107658 > 110464 > 61554
109947,reaches_CEO,5,109947 > 92765 > 42270 > 79693 > 51535 > 61554
60319,reaches_CEO,4,60319 > 65174 > 154041 > 11277 > 61554
189418,reaches_CEO,5,189418 > 19806 > 32510 > 197876 > 11277 > 61554
55537,reaches_CEO,2,55537 > 51535 > 61554
158315,reaches_CEO,5,158315 > 181311 > 17395 > 96752 > 11277 > 61554
21094,reaches_CEO,5,21094 > 133927 > 42270 > 79693 > 51535 > 61554
24543,reaches_CEO,5,24543 > 76310 > 183869 > 185673 > 51535 > 61554
177705,reaches_CEO,5,177705 > 181421 > 107049 > 34280 > 11277 > 61554
186910,reaches_CEO,5,186910 > 181772 > 54963 > 142146 > 11277 > 61554
182562,reaches_CEO,5,182562 > 53109 > 130489 > 36075 > 11277 > 61554
180478,reaches_CEO,5,180478 > 149135 > 119481 > 79693 > 51535 > 61554
16117,reaches_CEO,5,16117 > 115856 > 3235 > 84011 > 11277 > 61554
65856,reaches_CEO,4,65856 > 120639 > 142146 > 11277 > 61554
123376,reaches_CEO,5,123376 > 97422 > 7531 > 152500 > 93708 > 61554
186341,reaches_CEO,5,186341 > 91979 > 116660 > 26053 > 93708 > 61554
25164,reaches_CEO,5,25164 > 98520 > 70434 > 149778 > 110464 > 61554
131525,reaches_CEO,4,131525 > 172989 > 34051 > 11277 > 61554
193369,reaches_CEO,5,193369 > 144928 > 134865 > 197876 > 11277 > 61554
76846,reaches_CEO,5,76846 > 194904 > 21604 > 26053 > 93708 > 61554
27709,reaches_CEO,5,27709 > 168415 > 39785 > 177860 > 93708 > 61554
52535,reaches_CEO,5,52535 > 159638 > 116660 > 26053 > 93708 > 61554
172518,reaches_CEO,5,172518 > 149696 > 135238 > 84011 > 11277 > 61554
164573,reaches_CEO,5,164573 > 177166 > 192589 > 55537 > 51535 > 61554
73569,reaches_CEO,5,73569 > 178147 > 24681 > 124994 > 93708 > 61554
20837,reaches_CEO,5,20837 > 102632 > 167223 > 40920 > 110464 > 61554
192684,reaches_CEO,5,192684 > 754 > 25036 > 152500 > 93708 > 61554
92286,reaches_CEO,5,92286 > 166591 > 17395 > 96752 > 11277 > 61554
5408,reaches_CEO,5,5408 > 167650 > 119481 > 79693 > 51535 > 61554
65235,reaches_CEO,5,65235 > 181996 > 113589 > 190801 > 51535 > 61554
162341,reaches_CEO,5,162341 > 132683 > 146629 > 190801 > 51535 > 61554
146023,reaches_CEO,5,146023 > 68998 > 70434 > 149778 > 110464 > 61554
54201,reaches_CEO,5,54201 > 8182 > 181310 > 139032 > 11277 > 61554
53246,reaches_CEO,5,53246 > 136468 > 167941 > 34051 > 11277 > 61554
142107,reaches_CEO,5,142107 > 191289 > 71595 > 55537 > 51535 > 61554
60036,reaches_CEO,5,60036 > 40904 > 92567 > 162476 > 51535 > 61554
149189,reaches_CEO,5,149189 > 191289 > 71595 > 55537 > 51535 > 61554
77092,reaches_CEO,5,77092 > 65856 > 120639 > 142146 > 11277 > 61554
58476,reaches_CEO,5,58476 > 198875 > 87379 > 176367 > 51535 > 61554
145071,reaches_CEO,5,145071 > 53390 > 8665 > 34051 > 11277 > 61554
128938,reaches_CEO,5,128938 > 64750 > 183869 > 185673 > 51535 > 61554
44055,reaches_CEO,5,44055 > 180006 > 24681 > 124994 > 93708 > 61554
103501,reaches_CEO,5,103501 > 159906 > 65174 > 154041 > 11277 > 61554
151511,reaches_CEO,5,151511 > 160169 > 172989 > 34051 > 11277 > 61554
86451,reaches_CEO,5,86451 > 157064 > 125912 > 107658 > 110464 > 61554
73132,reaches_CEO,5,73132 > 19806 > 32510 > 197876 > 11277 > 61554
151005,reaches_CEO,4,151005 > 134556 > 138045 > 110464 > 61554
195996,reaches_CEO,5,195996 > 51121 > 59566 > 125855 > 93708 > 61554
189423,reaches_CEO,5,189423 > 147783 > 65522 > 34051 > 11277 > 61554
38184,reaches_CEO,5,38184 > 147103 > 152076 > 69728 > 51535 > 61554
64452,reaches_CEO,4,64452 > 3235 > 84011 > 11277 > 61554
189739,reaches_CEO,5,189739 > 147106 > 164851 > 154041 > 11277 > 61554
164322,reaches_CEO,5,164322 > 177166 > 192589 > 55537 > 51535 > 61554
167482,reaches_CEO,3,167482 > 133795 > 51535 > 61554
132298,reaches_CEO,5,132298 > 160289 > 79285 > 34280 > 11277 > 61554
68756,reaches_CEO,5,68756 > 101484 > 91654 > 109804 > 51535 > 61554
111678,reaches_CEO,5,111678 > 90065 > 194121 > 176367 > 51535 > 61554
46428,reaches_CEO,5,46428 > 167389 > 181201 > 139032 > 11277 > 61554
104478,reaches_CEO,5,104478 > 3260 > 33814 > 190801 > 51535 > 61554
126862,reaches_CEO,5,126862 > 53390 > 8665 > 34051 > 11277 > 61554
17360,reaches_CEO,5,17360 > 171940 > 70434 > 149778 > 110464 > 61554
101713,reaches_CEO,5,101713 > 110091 > 117030 > 109804 > 51535 > 61554
161226,reaches_CEO,5,161226 > 123263 > 21604 > 26053 > 93708 > 61554
14103,reaches_CEO,5,14103 > 111363 > 89002 > 34280 > 11277 > 61554
148676,reaches_CEO,5,148676 > 134536 > 5342 > 133795 > 51535 > 61554
188245,reaches_CEO,5,188245 > 139278 > 171266 > 71889 > 93708 > 61554
131236,reaches_CEO,5,131236 > 21086 > 24015 > 125855 > 93708 > 61554
118232,reaches_CEO,5,118232 > 126368 > 183175 > 197876 > 11277 > 61554
67187,reaches_CEO,5,67187 > 5743 > 49727 > 84011 > 11277 > 61554
48453,reaches_CEO,5,48453 > 18312 > 147555 > 107152 > 51535 > 61554
55476,reaches_CEO,4,55476 > 82419 > 74062 > 110464 > 61554
59806,reaches_CEO,5,59806 > 42096 > 89002 > 34280 > 11277 > 61554
125153,reaches_CEO,5,125153 > 90 > 183869 > 185673 > 51535 > 61554
128082,reaches_CEO,5,128082 > 68532 > 61403 > 69728 > 51535 > 61554
164141,reaches_CEO,5,164141 > 190778 > 155485 > 40920 > 110464 > 61554
76091,reaches_CEO,5,76091 > 60373 > 155485 > 40920 > 110464 > 61554
166881,reaches_CEO,5,166881 > 14470 > 191418 > 36075 > 11277 > 61554
80193,reaches_CEO,5,80193 > 145710 > 167482 > 133795 > 51535 > 61554
75799,reaches_CEO,5,75799 > 67522 > 141808 > 34051 > 11277 > 61554
42822,reaches_CEO,5,42822 > 150290 > 185138 > 152500 > 93708 > 61554
110343,reaches_CEO,5,110343 > 147249 > 27660 > 69728 > 51535 > 61554
190748,reaches_CEO,5,190748 > 102815 > 79285 > 34280 > 11277 > 61554
15936,reaches_CEO,5,15936 > 124186 > 103443 > 97647 > 110464 > 61554
58583,reaches_CEO,5,58583 > 144976 > 145667 > 142146 > 11277 > 61554
80240,reaches_CEO,4,80240 > 50665 > 71889 > 93708 > 61554
188562,reaches_CEO,5,188562 > 184885 > 77857 > 152500 > 93708 > 61554
175346,reaches_CEO,5,175346 > 134982 > 66119 > 34051 > 11277 > 61554
55858,reaches_CEO,4,55858 > 119832 > 190801 > 51535 > 61554
160432,reaches_CEO,5,160432 > 88303 > 3235 > 84011 > 11277 > 61554
53608,reaches_CEO,5,53608 > 146404 > 143437 > 71499 > 110464 > 61554
18384,reaches_CEO,5,18384 > 181219 > 196484 > 176424 > 110464 > 61554
172899,reaches_CEO,5,172899 > 65883 > 103443 > 97647 > 110464 > 61554
129050,reaches_CEO,5,129050 > 142685 > 157492 > 34280 > 11277 > 61554
85495,reaches_CEO,5,85495 > 64087 > 45969 > 26053 > 93708 > 61554
147722,reaches_CEO,5,147722 > 26468 > 189937 > 55537 > 51535 > 61554
139254,reaches_CEO,5,139254 > 191289 > 71595 > 55537 > 51535 > 61554
144558,reaches_CEO,5,144558 > 88779 > 183175 > 197876 > 11277 > 61554
25224,reaches_CEO,5,25224 > 102632 > 167223 > 40920 > 110464 > 61554
162911,reaches_CEO,5,162911 > 199282 > 82419 > 74062 > 110464 > 61554
96359,reaches_CEO,5,96359 > 142850 > 78493 > 197876 > 11277 > 61554
65953,reaches_CEO,5,65953 > 132399 > 94362 > 34051 > 11277 > 61554
97919,reaches_CEO,4,97919 > 110260 > 125855 > 93708 > 61554
44755,reaches_CEO,5,44755 > 126330 > 119481 > 79693 > 51535 > 61554
127278,reaches_CEO,5,127278 > 94447 > 39785 > 177860 > 93708 > 61554
5901,reaches_CEO,5,5901 > 180925 > 141808 > 34051 > 11277 > 61554
121527,reaches_CEO,4,121527 > 139507 > 97647 > 110464 > 61554
143678,reaches_CEO,5,143678 > 188118 > 114472 > 197876 > 11277 > 61554
53425,reaches_CEO,5,53425 > 198531 > 49727 > 84011 > 11277 > 61554
64514,reaches_CEO,5,64514 > 55481 > 72243 > 162476 > 51535 > 61554
25849,reaches_CEO,5,25849 > 21086 > 24015 > 125855 > 93708 > 61554
192020,reaches_CEO,5,192020 > 20828 > 156036 > 74062 > 110464 > 61554
108709,reaches_CEO,5,108709 > 30640 > 92567 > 162476 > 51535 > 61554
158329,reaches_CEO,5,158329 > 29547 > 47553 > 69728 > 51535 > 61554
12197,reaches_CEO,5,12197 > 170922 > 129381 > 142146 > 11277 > 61554
20201,reaches_CEO,5,20201 > 78516 > 164851 > 154041 > 11277 > 61554
172267,reaches_CEO,5,172267 > 8182 > 181310 > 139032 > 11277 > 61554
59956,reaches_CEO,5,59956 > 53856 > 16178 > 71889 > 93708 > 61554
77142,reaches_CEO,5,77142 > 177489 > 71532 > 109308 > 110464 > 61554
115724,reaches_CEO,5,115724 > 61517 > 110260 > 125855 > 93708 > 61554
116901,reaches_CEO,5,116901 > 4394 > 118233 > 149778 > 110464 > 61554
60205,reaches_CEO,5,60205 > 90065 > 194121 > 176367 > 51535 > 61554
157624,reaches_CEO,5,157624 > 46957 > 89002 > 34280 > 11277 > 61554
44381,reaches_CEO,5,44381 > 22887 > 24015 > 125855 > 93708 > 61554
41909,reaches_CEO,5,41909 > 168797 > 6027 > 74062 > 110464 > 61554
16095,reaches_CEO,5,16095 > 54136 > 69550 > 74062 > 110464 > 61554
47618,reaches_CEO,4,47618 > 71532 > 109308 > 110464 > 61554
98767,reaches_CEO,5,98767 > 64724 > 37154 > 138045 > 110464 > 61554
80035,reaches_CEO,5,80035 > 34977 > 94362 > 34051 > 11277 > 61554
69504,reaches_CEO,5,69504 > 66420 > 21604 > 26053 > 93708 > 61554
56215,reaches_CEO,5,56215 > 147783 > 65522 > 34051 > 11277 > 61554
166680,reaches_CEO,5,166680 > 57185 > 57693 > 69728 > 51535 > 61554
167563,reaches_CEO,5,167563 > 109102 > 65451 > 139032 > 11277 > 61554
118739,reaches_CEO,5,118739 > 75246 > 140317 > 107152 > 51535 > 61554
51159,reaches_CEO,5,51159 > 109102 > 65451 > 139032 > 11277 > 61554
128060,reaches_CEO,5,128060 > 64452 > 3235 > 84011 > 11277 > 61554
32193,reaches_CEO,5,32193 > 12877 > 57693 > 69728 > 51535 > 61554
163846,reaches_CEO,5,163846 > 181781 > 110260 > 125855 > 93708 > 61554
127979,reaches_CEO,5,127979 > 160476 > 79285 > 34280 > 11277 > 61554
72267,reaches_CEO,5,72267 > 23100 > 132307 > 185673 > 51535 > 61554
20891,reaches_CEO,5,20891 > 73034 > 161284 > 109804 > 51535 > 61554
121208,reaches_CEO,5,121208 > 1050 > 71595 > 55537 > 51535 > 61554
65714,reaches_CEO,5,65714 > 196058 > 5692 > 149778 > 110464 > 61554
94039,reaches_CEO,4,94039 > 107049 > 34280 > 11277 > 61554
135188,reaches_CEO,5,135188 > 182777 > 124893 > 149778 > 110464 > 61554
131001,reaches_CEO,5,131001 > 54997 > 66119 > 34051 > 11277 > 61554
76786,reaches_CEO,5,76786 > 127275 > 42270 > 79693 > 51535 > 61554
24950,reaches_CEO,5,24950 > 59555 > 156036 > 74062 > 110464 > 61554
16507,reaches_CEO,5,16507 > 80240 > 50665 > 71889 > 93708 > 61554
135240,reaches_CEO,5,135240 > 21377 > 65174 > 154041 > 11277 > 61554
35357,reaches_CEO,5,35357 > 81811 > 94454 > 84011 > 11277 > 61554
57344,reaches_CEO,5,57344 > 83032 > 87344 > 138045 > 110464 > 61554
101443,reaches_CEO,5,101443 > 180854 > 65451 > 139032 > 11277 > 61554
59476,reaches_CEO,5,59476 > 18312 > 147555 > 107152 > 51535 > 61554
6417,reaches_CEO,5,6417 > 67522 > 141808 > 34051 > 11277 > 61554
142562,reaches_CEO,5,142562 > 167389 > 181201 > 139032 > 11277 > 61554
133638,reaches_CEO,5,133638 > 30749 > 28697 > 79693 > 51535 > 61554
127590,reaches_CEO,5,127590 > 76310 > 183869 > 185673 > 51535 > 61554
161631,reaches_CEO,5,161631 > 73846 > 171907 > 142146 > 11277 > 61554
895,reaches_CEO,5,895 > 61517 > 110260 > 125855 > 93708 > 61554
43756,reaches_CEO,5,43756 > 48742 > 28697 > 79693 > 51535 > 61554
41945,reaches_CEO,3,41945 > 84011 > 11277 > 61554
61148,reaches_CEO,5,61148 > 79735 > 147555 > 107152 > 51535 > 61554
186342,reaches_CEO,5,186342 > 27718 > 89619 > 26053 > 93708 > 61554
107388,reaches_CEO,5,107388 > 72965 > 92713 > 96752 > 11277 > 61554
3546,reaches_CEO,5,3546 > 142276 > 185138 > 152500 > 93708 > 61554
154030,reaches_CEO,5,154030 > 131063 > 5692 > 149778 > 110464 > 61554
65782,reaches_CEO,5,65782 > 5282 > 32248 > 34280 > 11277 > 61554
95679,reaches_CEO,5,95679 > 182996 > 32510 > 197876 > 11277 > 61554
104460,reaches_CEO,5,104460 > 62081 > 3917 > 139032 > 11277 > 61554
199715,reaches_CEO,5,199715 > 22977 > 41533 > 177860 > 93708 > 61554
57693,reaches_CEO,3,57693 > 69728 > 51535 > 61554
107820,reaches_CEO,5,107820 > 88007 > 154897 > 34280 > 11277 > 61554
12954,reaches_CEO,5,12954 > 172948 > 39785 > 177860 > 93708 > 61554
27035,reaches_CEO,5,27035 > 76135 > 5692 > 149778 > 110464 > 61554
191454,reaches_CEO,4,191454 > 191391 > 138045 > 110464 > 61554
196258,reaches_CEO,5,196258 > 122197 > 145161 > 69728 > 51535 > 61554
50665,reaches_CEO,3,50665 > 71889 > 93708 > 61554
72846,reaches_CEO,5,72846 > 100373 > 192056 > 71889 > 93708 > 61554
31340,reaches_CEO,5,31340 > 151838 > 3917 > 139032 > 11277 > 61554
44967,reaches_CEO,5,44967 > 8812 > 171266 > 71889 > 93708 > 61554
271,reaches_CEO,5,271 > 195795 > 59535 > 154041 > 11277 > 61554
178920,reaches_CEO,5,178920 > 24979 > 146600 > 107658 > 110464 > 61554
197122,reaches_CEO,5,197122 > 119964 > 167223 > 40920 > 110464 > 61554
70894,reaches_CEO,5,70894 > 169231 > 164851 > 154041 > 11277 > 61554
51681,reaches_CEO,5,51681 > 112750 > 39726 > 69728 > 51535 > 61554
25568,reaches_CEO,5,25568 > 87884 > 145161 > 69728 > 51535 > 61554
117535,reaches_CEO,5,117535 > 76135 > 5692 > 149778 > 110464 > 61554
12623,reaches_CEO,5,12623 > 115591 > 66119 > 34051 > 11277 > 61554
154285,reaches_CEO,3,154285 > 107152 > 51535 > 61554
64885,reaches_CEO,5,64885 > 199282 > 82419 > 74062 > 110464 > 61554
136313,reaches_CEO,4,136313 > 8207 > 185673 > 51535 > 61554
136301,reaches_CEO,5,136301 > 191495 > 100942 > 36075 > 11277 > 61554
108134,reaches_CEO,5,108134 > 132399 > 94362 > 34051 > 11277 > 61554
46957,reaches_CEO,4,46957 > 89002 > 34280 > 11277 > 61554
74784,reaches_CEO,5,74784 > 182116 > 3235 > 84011 > 11277 > 61554
146773,reaches_CEO,5,146773 > 37124 > 120639 > 142146 > 11277 > 61554
116151,reaches_CEO,5,116151 > 89837 > 37154 > 138045 > 110464 > 61554
114182,reaches_CEO,5,114182 > 76135 > 5692 > 149778 > 110464 > 61554
100584,reaches_CEO,5,100584 > 198875 > 87379 > 176367 > 51535 > 61554
120769,reaches_CEO,5,120769 > 131620 > 40475 > 56068 > 11277 > 61554
64131,reaches_CEO,5,64131 > 27781 > 121233 > 176424 > 110464 > 61554
123732,reaches_CEO,5,123732 > 87707 > 32248 > 34280 > 11277 > 61554
180198,reaches_CEO,5,180198 > 47748 > 89619 > 26053 > 93708 > 61554
86253,reaches_CEO,5,86253 > 193818 > 136905 > 71889 > 93708 > 61554
103919,reaches_CEO,5,103919 > 81421 > 45969 > 26053 > 93708 > 61554
94583,reaches_CEO,5,94583 > 81490 > 65174 > 154041 > 11277 > 61554
62305,reaches_CEO,5,62305 > 185976 > 119832 > 190801 > 51535 > 61554
28516,reaches_CEO,5,28516 > 181219 > 196484 > 176424 > 110464 > 61554
95892,reaches_CEO,5,95892 > 71130 > 8207 > 185673 > 51535 > 61554
97040,reaches_CEO,4,97040 > 95935 > 71889 > 93708 > 61554
51401,reaches_CEO,5,51401 > 140542 > 2308 > 84011 > 11277 > 61554
81811,reaches_CEO,4,81811 > 94454 > 84011 > 11277 > 61554
47779,reaches_CEO,5,47779 > 123263 > 21604 > 26053 > 93708 > 61554
171106,reaches_CEO,5,171106 > 107547 > 83356 > 84011 > 11277 > 61554
13862,reaches_CEO,5,13862 > 92210 > 78493 > 197876 > 11277 > 61554
116361,reaches_CEO,5,116361 > 8663 > 193088 > 96752 > 11277 > 61554
74349,reaches_CEO,5,74349 > 166591 > 17395 > 96752 > 11277 > 61554
125114,reaches_CEO,4,125114 > 41533 > 177860 > 93708 > 61554
145461,reaches_CEO,5,145461 > 154891 > 146629 > 190801 > 51535 > 61554
152341,reaches_CEO,5,152341 > 159098 > 5342 > 133795 > 51535 > 61554
168294,reaches_CEO,5,168294 > 121527 > 139507 > 97647 > 110464 > 61554
116033,reaches_CEO,5,116033 > 166729 > 125912 > 107658 > 110464 > 61554
74536,reaches_CEO,5,74536 > 102684 > 92713 > 96752 > 11277 > 61554
38045,reaches_CEO,5,38045 > 48877 > 37154 > 138045 > 110464 > 61554
110153,reaches_CEO,5,110153 > 8711 > 24489 > 176424 > 110464 > 61554
48532,reaches_CEO,5,48532 > 87613 > 140317 > 107152 > 51535 > 61554
53770,reaches_CEO,5,53770 > 162381 > 193330 > 162476 > 51535 > 61554
178356,reaches_CEO,5,178356 > 103981 > 69550 > 74062 > 110464 > 61554
26625,reaches_CEO,5,26625 > 59353 > 152076 > 69728 > 51535 > 61554
72165,reaches_CEO,5,72165 > 7212 > 69550 > 74062 > 110464 > 61554
71907,reaches_CEO,5,71907 > 69200 > 79285 > 34280 > 11277 > 61554
60831,reaches_CEO,5,60831 > 1791 > 99397 > 71889 > 93708 > 61554
175783,reaches_CEO,5,175783 > 53390 > 8665 > 34051 > 11277 > 61554
23747,reaches_CEO,5,23747 > 119302 > 25036 > 152500 > 93708 > 61554
107119,reaches_CEO,5,107119 > 25805 > 8665 > 34051 > 11277 > 61554
29836,reaches_CEO,5,29836 > 8182 > 181310 > 139032 > 11277 > 61554
85815,reaches_CEO,5,85815 > 148260 > 89053 > 97647 > 110464 > 61554
43940,reaches_CEO,5,43940 > 51293 > 172989 > 34051 > 11277 > 61554
93401,reaches_CEO,5,93401 > 178147 > 24681 > 124994 > 93708 > 61554
192705,reaches_CEO,5,192705 > 56451 > 193088 > 96752 > 11277 > 61554
186649,reaches_CEO,5,186649 > 126330 > 119481 > 79693 > 51535 > 61554
195653,reaches_CEO,5,195653 > 76310 > 183869 > 185673 > 51535 > 61554
71851,reaches_CEO,5,71851 > 67931 > 119481 > 79693 > 51535 > 61554
137232,reaches_CEO,5,137232 > 43420 > 24691 > 56068 > 11277 > 61554
102026,reaches_CEO,4,102026 > 40475 > 56068 > 11277 > 61554
179244,reaches_CEO,5,179244 > 166928 > 189937 > 55537 > 51535 > 61554
2206,reaches_CEO,5,2206 > 142104 > 47553 > 69728 > 51535 > 61554
22090,reaches_CEO,4,22090 > 156036 > 74062 > 110464 > 61554
143888,reaches_CEO,5,143888 > 67178 > 20378 > 124994 > 93708 > 61554
29253,reaches_CEO,5,29253 > 167650 > 119481 > 79693 > 51535 > 61554
155674,reaches_CEO,5,155674 > 65126 > 125912 > 107658 > 110464 > 61554
24605,reaches_CEO,5,24605 > 16445 > 136905 > 71889 > 93708 > 61554
21766,reaches_CEO,5,21766 > 70406 > 91869 > 40920 > 110464 > 61554
173479,reaches_CEO,5,173479 > 66591 > 78493 > 197876 > 11277 > 61554
20055,reaches_CEO,5,20055 > 51923 > 41533 > 177860 > 93708 > 61554
60475,reaches_CEO,5,60475 > 71945 > 183869 > 185673 > 51535 > 61554
75638,reaches_CEO,5,75638 > 61443 > 116660 > 26053 > 93708 > 61554
105302,reaches_CEO,5,105302 > 71115 > 92567 > 162476 > 51535 > 61554
108296,reaches_CEO,5,108296 > 146473 > 156036 > 74062 > 110464 > 61554
32070,reaches_CEO,5,32070 > 122197 > 145161 > 69728 > 51535 > 61554
182661,reaches_CEO,5,182661 > 12214 > 171907 > 142146 > 11277 > 61554
110508,reaches_CEO,4,110508 > 183869 > 185673 > 51535 > 61554
39388,reaches_CEO,4,39388 > 66119 > 34051 > 11277 > 61554
140181,reaches_CEO,5,140181 > 136861 > 157492 > 34280 > 11277 > 61554
137829,reaches_CEO,5,137829 > 191649 > 94454 > 84011 > 11277 > 61554
18312,reaches_CEO,4,18312 > 147555 > 107152 > 51535 > 61554
191215,reaches_CEO,5,191215 > 182531 > 47127 > 84011 > 11277 > 61554
121687,reaches_CEO,5,121687 > 113578 > 125912 > 107658 > 110464 > 61554
106730,reaches_CEO,5,106730 > 193452 > 47755 > 154041 > 11277 > 61554
34783,reaches_CEO,5,34783 > 99139 > 3917 > 139032 > 11277 > 61554
154051,reaches_CEO,5,154051 > 1610 > 145161 > 69728 > 51535 > 61554
128456,reaches_CEO,5,128456 > 142367 > 181201 > 139032 > 11277 > 61554
148926,reaches_CEO,5,148926 > 159098 > 5342 > 133795 > 51535 > 61554
132652,reaches_CEO,5,132652 > 742 > 192056 > 71889 > 93708 > 61554
151780,reaches_CEO,5,151780 > 97919 > 110260 > 125855 > 93708 > 61554
77684,reaches_CEO,5,77684 > 191083 > 37154 > 138045 > 110464 > 61554
121233,reaches_CEO,3,121233 > 176424 > 110464 > 61554
6110,reaches_CEO,5,6110 > 77613 > 66090 > 34280 > 11277 > 61554
18200,reaches_CEO,5,18200 > 64724 > 37154 > 138045 > 110464 > 61554
143794,reaches_CEO,5,143794 > 111363 > 89002 > 34280 > 11277 > 61554
180706,reaches_CEO,5,180706 > 94507 > 145161 > 69728 > 51535 > 61554
6798,reaches_CEO,5,6798 > 45803 > 83356 > 84011 > 11277 > 61554
8812,reaches_CEO,4,8812 > 171266 > 71889 > 93708 > 61554
90639,reaches_CEO,4,90639 > 103443 > 97647 > 110464 > 61554
82698,reaches_CEO,4,82698 > 49727 > 84011 > 11277 > 61554
143008,reaches_CEO,5,143008 > 169231 > 164851 > 154041 > 11277 > 61554
139801,reaches_CEO,5,139801 > 70819 > 161284 > 109804 > 51535 > 61554
119231,reaches_CEO,4,119231 > 165426 > 124994 > 93708 > 61554
140284,reaches_CEO,5,140284 > 62161 > 125912 > 107658 > 110464 > 61554
112583,reaches_CEO,5,112583 > 92403 > 59535 > 154041 > 11277 > 61554
118484,reaches_CEO,5,118484 > 10773 > 113589 > 190801 > 51535 > 61554
4389,reaches_CEO,5,4389 > 149485 > 172989 > 34051 > 11277 > 61554
99722,reaches_CEO,5,99722 > 150722 > 124893 > 149778 > 110464 > 61554
82563,reaches_CEO,5,82563 > 190060 > 181310 > 139032 > 11277 > 61554
147000,reaches_CEO,5,147000 > 29410 > 145161 > 69728 > 51535 > 61554
57610,reaches_CEO,5,57610 > 34714 > 32248 > 34280 > 11277 > 61554
62875,reaches_CEO,5,62875 > 53012 > 91869 > 40920 > 110464 > 61554
23619,reaches_CEO,5,23619 > 10773 > 113589 > 190801 > 51535 > 61554
72376,reaches_CEO,5,72376 > 75860 > 91654 > 109804 > 51535 > 61554
54984,reaches_CEO,5,54984 > 191649 > 94454 > 84011 > 11277 > 61554
60609,reaches_CEO,4,60609 > 94454 > 84011 > 11277 > 61554
187360,reaches_CEO,5,187360 > 181781 > 110260 > 125855 > 93708 > 61554
67800,reaches_CEO,5,67800 > 161727 > 28697 > 79693 > 51535 > 61554
140333,reaches_CEO,5,140333 > 34714 > 32248 > 34280 > 11277 > 61554
121491,reaches_CEO,5,121491 > 191649 > 94454 > 84011 > 11277 > 61554
135124,reaches_CEO,5,135124 > 6335 > 91117 > 34051 > 11277 > 61554
120549,reaches_CEO,5,120549 > 132026 > 167223 > 40920 > 110464 > 61554
77495,reaches_CEO,5,77495 > 87884 > 145161 > 69728 > 51535 > 61554
140009,reaches_CEO,5,140009 > 29508 > 77857 > 152500 > 93708 > 61554
42374,reaches_CEO,5,42374 > 122567 > 42270 > 79693 > 51535 > 61554
8505,reaches_CEO,5,8505 > 109671 > 191391 > 138045 > 110464 > 61554
26505,reaches_CEO,4,26505 > 121233 > 176424 > 110464 > 61554
58741,reaches_CEO,5,58741 > 77556 > 45969 > 26053 > 93708 > 61554
46860,reaches_CEO,5,46860 > 32159 > 176804 > 139032 > 11277 > 61554
218,reaches_CEO,5,218 > 129000 > 6027 > 74062 > 110464 > 61554
3248,reaches_CEO,5,3248 > 45803 > 83356 > 84011 > 11277 > 61554
110085,reaches_CEO,5,110085 > 165853 > 18295 > 176367 > 51535 > 61554
193518,reaches_CEO,4,193518 > 78493 > 197876 > 11277 > 61554
89740,reaches_CEO,5,89740 > 116774 > 71595 > 55537 > 51535 > 61554
49543,reaches_CEO,5,49543 > 134944 > 181201 > 139032 > 11277 > 61554
153875,reaches_CEO,5,153875 > 113245 > 198366 > 142146 > 11277 > 61554
66783,reaches_CEO,5,66783 > 20901 > 189937 > 55537 > 51535 > 61554
139758,reaches_CEO,5,139758 > 95609 > 119833 > 84011 > 11277 > 61554
70820,reaches_CEO,5,70820 > 51288 > 140317 > 107152 > 51535 > 61554
75630,reaches_CEO,5,75630 > 97919 > 110260 > 125855 > 93708 > 61554
52484,reaches_CEO,5,52484 > 175548 > 116660 > 26053 > 93708 > 61554
52858,reaches_CEO,5,52858 > 96420 > 59535 > 154041 > 11277 > 61554
199064,reaches_CEO,5,199064 > 119576 > 27660 > 69728 > 51535 > 61554
156016,reaches_CEO,5,156016 > 5374 > 167941 > 34051 > 11277 > 61554
19674,reaches_CEO,5,19674 > 68821 > 183869 > 185673 > 51535 > 61554
129146,reaches_CEO,5,129146 > 191073 > 181201 > 139032 > 11277 > 61554
121796,reaches_CEO,5,121796 > 113124 > 65451 > 139032 > 11277 > 61554
27526,reaches_CEO,5,27526 > 116750 > 145161 > 69728 > 51535 > 61554
160056,reaches_CEO,5,160056 > 29508 > 77857 > 152500 > 93708 > 61554
90765,reaches_CEO,5,90765 > 53109 > 130489 > 36075 > 11277 > 61554
193566,reaches_CEO,5,193566 > 167877 > 119833 > 84011 > 11277 > 61554
85701,reaches_CEO,5,85701 > 73649 > 167941 > 34051 > 11277 > 61554
169564,reaches_CEO,5,169564 > 57316 > 157492 > 34280 > 11277 > 61554
64458,reaches_CEO,5,64458 > 149135 > 119481 > 79693 > 51535 > 61554
29882,reaches_CEO,5,29882 > 94039 > 107049 > 34280 > 11277 > 61554
82728,reaches_CEO,5,82728 > 169833 > 59566 > 125855 > 93708 > 61554
59142,reaches_CEO,5,59142 > 132187 > 146629 > 190801 > 51535 > 61554
30864,reaches_CEO,5,30864 > 11275 > 87344 > 138045 > 110464 > 61554
53708,reaches_CEO,5,53708 > 175593 > 167941 > 34051 > 11277 > 61554
105286,reaches_CEO,5,105286 > 63077 > 49727 > 84011 > 11277 > 61554
77661,reaches_CEO,5,77661 > 128966 > 107049 > 34280 > 11277 > 61554
112786,reaches_CEO,5,112786 > 153412 > 139507 > 97647 > 110464 > 61554
72485,reaches_CEO,5,72485 > 123358 > 167941 > 34051 > 11277 > 61554
93970,reaches_CEO,5,93970 > 81111 > 18295 > 176367 > 51535 > 61554
189399,reaches_CEO,5,189399 > 169223 > 5342 > 133795 > 51535 > 61554
89806,reaches_CEO,5,89806 > 5889 > 21604 > 26053 > 93708 > 61554
24402,reaches_CEO,5,24402 > 26468 > 189937 > 55537 > 51535 > 61554
179410,reaches_CEO,5,179410 > 742 > 192056 > 71889 > 93708 > 61554
115684,reaches_CEO,5,115684 > 57701 > 77857 > 152500 > 93708 > 61554
79080,reaches_CEO,5,79080 > 79735 > 147555 > 107152 > 51535 > 61554
68281,reaches_CEO,5,68281 > 134944 > 181201 > 139032 > 11277 > 61554
51331,reaches_CEO,4,51331 > 89619 > 26053 > 93708 > 61554
4434,reaches_CEO,5,4434 > 117376 > 192056 > 71889 > 93708 > 61554
352,reaches_CEO,5,352 > 29749 > 39785 > 177860 > 93708 > 61554
160304,reaches_CEO,5,160304 > 123502 > 39785 > 177860 > 93708 > 61554
75979,reaches_CEO,5,75979 > 19424 > 47553 > 69728 > 51535 > 61554
17877,reaches_CEO,5,17877 > 112750 > 39726 > 69728 > 51535 > 61554
154460,reaches_CEO,5,154460 > 185976 > 119832 > 190801 > 51535 > 61554
16189,reaches_CEO,5,16189 > 188118 > 114472 > 197876 > 11277 > 61554
168669,reaches_CEO,5,168669 > 60373 > 155485 > 40920 > 110464 > 61554
156147,reaches_CEO,5,156147 > 78874 > 47127 > 84011 > 11277 > 61554
67291,reaches_CEO,5,67291 > 53109 > 130489 > 36075 > 11277 > 61554
76326,reaches_CEO,5,76326 > 142104 > 47553 > 69728 > 51535 > 61554
63472,reaches_CEO,5,63472 > 168564 > 8665 > 34051 > 11277 > 61554
24366,reaches_CEO,5,24366 > 127769 > 47553 > 69728 > 51535 > 61554
45026,reaches_CEO,5,45026 > 197206 > 91869 > 40920 > 110464 > 61554
148230,reaches_CEO,5,148230 > 99121 > 146600 > 107658 > 110464 > 61554
2308,reaches_CEO,3,2308 > 84011 > 11277 > 61554
154426,reaches_CEO,5,154426 > 134728 > 114137 > 107658 > 110464 > 61554
1701,reaches_CEO,5,1701 > 181781 > 110260 > 125855 > 93708 > 61554
120187,reaches_CEO,5,120187 > 55653 > 47755 > 154041 > 11277 > 61554
111850,reaches_CEO,5,111850 > 55883 > 49002 > 109804 > 51535 > 61554
101254,reaches_CEO,5,101254 > 116774 > 71595 > 55537 > 51535 > 61554
184470,reaches_CEO,5,184470 > 184236 > 59566 > 125855 > 93708 > 61554
56468,reaches_CEO,5,56468 > 52920 > 65522 > 34051 > 11277 > 61554
177560,reaches_CEO,5,177560 > 198814 > 181566 > 97647 > 110464 > 61554
25967,reaches_CEO,5,25967 > 83032 > 87344 > 138045 > 110464 > 61554
55088,reaches_CEO,5,55088 > 77613 > 66090 > 34280 > 11277 > 61554
118233,reaches_CEO,3,118233 > 149778 > 110464 > 61554
120638,reaches_CEO,4,120638 > 27660 > 69728 > 51535 > 61554
65239,reaches_CEO,5,65239 > 21470 > 143437 > 71499 > 110464 > 61554
18960,reaches_CEO,5,18960 > 123000 > 94454 > 84011 > 11277 > 61554
52071,reaches_CEO,5,52071 > 105395 > 17837 > 176367 > 51535 > 61554
139075,reaches_CEO,5,139075 > 183528 > 184512 > 109804 > 51535 > 61554
111040,reaches_CEO,5,111040 > 5374 > 167941 > 34051 > 11277 > 61554
90238,reaches_CEO,5,90238 > 178314 > 115539 > 71499 > 110464 > 61554
28096,reaches_CEO,5,28096 > 145710 > 167482 > 133795 > 51535 > 61554
130449,reaches_CEO,4,130449 > 47755 > 154041 > 11277 > 61554
191778,reaches_CEO,5,191778 > 155437 > 119481 > 79693 > 51535 > 61554
75766,reaches_CEO,5,75766 > 130834 > 98225 > 162476 > 51535 > 61554
137208,reaches_CEO,5,137208 > 5743 > 49727 > 84011 > 11277 > 61554
35074,reaches_CEO,5,35074 > 195165 > 113589 > 190801 > 51535 > 61554
182459,reaches_CEO,5,182459 > 34977 > 94362 > 34051 > 11277 > 61554
172989,reaches_CEO,3,172989 > 34051 > 11277 > 61554
85324,reaches_CEO,5,85324 > 168905 > 193330 > 162476 > 51535 > 61554
63338,reaches_CEO,5,63338 > 85791 > 134865 > 197876 > 11277 > 61554
66021,reaches_CEO,5,66021 > 95841 > 183869 > 185673 > 51535 > 61554
168773,reaches_CEO,5,168773 > 110508 > 183869 > 185673 > 51535 > 61554
158723,reaches_CEO,5,158723 > 180037 > 167941 > 34051 > 11277 > 61554
184311,reaches_CEO,5,184311 > 127275 > 42270 > 79693 > 51535 > 61554
194890,reaches_CEO,5,194890 > 172717 > 41533 > 177860 > 93708 > 61554
98921,reaches_CEO,5,98921 > 161727 > 28697 > 79693 > 51535 > 61554
80189,reaches_CEO,5,80189 > 79 > 65174 > 154041 > 11277 > 61554
188171,reaches_CEO,5,188171 > 139180 > 71532 > 109308 > 110464 > 61554
128120,reaches_CEO,5,128120 > 100373 > 192056 > 71889 > 93708 > 61554
4384,reaches_CEO,4,4384 > 138823 > 124994 > 93708 > 61554
63827,reaches_CEO,5,63827 > 39417 > 140317 > 107152 > 51535 > 61554
53627,reaches_CEO,5,53627 > 754 > 25036 > 152500 > 93708 > 61554
64862,reaches_CEO,5,64862 > 112245 > 47755 > 154041 > 11277 > 61554
123497,reaches_CEO,5,123497 > 34163 > 65451 > 139032 > 11277 > 61554
134940,reaches_CEO,5,134940 > 64190 > 157492 > 34280 > 11277 > 61554
91242,reaches_CEO,5,91242 > 69345 > 163049 > 56068 > 11277 > 61554
125076,reaches_CEO,5,125076 > 169833 > 59566 > 125855 > 93708 > 61554
129122,reaches_CEO,5,129122 > 189890 > 171351 > 79693 > 51535 > 61554
138772,reaches_CEO,4,138772 > 94362 > 34051 > 11277 > 61554
26093,reaches_CEO,5,26093 > 81811 > 94454 > 84011 > 11277 > 61554
177525,reaches_CEO,5,177525 > 98520 > 70434 > 149778 > 110464 > 61554
185,reaches_CEO,5,185 > 43420 > 24691 > 56068 > 11277 > 61554
127714,reaches_CEO,5,127714 > 196637 > 189937 > 55537 > 51535 > 61554
118083,reaches_CEO,5,118083 > 48352 > 161284 > 109804 > 51535 > 61554
67962,reaches_CEO,5,67962 > 159996 > 94362 > 34051 > 11277 > 61554
195454,reaches_CEO,5,195454 > 168415 > 39785 > 177860 > 93708 > 61554
60028,reaches_CEO,5,60028 > 66591 > 78493 > 197876 > 11277 > 61554
30862,reaches_CEO,5,30862 > 85426 > 24015 > 125855 > 93708 > 61554
159599,reaches_CEO,5,159599 > 34134 > 172989 > 34051 > 11277 > 61554
118389,reaches_CEO,5,118389 > 167389 > 181201 > 139032 > 11277 > 61554
163751,reaches_CEO,5,163751 > 57316 > 157492 > 34280 > 11277 > 61554
176367,reaches_CEO,2,176367 > 51535 > 61554
8476,reaches_CEO,5,8476 > 29410 > 145161 > 69728 > 51535 > 61554
57611,reaches_CEO,5,57611 > 193920 > 141808 > 34051 > 11277 > 61554
57969,reaches_CEO,5,57969 > 5282 > 32248 > 34280 > 11277 > 61554
62298,reaches_CEO,4,62298 > 138823 > 124994 > 93708 > 61554
112312,reaches_CEO,5,112312 > 102684 > 92713 > 96752 > 11277 > 61554
39785,reaches_CEO,3,39785 > 177860 > 93708 > 61554
181104,reaches_CEO,5,181104 > 124186 > 103443 > 97647 > 110464 > 61554
169024,reaches_CEO,5,169024 > 70406 > 91869 > 40920 > 110464 > 61554
136986,reaches_CEO,5,136986 > 187053 > 194121 > 176367 > 51535 > 61554
72770,reaches_CEO,5,72770 > 122145 > 72243 > 162476 > 51535 > 61554
191861,reaches_CEO,5,191861 > 78997 > 117030 > 109804 > 51535 > 61554
19210,reaches_CEO,5,19210 > 26183 > 145667 > 142146 > 11277 > 61554
16592,reaches_CEO,5,16592 > 129000 > 6027 > 74062 > 110464 > 61554
196153,reaches_CEO,5,196153 > 35499 > 134865 > 197876 > 11277 > 61554
18837,reaches_CEO,5,18837 > 1050 > 71595 > 55537 > 51535 > 61554
64176,reaches_CEO,5,64176 > 22887 > 24015 > 125855 > 93708 > 61554
33843,reaches_CEO,5,33843 > 64087 > 45969 > 26053 > 93708 > 61554
153047,reaches_CEO,5,153047 > 21086 > 24015 > 125855 > 93708 > 61554
179692,reaches_CEO,5,179692 > 169833 > 59566 > 125855 > 93708 > 61554
18667,reaches_CEO,5,18667 > 118329 > 181201 > 139032 > 11277 > 61554
189420,reaches_CEO,5,189420 > 69200 > 79285 > 34280 > 11277 > 61554
138178,reaches_CEO,5,138178 > 9400 > 138823 > 124994 > 93708 > 61554
189768,reaches_CEO,5,189768 > 105542 > 162889 > 109308 > 110464 > 61554
25726,reaches_CEO,5,25726 > 51331 > 89619 > 26053 > 93708 > 61554
121599,reaches_CEO,5,121599 > 52923 > 134865 > 197876 > 11277 > 61554
196160,reaches_CEO,5,196160 > 107694 > 50665 > 71889 > 93708 > 61554
53211,reaches_CEO,5,53211 > 165442 > 134865 > 197876 > 11277 > 61554
188509,reaches_CEO,5,188509 > 101484 > 91654 > 109804 > 51535 > 61554
149970,reaches_CEO,4,149970 > 155485 > 40920 > 110464 > 61554
98678,reaches_CEO,5,98678 > 68821 > 183869 > 185673 > 51535 > 61554
179786,reaches_CEO,5,179786 > 8856 > 134556 > 138045 > 110464 > 61554
142380,reaches_CEO,5,142380 > 103448 > 198366 > 142146 > 11277 > 61554
76600,reaches_CEO,5,76600 > 29547 > 47553 > 69728 > 51535 > 61554
11854,reaches_CEO,5,11854 > 156927 > 181566 > 97647 > 110464 > 61554
33031,reaches_CEO,5,33031 > 185976 > 119832 > 190801 > 51535 > 61554
27283,reaches_CEO,5,27283 > 133927 > 42270 > 79693 > 51535 > 61554
144675,reaches_CEO,5,144675 > 181219 > 196484 > 176424 > 110464 > 61554
199184,reaches_CEO,4,199184 > 66119 > 34051 > 11277 > 61554
77317,reaches_CEO,5,77317 > 116774 > 71595 > 55537 > 51535 > 61554
5721,reaches_CEO,5,5721 > 12214 > 171907 > 142146 > 11277 > 61554
197498,reaches_CEO,5,197498 > 47618 > 71532 > 109308 > 110464 > 61554
138485,reaches_CEO,5,138485 > 24979 > 146600 > 107658 > 110464 > 61554
97091,reaches_CEO,5,97091 > 88779 > 183175 > 197876 > 11277 > 61554
146602,reaches_CEO,5,146602 > 123258 > 69550 > 74062 > 110464 > 61554
156083,reaches_CEO,5,156083 > 183528 > 184512 > 109804 > 51535 > 61554
99441,reaches_CEO,5,99441 > 101819 > 87379 > 176367 > 51535 > 61554
121680,reaches_CEO,5,121680 > 54315 > 78493 > 197876 > 11277 > 61554
58652,reaches_CEO,5,58652 > 100373 > 192056 > 71889 > 93708 > 61554
130279,reaches_CEO,5,130279 > 132192 > 89619 > 26053 > 93708 > 61554
85897,reaches_CEO,5,85897 > 71130 > 8207 > 185673 > 51535 > 61554
12065,reaches_CEO,5,12065 > 90065 > 194121 > 176367 > 51535 > 61554
47450,reaches_CEO,5,47450 > 66420 > 21604 > 26053 > 93708 > 61554
130887,reaches_CEO,5,130887 > 91254 > 23830 > 74062 > 110464 > 61554
48874,reaches_CEO,5,48874 > 178954 > 189937 > 55537 > 51535 > 61554
190181,reaches_CEO,5,190181 > 64724 > 37154 > 138045 > 110464 > 61554
35867,reaches_CEO,5,35867 > 134728 > 114137 > 107658 > 110464 > 61554
175820,reaches_CEO,5,175820 > 176415 > 39726 > 69728 > 51535 > 61554
53012,reaches_CEO,4,53012 > 91869 > 40920 > 110464 > 61554
5060,reaches_CEO,5,5060 > 157931 > 61403 > 69728 > 51535 > 61554
138045,reaches_CEO,2,138045 > 110464 > 61554
80820,reaches_CEO,5,80820 > 19806 > 32510 > 197876 > 11277 > 61554
108116,reaches_CEO,5,108116 > 104759 > 20378 > 124994 > 93708 > 61554
114790,reaches_CEO,5,114790 > 2644 > 154897 > 34280 > 11277 > 61554
29851,reaches_CEO,5,29851 > 158609 > 193088 > 96752 > 11277 > 61554
152785,reaches_CEO,5,152785 > 17291 > 92713 > 96752 > 11277 > 61554
42103,reaches_CEO,5,42103 > 113578 > 125912 > 107658 > 110464 > 61554
73211,reaches_CEO,5,73211 > 183045 > 39726 > 69728 > 51535 > 61554
167836,reaches_CEO,5,167836 > 7212 > 69550 > 74062 > 110464 > 61554
176278,reaches_CEO,5,176278 > 150300 > 89053 > 97647 > 110464 > 61554
133688,reaches_CEO,5,133688 > 132192 > 89619 > 26053 > 93708 > 61554
14159,reaches_CEO,5,14159 > 176415 > 39726 > 69728 > 51535 > 61554
80032,reaches_CEO,5,80032 > 33266 > 158490 > 74062 > 110464 > 61554
35434,reaches_CEO,5,35434 > 56316 > 32248 > 34280 > 11277 > 61554
696,reaches_CEO,5,696 > 157064 > 125912 > 107658 > 110464 > 61554
109644,reaches_CEO,5,109644 > 112245 > 47755 > 154041 > 11277 > 61554
93273,reaches_CEO,5,93273 > 92845 > 92567 > 162476 > 51535 > 61554
40592,reaches_CEO,5,40592 > 47618 > 71532 > 109308 > 110464 > 61554
3854,reaches_CEO,5,3854 > 71130 > 8207 > 185673 > 51535 > 61554
38873,reaches_CEO,5,38873 > 23737 > 198893 > 124994 > 93708 > 61554
128300,reaches_CEO,5,128300 > 164326 > 193088 > 96752 > 11277 > 61554
142171,reaches_CEO,5,142171 > 7255 > 167482 > 133795 > 51535 > 61554
28193,reaches_CEO,5,28193 > 81860 > 49002 > 109804 > 51535 > 61554
167116,reaches_CEO,5,167116 > 113578 > 125912 > 107658 > 110464 > 61554
140752,reaches_CEO,5,140752 > 110878 > 119481 > 79693 > 51535 > 61554
163387,reaches_CEO,5,163387 > 1651 > 146629 > 190801 > 51535 > 61554
174092,reaches_CEO,4,174092 > 3235 > 84011 > 11277 > 61554
164285,reaches_CEO,5,164285 > 149135 > 119481 > 79693 > 51535 > 61554
43229,reaches_CEO,5,43229 > 63785 > 49002 > 109804 > 51535 > 61554
115043,reaches_CEO,5,115043 > 154703 > 18295 > 176367 > 51535 > 61554
126833,reaches_CEO,5,126833 > 88779 > 183175 > 197876 > 11277 > 61554
143359,reaches_CEO,5,143359 > 175434 > 157492 > 34280 > 11277 > 61554
18863,reaches_CEO,5,18863 > 140061 > 181201 > 139032 > 11277 > 61554
25036,reaches_CEO,3,25036 > 152500 > 93708 > 61554
131280,reaches_CEO,5,131280 > 41335 > 33814 > 190801 > 51535 > 61554
112404,reaches_CEO,5,112404 > 167650 > 119481 > 79693 > 51535 > 61554
181954,reaches_CEO,5,181954 > 112245 > 47755 > 154041 > 11277 > 61554
5086,reaches_CEO,5,5086 > 78516 > 164851 > 154041 > 11277 > 61554
1743,reaches_CEO,5,1743 > 162035 > 134865 > 197876 > 11277 > 61554
46694,reaches_CEO,5,46694 > 196660 > 94454 > 84011 > 11277 > 61554
62121,reaches_CEO,5,62121 > 14299 > 194121 > 176367 > 51535 > 61554
190146,reaches_CEO,5,190146 > 138772 > 94362 > 34051 > 11277 > 61554
127544,reaches_CEO,4,127544 > 65451 > 139032 > 11277 > 61554
114260,reaches_CEO,5,114260 > 53109 > 130489 > 36075 > 11277 > 61554
63976,reaches_CEO,5,63976 > 96664 > 125912 > 107658 > 110464 > 61554
34597,reaches_CEO,5,34597 > 8193 > 152076 > 69728 > 51535 > 61554
35198,reaches_CEO,5,35198 > 8856 > 134556 > 138045 > 110464 > 61554
59028,reaches_CEO,5,59028 > 169231 > 164851 > 154041 > 11277 > 61554
159098,reaches_CEO,4,159098 > 5342 > 133795 > 51535 > 61554
124951,reaches_CEO,5,124951 > 81421 > 45969 > 26053 > 93708 > 61554
91265,reaches_CEO,5,91265 > 69463 > 91869 > 40920 > 110464 > 61554
100532,reaches_CEO,5,100532 > 21470 > 143437 > 71499 > 110464 > 61554
102721,reaches_CEO,5,102721 > 66591 > 78493 > 197876 > 11277 > 61554
158056,reaches_CEO,4,158056 > 33814 > 190801 > 51535 > 61554
192742,reaches_CEO,5,192742 > 84828 > 33814 > 190801 > 51535 > 61554
131776,reaches_CEO,5,131776 > 144927 > 94454 > 84011 > 11277 > 61554
185138,reaches_CEO,3,185138 > 152500 > 93708 > 61554
135069,reaches_CEO,5,135069 > 177805 > 87344 > 138045 > 110464 > 61554
137744,reaches_CEO,5,137744 > 68532 > 61403 > 69728 > 51535 > 61554
24784,reaches_CEO,5,24784 > 194904 > 21604 > 26053 > 93708 > 61554
105999,reaches_CEO,5,105999 > 113245 > 198366 > 142146 > 11277 > 61554
168218,reaches_CEO,5,168218 > 71115 > 92567 > 162476 > 51535 > 61554
87984,reaches_CEO,5,87984 > 62298 > 138823 > 124994 > 93708 > 61554
113980,reaches_CEO,5,113980 > 129626 > 118233 > 149778 > 110464 > 61554
141962,reaches_CEO,5,141962 > 72965 > 92713 > 96752 > 11277 > 61554
79718,reaches_CEO,5,79718 > 103421 > 5342 > 133795 > 51535 > 61554
22341,reaches_CEO,5,22341 > 155570 > 71532 > 109308 > 110464 > 61554
159875,reaches_CEO,5,159875 > 146111 > 21604 > 26053 > 93708 > 61554
79070,reaches_CEO,5,79070 > 31063 > 99397 > 71889 > 93708 > 61554
119890,reaches_CEO,5,119890 > 64190 > 157492 > 34280 > 11277 > 61554
132399,reaches_CEO,4,132399 > 94362 > 34051 > 11277 > 61554
1406,reaches_CEO,5,1406 > 174122 > 152076 > 69728 > 51535 > 61554
6158,reaches_CEO,5,6158 > 93223 > 92567 > 162476 > 51535 > 61554
59529,reaches_CEO,5,59529 > 82463 > 158490 > 74062 > 110464 > 61554
95646,reaches_CEO,5,95646 > 66420 > 21604 > 26053 > 93708 > 61554
104619,reaches_CEO,5,104619 > 188118 > 114472 > 197876 > 11277 > 61554
82045,reaches_CEO,5,82045 > 94683 > 124893 > 149778 > 110464 > 61554
191509,reaches_CEO,5,191509 > 192369 > 131950 > 96752 > 11277 > 61554
82591,reaches_CEO,5,82591 > 87884 > 145161 > 69728 > 51535 > 61554
123696,reaches_CEO,5,123696 > 143050 > 155485 > 40920 > 110464 > 61554
174389,reaches_CEO,5,174389 > 104539 > 138823 > 124994 > 93708 > 61554
55554,reaches_CEO,5,55554 > 32938 > 42270 > 79693 > 51535 > 61554
192056,reaches_CEO,3,192056 > 71889 > 93708 > 61554
84991,reaches_CEO,5,84991 > 14470 > 191418 > 36075 > 11277 > 61554
98619,reaches_CEO,5,98619 > 60489 > 24489 > 176424 > 110464 > 61554
130987,reaches_CEO,5,130987 > 136468 > 167941 > 34051 > 11277 > 61554
174578,reaches_CEO,5,174578 > 40904 > 92567 > 162476 > 51535 > 61554
198783,reaches_CEO,5,198783 > 97422 > 7531 > 152500 > 93708 > 61554
35392,reaches_CEO,5,35392 > 81111 > 18295 > 176367 > 51535 > 61554
174808,reaches_CEO,5,174808 > 58365 > 196484 > 176424 > 110464 > 61554
127554,reaches_CEO,5,127554 > 83032 > 87344 > 138045 > 110464 > 61554
32489,reaches_CEO,5,32489 > 11275 > 87344 > 138045 > 110464 > 61554
103177,reaches_CEO,5,103177 > 76073 > 184512 > 109804 > 51535 > 61554
159347,reaches_CEO,5,159347 > 146473 > 156036 > 74062 > 110464 > 61554
136209,reaches_CEO,5,136209 > 193818 > 136905 > 71889 > 93708 > 61554
6575,reaches_CEO,5,6575 > 76310 > 183869 > 185673 > 51535 > 61554
48863,reaches_CEO,5,48863 > 76435 > 183175 > 197876 > 11277 > 61554
46196,reaches_CEO,5,46196 > 160618 > 83356 > 84011 > 11277 > 61554
185579,reaches_CEO,5,185579 > 87762 > 154897 > 34280 > 11277 > 61554
115244,reaches_CEO,5,115244 > 87884 > 145161 > 69728 > 51535 > 61554
64364,reaches_CEO,5,64364 > 12877 > 57693 > 69728 > 51535 > 61554
27378,reaches_CEO,5,27378 > 149970 > 155485 > 40920 > 110464 > 61554
29072,reaches_CEO,5,29072 > 193621 > 100942 > 36075 > 11277 > 61554
154451,reaches_CEO,5,154451 > 171940 > 70434 > 149778 > 110464 > 61554
55653,reaches_CEO,4,55653 > 47755 > 154041 > 11277 > 61554
114338,reaches_CEO,5,114338 > 51121 > 59566 > 125855 > 93708 > 61554
42366,reaches_CEO,5,42366 > 52920 > 65522 > 34051 > 11277 > 61554
10955,reaches_CEO,5,10955 > 87929 > 2308 > 84011 > 11277 > 61554
174752,reaches_CEO,5,174752 > 75242 > 60121 > 109804 > 51535 > 61554
18525,reaches_CEO,5,18525 > 87929 > 2308 > 84011 > 11277 > 61554
179426,reaches_CEO,5,179426 > 91002 > 24489 > 176424 > 110464 > 61554
32727,reaches_CEO,5,32727 > 151005 > 134556 > 138045 > 110464 > 61554
151987,reaches_CEO,5,151987 > 73254 > 192056 > 71889 > 93708 > 61554
114015,reaches_CEO,5,114015 > 84193 > 115539 > 71499 > 110464 > 61554
41239,reaches_CEO,5,41239 > 29960 > 118233 > 149778 > 110464 > 61554
169664,reaches_CEO,4,169664 > 184512 > 109804 > 51535 > 61554
2030,reaches_CEO,5,2030 > 91979 > 116660 > 26053 > 93708 > 61554
152661,reaches_CEO,5,152661 > 185982 > 171907 > 142146 > 11277 > 61554
104703,reaches_CEO,5,104703 > 193452 > 47755 > 154041 > 11277 > 61554
37748,reaches_CEO,5,37748 > 55653 > 47755 > 154041 > 11277 > 61554
2111,reaches_CEO,5,2111 > 149485 > 172989 > 34051 > 11277 > 61554
124402,reaches_CEO,5,124402 > 118769 > 119832 > 190801 > 51535 > 61554
54811,reaches_CEO,5,54811 > 185285 > 198893 > 124994 > 93708 > 61554
173673,reaches_CEO,5,173673 > 98520 > 70434 > 149778 > 110464 > 61554
133562,reaches_CEO,5,133562 > 84828 > 33814 > 190801 > 51535 > 61554
100991,reaches_CEO,5,100991 > 10922 > 198366 > 142146 > 11277 > 61554
61079,reaches_CEO,5,61079 > 88936 > 3235 > 84011 > 11277 > 61554
180621,reaches_CEO,5,180621 > 121527 > 139507 > 97647 > 110464 > 61554
89730,reaches_CEO,5,89730 > 164326 > 193088 > 96752 > 11277 > 61554
84048,reaches_CEO,5,84048 > 73034 > 161284 > 109804 > 51535 > 61554
114392,reaches_CEO,5,114392 > 53677 > 41533 > 177860 > 93708 > 61554
70581,reaches_CEO,5,70581 > 131525 > 172989 > 34051 > 11277 > 61554
128525,reaches_CEO,5,128525 > 64087 > 45969 > 26053 > 93708 > 61554
134503,reaches_CEO,5,134503 > 30749 > 28697 > 79693 > 51535 > 61554
53078,reaches_CEO,5,53078 > 187053 > 194121 > 176367 > 51535 > 61554
109374,reaches_CEO,5,109374 > 115591 > 66119 > 34051 > 11277 > 61554
80910,reaches_CEO,5,80910 > 179569 > 78493 > 197876 > 11277 > 61554
165665,reaches_CEO,5,165665 > 138432 > 41945 > 84011 > 11277 > 61554
17820,reaches_CEO,5,17820 > 16073 > 139507 > 97647 > 110464 > 61554
44520,reaches_CEO,5,44520 > 197206 > 91869 > 40920 > 110464 > 61554
158654,reaches_CEO,5,158654 > 3260 > 33814 > 190801 > 51535 > 61554
120816,reaches_CEO,5,120816 > 55883 > 49002 > 109804 > 51535 > 61554
64814,reaches_CEO,5,64814 > 186086 > 184512 > 109804 > 51535 > 61554
156026,reaches_CEO,5,156026 > 142850 > 78493 > 197876 > 11277 > 61554
154700,reaches_CEO,5,154700 > 183528 > 184512 > 109804 > 51535 > 61554
8260,reaches_CEO,5,8260 > 84193 > 115539 > 71499 > 110464 > 61554
24903,reaches_CEO,5,24903 > 75705 > 171266 > 71889 > 93708 > 61554
3917,reaches_CEO,3,3917 > 139032 > 11277 > 61554
34457,reaches_CEO,5,34457 > 180925 > 141808 > 34051 > 11277 > 61554
155992,reaches_CEO,5,155992 > 128966 > 107049 > 34280 > 11277 > 61554
137914,reaches_CEO,5,137914 > 87929 > 2308 > 84011 > 11277 > 61554
161418,reaches_CEO,5,161418 > 5743 > 49727 > 84011 > 11277 > 61554
174603,reaches_CEO,5,174603 > 182777 > 124893 > 149778 > 110464 > 61554
134230,reaches_CEO,5,134230 > 140838 > 95935 > 71889 > 93708 > 61554
16537,reaches_CEO,5,16537 > 99139 > 3917 > 139032 > 11277 > 61554
133403,reaches_CEO,5,133403 > 139180 > 71532 > 109308 > 110464 > 61554
122601,reaches_CEO,5,122601 > 107493 > 132307 > 185673 > 51535 > 61554
114091,reaches_CEO,5,114091 > 116180 > 113589 > 190801 > 51535 > 61554
91654,reaches_CEO,3,91654 > 109804 > 51535 > 61554
147096,reaches_CEO,5,147096 > 112750 > 39726 > 69728 > 51535 > 61554
110326,reaches_CEO,5,110326 > 102712 > 157492 > 34280 > 11277 > 61554
28136,reaches_CEO,5,28136 > 149485 > 172989 > 34051 > 11277 > 61554
117052,reaches_CEO,5,117052 > 48742 > 28697 > 79693 > 51535 > 61554
187173,reaches_CEO,5,187173 > 55481 > 72243 > 162476 > 51535 > 61554
145741,reaches_CEO,5,145741 > 193518 > 78493 > 197876 > 11277 > 61554
177864,reaches_CEO,5,177864 > 94683 > 124893 > 149778 > 110464 > 61554
143473,reaches_CEO,4,143473 > 59566 > 125855 > 93708 > 61554
176557,reaches_CEO,5,176557 > 144976 > 145667 > 142146 > 11277 > 61554
192620,reaches_CEO,5,192620 > 113189 > 193088 > 96752 > 11277 > 61554
92074,reaches_CEO,5,92074 > 198531 > 49727 > 84011 > 11277 > 61554
23798,reaches_CEO,5,23798 > 74170 > 191418 > 36075 > 11277 > 61554
145164,reaches_CEO,5,145164 > 19424 > 47553 > 69728 > 51535 > 61554
89053,reaches_CEO,3,89053 > 97647 > 110464 > 61554
53670,reaches_CEO,5,53670 > 68821 > 183869 > 185673 > 51535 > 61554
29829,reaches_CEO,5,29829 > 9239 > 47127 > 84011 > 11277 > 61554
85411,reaches_CEO,5,85411 > 169664 > 184512 > 109804 > 51535 > 61554
39569,reaches_CEO,5,39569 > 144401 > 94362 > 34051 > 11277 > 61554
127745,reaches_CEO,5,127745 > 154375 > 24015 > 125855 > 93708 > 61554
802,reaches_CEO,5,802 > 170922 > 129381 > 142146 > 11277 > 61554
44794,reaches_CEO,5,44794 > 18627 > 115907 > 97647 > 110464 > 61554
93864,reaches_CEO,5,93864 > 190566 > 168545 > 176424 > 110464 > 61554
154617,reaches_CEO,5,154617 > 69200 > 79285 > 34280 > 11277 > 61554
73389,reaches_CEO,5,73389 > 134048 > 78493 > 197876 > 11277 > 61554
139474,reaches_CEO,5,139474 > 196637 > 189937 > 55537 > 51535 > 61554
41452,reaches_CEO,5,41452 > 196490 > 165426 > 124994 > 93708 > 61554
54723,reaches_CEO,5,54723 > 88370 > 110260 > 125855 > 93708 > 61554
151205,reaches_CEO,5,151205 > 134658 > 65522 > 34051 > 11277 > 61554
21787,reaches_CEO,5,21787 > 153291 > 141808 > 34051 > 11277 > 61554
115921,reaches_CEO,5,115921 > 143317 > 94362 > 34051 > 11277 > 61554
104821,reaches_CEO,5,104821 > 4394 > 118233 > 149778 > 110464 > 61554
14677,reaches_CEO,5,14677 > 168951 > 120639 > 142146 > 11277 > 61554
74324,reaches_CEO,5,74324 > 121527 > 139507 > 97647 > 110464 > 61554
2729,reaches_CEO,5,2729 > 64750 > 183869 > 185673 > 51535 > 61554
170195,reaches_CEO,5,170195 > 75246 > 140317 > 107152 > 51535 > 61554
130405,reaches_CEO,5,130405 > 88303 > 3235 > 84011 > 11277 > 61554
49237,reaches_CEO,5,49237 > 162035 > 134865 > 197876 > 11277 > 61554
74216,reaches_CEO,5,74216 > 197206 > 91869 > 40920 > 110464 > 61554
129633,reaches_CEO,5,129633 > 118769 > 119832 > 190801 > 51535 > 61554
141012,reaches_CEO,5,141012 > 179149 > 21604 > 26053 > 93708 > 61554
73254,reaches_CEO,4,73254 > 192056 > 71889 > 93708 > 61554
121097,reaches_CEO,5,121097 > 63785 > 49002 > 109804 > 51535 > 61554
55431,reaches_CEO,4,55431 > 100942 > 36075 > 11277 > 61554
167989,reaches_CEO,5,167989 > 102498 > 192056 > 71889 > 93708 > 61554
161010,reaches_CEO,5,161010 > 49729 > 191418 > 36075 > 11277 > 61554
18476,reaches_CEO,5,18476 > 140542 > 2308 > 84011 > 11277 > 61554
186728,reaches_CEO,5,186728 > 94030 > 78493 > 197876 > 11277 > 61554
113419,reaches_CEO,5,113419 > 10357 > 196484 > 176424 > 110464 > 61554
198793,reaches_CEO,5,198793 > 85791 > 134865 > 197876 > 11277 > 61554
163887,reaches_CEO,5,163887 > 59555 > 156036 > 74062 > 110464 > 61554
114086,reaches_CEO,5,114086 > 9706 > 78493 > 197876 > 11277 > 61554
58836,reaches_CEO,5,58836 > 155437 > 119481 > 79693 > 51535 > 61554
125534,reaches_CEO,5,125534 > 183045 > 39726 > 69728 > 51535 > 61554
29358,reaches_CEO,5,29358 > 63785 > 49002 > 109804 > 51535 > 61554
179416,reaches_CEO,5,179416 > 62990 > 129381 > 142146 > 11277 > 61554
192671,reaches_CEO,5,192671 > 81111 > 18295 > 176367 > 51535 > 61554
48247,reaches_CEO,5,48247 > 81421 > 45969 > 26053 > 93708 > 61554
143877,reaches_CEO,5,143877 > 43420 > 24691 > 56068 > 11277 > 61554
162196,reaches_CEO,4,162196 > 39726 > 69728 > 51535 > 61554
89,reaches_CEO,5,89 > 189742 > 116660 > 26053 > 93708 > 61554
89847,reaches_CEO,5,89847 > 193920 > 141808 > 34051 > 11277 > 61554
112663,reaches_CEO,5,112663 > 24071 > 119832 > 190801 > 51535 > 61554
156060,reaches_CEO,5,156060 > 85791 > 134865 > 197876 > 11277 > 61554
187387,reaches_CEO,5,187387 > 198624 > 157530 > 71889 > 93708 > 61554
168961,reaches_CEO,5,168961 > 149696 > 135238 > 84011 > 11277 > 61554
70665,reaches_CEO,5,70665 > 157966 > 134556 > 138045 > 110464 > 61554
45791,reaches_CEO,5,45791 > 160169 > 172989 > 34051 > 11277 > 61554
169856,reaches_CEO,5,169856 > 165853 > 18295 > 176367 > 51535 > 61554
86648,reaches_CEO,5,86648 > 165442 > 134865 > 197876 > 11277 > 61554
196024,reaches_CEO,5,196024 > 77613 > 66090 > 34280 > 11277 > 61554
21681,reaches_CEO,5,21681 > 48877 > 37154 > 138045 > 110464 > 61554
15830,reaches_CEO,5,15830 > 79934 > 193330 > 162476 > 51535 > 61554
21857,reaches_CEO,5,21857 > 9239 > 47127 > 84011 > 11277 > 61554
103709,reaches_CEO,5,103709 > 122762 > 17395 > 96752 > 11277 > 61554
141003,reaches_CEO,5,141003 > 127623 > 72243 > 162476 > 51535 > 61554
84370,reaches_CEO,5,84370 > 150189 > 138823 > 124994 > 93708 > 61554
132599,reaches_CEO,5,132599 > 130204 > 115907 > 97647 > 110464 > 61554
118824,reaches_CEO,5,118824 > 147103 > 152076 > 69728 > 51535 > 61554
138107,reaches_CEO,5,138107 > 59939 > 91869 > 40920 > 110464 > 61554
184616,reaches_CEO,5,184616 > 62081 > 3917 > 139032 > 11277 > 61554
114547,reaches_CEO,5,114547 > 14470 > 191418 > 36075 > 11277 > 61554
115437,reaches_CEO,5,115437 > 140838 > 95935 > 71889 > 93708 > 61554
17813,reaches_CEO,5,17813 > 64452 > 3235 > 84011 > 11277 > 61554
160289,reaches_CEO,4,160289 > 79285 > 34280 > 11277 > 61554
131777,reaches_CEO,5,131777 > 84828 > 33814 > 190801 > 51535 > 61554
14736,reaches_CEO,5,14736 > 172948 > 39785 > 177860 > 93708 > 61554
53548,reaches_CEO,5,53548 > 102712 > 157492 > 34280 > 11277 > 61554
187831,reaches_CEO,5,187831 > 134982 > 66119 > 34051 > 11277 > 61554
63435,reaches_CEO,5,63435 > 108428 > 117030 > 109804 > 51535 > 61554
19143,reaches_CEO,5,19143 > 129734 > 17837 > 176367 > 51535 > 61554
61405,reaches_CEO,5,61405 > 96060 > 7531 > 152500 > 93708 > 61554
76954,reaches_CEO,5,76954 > 4394 > 118233 > 149778 > 110464 > 61554
117479,reaches_CEO,5,117479 > 84828 > 33814 > 190801 > 51535 > 61554
179398,reaches_CEO,5,179398 > 79807 > 92567 > 162476 > 51535 > 61554
45328,reaches_CEO,5,45328 > 147715 > 24691 > 56068 > 11277 > 61554
174342,reaches_CEO,5,174342 > 42096 > 89002 > 34280 > 11277 > 61554
134431,reaches_CEO,5,134431 > 67178 > 20378 > 124994 > 93708 > 61554
160422,reaches_CEO,5,160422 > 54136 > 69550 > 74062 > 110464 > 61554
81736,reaches_CEO,5,81736 > 84828 > 33814 > 190801 > 51535 > 61554
38995,reaches_CEO,5,38995 > 84828 > 33814 > 190801 > 51535 > 61554
11540,reaches_CEO,5,11540 > 54315 > 78493 > 197876 > 11277 > 61554
66355,reaches_CEO,5,66355 > 150408 > 61403 > 69728 > 51535 > 61554
96793,reaches_CEO,5,96793 > 68821 > 183869 > 185673 > 51535 > 61554
99282,reaches_CEO,5,99282 > 73893 > 134865 > 197876 > 11277 > 61554
22353,reaches_CEO,5,22353 > 142850 > 78493 > 197876 > 11277 > 61554
59696,reaches_CEO,5,59696 > 194904 > 21604 > 26053 > 93708 > 61554
59835,reaches_CEO,5,59835 > 52920 > 65522 > 34051 > 11277 > 61554
129320,reaches_CEO,5,129320 > 71585 > 65174 > 154041 > 11277 > 61554
125960,reaches_CEO,5,125960 > 130449 > 47755 > 154041 > 11277 > 61554
166420,reaches_CEO,5,166420 > 132399 > 94362 > 34051 > 11277 > 61554
47929,reaches_CEO,5,47929 > 151696 > 77857 > 152500 > 93708 > 61554
72222,reaches_CEO,5,72222 > 191289 > 71595 > 55537 > 51535 > 61554
99661,reaches_CEO,5,99661 > 57316 > 157492 > 34280 > 11277 > 61554
119967,reaches_CEO,5,119967 > 150408 > 61403 > 69728 > 51535 > 61554
172541,reaches_CEO,4,172541 > 138823 > 124994 > 93708 > 61554
186254,reaches_CEO,5,186254 > 65126 > 125912 > 107658 > 110464 > 61554
21660,reaches_CEO,5,21660 > 96060 > 7531 > 152500 > 93708 > 61554
52022,reaches_CEO,5,52022 > 142367 > 181201 > 139032 > 11277 > 61554
39031,reaches_CEO,5,39031 > 170922 > 129381 > 142146 > 11277 > 61554
169253,reaches_CEO,5,169253 > 157966 > 134556 > 138045 > 110464 > 61554
151403,reaches_CEO,5,151403 > 99121 > 146600 > 107658 > 110464 > 61554
69621,reaches_CEO,5,69621 > 158609 > 193088 > 96752 > 11277 > 61554
184024,reaches_CEO,5,184024 > 180924 > 158490 > 74062 > 110464 > 61554
181629,reaches_CEO,5,181629 > 144211 > 194121 > 176367 > 51535 > 61554
74021,reaches_CEO,5,74021 > 164638 > 47755 > 154041 > 11277 > 61554
82621,reaches_CEO,5,82621 > 162381 > 193330 > 162476 > 51535 > 61554
24261,reaches_CEO,5,24261 > 12214 > 171907 > 142146 > 11277 > 61554
47640,reaches_CEO,5,47640 > 152791 > 154897 > 34280 > 11277 > 61554
108439,reaches_CEO,5,108439 > 142685 > 157492 > 34280 > 11277 > 61554
153206,reaches_CEO,5,153206 > 151838 > 3917 > 139032 > 11277 > 61554
103394,reaches_CEO,5,103394 > 39231 > 24681 > 124994 > 93708 > 61554
197166,reaches_CEO,5,197166 > 182556 > 107049 > 34280 > 11277 > 61554
84962,reaches_CEO,5,84962 > 105395 > 17837 > 176367 > 51535 > 61554
41581,reaches_CEO,5,41581 > 109671 > 191391 > 138045 > 110464 > 61554
67726,reaches_CEO,5,67726 > 190566 > 168545 > 176424 > 110464 > 61554
97456,reaches_CEO,5,97456 > 14299 > 194121 > 176367 > 51535 > 61554
99511,reaches_CEO,5,99511 > 171499 > 152076 > 69728 > 51535 > 61554
75093,reaches_CEO,5,75093 > 100373 > 192056 > 71889 > 93708 > 61554
82533,reaches_CEO,5,82533 > 103981 > 69550 > 74062 > 110464 > 61554
76518,reaches_CEO,5,76518 > 32938 > 42270 > 79693 > 51535 > 61554
26241,reaches_CEO,5,26241 > 26183 > 145667 > 142146 > 11277 > 61554
44998,reaches_CEO,5,44998 > 26505 > 121233 > 176424 > 110464 > 61554
177377,reaches_CEO,5,177377 > 37434 > 171907 > 142146 > 11277 > 61554
56869,reaches_CEO,5,56869 > 76641 > 154285 > 107152 > 51535 > 61554
23162,reaches_CEO,5,23162 > 95522 > 91869 > 40920 > 110464 > 61554
116915,reaches_CEO,5,116915 > 77670 > 66119 > 34051 > 11277 > 61554
130949,reaches_CEO,5,130949 > 87762 > 154897 > 34280 > 11277 > 61554
92050,reaches_CEO,5,92050 > 84193 > 115539 > 71499 > 110464 > 61554
25939,reaches_CEO,5,25939 > 23100 > 132307 > 185673 > 51535 > 61554
2519,reaches_CEO,5,2519 > 67931 > 119481 > 79693 > 51535 > 61554
115008,reaches_CEO,5,115008 > 130135 > 95935 > 71889 > 93708 > 61554
32992,reaches_CEO,5,32992 > 110878 > 119481 > 79693 > 51535 > 61554
23677,reaches_CEO,5,23677 > 26505 > 121233 > 176424 > 110464 > 61554
131999,reaches_CEO,5,131999 > 95522 > 91869 > 40920 > 110464 > 61554
142954,reaches_CEO,5,142954 > 82698 > 49727 > 84011 > 11277 > 61554
68984,reaches_CEO,5,68984 > 7966 > 49727 > 84011 > 11277 > 61554
93223,reaches_CEO,4,93223 > 92567 > 162476 > 51535 > 61554
113279,reaches_CEO,5,113279 > 150194 > 132307 > 185673 > 51535 > 61554
189661,reaches_CEO,5,189661 > 90 > 183869 > 185673 > 51535 > 61554
95838,reaches_CEO,5,95838 > 10786 > 165426 > 124994 > 93708 > 61554
36390,reaches_CEO,5,36390 > 52525 > 192589 > 55537 > 51535 > 61554
23438,reaches_CEO,5,23438 > 116119 > 125912 > 107658 > 110464 > 61554
176421,reaches_CEO,5,176421 > 110508 > 183869 > 185673 > 51535 > 61554
198624,reaches_CEO,4,198624 > 157530 > 71889 > 93708 > 61554
42577,reaches_CEO,5,42577 > 34714 > 32248 > 34280 > 11277 > 61554
118109,reaches_CEO,5,118109 > 73254 > 192056 > 71889 > 93708 > 61554
196567,reaches_CEO,5,196567 > 64087 > 45969 > 26053 > 93708 > 61554
114657,reaches_CEO,5,114657 > 180854 > 65451 > 139032 > 11277 > 61554
71902,reaches_CEO,5,71902 > 146111 > 21604 > 26053 > 93708 > 61554
188292,reaches_CEO,5,188292 > 189148 > 20378 > 124994 > 93708 > 61554
71833,reaches_CEO,5,71833 > 10357 > 196484 > 176424 > 110464 > 61554
98590,reaches_CEO,5,98590 > 52923 > 134865 > 197876 > 11277 > 61554
53280,reaches_CEO,5,53280 > 196058 > 5692 > 149778 > 110464 > 61554
130616,reaches_CEO,5,130616 > 91254 > 23830 > 74062 > 110464 > 61554
7725,reaches_CEO,5,7725 > 90 > 183869 > 185673 > 51535 > 61554
30515,reaches_CEO,5,30515 > 51923 > 41533 > 177860 > 93708 > 61554
110991,reaches_CEO,5,110991 > 66420 > 21604 > 26053 > 93708 > 61554
57647,reaches_CEO,5,57647 > 67931 > 119481 > 79693 > 51535 > 61554
129098,reaches_CEO,5,129098 > 190065 > 143437 > 71499 > 110464 > 61554
103443,reaches_CEO,3,103443 > 97647 > 110464 > 61554
185982,reaches_CEO,4,185982 > 171907 > 142146 > 11277 > 61554
51288,reaches_CEO,4,51288 > 140317 > 107152 > 51535 > 61554
124441,reaches_CEO,5,124441 > 67151 > 49002 > 109804 > 51535 > 61554
21979,reaches_CEO,5,21979 > 60319 > 65174 > 154041 > 11277 > 61554
43388,reaches_CEO,5,43388 > 123103 > 72243 > 162476 > 51535 > 61554
146498,reaches_CEO,5,146498 > 87613 > 140317 > 107152 > 51535 > 61554
69615,reaches_CEO,5,69615 > 159638 > 116660 > 26053 > 93708 > 61554
75282,reaches_CEO,5,75282 > 115694 > 152076 > 69728 > 51535 > 61554
89846,reaches_CEO,5,89846 > 115349 > 41945 > 84011 > 11277 > 61554
94009,reaches_CEO,5,94009 > 41080 > 77851 > 36075 > 11277 > 61554
6363,reaches_CEO,5,6363 > 103448 > 198366 > 142146 > 11277 > 61554
104960,reaches_CEO,5,104960 > 115856 > 3235 > 84011 > 11277 > 61554
56743,reaches_CEO,5,56743 > 74170 > 191418 > 36075 > 11277 > 61554
31544,reaches_CEO,5,31544 > 179212 > 162889 > 109308 > 110464 > 61554
119774,reaches_CEO,4,119774 > 66119 > 34051 > 11277 > 61554
160099,reaches_CEO,5,160099 > 4110 > 94454 > 84011 > 11277 > 61554
175253,reaches_CEO,5,175253 > 148260 > 89053 > 97647 > 110464 > 61554
18348,reaches_CEO,5,18348 > 76435 > 183175 > 197876 > 11277 > 61554
155605,reaches_CEO,5,155605 > 146404 > 143437 > 71499 > 110464 > 61554
162586,reaches_CEO,5,162586 > 107493 > 132307 > 185673 > 51535 > 61554
71129,reaches_CEO,5,71129 > 191649 > 94454 > 84011 > 11277 > 61554
65334,reaches_CEO,5,65334 > 103014 > 183869 > 185673 > 51535 > 61554
52390,reaches_CEO,5,52390 > 78215 > 181201 > 139032 > 11277 > 61554
45374,reaches_CEO,5,45374 > 7349 > 121233 > 176424 > 110464 > 61554
49810,reaches_CEO,5,49810 > 61811 > 78493 > 197876 > 11277 > 61554
189888,reaches_CEO,5,189888 > 148865 > 24691 > 56068 > 11277 > 61554
173043,reaches_CEO,5,173043 > 5282 > 32248 > 34280 > 11277 > 61554
19219,reaches_CEO,5,19219 > 179929 > 114472 > 197876 > 11277 > 61554
84539,reaches_CEO,5,84539 > 73893 > 134865 > 197876 > 11277 > 61554
31143,reaches_CEO,5,31143 > 77844 > 3917 > 139032 > 11277 > 61554
158095,reaches_CEO,5,158095 > 152791 > 154897 > 34280 > 11277 > 61554
180266,reaches_CEO,5,180266 > 10922 > 198366 > 142146 > 11277 > 61554
29960,reaches_CEO,4,29960 > 118233 > 149778 > 110464 > 61554
191599,reaches_CEO,5,191599 > 148646 > 47553 > 69728 > 51535 > 61554
1109,reaches_CEO,5,1109 > 170076 > 3802 > 133795 > 51535 > 61554
27476,reaches_CEO,5,27476 > 56451 > 193088 > 96752 > 11277 > 61554
83948,reaches_CEO,5,83948 > 149135 > 119481 > 79693 > 51535 > 61554
181394,reaches_CEO,5,181394 > 171940 > 70434 > 149778 > 110464 > 61554
65097,reaches_CEO,5,65097 > 191083 > 37154 > 138045 > 110464 > 61554
183030,reaches_CEO,5,183030 > 23100 > 132307 > 185673 > 51535 > 61554
170830,reaches_CEO,5,170830 > 118506 > 25036 > 152500 > 93708 > 61554
156377,reaches_CEO,5,156377 > 19424 > 47553 > 69728 > 51535 > 61554
168722,reaches_CEO,5,168722 > 19524 > 167223 > 40920 > 110464 > 61554
160647,reaches_CEO,5,160647 > 62081 > 3917 > 139032 > 11277 > 61554
46479,reaches_CEO,5,46479 > 157931 > 61403 > 69728 > 51535 > 61554
82981,reaches_CEO,5,82981 > 58522 > 39726 > 69728 > 51535 > 61554
37562,reaches_CEO,5,37562 > 5889 > 21604 > 26053 > 93708 > 61554
155579,reaches_CEO,5,155579 > 135848 > 121096 > 40920 > 110464 > 61554
91101,reaches_CEO,5,91101 > 119576 > 27660 > 69728 > 51535 > 61554
24979,reaches_CEO,4,24979 > 146600 > 107658 > 110464 > 61554
91202,reaches_CEO,5,91202 > 59353 > 152076 > 69728 > 51535 > 61554
82743,reaches_CEO,5,82743 > 196058 > 5692 > 149778 > 110464 > 61554
114271,reaches_CEO,5,114271 > 185285 > 198893 > 124994 > 93708 > 61554
171457,reaches_CEO,5,171457 > 26468 > 189937 > 55537 > 51535 > 61554
98210,reaches_CEO,5,98210 > 27718 > 89619 > 26053 > 93708 > 61554
74811,reaches_CEO,5,74811 > 182038 > 79285 > 34280 > 11277 > 61554
95617,reaches_CEO,5,95617 > 73254 > 192056 > 71889 > 93708 > 61554
123666,reaches_CEO,5,123666 > 112245 > 47755 > 154041 > 11277 > 61554
83361,reaches_CEO,5,83361 > 191351 > 87344 > 138045 > 110464 > 61554
77728,reaches_CEO,5,77728 > 7095 > 171266 > 71889 > 93708 > 61554
81005,reaches_CEO,5,81005 > 149696 > 135238 > 84011 > 11277 > 61554
102994,reaches_CEO,5,102994 > 1050 > 71595 > 55537 > 51535 > 61554
25241,reaches_CEO,5,25241 > 52525 > 192589 > 55537 > 51535 > 61554
71376,reaches_CEO,5,71376 > 71987 > 24015 > 125855 > 93708 > 61554
102527,reaches_CEO,5,102527 > 118329 > 181201 > 139032 > 11277 > 61554
28979,reaches_CEO,4,28979 > 198366 > 142146 > 11277 > 61554
156015,reaches_CEO,5,156015 > 101484 > 91654 > 109804 > 51535 > 61554
65382,reaches_CEO,5,65382 > 90237 > 193088 > 96752 > 11277 > 61554
197876,reaches_CEO,2,197876 > 11277 > 61554
102684,reaches_CEO,4,102684 > 92713 > 96752 > 11277 > 61554
120850,reaches_CEO,5,120850 > 44056 > 16178 > 71889 > 93708 > 61554
178341,reaches_CEO,5,178341 > 56451 > 193088 > 96752 > 11277 > 61554
107132,reaches_CEO,5,107132 > 123263 > 21604 > 26053 > 93708 > 61554
70786,reaches_CEO,5,70786 > 103884 > 39785 > 177860 > 93708 > 61554
33814,reaches_CEO,3,33814 > 190801 > 51535 > 61554
77883,reaches_CEO,5,77883 > 127266 > 70434 > 149778 > 110464 > 61554
87607,reaches_CEO,5,87607 > 29960 > 118233 > 149778 > 110464 > 61554
173452,reaches_CEO,5,173452 > 193920 > 141808 > 34051 > 11277 > 61554
132846,reaches_CEO,5,132846 > 103421 > 5342 > 133795 > 51535 > 61554
84303,reaches_CEO,5,84303 > 65883 > 103443 > 97647 > 110464 > 61554
99171,reaches_CEO,5,99171 > 182996 > 32510 > 197876 > 11277 > 61554
188856,reaches_CEO,5,188856 > 147106 > 164851 > 154041 > 11277 > 61554
132005,reaches_CEO,5,132005 > 182028 > 184512 > 109804 > 51535 > 61554
192105,reaches_CEO,5,192105 > 101901 > 7558 > 69728 > 51535 > 61554
148007,reaches_CEO,5,148007 > 168942 > 185138 > 152500 > 93708 > 61554
94326,reaches_CEO,5,94326 > 76641 > 154285 > 107152 > 51535 > 61554
68201,reaches_CEO,4,68201 > 41945 > 84011 > 11277 > 61554
16972,reaches_CEO,5,16972 > 30749 > 28697 > 79693 > 51535 > 61554
179569,reaches_CEO,4,179569 > 78493 > 197876 > 11277 > 61554
99682,reaches_CEO,5,99682 > 43704 > 39785 > 177860 > 93708 > 61554
46601,reaches_CEO,5,46601 > 91002 > 24489 > 176424 > 110464 > 61554
52102,reaches_CEO,5,52102 > 159996 > 94362 > 34051 > 11277 > 61554
29218,reaches_CEO,5,29218 > 126330 > 119481 > 79693 > 51535 > 61554
171598,reaches_CEO,5,171598 > 29508 > 77857 > 152500 > 93708 > 61554
192998,reaches_CEO,5,192998 > 88303 > 3235 > 84011 > 11277 > 61554
13667,reaches_CEO,5,13667 > 58365 > 196484 > 176424 > 110464 > 61554
38033,reaches_CEO,5,38033 > 181996 > 113589 > 190801 > 51535 > 61554
28435,reaches_CEO,5,28435 > 20828 > 156036 > 74062 > 110464 > 61554
56188,reaches_CEO,5,56188 > 102632 > 167223 > 40920 > 110464 > 61554
190447,reaches_CEO,5,190447 > 168342 > 92567 > 162476 > 51535 > 61554
85109,reaches_CEO,5,85109 > 125114 > 41533 > 177860 > 93708 > 61554
85912,reaches_CEO,5,85912 > 158888 > 176804 > 139032 > 11277 > 61554
63724,reaches_CEO,5,63724 > 53826 > 185138 > 152500 > 93708 > 61554
38657,reaches_CEO,5,38657 > 1872 > 154285 > 107152 > 51535 > 61554
90290,reaches_CEO,5,90290 > 120381 > 164851 > 154041 > 11277 > 61554
199487,reaches_CEO,5,199487 > 80728 > 39726 > 69728 > 51535 > 61554
55269,reaches_CEO,5,55269 > 109254 > 191418 > 36075 > 11277 > 61554
128148,reaches_CEO,5,128148 > 195795 > 59535 > 154041 > 11277 > 61554
129032,reaches_CEO,5,129032 > 87884 > 145161 > 69728 > 51535 > 61554
90417,reaches_CEO,5,90417 > 57938 > 192589 > 55537 > 51535 > 61554
102768,reaches_CEO,5,102768 > 161727 > 28697 > 79693 > 51535 > 61554
198424,reaches_CEO,4,198424 > 115539 > 71499 > 110464 > 61554
130384,reaches_CEO,5,130384 > 109671 > 191391 > 138045 > 110464 > 61554
7118,reaches_CEO,5,7118 > 95169 > 176804 > 139032 > 11277 > 61554
28439,reaches_CEO,5,28439 > 196637 > 189937 > 55537 > 51535 > 61554
74860,reaches_CEO,5,74860 > 95169 > 176804 > 139032 > 11277 > 61554
187918,reaches_CEO,5,187918 > 157931 > 61403 > 69728 > 51535 > 61554
110259,reaches_CEO,5,110259 > 138772 > 94362 > 34051 > 11277 > 61554
73106,reaches_CEO,4,73106 > 60121 > 109804 > 51535 > 61554
119513,reaches_CEO,5,119513 > 75198 > 146600 > 107658 > 110464 > 61554
145823,reaches_CEO,5,145823 > 167921 > 147555 > 107152 > 51535 > 61554
138290,reaches_CEO,5,138290 > 172321 > 145667 > 142146 > 11277 > 61554
134474,reaches_CEO,5,134474 > 35499 > 134865 > 197876 > 11277 > 61554
139171,reaches_CEO,5,139171 > 87707 > 32248 > 34280 > 11277 > 61554
30375,reaches_CEO,5,30375 > 73663 > 87344 > 138045 > 110464 > 61554
128244,reaches_CEO,5,128244 > 54136 > 69550 > 74062 > 110464 > 61554
29579,reaches_CEO,5,29579 > 4384 > 138823 > 124994 > 93708 > 61554
93646,reaches_CEO,5,93646 > 102102 > 78493 > 197876 > 11277 > 61554
118618,reaches_CEO,5,118618 > 67151 > 49002 > 109804 > 51535 > 61554
102727,reaches_CEO,4,102727 > 114137 > 107658 > 110464 > 61554
87889,reaches_CEO,5,87889 > 29733 > 50665 > 71889 > 93708 > 61554
192954,reaches_CEO,5,192954 > 4384 > 138823 > 124994 > 93708 > 61554
99817,reaches_CEO,5,99817 > 164326 > 193088 > 96752 > 11277 > 61554
54393,reaches_CEO,5,54393 > 51331 > 89619 > 26053 > 93708 > 61554
191843,reaches_CEO,5,191843 > 157931 > 61403 > 69728 > 51535 > 61554
170717,reaches_CEO,5,170717 > 167650 > 119481 > 79693 > 51535 > 61554
30287,reaches_CEO,5,30287 > 2644 > 154897 > 34280 > 11277 > 61554
78694,reaches_CEO,5,78694 > 160511 > 121233 > 176424 > 110464 > 61554
91334,reaches_CEO,5,91334 > 62990 > 129381 > 142146 > 11277 > 61554
196156,reaches_CEO,5,196156 > 41991 > 171907 > 142146 > 11277 > 61554
70453,reaches_CEO,5,70453 > 63785 > 49002 > 109804 > 51535 > 61554
58972,reaches_CEO,5,58972 > 7095 > 171266 > 71889 > 93708 > 61554
186086,reaches_CEO,4,186086 > 184512 > 109804 > 51535 > 61554
20607,reaches_CEO,5,20607 > 126257 > 98225 > 162476 > 51535 > 61554
194879,reaches_CEO,5,194879 > 59327 > 24681 > 124994 > 93708 > 61554
116337,reaches_CEO,5,116337 > 125755 > 158490 > 74062 > 110464 > 61554
124824,reaches_CEO,5,124824 > 41991 > 171907 > 142146 > 11277 > 61554
65460,reaches_CEO,5,65460 > 136468 > 167941 > 34051 > 11277 > 61554
174241,reaches_CEO,5,174241 > 172246 > 49727 > 84011 > 11277 > 61554
133131,reaches_CEO,5,133131 > 43420 > 24691 > 56068 > 11277 > 61554
121712,reaches_CEO,5,121712 > 4394 > 118233 > 149778 > 110464 > 61554
101394,reaches_CEO,5,101394 > 91979 > 116660 > 26053 > 93708 > 61554
143748,reaches_CEO,5,143748 > 148032 > 172989 > 34051 > 11277 > 61554
198403,reaches_CEO,4,198403 > 78493 > 197876 > 11277 > 61554
26618,reaches_CEO,5,26618 > 52319 > 154897 > 34280 > 11277 > 61554
124159,reaches_CEO,5,124159 > 189038 > 87379 > 176367 > 51535 > 61554
176610,reaches_CEO,5,176610 > 142276 > 185138 > 152500 > 93708 > 61554
81110,reaches_CEO,5,81110 > 166729 > 125912 > 107658 > 110464 > 61554
1697,reaches_CEO,5,1697 > 32159 > 176804 > 139032 > 11277 > 61554
43626,reaches_CEO,5,43626 > 75246 > 140317 > 107152 > 51535 > 61554
113068,reaches_CEO,5,113068 > 157966 > 134556 > 138045 > 110464 > 61554
39215,reaches_CEO,5,39215 > 146473 > 156036 > 74062 > 110464 > 61554
99589,reaches_CEO,5,99589 > 131063 > 5692 > 149778 > 110464 > 61554
150888,reaches_CEO,5,150888 > 164547 > 32510 > 197876 > 11277 > 61554
118133,reaches_CEO,5,118133 > 66420 > 21604 > 26053 > 93708 > 61554
179901,reaches_CEO,5,179901 > 158888 > 176804 > 139032 > 11277 > 61554
94866,reaches_CEO,5,94866 > 40904 > 92567 > 162476 > 51535 > 61554
19028,reaches_CEO,5,19028 > 116180 > 113589 > 190801 > 51535 > 61554
20652,reaches_CEO,5,20652 > 191289 > 71595 > 55537 > 51535 > 61554
52322,reaches_CEO,5,52322 > 77613 > 66090 > 34280 > 11277 > 61554
86590,reaches_CEO,5,86590 > 38308 > 37154 > 138045 > 110464 > 61554
139971,reaches_CEO,5,139971 > 41080 > 77851 > 36075 > 11277 > 61554
52307,reaches_CEO,5,52307 > 70406 > 91869 > 40920 > 110464 > 61554
81849,reaches_CEO,5,81849 > 123154 > 116660 > 26053 > 93708 > 61554
87112,reaches_CEO,5,87112 > 128065 > 192589 > 55537 > 51535 > 61554
158730,reaches_CEO,5,158730 > 88370 > 110260 > 125855 > 93708 > 61554
24962,reaches_CEO,5,24962 > 146404 > 143437 > 71499 > 110464 > 61554
160091,reaches_CEO,5,160091 > 90237 > 193088 > 96752 > 11277 > 61554
90065,reaches_CEO,4,90065 > 194121 > 176367 > 51535 > 61554
192414,reaches_CEO,4,192414 > 47755 > 154041 > 11277 > 61554
138870,reaches_CEO,5,138870 > 73106 > 60121 > 109804 > 51535 > 61554
5374,reaches_CEO,4,5374 > 167941 > 34051 > 11277 > 61554
70434,reaches_CEO,3,70434 > 149778 > 110464 > 61554
62578,reaches_CEO,5,62578 > 198032 > 183175 > 197876 > 11277 > 61554
198531,reaches_CEO,4,198531 > 49727 > 84011 > 11277 > 61554
65406,reaches_CEO,5,65406 > 137369 > 41945 > 84011 > 11277 > 61554
175358,reaches_CEO,5,175358 > 198531 > 49727 > 84011 > 11277 > 61554
41840,reaches_CEO,5,41840 > 153412 > 139507 > 97647 > 110464 > 61554
127991,reaches_CEO,5,127991 > 108428 > 117030 > 109804 > 51535 > 61554
160597,reaches_CEO,5,160597 > 88303 > 3235 > 84011 > 11277 > 61554
165072,reaches_CEO,5,165072 > 148032 > 172989 > 34051 > 11277 > 61554
2737,reaches_CEO,5,2737 > 186086 > 184512 > 109804 > 51535 > 61554
4264,reaches_CEO,5,4264 > 82463 > 158490 > 74062 > 110464 > 61554
57482,reaches_CEO,5,57482 > 131525 > 172989 > 34051 > 11277 > 61554
3152,reaches_CEO,5,3152 > 95169 > 176804 > 139032 > 11277 > 61554
107159,reaches_CEO,5,107159 > 25934 > 154285 > 107152 > 51535 > 61554
164851,reaches_CEO,3,164851 > 154041 > 11277 > 61554
143209,reaches_CEO,5,143209 > 55653 > 47755 > 154041 > 11277 > 61554
127516,reaches_CEO,5,127516 > 54997 > 66119 > 34051 > 11277 > 61554
194802,reaches_CEO,5,194802 > 191351 > 87344 > 138045 > 110464 > 61554
89472,reaches_CEO,5,89472 > 30488 > 115539 > 71499 > 110464 > 61554
154703,reaches_CEO,4,154703 > 18295 > 176367 > 51535 > 61554
80089,reaches_CEO,5,80089 > 150408 > 61403 > 69728 > 51535 > 61554
108016,reaches_CEO,5,108016 > 16445 > 136905 > 71889 > 93708 > 61554
664,reaches_CEO,5,664 > 147819 > 120639 > 142146 > 11277 > 61554
151328,reaches_CEO,5,151328 > 54997 > 66119 > 34051 > 11277 > 61554
96020,reaches_CEO,5,96020 > 126515 > 24681 > 124994 > 93708 > 61554
125257,reaches_CEO,5,125257 > 154375 > 24015 > 125855 > 93708 > 61554
134816,reaches_CEO,5,134816 > 52796 > 135238 > 84011 > 11277 > 61554
68679,reaches_CEO,5,68679 > 196490 > 165426 > 124994 > 93708 > 61554
129626,reaches_CEO,4,129626 > 118233 > 149778 > 110464 > 61554
128657,reaches_CEO,5,128657 > 9239 > 47127 > 84011 > 11277 > 61554
191409,reaches_CEO,5,191409 > 182996 > 32510 > 197876 > 11277 > 61554
133230,reaches_CEO,5,133230 > 102632 > 167223 > 40920 > 110464 > 61554
78127,reaches_CEO,5,78127 > 64452 > 3235 > 84011 > 11277 > 61554
35379,reaches_CEO,5,35379 > 187183 > 143437 > 71499 > 110464 > 61554
46036,reaches_CEO,5,46036 > 75198 > 146600 > 107658 > 110464 > 61554
123387,reaches_CEO,4,123387 > 66090 > 34280 > 11277 > 61554
116926,reaches_CEO,5,116926 > 182777 > 124893 > 149778 > 110464 > 61554
89537,reaches_CEO,5,89537 > 55858 > 119832 > 190801 > 51535 > 61554
135412,reaches_CEO,5,135412 > 151696 > 77857 > 152500 > 93708 > 61554
71472,reaches_CEO,5,71472 > 198624 > 157530 > 71889 > 93708 > 61554
7583,reaches_CEO,5,7583 > 10773 > 113589 > 190801 > 51535 > 61554
16880,reaches_CEO,5,16880 > 197832 > 139507 > 97647 > 110464 > 61554
39020,reaches_CEO,5,39020 > 90 > 183869 > 185673 > 51535 > 61554
137776,reaches_CEO,4,137776 > 40132 > 190801 > 51535 > 61554
162984,reaches_CEO,5,162984 > 23737 > 198893 > 124994 > 93708 > 61554
164998,reaches_CEO,5,164998 > 147103 > 152076 > 69728 > 51535 > 61554
160233,reaches_CEO,5,160233 > 168951 > 120639 > 142146 > 11277 > 61554
24278,reaches_CEO,5,24278 > 129626 > 118233 > 149778 > 110464 > 61554
20211,reaches_CEO,5,20211 > 180037 > 167941 > 34051 > 11277 > 61554
147796,reaches_CEO,5,147796 > 32405 > 24681 > 124994 > 93708 > 61554
72374,reaches_CEO,5,72374 > 32159 > 176804 > 139032 > 11277 > 61554
90752,reaches_CEO,5,90752 > 77556 > 45969 > 26053 > 93708 > 61554
178516,reaches_CEO,5,178516 > 129734 > 17837 > 176367 > 51535 > 61554
3833,reaches_CEO,5,3833 > 190778 > 155485 > 40920 > 110464 > 61554
32632,reaches_CEO,5,32632 > 121527 > 139507 > 97647 > 110464 > 61554
184018,reaches_CEO,5,184018 > 185285 > 198893 > 124994 > 93708 > 61554
101306,reaches_CEO,5,101306 > 29749 > 39785 > 177860 > 93708 > 61554
37731,reaches_CEO,5,37731 > 143317 > 94362 > 34051 > 11277 > 61554
155653,reaches_CEO,5,155653 > 194078 > 162889 > 109308 > 110464 > 61554
12548,reaches_CEO,5,12548 > 4259 > 193330 > 162476 > 51535 > 61554
163108,reaches_CEO,5,163108 > 42096 > 89002 > 34280 > 11277 > 61554
67027,reaches_CEO,5,67027 > 189222 > 3802 > 133795 > 51535 > 61554
145287,reaches_CEO,5,145287 > 125114 > 41533 > 177860 > 93708 > 61554
188063,reaches_CEO,5,188063 > 67151 > 49002 > 109804 > 51535 > 61554
70117,reaches_CEO,5,70117 > 52796 > 135238 > 84011 > 11277 > 61554
96233,reaches_CEO,5,96233 > 79237 > 124893 > 149778 > 110464 > 61554
105575,reaches_CEO,5,105575 > 59862 > 145161 > 69728 > 51535 > 61554
103853,reaches_CEO,5,103853 > 60609 > 94454 > 84011 > 11277 > 61554
185101,reaches_CEO,5,185101 > 197206 > 91869 > 40920 > 110464 > 61554
56479,reaches_CEO,5,56479 > 159996 > 94362 > 34051 > 11277 > 61554
80889,reaches_CEO,5,80889 > 165442 > 134865 > 197876 > 11277 > 61554
178147,reaches_CEO,4,178147 > 24681 > 124994 > 93708 > 61554
141934,reaches_CEO,5,141934 > 52319 > 154897 > 34280 > 11277 > 61554
85308,reaches_CEO,5,85308 > 56316 > 32248 > 34280 > 11277 > 61554
94507,reaches_CEO,4,94507 > 145161 > 69728 > 51535 > 61554
161031,reaches_CEO,5,161031 > 10357 > 196484 > 176424 > 110464 > 61554
69124,reaches_CEO,5,69124 > 94039 > 107049 > 34280 > 11277 > 61554
49905,reaches_CEO,5,49905 > 121419 > 3802 > 133795 > 51535 > 61554
36597,reaches_CEO,5,36597 > 88936 > 3235 > 84011 > 11277 > 61554
114923,reaches_CEO,5,114923 > 23565 > 78493 > 197876 > 11277 > 61554
159148,reaches_CEO,5,159148 > 134728 > 114137 > 107658 > 110464 > 61554
778,reaches_CEO,5,778 > 25367 > 191391 > 138045 > 110464 > 61554
91327,reaches_CEO,5,91327 > 98520 > 70434 > 149778 > 110464 > 61554
197373,reaches_CEO,5,197373 > 175361 > 100942 > 36075 > 11277 > 61554
44283,reaches_CEO,5,44283 > 180925 > 141808 > 34051 > 11277 > 61554
73489,reaches_CEO,4,73489 > 198366 > 142146 > 11277 > 61554
185962,reaches_CEO,5,185962 > 95522 > 91869 > 40920 > 110464 > 61554
53268,reaches_CEO,5,53268 > 158888 > 176804 > 139032 > 11277 > 61554
199396,reaches_CEO,5,199396 > 182116 > 3235 > 84011 > 11277 > 61554
47748,reaches_CEO,4,47748 > 89619 > 26053 > 93708 > 61554
182595,reaches_CEO,5,182595 > 123103 > 72243 > 162476 > 51535 > 61554
96060,reaches_CEO,4,96060 > 7531 > 152500 > 93708 > 61554
141705,reaches_CEO,5,141705 > 46997 > 167941 > 34051 > 11277 > 61554
63205,reaches_CEO,5,63205 > 70819 > 161284 > 109804 > 51535 > 61554
16708,reaches_CEO,5,16708 > 33266 > 158490 > 74062 > 110464 > 61554
53778,reaches_CEO,5,53778 > 38308 > 37154 > 138045 > 110464 > 61554
100586,reaches_CEO,5,100586 > 82463 > 158490 > 74062 > 110464 > 61554
26468,reaches_CEO,4,26468 > 189937 > 55537 > 51535 > 61554
163206,reaches_CEO,5,163206 > 5374 > 167941 > 34051 > 11277 > 61554
116731,reaches_CEO,5,116731 > 104539 > 138823 > 124994 > 93708 > 61554
176519,reaches_CEO,5,176519 > 8193 > 152076 > 69728 > 51535 > 61554
80821,reaches_CEO,5,80821 > 24071 > 119832 > 190801 > 51535 > 61554
19517,reaches_CEO,5,19517 > 138948 > 24489 > 176424 > 110464 > 61554
12934,reaches_CEO,5,12934 > 134944 > 181201 > 139032 > 11277 > 61554
9757,reaches_CEO,5,9757 > 95609 > 119833 > 84011 > 11277 > 61554
61593,reaches_CEO,5,61593 > 55858 > 119832 > 190801 > 51535 > 61554
110438,reaches_CEO,5,110438 > 144211 > 194121 > 176367 > 51535 > 61554
92094,reaches_CEO,5,92094 > 191485 > 89002 > 34280 > 11277 > 61554
155734,reaches_CEO,5,155734 > 131525 > 172989 > 34051 > 11277 > 61554
35622,reaches_CEO,5,35622 > 32938 > 42270 > 79693 > 51535 > 61554
149710,reaches_CEO,5,149710 > 4110 > 94454 > 84011 > 11277 > 61554
39199,reaches_CEO,5,39199 > 194904 > 21604 > 26053 > 93708 > 61554
123192,reaches_CEO,5,123192 > 95473 > 65451 > 139032 > 11277 > 61554
81084,reaches_CEO,5,81084 > 160618 > 83356 > 84011 > 11277 > 61554
191391,reaches_CEO,3,191391 > 138045 > 110464 > 61554
198879,reaches_CEO,4,198879 > 83356 > 84011 > 11277 > 61554
156917,reaches_CEO,5,156917 > 75860 > 91654 > 109804 > 51535 > 61554
40631,reaches_CEO,5,40631 > 103884 > 39785 > 177860 > 93708 > 61554
163989,reaches_CEO,5,163989 > 14226 > 21604 > 26053 > 93708 > 61554
164916,reaches_CEO,5,164916 > 115694 > 152076 > 69728 > 51535 > 61554
41808,reaches_CEO,4,41808 > 89619 > 26053 > 93708 > 61554
111447,reaches_CEO,5,111447 > 8663 > 193088 > 96752 > 11277 > 61554
92794,reaches_CEO,5,92794 > 21086 > 24015 > 125855 > 93708 > 61554
176262,reaches_CEO,5,176262 > 64087 > 45969 > 26053 > 93708 > 61554
120808,reaches_CEO,5,120808 > 198240 > 94454 > 84011 > 11277 > 61554
84491,reaches_CEO,5,84491 > 138772 > 94362 > 34051 > 11277 > 61554
3797,reaches_CEO,5,3797 > 43420 > 24691 > 56068 > 11277 > 61554
25605,reaches_CEO,5,25605 > 94030 > 78493 > 197876 > 11277 > 61554
70138,reaches_CEO,5,70138 > 1651 > 146629 > 190801 > 51535 > 61554
160428,reaches_CEO,5,160428 > 148418 > 167482 > 133795 > 51535 > 61554
100337,reaches_CEO,5,100337 > 116180 > 113589 > 190801 > 51535 > 61554
185688,reaches_CEO,5,185688 > 121527 > 139507 > 97647 > 110464 > 61554
4621,reaches_CEO,5,4621 > 142367 > 181201 > 139032 > 11277 > 61554
100630,reaches_CEO,5,100630 > 157966 > 134556 > 138045 > 110464 > 61554
25130,reaches_CEO,5,25130 > 92845 > 92567 > 162476 > 51535 > 61554
15959,reaches_CEO,5,15959 > 48742 > 28697 > 79693 > 51535 > 61554
194535,reaches_CEO,5,194535 > 149135 > 119481 > 79693 > 51535 > 61554
165217,reaches_CEO,5,165217 > 5282 > 32248 > 34280 > 11277 > 61554
1791,reaches_CEO,4,1791 > 99397 > 71889 > 93708 > 61554
30445,reaches_CEO,5,30445 > 184885 > 77857 > 152500 > 93708 > 61554
28833,reaches_CEO,5,28833 > 55481 > 72243 > 162476 > 51535 > 61554
130782,reaches_CEO,5,130782 > 175558 > 72243 > 162476 > 51535 > 61554
62499,reaches_CEO,5,62499 > 22887 > 24015 > 125855 > 93708 > 61554
145245,reaches_CEO,5,145245 > 154381 > 66090 > 34280 > 11277 > 61554
45609,reaches_CEO,5,45609 > 71987 > 24015 > 125855 > 93708 > 61554
114472,reaches_CEO,3,114472 > 197876 > 11277 > 61554
196317,reaches_CEO,5,196317 > 137776 > 40132 > 190801 > 51535 > 61554
148829,reaches_CEO,5,148829 > 15277 > 132307 > 185673 > 51535 > 61554
19056,reaches_CEO,5,19056 > 150194 > 132307 > 185673 > 51535 > 61554
183262,reaches_CEO,5,183262 > 7095 > 171266 > 71889 > 93708 > 61554
106220,reaches_CEO,5,106220 > 180006 > 24681 > 124994 > 93708 > 61554
24071,reaches_CEO,4,24071 > 119832 > 190801 > 51535 > 61554
48800,reaches_CEO,5,48800 > 121527 > 139507 > 97647 > 110464 > 61554
36772,reaches_CEO,5,36772 > 39231 > 24681 > 124994 > 93708 > 61554
39993,reaches_CEO,5,39993 > 51738 > 183869 > 185673 > 51535 > 61554
89670,reaches_CEO,5,89670 > 32159 > 176804 > 139032 > 11277 > 61554
93496,reaches_CEO,5,93496 > 77670 > 66119 > 34051 > 11277 > 61554
13631,reaches_CEO,5,13631 > 139180 > 71532 > 109308 > 110464 > 61554
158309,reaches_CEO,5,158309 > 198778 > 167482 > 133795 > 51535 > 61554
118396,reaches_CEO,5,118396 > 52923 > 134865 > 197876 > 11277 > 61554
108163,reaches_CEO,5,108163 > 69903 > 17837 > 176367 > 51535 > 61554
195869,reaches_CEO,5,195869 > 20828 > 156036 > 74062 > 110464 > 61554
37454,reaches_CEO,5,37454 > 51121 > 59566 > 125855 > 93708 > 61554
114459,reaches_CEO,5,114459 > 135804 > 95935 > 71889 > 93708 > 61554
73496,reaches_CEO,5,73496 > 150300 > 89053 > 97647 > 110464 > 61554
89311,reaches_CEO,5,89311 > 71130 > 8207 > 185673 > 51535 > 61554
132606,reaches_CEO,5,132606 > 142276 > 185138 > 152500 > 93708 > 61554
70785,reaches_CEO,5,70785 > 87847 > 91117 > 34051 > 11277 > 61554
16567,reaches_CEO,5,16567 > 85717 > 47127 > 84011 > 11277 > 61554
7605,reaches_CEO,5,7605 > 17211 > 185138 > 152500 > 93708 > 61554
112966,reaches_CEO,5,112966 > 155437 > 119481 > 79693 > 51535 > 61554
53389,reaches_CEO,5,53389 > 196058 > 5692 > 149778 > 110464 > 61554
130342,reaches_CEO,4,130342 > 20378 > 124994 > 93708 > 61554
66514,reaches_CEO,5,66514 > 44056 > 16178 > 71889 > 93708 > 61554
138601,reaches_CEO,5,138601 > 111363 > 89002 > 34280 > 11277 > 61554
137984,reaches_CEO,5,137984 > 78215 > 181201 > 139032 > 11277 > 61554
124164,reaches_CEO,5,124164 > 115593 > 50665 > 71889 > 93708 > 61554
25181,reaches_CEO,5,25181 > 154381 > 66090 > 34280 > 11277 > 61554
74800,reaches_CEO,5,74800 > 191289 > 71595 > 55537 > 51535 > 61554
101140,reaches_CEO,5,101140 > 190065 > 143437 > 71499 > 110464 > 61554
149430,reaches_CEO,5,149430 > 48690 > 92713 > 96752 > 11277 > 61554
42306,reaches_CEO,5,42306 > 87847 > 91117 > 34051 > 11277 > 61554
166121,reaches_CEO,5,166121 > 742 > 192056 > 71889 > 93708 > 61554
70548,reaches_CEO,5,70548 > 116289 > 189937 > 55537 > 51535 > 61554
38652,reaches_CEO,5,38652 > 96664 > 125912 > 107658 > 110464 > 61554
39193,reaches_CEO,5,39193 > 78516 > 164851 > 154041 > 11277 > 61554
138948,reaches_CEO,4,138948 > 24489 > 176424 > 110464 > 61554
158124,reaches_CEO,5,158124 > 113124 > 65451 > 139032 > 11277 > 61554
95725,reaches_CEO,5,95725 > 43602 > 18295 > 176367 > 51535 > 61554
48330,reaches_CEO,5,48330 > 46997 > 167941 > 34051 > 11277 > 61554
34520,reaches_CEO,5,34520 > 16073 > 139507 > 97647 > 110464 > 61554
73598,reaches_CEO,5,73598 > 179212 > 162889 > 109308 > 110464 > 61554
38326,reaches_CEO,5,38326 > 81811 > 94454 > 84011 > 11277 > 61554
61331,reaches_CEO,5,61331 > 25934 > 154285 > 107152 > 51535 > 61554
92324,reaches_CEO,5,92324 > 171499 > 152076 > 69728 > 51535 > 61554
180032,reaches_CEO,5,180032 > 29712 > 47553 > 69728 > 51535 > 61554
22105,reaches_CEO,5,22105 > 41175 > 61403 > 69728 > 51535 > 61554
76428,reaches_CEO,5,76428 > 56451 > 193088 > 96752 > 11277 > 61554
24293,reaches_CEO,5,24293 > 142850 > 78493 > 197876 > 11277 > 61554
98538,reaches_CEO,5,98538 > 164439 > 191391 > 138045 > 110464 > 61554
160128,reaches_CEO,5,160128 > 48742 > 28697 > 79693 > 51535 > 61554
182098,reaches_CEO,5,182098 > 196490 > 165426 > 124994 > 93708 > 61554
104953,reaches_CEO,5,104953 > 119231 > 165426 > 124994 > 93708 > 61554
61136,reaches_CEO,5,61136 > 112643 > 119833 > 84011 > 11277 > 61554
59354,reaches_CEO,5,59354 > 51121 > 59566 > 125855 > 93708 > 61554
107011,reaches_CEO,5,107011 > 1808 > 140317 > 107152 > 51535 > 61554
150961,reaches_CEO,5,150961 > 5875 > 146600 > 107658 > 110464 > 61554
174702,reaches_CEO,5,174702 > 23120 > 155485 > 40920 > 110464 > 61554
167734,reaches_CEO,5,167734 > 101484 > 91654 > 109804 > 51535 > 61554
78704,reaches_CEO,5,78704 > 179569 > 78493 > 197876 > 11277 > 61554
40375,reaches_CEO,5,40375 > 101819 > 87379 > 176367 > 51535 > 61554
164356,reaches_CEO,5,164356 > 14465 > 116660 > 26053 > 93708 > 61554
61634,reaches_CEO,5,61634 > 108164 > 32510 > 197876 > 11277 > 61554
84007,reaches_CEO,5,84007 > 51288 > 140317 > 107152 > 51535 > 61554
73930,reaches_CEO,5,73930 > 114572 > 5692 > 149778 > 110464 > 61554
9703,reaches_CEO,5,9703 > 180037 > 167941 > 34051 > 11277 > 61554
153275,reaches_CEO,5,153275 > 198648 > 114137 > 107658 > 110464 > 61554
18289,reaches_CEO,5,18289 > 59862 > 145161 > 69728 > 51535 > 61554
143782,reaches_CEO,5,143782 > 87884 > 145161 > 69728 > 51535 > 61554
78140,reaches_CEO,5,78140 > 123154 > 116660 > 26053 > 93708 > 61554
189349,reaches_CEO,5,189349 > 99121 > 146600 > 107658 > 110464 > 61554
35765,reaches_CEO,5,35765 > 148032 > 172989 > 34051 > 11277 > 61554
34068,reaches_CEO,5,34068 > 90639 > 103443 > 97647 > 110464 > 61554
94825,reaches_CEO,5,94825 > 147249 > 27660 > 69728 > 51535 > 61554
197654,reaches_CEO,5,197654 > 112302 > 71595 > 55537 > 51535 > 61554
85722,reaches_CEO,5,85722 > 116119 > 125912 > 107658 > 110464 > 61554
102979,reaches_CEO,5,102979 > 161132 > 114137 > 107658 > 110464 > 61554
190683,reaches_CEO,5,190683 > 8856 > 134556 > 138045 > 110464 > 61554
143281,reaches_CEO,5,143281 > 46957 > 89002 > 34280 > 11277 > 61554
65539,reaches_CEO,5,65539 > 71945 > 183869 > 185673 > 51535 > 61554
97605,reaches_CEO,5,97605 > 150722 > 124893 > 149778 > 110464 > 61554
69943,reaches_CEO,4,69943 > 154897 > 34280 > 11277 > 61554
86703,reaches_CEO,5,86703 > 158888 > 176804 > 139032 > 11277 > 61554
15273,reaches_CEO,5,15273 > 124014 > 79285 > 34280 > 11277 > 61554
181340,reaches_CEO,5,181340 > 81490 > 65174 > 154041 > 11277 > 61554
37954,reaches_CEO,5,37954 > 123000 > 94454 > 84011 > 11277 > 61554
169935,reaches_CEO,5,169935 > 67522 > 141808 > 34051 > 11277 > 61554
114591,reaches_CEO,5,114591 > 23737 > 198893 > 124994 > 93708 > 61554
192398,reaches_CEO,5,192398 > 184885 > 77857 > 152500 > 93708 > 61554
195905,reaches_CEO,5,195905 > 102043 > 89053 > 97647 > 110464 > 61554
16676,reaches_CEO,5,16676 > 110878 > 119481 > 79693 > 51535 > 61554
44068,reaches_CEO,5,44068 > 110878 > 119481 > 79693 > 51535 > 61554
30620,reaches_CEO,5,30620 > 112750 > 39726 > 69728 > 51535 > 61554
143602,reaches_CEO,5,143602 > 47472 > 7558 > 69728 > 51535 > 61554
104922,reaches_CEO,5,104922 > 99139 > 3917 > 139032 > 11277 > 61554
100503,reaches_CEO,5,100503 > 183824 > 113589 > 190801 > 51535 > 61554
11009,reaches_CEO,5,11009 > 59939 > 91869 > 40920 > 110464 > 61554
41619,reaches_CEO,5,41619 > 17211 > 185138 > 152500 > 93708 > 61554
39895,reaches_CEO,5,39895 > 81490 > 65174 > 154041 > 11277 > 61554
149135,reaches_CEO,4,149135 > 119481 > 79693 > 51535 > 61554
3739,reaches_CEO,5,3739 > 76641 > 154285 > 107152 > 51535 > 61554
175204,reaches_CEO,5,175204 > 115856 > 3235 > 84011 > 11277 > 61554
155590,reaches_CEO,5,155590 > 114572 > 5692 > 149778 > 110464 > 61554
69217,reaches_CEO,5,69217 > 69345 > 163049 > 56068 > 11277 > 61554
116660,reaches_CEO,3,116660 > 26053 > 93708 > 61554
19325,reaches_CEO,5,19325 > 52313 > 135238 > 84011 > 11277 > 61554
134500,reaches_CEO,5,134500 > 111974 > 192589 > 55537 > 51535 > 61554
77181,reaches_CEO,5,77181 > 79 > 65174 > 154041 > 11277 > 61554
115912,reaches_CEO,5,115912 > 180930 > 91117 > 34051 > 11277 > 61554
4730,reaches_CEO,5,4730 > 158777 > 71532 > 109308 > 110464 > 61554
17123,reaches_CEO,5,17123 > 179149 > 21604 > 26053 > 93708 > 61554
109102,reaches_CEO,4,109102 > 65451 > 139032 > 11277 > 61554
56021,reaches_CEO,5,56021 > 141317 > 24691 > 56068 > 11277 > 61554
56294,reaches_CEO,5,56294 > 183065 > 8207 > 185673 > 51535 > 61554
125349,reaches_CEO,5,125349 > 6335 > 91117 > 34051 > 11277 > 61554
106936,reaches_CEO,5,106936 > 51121 > 59566 > 125855 > 93708 > 61554
22798,reaches_CEO,5,22798 > 98520 > 70434 > 149778 > 110464 > 61554
17670,reaches_CEO,5,17670 > 29547 > 47553 > 69728 > 51535 > 61554
17211,reaches_CEO,4,17211 > 185138 > 152500 > 93708 > 61554
117084,reaches_CEO,5,117084 > 92845 > 92567 > 162476 > 51535 > 61554
87380,reaches_CEO,5,87380 > 132360 > 120639 > 142146 > 11277 > 61554
109027,reaches_CEO,5,109027 > 143473 > 59566 > 125855 > 93708 > 61554
169720,reaches_CEO,5,169720 > 32159 > 176804 > 139032 > 11277 > 61554
10890,reaches_CEO,5,10890 > 126330 > 119481 > 79693 > 51535 > 61554
84250,reaches_CEO,5,84250 > 170431 > 5692 > 149778 > 110464 > 61554
39748,reaches_CEO,5,39748 > 75246 > 140317 > 107152 > 51535 > 61554
50989,reaches_CEO,5,50989 > 52796 > 135238 > 84011 > 11277 > 61554
94611,reaches_CEO,4,94611 > 194121 > 176367 > 51535 > 61554
49002,reaches_CEO,3,49002 > 109804 > 51535 > 61554
71615,reaches_CEO,5,71615 > 190060 > 181310 > 139032 > 11277 > 61554
53489,reaches_CEO,5,53489 > 122762 > 17395 > 96752 > 11277 > 61554
182752,reaches_CEO,5,182752 > 197832 > 139507 > 97647 > 110464 > 61554
181869,reaches_CEO,5,181869 > 48912 > 171351 > 79693 > 51535 > 61554
134042,reaches_CEO,5,134042 > 30468 > 39726 > 69728 > 51535 > 61554
120886,reaches_CEO,5,120886 > 29749 > 39785 > 177860 > 93708 > 61554
58497,reaches_CEO,5,58497 > 187183 > 143437 > 71499 > 110464 > 61554
118745,reaches_CEO,5,118745 > 150300 > 89053 > 97647 > 110464 > 61554
23989,reaches_CEO,5,23989 > 74818 > 181310 > 139032 > 11277 > 61554
21610,reaches_CEO,5,21610 > 179929 > 114472 > 197876 > 11277 > 61554
159339,reaches_CEO,5,159339 > 53374 > 157492 > 34280 > 11277 > 61554
85791,reaches_CEO,4,85791 > 134865 > 197876 > 11277 > 61554
146410,reaches_CEO,5,146410 > 754 > 25036 > 152500 > 93708 > 61554
43171,reaches_CEO,5,43171 > 29960 > 118233 > 149778 > 110464 > 61554
71585,reaches_CEO,4,71585 > 65174 > 154041 > 11277 > 61554
170450,reaches_CEO,5,170450 > 78516 > 164851 > 154041 > 11277 > 61554
161195,reaches_CEO,5,161195 > 79934 > 193330 > 162476 > 51535 > 61554
19973,reaches_CEO,5,19973 > 148032 > 172989 > 34051 > 11277 > 61554
57468,reaches_CEO,5,57468 > 32572 > 125912 > 107658 > 110464 > 61554
146858,reaches_CEO,5,146858 > 126257 > 98225 > 162476 > 51535 > 61554
80532,reaches_CEO,5,80532 > 122197 > 145161 > 69728 > 51535 > 61554
124340,reaches_CEO,5,124340 > 91002 > 24489 > 176424 > 110464 > 61554
134556,reaches_CEO,3,134556 > 138045 > 110464 > 61554
81276,reaches_CEO,5,81276 > 190566 > 168545 > 176424 > 110464 > 61554
28531,reaches_CEO,5,28531 > 150189 > 138823 > 124994 > 93708 > 61554
32330,reaches_CEO,5,32330 > 142367 > 181201 > 139032 > 11277 > 61554
63515,reaches_CEO,5,63515 > 28979 > 198366 > 142146 > 11277 > 61554
197012,reaches_CEO,5,197012 > 144219 > 146629 > 190801 > 51535 > 61554
104203,reaches_CEO,5,104203 > 112643 > 119833 > 84011 > 11277 > 61554
49803,reaches_CEO,5,49803 > 33665 > 110260 > 125855 > 93708 > 61554
1950,reaches_CEO,5,1950 > 10786 > 165426 > 124994 > 93708 > 61554
169585,reaches_CEO,5,169585 > 96664 > 125912 > 107658 > 110464 > 61554
40371,reaches_CEO,5,40371 > 115591 > 66119 > 34051 > 11277 > 61554
165417,reaches_CEO,5,165417 > 119991 > 184512 > 109804 > 51535 > 61554
104569,reaches_CEO,5,104569 > 134048 > 78493 > 197876 > 11277 > 61554
90,reaches_CEO,4,90 > 183869 > 185673 > 51535 > 61554
23266,reaches_CEO,5,23266 > 142685 > 157492 > 34280 > 11277 > 61554
6745,reaches_CEO,5,6745 > 169223 > 5342 > 133795 > 51535 > 61554
8473,reaches_CEO,3,8473 > 26053 > 93708 > 61554
48260,reaches_CEO,5,48260 > 189742 > 116660 > 26053 > 93708 > 61554
151696,reaches_CEO,4,151696 > 77857 > 152500 > 93708 > 61554
83990,reaches_CEO,5,83990 > 148236 > 2308 > 84011 > 11277 > 61554
92403,reaches_CEO,4,92403 > 59535 > 154041 > 11277 > 61554
93547,reaches_CEO,5,93547 > 168797 > 6027 > 74062 > 110464 > 61554
43707,reaches_CEO,5,43707 > 175361 > 100942 > 36075 > 11277 > 61554
103421,reaches_CEO,4,103421 > 5342 > 133795 > 51535 > 61554
88360,reaches_CEO,5,88360 > 132283 > 49002 > 109804 > 51535 > 61554
166758,reaches_CEO,5,166758 > 187183 > 143437 > 71499 > 110464 > 61554
120306,reaches_CEO,5,120306 > 82657 > 171907 > 142146 > 11277 > 61554
55105,reaches_CEO,5,55105 > 3260 > 33814 > 190801 > 51535 > 61554
63785,reaches_CEO,4,63785 > 49002 > 109804 > 51535 > 61554
48877,reaches_CEO,4,48877 > 37154 > 138045 > 110464 > 61554
75268,reaches_CEO,5,75268 > 140393 > 117030 > 109804 > 51535 > 61554
30468,reaches_CEO,4,30468 > 39726 > 69728 > 51535 > 61554
170772,reaches_CEO,5,170772 > 87929 > 2308 > 84011 > 11277 > 61554
49544,reaches_CEO,5,49544 > 113245 > 198366 > 142146 > 11277 > 61554
73491,reaches_CEO,5,73491 > 48120 > 140317 > 107152 > 51535 > 61554
126908,reaches_CEO,5,126908 > 189627 > 130489 > 36075 > 11277 > 61554
158020,reaches_CEO,5,158020 > 168564 > 8665 > 34051 > 11277 > 61554
46682,reaches_CEO,5,46682 > 159098 > 5342 > 133795 > 51535 > 61554
1857,reaches_CEO,5,1857 > 154170 > 27660 > 69728 > 51535 > 61554
82493,reaches_CEO,5,82493 > 159906 > 65174 > 154041 > 11277 > 61554
97894,reaches_CEO,5,97894 > 102632 > 167223 > 40920 > 110464 > 61554
118110,reaches_CEO,5,118110 > 78874 > 47127 > 84011 > 11277 > 61554
88007,reaches_CEO,4,88007 > 154897 > 34280 > 11277 > 61554
180199,reaches_CEO,5,180199 > 160289 > 79285 > 34280 > 11277 > 61554
163550,reaches_CEO,5,163550 > 165853 > 18295 > 176367 > 51535 > 61554
197716,reaches_CEO,5,197716 > 73489 > 198366 > 142146 > 11277 > 61554
38820,reaches_CEO,5,38820 > 103448 > 198366 > 142146 > 11277 > 61554
112653,reaches_CEO,5,112653 > 21086 > 24015 > 125855 > 93708 > 61554
169917,reaches_CEO,5,169917 > 115694 > 152076 > 69728 > 51535 > 61554
136195,reaches_CEO,5,136195 > 190060 > 181310 > 139032 > 11277 > 61554
80072,reaches_CEO,5,80072 > 138772 > 94362 > 34051 > 11277 > 61554
138576,reaches_CEO,5,138576 > 142850 > 78493 > 197876 > 11277 > 61554
84609,reaches_CEO,5,84609 > 198240 > 94454 > 84011 > 11277 > 61554
154781,reaches_CEO,5,154781 > 87613 > 140317 > 107152 > 51535 > 61554
138443,reaches_CEO,5,138443 > 147642 > 100942 > 36075 > 11277 > 61554
7813,reaches_CEO,5,7813 > 192145 > 145667 > 142146 > 11277 > 61554
131390,reaches_CEO,5,131390 > 123258 > 69550 > 74062 > 110464 > 61554
133448,reaches_CEO,5,133448 > 158888 > 176804 > 139032 > 11277 > 61554
68197,reaches_CEO,5,68197 > 127544 > 65451 > 139032 > 11277 > 61554
30498,reaches_CEO,5,30498 > 50761 > 114137 > 107658 > 110464 > 61554
26989,reaches_CEO,5,26989 > 159098 > 5342 > 133795 > 51535 > 61554
151073,reaches_CEO,5,151073 > 47260 > 24015 > 125855 > 93708 > 61554
73620,reaches_CEO,5,73620 > 130449 > 47755 > 154041 > 11277 > 61554
161983,reaches_CEO,5,161983 > 159838 > 167223 > 40920 > 110464 > 61554
22458,reaches_CEO,5,22458 > 194904 > 21604 > 26053 > 93708 > 61554
59534,reaches_CEO,5,59534 > 134048 > 78493 > 197876 > 11277 > 61554
7266,reaches_CEO,5,7266 > 61988 > 49002 > 109804 > 51535 > 61554
165761,reaches_CEO,5,165761 > 14241 > 37154 > 138045 > 110464 > 61554
198093,reaches_CEO,5,198093 > 98931 > 103443 > 97647 > 110464 > 61554
27696,reaches_CEO,5,27696 > 64724 > 37154 > 138045 > 110464 > 61554
135993,reaches_CEO,5,135993 > 49729 > 191418 > 36075 > 11277 > 61554
158438,reaches_CEO,5,158438 > 115591 > 66119 > 34051 > 11277 > 61554
134658,reaches_CEO,4,134658 > 65522 > 34051 > 11277 > 61554
11117,reaches_CEO,5,11117 > 137369 > 41945 > 84011 > 11277 > 61554
34134,reaches_CEO,4,34134 > 172989 > 34051 > 11277 > 61554
129778,reaches_CEO,4,129778 > 59566 > 125855 > 93708 > 61554
170821,reaches_CEO,5,170821 > 198879 > 83356 > 84011 > 11277 > 61554
146678,reaches_CEO,5,146678 > 183045 > 39726 > 69728 > 51535 > 61554
183971,reaches_CEO,5,183971 > 24071 > 119832 > 190801 > 51535 > 61554
187262,reaches_CEO,5,187262 > 69345 > 163049 > 56068 > 11277 > 61554
120585,reaches_CEO,5,120585 > 81421 > 45969 > 26053 > 93708 > 61554
173786,reaches_CEO,5,173786 > 12679 > 3917 > 139032 > 11277 > 61554
90337,reaches_CEO,5,90337 > 188118 > 114472 > 197876 > 11277 > 61554
90274,reaches_CEO,5,90274 > 51293 > 172989 > 34051 > 11277 > 61554
192666,reaches_CEO,5,192666 > 9239 > 47127 > 84011 > 11277 > 61554
132887,reaches_CEO,5,132887 > 23737 > 198893 > 124994 > 93708 > 61554
66974,reaches_CEO,5,66974 > 116180 > 113589 > 190801 > 51535 > 61554
181835,reaches_CEO,5,181835 > 88370 > 110260 > 125855 > 93708 > 61554
12718,reaches_CEO,5,12718 > 178954 > 189937 > 55537 > 51535 > 61554
193140,reaches_CEO,5,193140 > 10773 > 113589 > 190801 > 51535 > 61554
172246,reaches_CEO,4,172246 > 49727 > 84011 > 11277 > 61554
169634,reaches_CEO,5,169634 > 43704 > 39785 > 177860 > 93708 > 61554
53545,reaches_CEO,5,53545 > 184885 > 77857 > 152500 > 93708 > 61554
9052,reaches_CEO,5,9052 > 159098 > 5342 > 133795 > 51535 > 61554
79705,reaches_CEO,5,79705 > 181772 > 54963 > 142146 > 11277 > 61554
137270,reaches_CEO,5,137270 > 180006 > 24681 > 124994 > 93708 > 61554
62143,reaches_CEO,5,62143 > 102712 > 157492 > 34280 > 11277 > 61554
178939,reaches_CEO,5,178939 > 61988 > 49002 > 109804 > 51535 > 61554
55125,reaches_CEO,5,55125 > 189627 > 130489 > 36075 > 11277 > 61554
95403,reaches_CEO,5,95403 > 114572 > 5692 > 149778 > 110464 > 61554
88872,reaches_CEO,5,88872 > 175558 > 72243 > 162476 > 51535 > 61554
38308,reaches_CEO,4,38308 > 37154 > 138045 > 110464 > 61554
157966,reaches_CEO,4,157966 > 134556 > 138045 > 110464 > 61554
185942,reaches_CEO,5,185942 > 120381 > 164851 > 154041 > 11277 > 61554
5893,reaches_CEO,5,5893 > 93223 > 92567 > 162476 > 51535 > 61554
119576,reaches_CEO,4,119576 > 27660 > 69728 > 51535 > 61554
125247,reaches_CEO,5,125247 > 87330 > 91654 > 109804 > 51535 > 61554
100774,reaches_CEO,5,100774 > 139278 > 171266 > 71889 > 93708 > 61554
50570,reaches_CEO,5,50570 > 92403 > 59535 > 154041 > 11277 > 61554
37434,reaches_CEO,4,37434 > 171907 > 142146 > 11277 > 61554
199439,reaches_CEO,5,199439 > 161132 > 114137 > 107658 > 110464 > 61554
29608,reaches_CEO,5,29608 > 103421 > 5342 > 133795 > 51535 > 61554
155902,reaches_CEO,5,155902 > 181886 > 181201 > 139032 > 11277 > 61554
107621,reaches_CEO,5,107621 > 59555 > 156036 > 74062 > 110464 > 61554
104735,reaches_CEO,5,104735 > 131525 > 172989 > 34051 > 11277 > 61554
108285,reaches_CEO,5,108285 > 129734 > 17837 > 176367 > 51535 > 61554
153261,reaches_CEO,5,153261 > 742 > 192056 > 71889 > 93708 > 61554
52498,reaches_CEO,5,52498 > 182777 > 124893 > 149778 > 110464 > 61554
46850,reaches_CEO,5,46850 > 29410 > 145161 > 69728 > 51535 > 61554
104255,reaches_CEO,5,104255 > 88779 > 183175 > 197876 > 11277 > 61554
45381,reaches_CEO,5,45381 > 198403 > 78493 > 197876 > 11277 > 61554
22709,reaches_CEO,5,22709 > 147106 > 164851 > 154041 > 11277 > 61554
153290,reaches_CEO,5,153290 > 102815 > 79285 > 34280 > 11277 > 61554
1415,reaches_CEO,5,1415 > 9239 > 47127 > 84011 > 11277 > 61554
117940,reaches_CEO,5,117940 > 160169 > 172989 > 34051 > 11277 > 61554
94397,reaches_CEO,5,94397 > 129734 > 17837 > 176367 > 51535 > 61554
6498,reaches_CEO,5,6498 > 148646 > 47553 > 69728 > 51535 > 61554
89108,reaches_CEO,5,89108 > 180037 > 167941 > 34051 > 11277 > 61554
60570,reaches_CEO,5,60570 > 198424 > 115539 > 71499 > 110464 > 61554
165967,reaches_CEO,5,165967 > 181311 > 17395 > 96752 > 11277 > 61554
73839,reaches_CEO,5,73839 > 136861 > 157492 > 34280 > 11277 > 61554
100722,reaches_CEO,5,100722 > 115765 > 192056 > 71889 > 93708 > 61554
127778,reaches_CEO,5,127778 > 134536 > 5342 > 133795 > 51535 > 61554
64029,reaches_CEO,5,64029 > 11507 > 20378 > 124994 > 93708 > 61554
57124,reaches_CEO,5,57124 > 192369 > 131950 > 96752 > 11277 > 61554
14299,reaches_CEO,4,14299 > 194121 > 176367 > 51535 > 61554
78004,reaches_CEO,5,78004 > 148984 > 3917 > 139032 > 11277 > 61554
176855,reaches_CEO,5,176855 > 53826 > 185138 > 152500 > 93708 > 61554
3312,reaches_CEO,5,3312 > 69903 > 17837 > 176367 > 51535 > 61554
61940,reaches_CEO,5,61940 > 30468 > 39726 > 69728 > 51535 > 61554
159070,reaches_CEO,5,159070 > 189742 > 116660 > 26053 > 93708 > 61554
155031,reaches_CEO,5,155031 > 64452 > 3235 > 84011 > 11277 > 61554
166011,reaches_CEO,5,166011 > 25934 > 154285 > 107152 > 51535 > 61554
116119,reaches_CEO,4,116119 > 125912 > 107658 > 110464 > 61554
6536,reaches_CEO,4,6536 > 162889 > 109308 > 110464 > 61554
140158,reaches_CEO,5,140158 > 113124 > 65451 > 139032 > 11277 > 61554
91357,reaches_CEO,5,91357 > 127769 > 47553 > 69728 > 51535 > 61554
24300,reaches_CEO,5,24300 > 87613 > 140317 > 107152 > 51535 > 61554
85198,reaches_CEO,5,85198 > 73846 > 171907 > 142146 > 11277 > 61554
78200,reaches_CEO,5,78200 > 39460 > 192056 > 71889 > 93708 > 61554
158154,reaches_CEO,5,158154 > 51293 > 172989 > 34051 > 11277 > 61554
164612,reaches_CEO,5,164612 > 104759 > 20378 > 124994 > 93708 > 61554
101667,reaches_CEO,5,101667 > 17211 > 185138 > 152500 > 93708 > 61554
90621,reaches_CEO,5,90621 > 88779 > 183175 > 197876 > 11277 > 61554
186177,reaches_CEO,5,186177 > 119302 > 25036 > 152500 > 93708 > 61554
195188,reaches_CEO,5,195188 > 165717 > 157492 > 34280 > 11277 > 61554
198927,reaches_CEO,5,198927 > 157064 > 125912 > 107658 > 110464 > 61554
62043,reaches_CEO,4,62043 > 189937 > 55537 > 51535 > 61554
169382,reaches_CEO,5,169382 > 77556 > 45969 > 26053 > 93708 > 61554
185945,reaches_CEO,5,185945 > 127266 > 70434 > 149778 > 110464 > 61554
140092,reaches_CEO,5,140092 > 176415 > 39726 > 69728 > 51535 > 61554
147761,reaches_CEO,5,147761 > 150194 > 132307 > 185673 > 51535 > 61554
183475,reaches_CEO,5,183475 > 113566 > 154285 > 107152 > 51535 > 61554
86962,reaches_CEO,5,86962 > 191485 > 89002 > 34280 > 11277 > 61554
93828,reaches_CEO,5,93828 > 92585 > 114137 > 107658 > 110464 > 61554
92431,reaches_CEO,5,92431 > 132192 > 89619 > 26053 > 93708 > 61554
31294,reaches_CEO,5,31294 > 37434 > 171907 > 142146 > 11277 > 61554
153209,reaches_CEO,5,153209 > 112643 > 119833 > 84011 > 11277 > 61554
159638,reaches_CEO,4,159638 > 116660 > 26053 > 93708 > 61554
9239,reaches_CEO,4,9239 > 47127 > 84011 > 11277 > 61554
187038,reaches_CEO,5,187038 > 60319 > 65174 > 154041 > 11277 > 61554
125742,reaches_CEO,5,125742 > 8711 > 24489 > 176424 > 110464 > 61554
123605,reaches_CEO,5,123605 > 87733 > 198366 > 142146 > 11277 > 61554
170204,reaches_CEO,5,170204 > 64087 > 45969 > 26053 > 93708 > 61554
187993,reaches_CEO,5,187993 > 168951 > 120639 > 142146 > 11277 > 61554
57654,reaches_CEO,5,57654 > 149135 > 119481 > 79693 > 51535 > 61554
4241,reaches_CEO,5,4241 > 148236 > 2308 > 84011 > 11277 > 61554
86774,reaches_CEO,5,86774 > 50679 > 181310 > 139032 > 11277 > 61554
181296,reaches_CEO,5,181296 > 159996 > 94362 > 34051 > 11277 > 61554
165002,reaches_CEO,5,165002 > 114011 > 28697 > 79693 > 51535 > 61554
166690,reaches_CEO,5,166690 > 57938 > 192589 > 55537 > 51535 > 61554
30924,reaches_CEO,5,30924 > 95522 > 91869 > 40920 > 110464 > 61554
156589,reaches_CEO,5,156589 > 150408 > 61403 > 69728 > 51535 > 61554
66992,reaches_CEO,5,66992 > 149245 > 91869 > 40920 > 110464 > 61554
150051,reaches_CEO,5,150051 > 134944 > 181201 > 139032 > 11277 > 61554
94773,reaches_CEO,5,94773 > 178147 > 24681 > 124994 > 93708 > 61554
96801,reaches_CEO,5,96801 > 61443 > 116660 > 26053 > 93708 > 61554
44429,reaches_CEO,5,44429 > 93223 > 92567 > 162476 > 51535 > 61554
1780,reaches_CEO,5,1780 > 179212 > 162889 > 109308 > 110464 > 61554
85219,reaches_CEO,5,85219 > 81421 > 45969 > 26053 > 93708 > 61554
45966,reaches_CEO,5,45966 > 90 > 183869 > 185673 > 51535 > 61554
120503,reaches_CEO,5,120503 > 72965 > 92713 > 96752 > 11277 > 61554
183820,reaches_CEO,5,183820 > 167188 > 89619 > 26053 > 93708 > 61554
129740,reaches_CEO,5,129740 > 196058 > 5692 > 149778 > 110464 > 61554
134049,reaches_CEO,5,134049 > 19806 > 32510 > 197876 > 11277 > 61554
162564,reaches_CEO,5,162564 > 40904 > 92567 > 162476 > 51535 > 61554
93720,reaches_CEO,5,93720 > 102712 > 157492 > 34280 > 11277 > 61554
83435,reaches_CEO,5,83435 > 168791 > 5342 > 133795 > 51535 > 61554
38909,reaches_CEO,5,38909 > 100373 > 192056 > 71889 > 93708 > 61554
2557,reaches_CEO,5,2557 > 90639 > 103443 > 97647 > 110464 > 61554
118357,reaches_CEO,5,118357 > 69379 > 183175 > 197876 > 11277 > 61554
45615,reaches_CEO,5,45615 > 156927 > 181566 > 97647 > 110464 > 61554
104907,reaches_CEO,5,104907 > 39460 > 192056 > 71889 > 93708 > 61554
150863,reaches_CEO,5,150863 > 48730 > 181566 > 97647 > 110464 > 61554
174939,reaches_CEO,5,174939 > 18312 > 147555 > 107152 > 51535 > 61554
73244,reaches_CEO,5,73244 > 115591 > 66119 > 34051 > 11277 > 61554
37936,reaches_CEO,5,37936 > 197832 > 139507 > 97647 > 110464 > 61554
100213,reaches_CEO,5,100213 > 158056 > 33814 > 190801 > 51535 > 61554
154758,reaches_CEO,5,154758 > 66591 > 78493 > 197876 > 11277 > 61554
191351,reaches_CEO,4,191351 > 87344 > 138045 > 110464 > 61554
163975,reaches_CEO,5,163975 > 111974 > 192589 > 55537 > 51535 > 61554
6120,reaches_CEO,5,6120 > 80728 > 39726 > 69728 > 51535 > 61554
199377,reaches_CEO,5,199377 > 154891 > 146629 > 190801 > 51535 > 61554
45965,reaches_CEO,5,45965 > 69379 > 183175 > 197876 > 11277 > 61554
161697,reaches_CEO,5,161697 > 116180 > 113589 > 190801 > 51535 > 61554
151098,reaches_CEO,5,151098 > 7095 > 171266 > 71889 > 93708 > 61554
171939,reaches_CEO,5,171939 > 181219 > 196484 > 176424 > 110464 > 61554
111020,reaches_CEO,5,111020 > 28979 > 198366 > 142146 > 11277 > 61554
35594,reaches_CEO,5,35594 > 102026 > 40475 > 56068 > 11277 > 61554
89862,reaches_CEO,5,89862 > 134944 > 181201 > 139032 > 11277 > 61554
172229,reaches_CEO,5,172229 > 166591 > 17395 > 96752 > 11277 > 61554
63783,reaches_CEO,5,63783 > 143473 > 59566 > 125855 > 93708 > 61554
167738,reaches_CEO,5,167738 > 79 > 65174 > 154041 > 11277 > 61554
167175,reaches_CEO,5,167175 > 160261 > 23830 > 74062 > 110464 > 61554
2894,reaches_CEO,5,2894 > 174009 > 39785 > 177860 > 93708 > 61554
44544,reaches_CEO,5,44544 > 41991 > 171907 > 142146 > 11277 > 61554
188492,reaches_CEO,5,188492 > 127275 > 42270 > 79693 > 51535 > 61554
170804,reaches_CEO,5,170804 > 40904 > 92567 > 162476 > 51535 > 61554
125881,reaches_CEO,5,125881 > 160618 > 83356 > 84011 > 11277 > 61554
145286,reaches_CEO,5,145286 > 190566 > 168545 > 176424 > 110464 > 61554
94016,reaches_CEO,5,94016 > 186086 > 184512 > 109804 > 51535 > 61554
174551,reaches_CEO,5,174551 > 84193 > 115539 > 71499 > 110464 > 61554
127007,reaches_CEO,5,127007 > 46997 > 167941 > 34051 > 11277 > 61554
153747,reaches_CEO,5,153747 > 11507 > 20378 > 124994 > 93708 > 61554
47127,reaches_CEO,3,47127 > 84011 > 11277 > 61554
132598,reaches_CEO,5,132598 > 4440 > 155485 > 40920 > 110464 > 61554
78873,reaches_CEO,5,78873 > 172321 > 145667 > 142146 > 11277 > 61554
10962,reaches_CEO,5,10962 > 43858 > 171351 > 79693 > 51535 > 61554
58215,reaches_CEO,5,58215 > 87929 > 2308 > 84011 > 11277 > 61554
97241,reaches_CEO,5,97241 > 191083 > 37154 > 138045 > 110464 > 61554
8182,reaches_CEO,4,8182 > 181310 > 139032 > 11277 > 61554
178692,reaches_CEO,5,178692 > 191289 > 71595 > 55537 > 51535 > 61554
199858,reaches_CEO,5,199858 > 187183 > 143437 > 71499 > 110464 > 61554
104957,reaches_CEO,5,104957 > 95522 > 91869 > 40920 > 110464 > 61554
185829,reaches_CEO,5,185829 > 197896 > 110260 > 125855 > 93708 > 61554
85515,reaches_CEO,5,85515 > 61443 > 116660 > 26053 > 93708 > 61554
102109,reaches_CEO,5,102109 > 87613 > 140317 > 107152 > 51535 > 61554
114521,reaches_CEO,5,114521 > 252 > 41533 > 177860 > 93708 > 61554
62707,reaches_CEO,5,62707 > 73649 > 167941 > 34051 > 11277 > 61554
172510,reaches_CEO,5,172510 > 59862 > 145161 > 69728 > 51535 > 61554
23095,reaches_CEO,5,23095 > 102632 > 167223 > 40920 > 110464 > 61554
73713,reaches_CEO,5,73713 > 77670 > 66119 > 34051 > 11277 > 61554
143914,reaches_CEO,5,143914 > 183283 > 20378 > 124994 > 93708 > 61554
45633,reaches_CEO,5,45633 > 87929 > 2308 > 84011 > 11277 > 61554
187055,reaches_CEO,5,187055 > 8711 > 24489 > 176424 > 110464 > 61554
2829,reaches_CEO,5,2829 > 46957 > 89002 > 34280 > 11277 > 61554
193030,reaches_CEO,5,193030 > 79934 > 193330 > 162476 > 51535 > 61554
49751,reaches_CEO,5,49751 > 49729 > 191418 > 36075 > 11277 > 61554
116211,reaches_CEO,5,116211 > 56451 > 193088 > 96752 > 11277 > 61554
60407,reaches_CEO,5,60407 > 42096 > 89002 > 34280 > 11277 > 61554
117378,reaches_CEO,5,117378 > 160511 > 121233 > 176424 > 110464 > 61554
6736,reaches_CEO,5,6736 > 191495 > 100942 > 36075 > 11277 > 61554
49428,reaches_CEO,5,49428 > 112245 > 47755 > 154041 > 11277 > 61554
66453,reaches_CEO,4,66453 > 171351 > 79693 > 51535 > 61554
4655,reaches_CEO,5,4655 > 92403 > 59535 > 154041 > 11277 > 61554
78042,reaches_CEO,5,78042 > 56451 > 193088 > 96752 > 11277 > 61554
188088,reaches_CEO,5,188088 > 16445 > 136905 > 71889 > 93708 > 61554
98558,reaches_CEO,4,98558 > 145161 > 69728 > 51535 > 61554
30783,reaches_CEO,5,30783 > 132309 > 163049 > 56068 > 11277 > 61554
78077,reaches_CEO,5,78077 > 98520 > 70434 > 149778 > 110464 > 61554
52510,reaches_CEO,5,52510 > 66591 > 78493 > 197876 > 11277 > 61554
45600,reaches_CEO,5,45600 > 41808 > 89619 > 26053 > 93708 > 61554
154375,reaches_CEO,4,154375 > 24015 > 125855 > 93708 > 61554
138458,reaches_CEO,5,138458 > 47863 > 40132 > 190801 > 51535 > 61554
51257,reaches_CEO,5,51257 > 88007 > 154897 > 34280 > 11277 > 61554
95727,reaches_CEO,5,95727 > 119576 > 27660 > 69728 > 51535 > 61554
27781,reaches_CEO,4,27781 > 121233 > 176424 > 110464 > 61554
151768,reaches_CEO,5,151768 > 160476 > 79285 > 34280 > 11277 > 61554
38576,reaches_CEO,5,38576 > 191485 > 89002 > 34280 > 11277 > 61554
187301,reaches_CEO,5,187301 > 14465 > 116660 > 26053 > 93708 > 61554
14081,reaches_CEO,5,14081 > 109102 > 65451 > 139032 > 11277 > 61554
60642,reaches_CEO,5,60642 > 79237 > 124893 > 149778 > 110464 > 61554
151281,reaches_CEO,5,151281 > 171461 > 138823 > 124994 > 93708 > 61554
57659,reaches_CEO,5,57659 > 122762 > 17395 > 96752 > 11277 > 61554
83098,reaches_CEO,5,83098 > 67178 > 20378 > 124994 > 93708 > 61554
142879,reaches_CEO,5,142879 > 102632 > 167223 > 40920 > 110464 > 61554
56941,reaches_CEO,5,56941 > 102727 > 114137 > 107658 > 110464 > 61554
49727,reaches_CEO,3,49727 > 84011 > 11277 > 61554
66023,reaches_CEO,5,66023 > 102102 > 78493 > 197876 > 11277 > 61554
83983,reaches_CEO,5,83983 > 59862 > 145161 > 69728 > 51535 > 61554
36782,reaches_CEO,5,36782 > 15768 > 77857 > 152500 > 93708 > 61554
107425,reaches_CEO,5,107425 > 15277 > 132307 > 185673 > 51535 > 61554
131177,reaches_CEO,5,131177 > 98967 > 115539 > 71499 > 110464 > 61554
35499,reaches_CEO,4,35499 > 134865 > 197876 > 11277 > 61554
3497,reaches_CEO,5,3497 > 140542 > 2308 > 84011 > 11277 > 61554
47487,reaches_CEO,5,47487 > 1610 > 145161 > 69728 > 51535 > 61554
35707,reaches_CEO,5,35707 > 130449 > 47755 > 154041 > 11277 > 61554
189794,reaches_CEO,5,189794 > 18627 > 115907 > 97647 > 110464 > 61554
124324,reaches_CEO,5,124324 > 181421 > 107049 > 34280 > 11277 > 61554
31843,reaches_CEO,5,31843 > 91979 > 116660 > 26053 > 93708 > 61554
59513,reaches_CEO,5,59513 > 149245 > 91869 > 40920 > 110464 > 61554
27275,reaches_CEO,5,27275 > 70406 > 91869 > 40920 > 110464 > 61554
1584,reaches_CEO,5,1584 > 59862 > 145161 > 69728 > 51535 > 61554
117021,reaches_CEO,5,117021 > 183045 > 39726 > 69728 > 51535 > 61554
111363,reaches_CEO,4,111363 > 89002 > 34280 > 11277 > 61554
98419,reaches_CEO,4,98419 > 69550 > 74062 > 110464 > 61554
126223,reaches_CEO,5,126223 > 73034 > 161284 > 109804 > 51535 > 61554
177090,reaches_CEO,5,177090 > 98558 > 145161 > 69728 > 51535 > 61554
132026,reaches_CEO,4,132026 > 167223 > 40920 > 110464 > 61554
141156,reaches_CEO,5,141156 > 108164 > 32510 > 197876 > 11277 > 61554
118411,reaches_CEO,5,118411 > 147249 > 27660 > 69728 > 51535 > 61554
128447,reaches_CEO,4,128447 > 193330 > 162476 > 51535 > 61554
194221,reaches_CEO,5,194221 > 75045 > 124893 > 149778 > 110464 > 61554
39491,reaches_CEO,5,39491 > 151005 > 134556 > 138045 > 110464 > 61554
166325,reaches_CEO,5,166325 > 43602 > 18295 > 176367 > 51535 > 61554
177089,reaches_CEO,5,177089 > 164439 > 191391 > 138045 > 110464 > 61554
154512,reaches_CEO,5,154512 > 75860 > 91654 > 109804 > 51535 > 61554
172031,reaches_CEO,5,172031 > 119576 > 27660 > 69728 > 51535 > 61554
144869,reaches_CEO,5,144869 > 112302 > 71595 > 55537 > 51535 > 61554
111877,reaches_CEO,5,111877 > 159838 > 167223 > 40920 > 110464 > 61554
88112,reaches_CEO,5,88112 > 73893 > 134865 > 197876 > 11277 > 61554
113301,reaches_CEO,5,113301 > 190249 > 134556 > 138045 > 110464 > 61554
79966,reaches_CEO,5,79966 > 183824 > 113589 > 190801 > 51535 > 61554
186463,reaches_CEO,5,186463 > 154891 > 146629 > 190801 > 51535 > 61554
63365,reaches_CEO,5,63365 > 11507 > 20378 > 124994 > 93708 > 61554
82543,reaches_CEO,5,82543 > 110091 > 117030 > 109804 > 51535 > 61554
133512,reaches_CEO,5,133512 > 16073 > 139507 > 97647 > 110464 > 61554
119595,reaches_CEO,5,119595 > 8711 > 24489 > 176424 > 110464 > 61554
112833,reaches_CEO,5,112833 > 139180 > 71532 > 109308 > 110464 > 61554
37210,reaches_CEO,5,37210 > 113566 > 154285 > 107152 > 51535 > 61554
164638,reaches_CEO,4,164638 > 47755 > 154041 > 11277 > 61554
109611,reaches_CEO,5,109611 > 161727 > 28697 > 79693 > 51535 > 61554
99593,reaches_CEO,5,99593 > 172250 > 115907 > 97647 > 110464 > 61554
154603,reaches_CEO,5,154603 > 175365 > 166741 > 97647 > 110464 > 61554
41775,reaches_CEO,5,41775 > 78516 > 164851 > 154041 > 11277 > 61554
155570,reaches_CEO,4,155570 > 71532 > 109308 > 110464 > 61554
72347,reaches_CEO,5,72347 > 159838 > 167223 > 40920 > 110464 > 61554
96486,reaches_CEO,5,96486 > 20901 > 189937 > 55537 > 51535 > 61554
30087,reaches_CEO,5,30087 > 41991 > 171907 > 142146 > 11277 > 61554
181310,reaches_CEO,3,181310 > 139032 > 11277 > 61554
83634,reaches_CEO,5,83634 > 127769 > 47553 > 69728 > 51535 > 61554
10748,reaches_CEO,5,10748 > 168905 > 193330 > 162476 > 51535 > 61554
71115,reaches_CEO,4,71115 > 92567 > 162476 > 51535 > 61554
181122,reaches_CEO,5,181122 > 102632 > 167223 > 40920 > 110464 > 61554
79682,reaches_CEO,5,79682 > 168564 > 8665 > 34051 > 11277 > 61554
22104,reaches_CEO,5,22104 > 2644 > 154897 > 34280 > 11277 > 61554
97028,reaches_CEO,5,97028 > 30468 > 39726 > 69728 > 51535 > 61554
22091,reaches_CEO,5,22091 > 75705 > 171266 > 71889 > 93708 > 61554
34952,reaches_CEO,5,34952 > 48742 > 28697 > 79693 > 51535 > 61554
112679,reaches_CEO,5,112679 > 71585 > 65174 > 154041 > 11277 > 61554
79113,reaches_CEO,5,79113 > 129626 > 118233 > 149778 > 110464 > 61554
18710,reaches_CEO,5,18710 > 189222 > 3802 > 133795 > 51535 > 61554
145830,reaches_CEO,5,145830 > 59705 > 181201 > 139032 > 11277 > 61554
100977,reaches_CEO,5,100977 > 127544 > 65451 > 139032 > 11277 > 61554
76855,reaches_CEO,5,76855 > 184998 > 183175 > 197876 > 11277 > 61554
155936,reaches_CEO,5,155936 > 179149 > 21604 > 26053 > 93708 > 61554
136352,reaches_CEO,5,136352 > 113124 > 65451 > 139032 > 11277 > 61554
109103,reaches_CEO,5,109103 > 125775 > 91869 > 40920 > 110464 > 61554
145951,reaches_CEO,5,145951 > 132683 > 146629 > 190801 > 51535 > 61554
17034,reaches_CEO,5,17034 > 120638 > 27660 > 69728 > 51535 > 61554
66859,reaches_CEO,5,66859 > 116289 > 189937 > 55537 > 51535 > 61554
110878,reaches_CEO,4,110878 > 119481 > 79693 > 51535 > 61554
159547,reaches_CEO,5,159547 > 119231 > 165426 > 124994 > 93708 > 61554
75275,reaches_CEO,5,75275 > 80043 > 99397 > 71889 > 93708 > 61554
145140,reaches_CEO,5,145140 > 67931 > 119481 > 79693 > 51535 > 61554
180371,reaches_CEO,5,180371 > 57701 > 77857 > 152500 > 93708 > 61554
188629,reaches_CEO,5,188629 > 61811 > 78493 > 197876 > 11277 > 61554
59039,reaches_CEO,5,59039 > 8198 > 98225 > 162476 > 51535 > 61554
92845,reaches_CEO,4,92845 > 92567 > 162476 > 51535 > 61554
7492,reaches_CEO,5,7492 > 57185 > 57693 > 69728 > 51535 > 61554
119894,reaches_CEO,5,119894 > 61811 > 78493 > 197876 > 11277 > 61554
194602,reaches_CEO,5,194602 > 16510 > 77851 > 36075 > 11277 > 61554
189515,reaches_CEO,5,189515 > 144928 > 134865 > 197876 > 11277 > 61554
105910,reaches_CEO,5,105910 > 151005 > 134556 > 138045 > 110464 > 61554
132874,reaches_CEO,5,132874 > 53826 > 185138 > 152500 > 93708 > 61554
178109,reaches_CEO,5,178109 > 156927 > 181566 > 97647 > 110464 > 61554
27078,reaches_CEO,5,27078 > 61038 > 65451 > 139032 > 11277 > 61554
187398,reaches_CEO,5,187398 > 137776 > 40132 > 190801 > 51535 > 61554
41186,reaches_CEO,5,41186 > 47748 > 89619 > 26053 > 93708 > 61554
186001,reaches_CEO,5,186001 > 84230 > 5692 > 149778 > 110464 > 61554
161284,reaches_CEO,3,161284 > 109804 > 51535 > 61554
173085,reaches_CEO,5,173085 > 101484 > 91654 > 109804 > 51535 > 61554
156179,reaches_CEO,5,156179 > 181772 > 54963 > 142146 > 11277 > 61554
196379,reaches_CEO,5,196379 > 55883 > 49002 > 109804 > 51535 > 61554
52665,reaches_CEO,5,52665 > 103981 > 69550 > 74062 > 110464 > 61554
58608,reaches_CEO,5,58608 > 199950 > 41533 > 177860 > 93708 > 61554
116992,reaches_CEO,5,116992 > 147819 > 120639 > 142146 > 11277 > 61554
165426,reaches_CEO,3,165426 > 124994 > 93708 > 61554
163275,reaches_CEO,5,163275 > 149970 > 155485 > 40920 > 110464 > 61554
185390,reaches_CEO,5,185390 > 194078 > 162889 > 109308 > 110464 > 61554
96261,reaches_CEO,5,96261 > 17291 > 92713 > 96752 > 11277 > 61554
117076,reaches_CEO,5,117076 > 70819 > 161284 > 109804 > 51535 > 61554
139754,reaches_CEO,5,139754 > 21377 > 65174 > 154041 > 11277 > 61554
73112,reaches_CEO,5,73112 > 113124 > 65451 > 139032 > 11277 > 61554
48793,reaches_CEO,5,48793 > 130834 > 98225 > 162476 > 51535 > 61554
7849,reaches_CEO,5,7849 > 95473 > 65451 > 139032 > 11277 > 61554
64708,reaches_CEO,5,64708 > 193818 > 136905 > 71889 > 93708 > 61554
12209,reaches_CEO,5,12209 > 24979 > 146600 > 107658 > 110464 > 61554
153735,reaches_CEO,5,153735 > 76073 > 184512 > 109804 > 51535 > 61554
101940,reaches_CEO,5,101940 > 130342 > 20378 > 124994 > 93708 > 61554
183281,reaches_CEO,5,183281 > 169223 > 5342 > 133795 > 51535 > 61554
106433,reaches_CEO,5,106433 > 131525 > 172989 > 34051 > 11277 > 61554
47017,reaches_CEO,5,47017 > 112245 > 47755 > 154041 > 11277 > 61554
31956,reaches_CEO,5,31956 > 77613 > 66090 > 34280 > 11277 > 61554
80296,reaches_CEO,5,80296 > 51923 > 41533 > 177860 > 93708 > 61554
55160,reaches_CEO,5,55160 > 27781 > 121233 > 176424 > 110464 > 61554
195743,reaches_CEO,5,195743 > 152960 > 157492 > 34280 > 11277 > 61554
125202,reaches_CEO,5,125202 > 126515 > 24681 > 124994 > 93708 > 61554
4123,reaches_CEO,5,4123 > 80043 > 99397 > 71889 > 93708 > 61554
52313,reaches_CEO,4,52313 > 135238 > 84011 > 11277 > 61554
188678,reaches_CEO,5,188678 > 181781 > 110260 > 125855 > 93708 > 61554
92048,reaches_CEO,5,92048 > 135848 > 121096 > 40920 > 110464 > 61554
56153,reaches_CEO,5,56153 > 103014 > 183869 > 185673 > 51535 > 61554
196513,reaches_CEO,5,196513 > 52525 > 192589 > 55537 > 51535 > 61554
108912,reaches_CEO,5,108912 > 79237 > 124893 > 149778 > 110464 > 61554
147268,reaches_CEO,5,147268 > 85426 > 24015 > 125855 > 93708 > 61554
81987,reaches_CEO,5,81987 > 78215 > 181201 > 139032 > 11277 > 61554
136779,reaches_CEO,5,136779 > 199184 > 66119 > 34051 > 11277 > 61554
143306,reaches_CEO,5,143306 > 2644 > 154897 > 34280 > 11277 > 61554
76806,reaches_CEO,5,76806 > 131620 > 40475 > 56068 > 11277 > 61554
20008,reaches_CEO,5,20008 > 79934 > 193330 > 162476 > 51535 > 61554
21589,reaches_CEO,5,21589 > 166591 > 17395 > 96752 > 11277 > 61554
168905,reaches_CEO,4,168905 > 193330 > 162476 > 51535 > 61554
65883,reaches_CEO,4,65883 > 103443 > 97647 > 110464 > 61554
86058,reaches_CEO,5,86058 > 136147 > 100942 > 36075 > 11277 > 61554
82858,reaches_CEO,5,82858 > 55476 > 82419 > 74062 > 110464 > 61554
28135,reaches_CEO,5,28135 > 127544 > 65451 > 139032 > 11277 > 61554
109284,reaches_CEO,5,109284 > 44056 > 16178 > 71889 > 93708 > 61554
110649,reaches_CEO,5,110649 > 143050 > 155485 > 40920 > 110464 > 61554
27881,reaches_CEO,5,27881 > 5889 > 21604 > 26053 > 93708 > 61554
76955,reaches_CEO,5,76955 > 136313 > 8207 > 185673 > 51535 > 61554
163041,reaches_CEO,5,163041 > 21470 > 143437 > 71499 > 110464 > 61554
176206,reaches_CEO,5,176206 > 17211 > 185138 > 152500 > 93708 > 61554
187492,reaches_CEO,5,187492 > 1050 > 71595 > 55537 > 51535 > 61554
164617,reaches_CEO,5,164617 > 119658 > 61403 > 69728 > 51535 > 61554
196635,reaches_CEO,5,196635 > 113578 > 125912 > 107658 > 110464 > 61554
23246,reaches_CEO,5,23246 > 5282 > 32248 > 34280 > 11277 > 61554
150098,reaches_CEO,5,150098 > 190249 > 134556 > 138045 > 110464 > 61554
99258,reaches_CEO,5,99258 > 148260 > 89053 > 97647 > 110464 > 61554
71569,reaches_CEO,5,71569 > 22090 > 156036 > 74062 > 110464 > 61554
134541,reaches_CEO,5,134541 > 79934 > 193330 > 162476 > 51535 > 61554
45473,reaches_CEO,5,45473 > 168951 > 120639 > 142146 > 11277 > 61554
29759,reaches_CEO,5,29759 > 189742 > 116660 > 26053 > 93708 > 61554
199568,reaches_CEO,5,199568 > 123000 > 94454 > 84011 > 11277 > 61554
72627,reaches_CEO,5,72627 > 51923 > 41533 > 177860 > 93708 > 61554
62057,reaches_CEO,5,62057 > 79735 > 147555 > 107152 > 51535 > 61554
180331,reaches_CEO,5,180331 > 88303 > 3235 > 84011 > 11277 > 61554
79133,reaches_CEO,5,79133 > 75242 > 60121 > 109804 > 51535 > 61554
167310,reaches_CEO,5,167310 > 140542 > 2308 > 84011 > 11277 > 61554
164547,reaches_CEO,4,164547 > 32510 > 197876 > 11277 > 61554
196551,reaches_CEO,5,196551 > 90639 > 103443 > 97647 > 110464 > 61554
197004,reaches_CEO,5,197004 > 140393 > 117030 > 109804 > 51535 > 61554
115029,reaches_CEO,5,115029 > 187183 > 143437 > 71499 > 110464 > 61554
38528,reaches_CEO,5,38528 > 169223 > 5342 > 133795 > 51535 > 61554
39876,reaches_CEO,5,39876 > 87733 > 198366 > 142146 > 11277 > 61554
185561,reaches_CEO,5,185561 > 29960 > 118233 > 149778 > 110464 > 61554
84045,reaches_CEO,5,84045 > 148984 > 3917 > 139032 > 11277 > 61554
164947,reaches_CEO,5,164947 > 143317 > 94362 > 34051 > 11277 > 61554
163333,reaches_CEO,5,163333 > 8711 > 24489 > 176424 > 110464 > 61554
56686,reaches_CEO,5,56686 > 172321 > 145667 > 142146 > 11277 > 61554
114784,reaches_CEO,5,114784 > 188118 > 114472 > 197876 > 11277 > 61554
151092,reaches_CEO,5,151092 > 79934 > 193330 > 162476 > 51535 > 61554
16768,reaches_CEO,5,16768 > 143317 > 94362 > 34051 > 11277 > 61554
146118,reaches_CEO,5,146118 > 27718 > 89619 > 26053 > 93708 > 61554
74778,reaches_CEO,5,74778 > 180930 > 91117 > 34051 > 11277 > 61554
185029,reaches_CEO,5,185029 > 170076 > 3802 > 133795 > 51535 > 61554
193302,reaches_CEO,5,193302 > 132283 > 49002 > 109804 > 51535 > 61554
115856,reaches_CEO,4,115856 > 3235 > 84011 > 11277 > 61554
62520,reaches_CEO,5,62520 > 102102 > 78493 > 197876 > 11277 > 61554
183561,reaches_CEO,5,183561 > 30488 > 115539 > 71499 > 110464 > 61554
136589,reaches_CEO,5,136589 > 91002 > 24489 > 176424 > 110464 > 61554
74737,reaches_CEO,5,74737 > 143317 > 94362 > 34051 > 11277 > 61554
165620,reaches_CEO,5,165620 > 55481 > 72243 > 162476 > 51535 > 61554
24391,reaches_CEO,5,24391 > 159638 > 116660 > 26053 > 93708 > 61554
8838,reaches_CEO,5,8838 > 196490 > 165426 > 124994 > 93708 > 61554
165853,reaches_CEO,4,165853 > 18295 > 176367 > 51535 > 61554
148787,reaches_CEO,5,148787 > 153291 > 141808 > 34051 > 11277 > 61554
110797,reaches_CEO,5,110797 > 147249 > 27660 > 69728 > 51535 > 61554
111082,reaches_CEO,4,111082 > 8665 > 34051 > 11277 > 61554
43023,reaches_CEO,5,43023 > 152960 > 157492 > 34280 > 11277 > 61554
199669,reaches_CEO,5,199669 > 48120 > 140317 > 107152 > 51535 > 61554
199471,reaches_CEO,5,199471 > 103014 > 183869 > 185673 > 51535 > 61554
155241,reaches_CEO,5,155241 > 130204 > 115907 > 97647 > 110464 > 61554
13399,reaches_CEO,5,13399 > 51293 > 172989 > 34051 > 11277 > 61554
25367,reaches_CEO,4,25367 > 191391 > 138045 > 110464 > 61554
52952,reaches_CEO,5,52952 > 158777 > 71532 > 109308 > 110464 > 61554
168342,reaches_CEO,4,168342 > 92567 > 162476 > 51535 > 61554
123804,reaches_CEO,5,123804 > 75045 > 124893 > 149778 > 110464 > 61554
156417,reaches_CEO,5,156417 > 21377 > 65174 > 154041 > 11277 > 61554
177143,reaches_CEO,5,177143 > 66420 > 21604 > 26053 > 93708 > 61554
90188,reaches_CEO,5,90188 > 123154 > 116660 > 26053 > 93708 > 61554
115086,reaches_CEO,5,115086 > 34714 > 32248 > 34280 > 11277 > 61554
148120,reaches_CEO,5,148120 > 754 > 25036 > 152500 > 93708 > 61554
35165,reaches_CEO,5,35165 > 185285 > 198893 > 124994 > 93708 > 61554
748,reaches_CEO,5,748 > 2644 > 154897 > 34280 > 11277 > 61554
51808,reaches_CEO,5,51808 > 41080 > 77851 > 36075 > 11277 > 61554
76682,reaches_CEO,5,76682 > 120381 > 164851 > 154041 > 11277 > 61554
176953,reaches_CEO,5,176953 > 41721 > 162889 > 109308 > 110464 > 61554
138432,reaches_CEO,4,138432 > 41945 > 84011 > 11277 > 61554
177489,reaches_CEO,4,177489 > 71532 > 109308 > 110464 > 61554
146471,reaches_CEO,5,146471 > 168905 > 193330 > 162476 > 51535 > 61554
23854,reaches_CEO,5,23854 > 182531 > 47127 > 84011 > 11277 > 61554
1205,reaches_CEO,5,1205 > 70819 > 161284 > 109804 > 51535 > 61554
159051,reaches_CEO,5,159051 > 27718 > 89619 > 26053 > 93708 > 61554
72126,reaches_CEO,5,72126 > 92585 > 114137 > 107658 > 110464 > 61554
18928,reaches_CEO,5,18928 > 165717 > 157492 > 34280 > 11277 > 61554
41573,reaches_CEO,5,41573 > 81860 > 49002 > 109804 > 51535 > 61554
154433,reaches_CEO,5,154433 > 187053 > 194121 > 176367 > 51535 > 61554
132192,reaches_CEO,4,132192 > 89619 > 26053 > 93708 > 61554
40904,reaches_CEO,4,40904 > 92567 > 162476 > 51535 > 61554
152022,reaches_CEO,5,152022 > 92765 > 42270 > 79693 > 51535 > 61554
69074,reaches_CEO,5,69074 > 9400 > 138823 > 124994 > 93708 > 61554
96508,reaches_CEO,5,96508 > 149970 > 155485 > 40920 > 110464 > 61554
148578,reaches_CEO,5,148578 > 166729 > 125912 > 107658 > 110464 > 61554
183023,reaches_CEO,5,183023 > 16510 > 77851 > 36075 > 11277 > 61554
174597,reaches_CEO,5,174597 > 154381 > 66090 > 34280 > 11277 > 61554
10808,reaches_CEO,5,10808 > 90237 > 193088 > 96752 > 11277 > 61554
156020,reaches_CEO,5,156020 > 94507 > 145161 > 69728 > 51535 > 61554
63659,reaches_CEO,5,63659 > 138948 > 24489 > 176424 > 110464 > 61554
183201,reaches_CEO,5,183201 > 185976 > 119832 > 190801 > 51535 > 61554
78441,reaches_CEO,5,78441 > 28979 > 198366 > 142146 > 11277 > 61554
175928,reaches_CEO,5,175928 > 118769 > 119832 > 190801 > 51535 > 61554
8711,reaches_CEO,4,8711 > 24489 > 176424 > 110464 > 61554
142985,reaches_CEO,5,142985 > 1651 > 146629 > 190801 > 51535 > 61554
39231,reaches_CEO,4,39231 > 24681 > 124994 > 93708 > 61554
101588,reaches_CEO,5,101588 > 6536 > 162889 > 109308 > 110464 > 61554
170663,reaches_CEO,5,170663 > 134728 > 114137 > 107658 > 110464 > 61554
130394,reaches_CEO,5,130394 > 123103 > 72243 > 162476 > 51535 > 61554
78762,reaches_CEO,5,78762 > 198424 > 115539 > 71499 > 110464 > 61554
18676,reaches_CEO,5,18676 > 147642 > 100942 > 36075 > 11277 > 61554
53939,reaches_CEO,5,53939 > 125114 > 41533 > 177860 > 93708 > 61554
162551,reaches_CEO,5,162551 > 53826 > 185138 > 152500 > 93708 > 61554
30921,reaches_CEO,5,30921 > 161727 > 28697 > 79693 > 51535 > 61554
125636,reaches_CEO,5,125636 > 29508 > 77857 > 152500 > 93708 > 61554
5222,reaches_CEO,4,5222 > 135238 > 84011 > 11277 > 61554
48971,reaches_CEO,5,48971 > 107694 > 50665 > 71889 > 93708 > 61554
147937,reaches_CEO,5,147937 > 77766 > 6027 > 74062 > 110464 > 61554
110794,reaches_CEO,5,110794 > 80043 > 99397 > 71889 > 93708 > 61554
76962,reaches_CEO,5,76962 > 129000 > 6027 > 74062 > 110464 > 61554
86377,reaches_CEO,5,86377 > 147642 > 100942 > 36075 > 11277 > 61554
145072,reaches_CEO,5,145072 > 153291 > 141808 > 34051 > 11277 > 61554
193233,reaches_CEO,5,193233 > 195795 > 59535 > 154041 > 11277 > 61554
130128,reaches_CEO,5,130128 > 113618 > 103443 > 97647 > 110464 > 61554
154292,reaches_CEO,4,154292 > 72243 > 162476 > 51535 > 61554
81810,reaches_CEO,5,81810 > 7212 > 69550 > 74062 > 110464 > 61554
122285,reaches_CEO,5,122285 > 112750 > 39726 > 69728 > 51535 > 61554
143395,reaches_CEO,5,143395 > 37434 > 171907 > 142146 > 11277 > 61554
85984,reaches_CEO,5,85984 > 116119 > 125912 > 107658 > 110464 > 61554
57220,reaches_CEO,5,57220 > 43420 > 24691 > 56068 > 11277 > 61554
78770,reaches_CEO,5,78770 > 63785 > 49002 > 109804 > 51535 > 61554
178457,reaches_CEO,5,178457 > 143317 > 94362 > 34051 > 11277 > 61554
48341,reaches_CEO,5,48341 > 198875 > 87379 > 176367 > 51535 > 61554
7204,reaches_CEO,5,7204 > 94611 > 194121 > 176367 > 51535 > 61554
38926,reaches_CEO,5,38926 > 59939 > 91869 > 40920 > 110464 > 61554
141872,reaches_CEO,5,141872 > 101484 > 91654 > 109804 > 51535 > 61554
20014,reaches_CEO,5,20014 > 113578 > 125912 > 107658 > 110464 > 61554
115208,reaches_CEO,5,115208 > 175361 > 100942 > 36075 > 11277 > 61554
64724,reaches_CEO,4,64724 > 37154 > 138045 > 110464 > 61554
149192,reaches_CEO,5,149192 > 41335 > 33814 > 190801 > 51535 > 61554
50927,reaches_CEO,5,50927 > 68998 > 70434 > 149778 > 110464 > 61554
27731,reaches_CEO,5,27731 > 73034 > 161284 > 109804 > 51535 > 61554
8075,reaches_CEO,5,8075 > 175593 > 167941 > 34051 > 11277 > 61554
152015,reaches_CEO,5,152015 > 88936 > 3235 > 84011 > 11277 > 61554
134105,reaches_CEO,5,134105 > 111363 > 89002 > 34280 > 11277 > 61554
5002,reaches_CEO,5,5002 > 98967 > 115539 > 71499 > 110464 > 61554
118732,reaches_CEO,5,118732 > 132683 > 146629 > 190801 > 51535 > 61554
92188,reaches_CEO,5,92188 > 34714 > 32248 > 34280 > 11277 > 61554
25080,reaches_CEO,5,25080 > 43937 > 95935 > 71889 > 93708 > 61554
74649,reaches_CEO,5,74649 > 189890 > 171351 > 79693 > 51535 > 61554
19767,reaches_CEO,5,19767 > 94507 > 145161 > 69728 > 51535 > 61554
172741,reaches_CEO,5,172741 > 7349 > 121233 > 176424 > 110464 > 61554
57283,reaches_CEO,5,57283 > 123358 > 167941 > 34051 > 11277 > 61554
93492,reaches_CEO,5,93492 > 91979 > 116660 > 26053 > 93708 > 61554
97055,reaches_CEO,5,97055 > 179459 > 37154 > 138045 > 110464 > 61554
41923,reaches_CEO,5,41923 > 90639 > 103443 > 97647 > 110464 > 61554
157064,reaches_CEO,4,157064 > 125912 > 107658 > 110464 > 61554
195917,reaches_CEO,5,195917 > 90065 > 194121 > 176367 > 51535 > 61554
40475,reaches_CEO,3,40475 > 56068 > 11277 > 61554
45739,reaches_CEO,5,45739 > 168951 > 120639 > 142146 > 11277 > 61554
17982,reaches_CEO,5,17982 > 91345 > 32510 > 197876 > 11277 > 61554
45726,reaches_CEO,5,45726 > 51121 > 59566 > 125855 > 93708 > 61554
92114,reaches_CEO,5,92114 > 62298 > 138823 > 124994 > 93708 > 61554
1933,reaches_CEO,5,1933 > 7349 > 121233 > 176424 > 110464 > 61554
1379,reaches_CEO,5,1379 > 150194 > 132307 > 185673 > 51535 > 61554
63717,reaches_CEO,5,63717 > 75045 > 124893 > 149778 > 110464 > 61554
4557,reaches_CEO,5,4557 > 168905 > 193330 > 162476 > 51535 > 61554
89032,reaches_CEO,5,89032 > 32159 > 176804 > 139032 > 11277 > 61554
89627,reaches_CEO,5,89627 > 39417 > 140317 > 107152 > 51535 > 61554
18831,reaches_CEO,5,18831 > 156010 > 28697 > 79693 > 51535 > 61554
49753,reaches_CEO,5,49753 > 113618 > 103443 > 97647 > 110464 > 61554
42270,reaches_CEO,3,42270 > 79693 > 51535 > 61554
101883,reaches_CEO,5,101883 > 77613 > 66090 > 34280 > 11277 > 61554
73916,reaches_CEO,5,73916 > 26468 > 189937 > 55537 > 51535 > 61554
172353,reaches_CEO,5,172353 > 134536 > 5342 > 133795 > 51535 > 61554
129525,reaches_CEO,5,129525 > 51331 > 89619 > 26053 > 93708 > 61554
156614,reaches_CEO,5,156614 > 95522 > 91869 > 40920 > 110464 > 61554
111865,reaches_CEO,5,111865 > 85426 > 24015 > 125855 > 93708 > 61554
911,reaches_CEO,5,911 > 25934 > 154285 > 107152 > 51535 > 61554
167387,reaches_CEO,5,167387 > 61517 > 110260 > 125855 > 93708 > 61554
127075,reaches_CEO,5,127075 > 29749 > 39785 > 177860 > 93708 > 61554
1216,reaches_CEO,5,1216 > 130585 > 3235 > 84011 > 11277 > 61554
16959,reaches_CEO,5,16959 > 160289 > 79285 > 34280 > 11277 > 61554
48405,reaches_CEO,5,48405 > 1808 > 140317 > 107152 > 51535 > 61554
2230,reaches_CEO,5,2230 > 151005 > 134556 > 138045 > 110464 > 61554
29929,reaches_CEO,5,29929 > 150408 > 61403 > 69728 > 51535 > 61554
193621,reaches_CEO,4,193621 > 100942 > 36075 > 11277 > 61554
147003,reaches_CEO,5,147003 > 63077 > 49727 > 84011 > 11277 > 61554
108992,reaches_CEO,5,108992 > 69943 > 154897 > 34280 > 11277 > 61554
98855,reaches_CEO,5,98855 > 177166 > 192589 > 55537 > 51535 > 61554
137602,reaches_CEO,5,137602 > 69200 > 79285 > 34280 > 11277 > 61554
94603,reaches_CEO,5,94603 > 115856 > 3235 > 84011 > 11277 > 61554
105597,reaches_CEO,5,105597 > 133927 > 42270 > 79693 > 51535 > 61554
72101,reaches_CEO,5,72101 > 184885 > 77857 > 152500 > 93708 > 61554
85573,reaches_CEO,5,85573 > 132283 > 49002 > 109804 > 51535 > 61554
101095,reaches_CEO,5,101095 > 41991 > 171907 > 142146 > 11277 > 61554
136706,reaches_CEO,5,136706 > 127769 > 47553 > 69728 > 51535 > 61554
196368,reaches_CEO,5,196368 > 93223 > 92567 > 162476 > 51535 > 61554
114137,reaches_CEO,3,114137 > 107658 > 110464 > 61554
74635,reaches_CEO,5,74635 > 62161 > 125912 > 107658 > 110464 > 61554
184453,reaches_CEO,5,184453 > 135846 > 77851 > 36075 > 11277 > 61554
152807,reaches_CEO,5,152807 > 150300 > 89053 > 97647 > 110464 > 61554
44711,reaches_CEO,5,44711 > 142367 > 181201 > 139032 > 11277 > 61554
107282,reaches_CEO,5,107282 > 53677 > 41533 > 177860 > 93708 > 61554
188410,reaches_CEO,5,188410 > 18939 > 167941 > 34051 > 11277 > 61554
135363,reaches_CEO,5,135363 > 2644 > 154897 > 34280 > 11277 > 61554
30273,reaches_CEO,5,30273 > 103421 > 5342 > 133795 > 51535 > 61554
92708,reaches_CEO,5,92708 > 79237 > 124893 > 149778 > 110464 > 61554
56451,reaches_CEO,4,56451 > 193088 > 96752 > 11277 > 61554
149056,reaches_CEO,5,149056 > 126257 > 98225 > 162476 > 51535 > 61554
40917,reaches_CEO,5,40917 > 108428 > 117030 > 109804 > 51535 > 61554
153075,reaches_CEO,5,153075 > 159906 > 65174 > 154041 > 11277 > 61554
168942,reaches_CEO,4,168942 > 185138 > 152500 > 93708 > 61554
119090,reaches_CEO,5,119090 > 8198 > 98225 > 162476 > 51535 > 61554
51919,reaches_CEO,5,51919 > 175593 > 167941 > 34051 > 11277 > 61554
63048,reaches_CEO,5,63048 > 23565 > 78493 > 197876 > 11277 > 61554
191809,reaches_CEO,5,191809 > 181787 > 23830 > 74062 > 110464 > 61554
4234,reaches_CEO,5,4234 > 83032 > 87344 > 138045 > 110464 > 61554
192726,reaches_CEO,5,192726 > 100373 > 192056 > 71889 > 93708 > 61554
22145,reaches_CEO,4,22145 > 134865 > 197876 > 11277 > 61554
68413,reaches_CEO,5,68413 > 119964 > 167223 > 40920 > 110464 > 61554
178900,reaches_CEO,5,178900 > 1651 > 146629 > 190801 > 51535 > 61554
178661,reaches_CEO,5,178661 > 143317 > 94362 > 34051 > 11277 > 61554
149386,reaches_CEO,5,149386 > 147106 > 164851 > 154041 > 11277 > 61554
136874,reaches_CEO,5,136874 > 69345 > 163049 > 56068 > 11277 > 61554
47902,reaches_CEO,5,47902 > 108428 > 117030 > 109804 > 51535 > 61554
50808,reaches_CEO,5,50808 > 157064 > 125912 > 107658 > 110464 > 61554
160569,reaches_CEO,5,160569 > 174800 > 158490 > 74062 > 110464 > 61554
171461,reaches_CEO,4,171461 > 138823 > 124994 > 93708 > 61554
194045,reaches_CEO,5,194045 > 59353 > 152076 > 69728 > 51535 > 61554
7636,reaches_CEO,5,7636 > 101484 > 91654 > 109804 > 51535 > 61554
132503,reaches_CEO,5,132503 > 135848 > 121096 > 40920 > 110464 > 61554
95935,reaches_CEO,3,95935 > 71889 > 93708 > 61554
101583,reaches_CEO,5,101583 > 132026 > 167223 > 40920 > 110464 > 61554
147749,reaches_CEO,5,147749 > 161132 > 114137 > 107658 > 110464 > 61554
39646,reaches_CEO,5,39646 > 73106 > 60121 > 109804 > 51535 > 61554
180970,reaches_CEO,5,180970 > 182028 > 184512 > 109804 > 51535 > 61554
160531,reaches_CEO,5,160531 > 175548 > 116660 > 26053 > 93708 > 61554
156382,reaches_CEO,5,156382 > 133927 > 42270 > 79693 > 51535 > 61554
10357,reaches_CEO,4,10357 > 196484 > 176424 > 110464 > 61554
23108,reaches_CEO,5,23108 > 79237 > 124893 > 149778 > 110464 > 61554
167743,reaches_CEO,5,167743 > 109102 > 65451 > 139032 > 11277 > 61554
180411,reaches_CEO,5,180411 > 49729 > 191418 > 36075 > 11277 > 61554
34980,reaches_CEO,5,34980 > 127769 > 47553 > 69728 > 51535 > 61554
40213,reaches_CEO,5,40213 > 27393 > 198366 > 142146 > 11277 > 61554
154508,reaches_CEO,5,154508 > 56451 > 193088 > 96752 > 11277 > 61554
46340,reaches_CEO,5,46340 > 174800 > 158490 > 74062 > 110464 > 61554
55474,reaches_CEO,5,55474 > 102102 > 78493 > 197876 > 11277 > 61554
75234,reaches_CEO,5,75234 > 197896 > 110260 > 125855 > 93708 > 61554
77708,reaches_CEO,5,77708 > 189222 > 3802 > 133795 > 51535 > 61554
6607,reaches_CEO,5,6607 > 114011 > 28697 > 79693 > 51535 > 61554
64050,reaches_CEO,5,64050 > 169231 > 164851 > 154041 > 11277 > 61554
173518,reaches_CEO,5,173518 > 102026 > 40475 > 56068 > 11277 > 61554
60753,reaches_CEO,5,60753 > 47748 > 89619 > 26053 > 93708 > 61554
109378,reaches_CEO,5,109378 > 90065 > 194121 > 176367 > 51535 > 61554
56558,reaches_CEO,5,56558 > 47260 > 24015 > 125855 > 93708 > 61554
133598,reaches_CEO,5,133598 > 64750 > 183869 > 185673 > 51535 > 61554
88966,reaches_CEO,5,88966 > 172321 > 145667 > 142146 > 11277 > 61554
71379,reaches_CEO,5,71379 > 168415 > 39785 > 177860 > 93708 > 61554
119658,reaches_CEO,4,119658 > 61403 > 69728 > 51535 > 61554
25626,reaches_CEO,5,25626 > 14470 > 191418 > 36075 > 11277 > 61554
141910,reaches_CEO,5,141910 > 112643 > 119833 > 84011 > 11277 > 61554
110844,reaches_CEO,5,110844 > 153291 > 141808 > 34051 > 11277 > 61554
135238,reaches_CEO,3,135238 > 84011 > 11277 > 61554
21604,reaches_CEO,3,21604 > 26053 > 93708 > 61554
92266,reaches_CEO,5,92266 > 165853 > 18295 > 176367 > 51535 > 61554
180854,reaches_CEO,4,180854 > 65451 > 139032 > 11277 > 61554
125737,reaches_CEO,5,125737 > 189742 > 116660 > 26053 > 93708 > 61554
50523,reaches_CEO,5,50523 > 174122 > 152076 > 69728 > 51535 > 61554
29894,reaches_CEO,5,29894 > 71115 > 92567 > 162476 > 51535 > 61554
157592,reaches_CEO,5,157592 > 71987 > 24015 > 125855 > 93708 > 61554
23250,reaches_CEO,5,23250 > 162381 > 193330 > 162476 > 51535 > 61554
17604,reaches_CEO,5,17604 > 181886 > 181201 > 139032 > 11277 > 61554
58128,reaches_CEO,5,58128 > 16445 > 136905 > 71889 > 93708 > 61554
138904,reaches_CEO,5,138904 > 189742 > 116660 > 26053 > 93708 > 61554
111387,reaches_CEO,5,111387 > 175548 > 116660 > 26053 > 93708 > 61554
88294,reaches_CEO,5,88294 > 91254 > 23830 > 74062 > 110464 > 61554
54963,reaches_CEO,3,54963 > 142146 > 11277 > 61554
45998,reaches_CEO,5,45998 > 70819 > 161284 > 109804 > 51535 > 61554
144401,reaches_CEO,4,144401 > 94362 > 34051 > 11277 > 61554
91375,reaches_CEO,5,91375 > 150722 > 124893 > 149778 > 110464 > 61554
21387,reaches_CEO,5,21387 > 168905 > 193330 > 162476 > 51535 > 61554
141844,reaches_CEO,5,141844 > 190566 > 168545 > 176424 > 110464 > 61554
82463,reaches_CEO,4,82463 > 158490 > 74062 > 110464 > 61554
177876,reaches_CEO,5,177876 > 175558 > 72243 > 162476 > 51535 > 61554
81529,reaches_CEO,5,81529 > 69463 > 91869 > 40920 > 110464 > 61554
26757,reaches_CEO,4,26757 > 23830 > 74062 > 110464 > 61554
175788,reaches_CEO,5,175788 > 81860 > 49002 > 109804 > 51535 > 61554
76973,reaches_CEO,5,76973 > 147249 > 27660 > 69728 > 51535 > 61554
112643,reaches_CEO,4,112643 > 119833 > 84011 > 11277 > 61554
118909,reaches_CEO,5,118909 > 5374 > 167941 > 34051 > 11277 > 61554
36137,reaches_CEO,5,36137 > 177772 > 134556 > 138045 > 110464 > 61554
51988,reaches_CEO,5,51988 > 128447 > 193330 > 162476 > 51535 > 61554
101576,reaches_CEO,5,101576 > 169574 > 114137 > 107658 > 110464 > 61554
11177,reaches_CEO,5,11177 > 52923 > 134865 > 197876 > 11277 > 61554
62205,reaches_CEO,5,62205 > 197896 > 110260 > 125855 > 93708 > 61554
3552,reaches_CEO,5,3552 > 160261 > 23830 > 74062 > 110464 > 61554
151549,reaches_CEO,5,151549 > 135848 > 121096 > 40920 > 110464 > 61554
167347,reaches_CEO,5,167347 > 73489 > 198366 > 142146 > 11277 > 61554
123670,reaches_CEO,5,123670 > 16073 > 139507 > 97647 > 110464 > 61554
41842,reaches_CEO,5,41842 > 108428 > 117030 > 109804 > 51535 > 61554
55169,reaches_CEO,5,55169 > 71130 > 8207 > 185673 > 51535 > 61554
61706,reaches_CEO,5,61706 > 82657 > 171907 > 142146 > 11277 > 61554
109826,reaches_CEO,5,109826 > 32159 > 176804 > 139032 > 11277 > 61554
80762,reaches_CEO,5,80762 > 26757 > 23830 > 74062 > 110464 > 61554
136304,reaches_CEO,5,136304 > 145710 > 167482 > 133795 > 51535 > 61554
76056,reaches_CEO,5,76056 > 112245 > 47755 > 154041 > 11277 > 61554
199282,reaches_CEO,4,199282 > 82419 > 74062 > 110464 > 61554
126257,reaches_CEO,4,126257 > 98225 > 162476 > 51535 > 61554
58129,reaches_CEO,5,58129 > 64858 > 24015 > 125855 > 93708 > 61554
67884,reaches_CEO,5,67884 > 39231 > 24681 > 124994 > 93708 > 61554
106384,reaches_CEO,5,106384 > 110091 > 117030 > 109804 > 51535 > 61554
131574,reaches_CEO,5,131574 > 138772 > 94362 > 34051 > 11277 > 61554
23830,reaches_CEO,3,23830 > 74062 > 110464 > 61554
12638,reaches_CEO,5,12638 > 132309 > 163049 > 56068 > 11277 > 61554
42884,reaches_CEO,5,42884 > 102684 > 92713 > 96752 > 11277 > 61554
64895,reaches_CEO,5,64895 > 109254 > 191418 > 36075 > 11277 > 61554
71537,reaches_CEO,5,71537 > 64190 > 157492 > 34280 > 11277 > 61554
103100,reaches_CEO,5,103100 > 158777 > 71532 > 109308 > 110464 > 61554
117092,reaches_CEO,5,117092 > 170076 > 3802 > 133795 > 51535 > 61554
43279,reaches_CEO,5,43279 > 193920 > 141808 > 34051 > 11277 > 61554
185516,reaches_CEO,5,185516 > 82657 > 171907 > 142146 > 11277 > 61554
35288,reaches_CEO,5,35288 > 87884 > 145161 > 69728 > 51535 > 61554
178561,reaches_CEO,5,178561 > 145126 > 114472 > 197876 > 11277 > 61554
19135,reaches_CEO,5,19135 > 30640 > 92567 > 162476 > 51535 > 61554
17952,reaches_CEO,5,17952 > 194904 > 21604 > 26053 > 93708 > 61554
97314,reaches_CEO,5,97314 > 94030 > 78493 > 197876 > 11277 > 61554
198933,reaches_CEO,5,198933 > 144219 > 146629 > 190801 > 51535 > 61554
190024,reaches_CEO,5,190024 > 24071 > 119832 > 190801 > 51535 > 61554
80132,reaches_CEO,5,80132 > 52525 > 192589 > 55537 > 51535 > 61554
46573,reaches_CEO,5,46573 > 183065 > 8207 > 185673 > 51535 > 61554
113965,reaches_CEO,5,113965 > 92765 > 42270 > 79693 > 51535 > 61554
52203,reaches_CEO,5,52203 > 30468 > 39726 > 69728 > 51535 > 61554
185285,reaches_CEO,4,185285 > 198893 > 124994 > 93708 > 61554
184654,reaches_CEO,5,184654 > 187183 > 143437 > 71499 > 110464 > 61554
85847,reaches_CEO,5,85847 > 60609 > 94454 > 84011 > 11277 > 61554
17423,reaches_CEO,5,17423 > 23565 > 78493 > 197876 > 11277 > 61554
65794,reaches_CEO,5,65794 > 98558 > 145161 > 69728 > 51535 > 61554
106150,reaches_CEO,5,106150 > 148418 > 167482 > 133795 > 51535 > 61554
114237,reaches_CEO,5,114237 > 10786 > 165426 > 124994 > 93708 > 61554
41730,reaches_CEO,5,41730 > 55972 > 59566 > 125855 > 93708 > 61554
70685,reaches_CEO,5,70685 > 37220 > 7558 > 69728 > 51535 > 61554
18840,reaches_CEO,5,18840 > 143317 > 94362 > 34051 > 11277 > 61554
193599,reaches_CEO,5,193599 > 112302 > 71595 > 55537 > 51535 > 61554
127904,reaches_CEO,5,127904 > 45803 > 83356 > 84011 > 11277 > 61554
191579,reaches_CEO,5,191579 > 11275 > 87344 > 138045 > 110464 > 61554
112174,reaches_CEO,5,112174 > 91345 > 32510 > 197876 > 11277 > 61554
75313,reaches_CEO,5,75313 > 63785 > 49002 > 109804 > 51535 > 61554
104423,reaches_CEO,5,104423 > 198879 > 83356 > 84011 > 11277 > 61554
147438,reaches_CEO,5,147438 > 197832 > 139507 > 97647 > 110464 > 61554
131063,reaches_CEO,4,131063 > 5692 > 149778 > 110464 > 61554
117017,reaches_CEO,5,117017 > 55858 > 119832 > 190801 > 51535 > 61554
67522,reaches_CEO,4,67522 > 141808 > 34051 > 11277 > 61554
191083,reaches_CEO,4,191083 > 37154 > 138045 > 110464 > 61554
19815,reaches_CEO,5,19815 > 4421 > 32510 > 197876 > 11277 > 61554
131888,reaches_CEO,5,131888 > 127544 > 65451 > 139032 > 11277 > 61554
71682,reaches_CEO,5,71682 > 67522 > 141808 > 34051 > 11277 > 61554
167639,reaches_CEO,5,167639 > 189742 > 116660 > 26053 > 93708 > 61554
102258,reaches_CEO,5,102258 > 62990 > 129381 > 142146 > 11277 > 61554
20025,reaches_CEO,5,20025 > 157931 > 61403 > 69728 > 51535 > 61554
65355,reaches_CEO,5,65355 > 66306 > 183869 > 185673 > 51535 > 61554
89368,reaches_CEO,5,89368 > 4110 > 94454 > 84011 > 11277 > 61554
173778,reaches_CEO,5,173778 > 88007 > 154897 > 34280 > 11277 > 61554
49166,reaches_CEO,5,49166 > 39388 > 66119 > 34051 > 11277 > 61554
101408,reaches_CEO,5,101408 > 195795 > 59535 > 154041 > 11277 > 61554
24740,reaches_CEO,5,24740 > 146220 > 196484 > 176424 > 110464 > 61554
47230,reaches_CEO,5,47230 > 178954 > 189937 > 55537 > 51535 > 61554
88667,reaches_CEO,5,88667 > 7349 > 121233 > 176424 > 110464 > 61554
77424,reaches_CEO,5,77424 > 181421 > 107049 > 34280 > 11277 > 61554
182384,reaches_CEO,5,182384 > 142685 > 157492 > 34280 > 11277 > 61554
48120,reaches_CEO,4,48120 > 140317 > 107152 > 51535 > 61554
117341,reaches_CEO,5,117341 > 167389 > 181201 > 139032 > 11277 > 61554
32194,reaches_CEO,5,32194 > 166591 > 17395 > 96752 > 11277 > 61554
86458,reaches_CEO,5,86458 > 123387 > 66090 > 34280 > 11277 > 61554
18503,reaches_CEO,5,18503 > 20828 > 156036 > 74062 > 110464 > 61554
133927,reaches_CEO,4,133927 > 42270 > 79693 > 51535 > 61554
52567,reaches_CEO,5,52567 > 160511 > 121233 > 176424 > 110464 > 61554
102763,reaches_CEO,5,102763 > 177495 > 39785 > 177860 > 93708 > 61554
192589,reaches_CEO,3,192589 > 55537 > 51535 > 61554
31960,reaches_CEO,5,31960 > 180037 > 167941 > 34051 > 11277 > 61554
188950,reaches_CEO,5,188950 > 87929 > 2308 > 84011 > 11277 > 61554
180151,reaches_CEO,5,180151 > 129734 > 17837 > 176367 > 51535 > 61554
91124,reaches_CEO,4,91124 > 167941 > 34051 > 11277 > 61554
41014,reaches_CEO,5,41014 > 105542 > 162889 > 109308 > 110464 > 61554
151712,reaches_CEO,5,151712 > 173939 > 156036 > 74062 > 110464 > 61554
164761,reaches_CEO,5,164761 > 142926 > 171351 > 79693 > 51535 > 61554
66872,reaches_CEO,5,66872 > 144976 > 145667 > 142146 > 11277 > 61554
127531,reaches_CEO,5,127531 > 142367 > 181201 > 139032 > 11277 > 61554
149886,reaches_CEO,5,149886 > 161132 > 114137 > 107658 > 110464 > 61554
89577,reaches_CEO,5,89577 > 150722 > 124893 > 149778 > 110464 > 61554
4845,reaches_CEO,5,4845 > 160289 > 79285 > 34280 > 11277 > 61554
27576,reaches_CEO,5,27576 > 84230 > 5692 > 149778 > 110464 > 61554
150690,reaches_CEO,5,150690 > 73649 > 167941 > 34051 > 11277 > 61554
126955,reaches_CEO,5,126955 > 188118 > 114472 > 197876 > 11277 > 61554
54983,reaches_CEO,5,54983 > 85717 > 47127 > 84011 > 11277 > 61554
5798,reaches_CEO,5,5798 > 172321 > 145667 > 142146 > 11277 > 61554
126107,reaches_CEO,5,126107 > 23120 > 155485 > 40920 > 110464 > 61554
39836,reaches_CEO,5,39836 > 141079 > 119481 > 79693 > 51535 > 61554
12922,reaches_CEO,5,12922 > 190249 > 134556 > 138045 > 110464 > 61554
184393,reaches_CEO,5,184393 > 48120 > 140317 > 107152 > 51535 > 61554
185542,reaches_CEO,5,185542 > 181772 > 54963 > 142146 > 11277 > 61554
87707,reaches_CEO,4,87707 > 32248 > 34280 > 11277 > 61554
149331,reaches_CEO,5,149331 > 153551 > 47755 > 154041 > 11277 > 61554
90451,reaches_CEO,5,90451 > 32938 > 42270 > 79693 > 51535 > 61554
123483,reaches_CEO,5,123483 > 145710 > 167482 > 133795 > 51535 > 61554
50300,reaches_CEO,5,50300 > 166729 > 125912 > 107658 > 110464 > 61554
68486,reaches_CEO,5,68486 > 172541 > 138823 > 124994 > 93708 > 61554
72227,reaches_CEO,5,72227 > 193518 > 78493 > 197876 > 11277 > 61554
839,reaches_CEO,5,839 > 37124 > 120639 > 142146 > 11277 > 61554
99085,reaches_CEO,5,99085 > 71115 > 92567 > 162476 > 51535 > 61554
197538,reaches_CEO,5,197538 > 21086 > 24015 > 125855 > 93708 > 61554
46528,reaches_CEO,5,46528 > 150300 > 89053 > 97647 > 110464 > 61554
143353,reaches_CEO,5,143353 > 128447 > 193330 > 162476 > 51535 > 61554
93361,reaches_CEO,5,93361 > 171499 > 152076 > 69728 > 51535 > 61554
130150,reaches_CEO,5,130150 > 59705 > 181201 > 139032 > 11277 > 61554
108286,reaches_CEO,5,108286 > 166729 > 125912 > 107658 > 110464 > 61554
73573,reaches_CEO,5,73573 > 167877 > 119833 > 84011 > 11277 > 61554
35700,reaches_CEO,5,35700 > 134536 > 5342 > 133795 > 51535 > 61554
106723,reaches_CEO,5,106723 > 164326 > 193088 > 96752 > 11277 > 61554
133226,reaches_CEO,5,133226 > 169223 > 5342 > 133795 > 51535 > 61554
92901,reaches_CEO,5,92901 > 95522 > 91869 > 40920 > 110464 > 61554
87510,reaches_CEO,5,87510 > 53856 > 16178 > 71889 > 93708 > 61554
73160,reaches_CEO,5,73160 > 198814 > 181566 > 97647 > 110464 > 61554
113566,reaches_CEO,4,113566 > 154285 > 107152 > 51535 > 61554
141926,reaches_CEO,5,141926 > 160261 > 23830 > 74062 > 110464 > 61554
65451,reaches_CEO,3,65451 > 139032 > 11277 > 61554
112152,reaches_CEO,5,112152 > 185285 > 198893 > 124994 > 93708 > 61554
148418,reaches_CEO,4,148418 > 167482 > 133795 > 51535 > 61554
182113,reaches_CEO,5,182113 > 148032 > 172989 > 34051 > 11277 > 61554
24764,reaches_CEO,5,24764 > 123154 > 116660 > 26053 > 93708 > 61554
11390,reaches_CEO,5,11390 > 68532 > 61403 > 69728 > 51535 > 61554
170466,reaches_CEO,5,170466 > 27704 > 171907 > 142146 > 11277 > 61554
168296,reaches_CEO,5,168296 > 71945 > 183869 > 185673 > 51535 > 61554
62863,reaches_CEO,5,62863 > 73663 > 87344 > 138045 > 110464 > 61554
18154,reaches_CEO,5,18154 > 172541 > 138823 > 124994 > 93708 > 61554
26096,reaches_CEO,5,26096 > 127544 > 65451 > 139032 > 11277 > 61554
99414,reaches_CEO,5,99414 > 181219 > 196484 > 176424 > 110464 > 61554
122614,reaches_CEO,5,122614 > 4394 > 118233 > 149778 > 110464 > 61554
99583,reaches_CEO,5,99583 > 150300 > 89053 > 97647 > 110464 > 61554
143414,reaches_CEO,5,143414 > 151838 > 3917 > 139032 > 11277 > 61554
14011,reaches_CEO,5,14011 > 48120 > 140317 > 107152 > 51535 > 61554
50668,reaches_CEO,5,50668 > 94039 > 107049 > 34280 > 11277 > 61554
117939,reaches_CEO,5,117939 > 87330 > 91654 > 109804 > 51535 > 61554
1127,reaches_CEO,5,1127 > 23565 > 78493 > 197876 > 11277 > 61554
162311,reaches_CEO,5,162311 > 252 > 41533 > 177860 > 93708 > 61554
155901,reaches_CEO,5,155901 > 83032 > 87344 > 138045 > 110464 > 61554
137440,reaches_CEO,5,137440 > 62298 > 138823 > 124994 > 93708 > 61554
65602,reaches_CEO,5,65602 > 91002 > 24489 > 176424 > 110464 > 61554
86130,reaches_CEO,5,86130 > 12649 > 17837 > 176367 > 51535 > 61554
144163,reaches_CEO,5,144163 > 59705 > 181201 > 139032 > 11277 > 61554
140097,reaches_CEO,5,140097 > 182556 > 107049 > 34280 > 11277 > 61554
10922,reaches_CEO,4,10922 > 198366 > 142146 > 11277 > 61554
172787,reaches_CEO,5,172787 > 78215 > 181201 > 139032 > 11277 > 61554
55248,reaches_CEO,5,55248 > 98520 > 70434 > 149778 > 110464 > 61554
63245,reaches_CEO,5,63245 > 157966 > 134556 > 138045 > 110464 > 61554
6275,reaches_CEO,5,6275 > 129734 > 17837 > 176367 > 51535 > 61554
155593,reaches_CEO,5,155593 > 183045 > 39726 > 69728 > 51535 > 61554
134874,reaches_CEO,5,134874 > 91124 > 167941 > 34051 > 11277 > 61554
167860,reaches_CEO,5,167860 > 197832 > 139507 > 97647 > 110464 > 61554
134659,reaches_CEO,5,134659 > 198403 > 78493 > 197876 > 11277 > 61554
157876,reaches_CEO,5,157876 > 155570 > 71532 > 109308 > 110464 > 61554
37699,reaches_CEO,5,37699 > 186086 > 184512 > 109804 > 51535 > 61554
41811,reaches_CEO,5,41811 > 116119 > 125912 > 107658 > 110464 > 61554
21942,reaches_CEO,5,21942 > 27018 > 89619 > 26053 > 93708 > 61554
128251,reaches_CEO,5,128251 > 47618 > 71532 > 109308 > 110464 > 61554
185741,reaches_CEO,5,185741 > 69943 > 154897 > 34280 > 11277 > 61554
112901,reaches_CEO,5,112901 > 109102 > 65451 > 139032 > 11277 > 61554
51053,reaches_CEO,5,51053 > 105542 > 162889 > 109308 > 110464 > 61554
27246,reaches_CEO,5,27246 > 10922 > 198366 > 142146 > 11277 > 61554
70108,reaches_CEO,5,70108 > 119576 > 27660 > 69728 > 51535 > 61554
4078,reaches_CEO,5,4078 > 85717 > 47127 > 84011 > 11277 > 61554
110529,reaches_CEO,5,110529 > 48742 > 28697 > 79693 > 51535 > 61554
197493,reaches_CEO,5,197493 > 98520 > 70434 > 149778 > 110464 > 61554
23577,reaches_CEO,5,23577 > 40904 > 92567 > 162476 > 51535 > 61554
110838,reaches_CEO,5,110838 > 52920 > 65522 > 34051 > 11277 > 61554
24534,reaches_CEO,5,24534 > 158777 > 71532 > 109308 > 110464 > 61554
119714,reaches_CEO,5,119714 > 147715 > 24691 > 56068 > 11277 > 61554
161056,reaches_CEO,5,161056 > 1651 > 146629 > 190801 > 51535 > 61554
127275,reaches_CEO,4,127275 > 42270 > 79693 > 51535 > 61554
199543,reaches_CEO,5,199543 > 68222 > 24681 > 124994 > 93708 > 61554
179819,reaches_CEO,5,179819 > 177495 > 39785 > 177860 > 93708 > 61554
78889,reaches_CEO,5,78889 > 178797 > 47755 > 154041 > 11277 > 61554
174993,reaches_CEO,5,174993 > 43937 > 95935 > 71889 > 93708 > 61554
55816,reaches_CEO,5,55816 > 55476 > 82419 > 74062 > 110464 > 61554
171883,reaches_CEO,5,171883 > 4421 > 32510 > 197876 > 11277 > 61554
117191,reaches_CEO,5,117191 > 80240 > 50665 > 71889 > 93708 > 61554
86931,reaches_CEO,5,86931 > 16073 > 139507 > 97647 > 110464 > 61554
19424,reaches_CEO,4,19424 > 47553 > 69728 > 51535 > 61554
172223,reaches_CEO,5,172223 > 113245 > 198366 > 142146 > 11277 > 61554
53121,reaches_CEO,5,53121 > 102043 > 89053 > 97647 > 110464 > 61554
69773,reaches_CEO,5,69773 > 181787 > 23830 > 74062 > 110464 > 61554
98228,reaches_CEO,5,98228 > 50679 > 181310 > 139032 > 11277 > 61554
99494,reaches_CEO,5,99494 > 180930 > 91117 > 34051 > 11277 > 61554
113218,reaches_CEO,5,113218 > 10786 > 165426 > 124994 > 93708 > 61554
10747,reaches_CEO,5,10747 > 37124 > 120639 > 142146 > 11277 > 61554
57148,reaches_CEO,5,57148 > 168905 > 193330 > 162476 > 51535 > 61554
165442,reaches_CEO,4,165442 > 134865 > 197876 > 11277 > 61554
181080,reaches_CEO,5,181080 > 180925 > 141808 > 34051 > 11277 > 61554
54004,reaches_CEO,5,54004 > 134982 > 66119 > 34051 > 11277 > 61554
148795,reaches_CEO,4,148795 > 49002 > 109804 > 51535 > 61554
117226,reaches_CEO,5,117226 > 159996 > 94362 > 34051 > 11277 > 61554
37220,reaches_CEO,4,37220 > 7558 > 69728 > 51535 > 61554
188062,reaches_CEO,5,188062 > 70406 > 91869 > 40920 > 110464 > 61554
124114,reaches_CEO,5,124114 > 24979 > 146600 > 107658 > 110464 > 61554
29561,reaches_CEO,5,29561 > 33665 > 110260 > 125855 > 93708 > 61554
47123,reaches_CEO,5,47123 > 135848 > 121096 > 40920 > 110464 > 61554
60956,reaches_CEO,5,60956 > 4259 > 193330 > 162476 > 51535 > 61554
185124,reaches_CEO,5,185124 > 71130 > 8207 > 185673 > 51535 > 61554
12804,reaches_CEO,5,12804 > 168415 > 39785 > 177860 > 93708 > 61554
17538,reaches_CEO,5,17538 > 60373 > 155485 > 40920 > 110464 > 61554
12305,reaches_CEO,5,12305 > 132026 > 167223 > 40920 > 110464 > 61554
45803,reaches_CEO,4,45803 > 83356 > 84011 > 11277 > 61554
11549,reaches_CEO,5,11549 > 199184 > 66119 > 34051 > 11277 > 61554
186230,reaches_CEO,5,186230 > 16073 > 139507 > 97647 > 110464 > 61554
39717,reaches_CEO,5,39717 > 119576 > 27660 > 69728 > 51535 > 61554
168672,reaches_CEO,5,168672 > 10773 > 113589 > 190801 > 51535 > 61554
60127,reaches_CEO,5,60127 > 150189 > 138823 > 124994 > 93708 > 61554
135032,reaches_CEO,5,135032 > 23737 > 198893 > 124994 > 93708 > 61554
188821,reaches_CEO,5,188821 > 182996 > 32510 > 197876 > 11277 > 61554
174959,reaches_CEO,5,174959 > 113245 > 198366 > 142146 > 11277 > 61554
138248,reaches_CEO,5,138248 > 39417 > 140317 > 107152 > 51535 > 61554
173624,reaches_CEO,5,173624 > 52525 > 192589 > 55537 > 51535 > 61554
193969,reaches_CEO,5,193969 > 154292 > 72243 > 162476 > 51535 > 61554
60610,reaches_CEO,5,60610 > 14241 > 37154 > 138045 > 110464 > 61554
148359,reaches_CEO,5,148359 > 4110 > 94454 > 84011 > 11277 > 61554
151748,reaches_CEO,5,151748 > 81490 > 65174 > 154041 > 11277 > 61554
40923,reaches_CEO,5,40923 > 81421 > 45969 > 26053 > 93708 > 61554
29742,reaches_CEO,5,29742 > 76641 > 154285 > 107152 > 51535 > 61554
47889,reaches_CEO,5,47889 > 74818 > 181310 > 139032 > 11277 > 61554
74149,reaches_CEO,5,74149 > 168415 > 39785 > 177860 > 93708 > 61554
66489,reaches_CEO,5,66489 > 108428 > 117030 > 109804 > 51535 > 61554
76318,reaches_CEO,5,76318 > 148418 > 167482 > 133795 > 51535 > 61554
78341,reaches_CEO,5,78341 > 25934 > 154285 > 107152 > 51535 > 61554
176804,reaches_CEO,3,176804 > 139032 > 11277 > 61554
104253,reaches_CEO,5,104253 > 94611 > 194121 > 176367 > 51535 > 61554
151101,reaches_CEO,5,151101 > 147783 > 65522 > 34051 > 11277 > 61554
196429,reaches_CEO,5,196429 > 24979 > 146600 > 107658 > 110464 > 61554
181390,reaches_CEO,5,181390 > 105542 > 162889 > 109308 > 110464 > 61554
99385,reaches_CEO,5,99385 > 134944 > 181201 > 139032 > 11277 > 61554
35305,reaches_CEO,5,35305 > 90639 > 103443 > 97647 > 110464 > 61554
193763,reaches_CEO,4,193763 > 194121 > 176367 > 51535 > 61554
66352,reaches_CEO,5,66352 > 191073 > 181201 > 139032 > 11277 > 61554
88869,reaches_CEO,5,88869 > 182996 > 32510 > 197876 > 11277 > 61554
2807,reaches_CEO,5,2807 > 56316 > 32248 > 34280 > 11277 > 61554
189934,reaches_CEO,5,189934 > 121527 > 139507 > 97647 > 110464 > 61554
19642,reaches_CEO,5,19642 > 144928 > 134865 > 197876 > 11277 > 61554
32412,reaches_CEO,5,32412 > 48912 > 171351 > 79693 > 51535 > 61554
130204,reaches_CEO,4,130204 > 115907 > 97647 > 110464 > 61554
166097,reaches_CEO,5,166097 > 182556 > 107049 > 34280 > 11277 > 61554
165424,reaches_CEO,5,165424 > 119231 > 165426 > 124994 > 93708 > 61554
195948,reaches_CEO,5,195948 > 14226 > 21604 > 26053 > 93708 > 61554
88033,reaches_CEO,5,88033 > 91254 > 23830 > 74062 > 110464 > 61554
98413,reaches_CEO,5,98413 > 87762 > 154897 > 34280 > 11277 > 61554
130834,reaches_CEO,4,130834 > 98225 > 162476 > 51535 > 61554
122905,reaches_CEO,5,122905 > 52920 > 65522 > 34051 > 11277 > 61554
43011,reaches_CEO,5,43011 > 8856 > 134556 > 138045 > 110464 > 61554
130246,reaches_CEO,5,130246 > 109102 > 65451 > 139032 > 11277 > 61554
49892,reaches_CEO,5,49892 > 191289 > 71595 > 55537 > 51535 > 61554
135385,reaches_CEO,5,135385 > 1808 > 140317 > 107152 > 51535 > 61554
4153,reaches_CEO,5,4153 > 81111 > 18295 > 176367 > 51535 > 61554
55883,reaches_CEO,4,55883 > 49002 > 109804 > 51535 > 61554
140892,reaches_CEO,5,140892 > 123387 > 66090 > 34280 > 11277 > 61554
30714,reaches_CEO,5,30714 > 41808 > 89619 > 26053 > 93708 > 61554
55414,reaches_CEO,5,55414 > 87884 > 145161 > 69728 > 51535 > 61554
118585,reaches_CEO,5,118585 > 160289 > 79285 > 34280 > 11277 > 61554
145576,reaches_CEO,5,145576 > 119774 > 66119 > 34051 > 11277 > 61554
49745,reaches_CEO,5,49745 > 158777 > 71532 > 109308 > 110464 > 61554
18195,reaches_CEO,5,18195 > 100373 > 192056 > 71889 > 93708 > 61554
21082,reaches_CEO,5,21082 > 147016 > 32248 > 34280 > 11277 > 61554
86076,reaches_CEO,5,86076 > 136147 > 100942 > 36075 > 11277 > 61554
115603,reaches_CEO,5,115603 > 51293 > 172989 > 34051 > 11277 > 61554
71037,reaches_CEO,5,71037 > 195165 > 113589 > 190801 > 51535 > 61554
60121,reaches_CEO,3,60121 > 109804 > 51535 > 61554
98707,reaches_CEO,5,98707 > 19424 > 47553 > 69728 > 51535 > 61554
165293,reaches_CEO,5,165293 > 123358 > 167941 > 34051 > 11277 > 61554
187811,reaches_CEO,5,187811 > 189890 > 171351 > 79693 > 51535 > 61554
159377,reaches_CEO,5,159377 > 77670 > 66119 > 34051 > 11277 > 61554
112397,reaches_CEO,5,112397 > 98967 > 115539 > 71499 > 110464 > 61554
39397,reaches_CEO,5,39397 > 27704 > 171907 > 142146 > 11277 > 61554
153732,reaches_CEO,5,153732 > 4384 > 138823 > 124994 > 93708 > 61554
35057,reaches_CEO,5,35057 > 149135 > 119481 > 79693 > 51535 > 61554
46370,reaches_CEO,5,46370 > 147106 > 164851 > 154041 > 11277 > 61554
190008,reaches_CEO,5,190008 > 45803 > 83356 > 84011 > 11277 > 61554
52226,reaches_CEO,5,52226 > 110091 > 117030 > 109804 > 51535 > 61554
54078,reaches_CEO,5,54078 > 94507 > 145161 > 69728 > 51535 > 61554
46800,reaches_CEO,5,46800 > 59939 > 91869 > 40920 > 110464 > 61554
153410,reaches_CEO,5,153410 > 23737 > 198893 > 124994 > 93708 > 61554
145710,reaches_CEO,4,145710 > 167482 > 133795 > 51535 > 61554
23183,reaches_CEO,5,23183 > 89523 > 66119 > 34051 > 11277 > 61554
172336,reaches_CEO,5,172336 > 178954 > 189937 > 55537 > 51535 > 61554
171327,reaches_CEO,5,171327 > 156927 > 181566 > 97647 > 110464 > 61554
20060,reaches_CEO,5,20060 > 159098 > 5342 > 133795 > 51535 > 61554
170677,reaches_CEO,5,170677 > 164501 > 138823 > 124994 > 93708 > 61554
88779,reaches_CEO,4,88779 > 183175 > 197876 > 11277 > 61554
50734,reaches_CEO,5,50734 > 197832 > 139507 > 97647 > 110464 > 61554
96322,reaches_CEO,5,96322 > 34977 > 94362 > 34051 > 11277 > 61554
52209,reaches_CEO,5,52209 > 79193 > 91117 > 34051 > 11277 > 61554
94319,reaches_CEO,5,94319 > 169833 > 59566 > 125855 > 93708 > 61554
77866,reaches_CEO,4,77866 > 181566 > 97647 > 110464 > 61554
128372,reaches_CEO,5,128372 > 149135 > 119481 > 79693 > 51535 > 61554
35029,reaches_CEO,5,35029 > 140061 > 181201 > 139032 > 11277 > 61554
198778,reaches_CEO,4,198778 > 167482 > 133795 > 51535 > 61554
87537,reaches_CEO,5,87537 > 191495 > 100942 > 36075 > 11277 > 61554
78678,reaches_CEO,5,78678 > 92403 > 59535 > 154041 > 11277 > 61554
72921,reaches_CEO,5,72921 > 164326 > 193088 > 96752 > 11277 > 61554
32432,reaches_CEO,5,32432 > 183824 > 113589 > 190801 > 51535 > 61554
174039,reaches_CEO,5,174039 > 170076 > 3802 > 133795 > 51535 > 61554
87949,reaches_CEO,5,87949 > 162381 > 193330 > 162476 > 51535 > 61554
48225,reaches_CEO,5,48225 > 68201 > 41945 > 84011 > 11277 > 61554
171876,reaches_CEO,5,171876 > 133420 > 120639 > 142146 > 11277 > 61554
78574,reaches_CEO,5,78574 > 191083 > 37154 > 138045 > 110464 > 61554
26268,reaches_CEO,5,26268 > 70547 > 168545 > 176424 > 110464 > 61554
57078,reaches_CEO,5,57078 > 147783 > 65522 > 34051 > 11277 > 61554
85623,reaches_CEO,5,85623 > 11507 > 20378 > 124994 > 93708 > 61554
143620,reaches_CEO,5,143620 > 128966 > 107049 > 34280 > 11277 > 61554
165921,reaches_CEO,5,165921 > 166729 > 125912 > 107658 > 110464 > 61554
87613,reaches_CEO,4,87613 > 140317 > 107152 > 51535 > 61554
34666,reaches_CEO,5,34666 > 91002 > 24489 > 176424 > 110464 > 61554
77766,reaches_CEO,4,77766 > 6027 > 74062 > 110464 > 61554
9794,reaches_CEO,5,9794 > 32572 > 125912 > 107658 > 110464 > 61554
20689,reaches_CEO,5,20689 > 115593 > 50665 > 71889 > 93708 > 61554
112875,reaches_CEO,5,112875 > 129778 > 59566 > 125855 > 93708 > 61554
5613,reaches_CEO,5,5613 > 61517 > 110260 > 125855 > 93708 > 61554
55948,reaches_CEO,5,55948 > 150189 > 138823 > 124994 > 93708 > 61554
60314,reaches_CEO,5,60314 > 76310 > 183869 > 185673 > 51535 > 61554
33266,reaches_CEO,4,33266 > 158490 > 74062 > 110464 > 61554
50576,reaches_CEO,5,50576 > 66692 > 66090 > 34280 > 11277 > 61554
60828,reaches_CEO,5,60828 > 198648 > 114137 > 107658 > 110464 > 61554
136825,reaches_CEO,5,136825 > 55653 > 47755 > 154041 > 11277 > 61554
55947,reaches_CEO,5,55947 > 176415 > 39726 > 69728 > 51535 > 61554
145349,reaches_CEO,5,145349 > 74066 > 61403 > 69728 > 51535 > 61554
148254,reaches_CEO,5,148254 > 178954 > 189937 > 55537 > 51535 > 61554
41555,reaches_CEO,5,41555 > 172889 > 49727 > 84011 > 11277 > 61554
91345,reaches_CEO,4,91345 > 32510 > 197876 > 11277 > 61554
21181,reaches_CEO,5,21181 > 5875 > 146600 > 107658 > 110464 > 61554
118868,reaches_CEO,5,118868 > 153412 > 139507 > 97647 > 110464 > 61554
111661,reaches_CEO,5,111661 > 42096 > 89002 > 34280 > 11277 > 61554
130598,reaches_CEO,5,130598 > 136468 > 167941 > 34051 > 11277 > 61554
196767,reaches_CEO,5,196767 > 16445 > 136905 > 71889 > 93708 > 61554
51225,reaches_CEO,5,51225 > 111974 > 192589 > 55537 > 51535 > 61554
180026,reaches_CEO,5,180026 > 71115 > 92567 > 162476 > 51535 > 61554
177199,reaches_CEO,5,177199 > 109254 > 191418 > 36075 > 11277 > 61554
166574,reaches_CEO,5,166574 > 10357 > 196484 > 176424 > 110464 > 61554
48298,reaches_CEO,5,48298 > 91254 > 23830 > 74062 > 110464 > 61554
111508,reaches_CEO,4,111508 > 82419 > 74062 > 110464 > 61554
110575,reaches_CEO,5,110575 > 182556 > 107049 > 34280 > 11277 > 61554
102382,reaches_CEO,5,102382 > 7966 > 49727 > 84011 > 11277 > 61554
149410,reaches_CEO,5,149410 > 88303 > 3235 > 84011 > 11277 > 61554
75029,reaches_CEO,5,75029 > 5743 > 49727 > 84011 > 11277 > 61554
162223,reaches_CEO,5,162223 > 28979 > 198366 > 142146 > 11277 > 61554
63165,reaches_CEO,5,63165 > 198648 > 114137 > 107658 > 110464 > 61554
150837,reaches_CEO,5,150837 > 76073 > 184512 > 109804 > 51535 > 61554
187248,reaches_CEO,5,187248 > 54315 > 78493 > 197876 > 11277 > 61554
188663,reaches_CEO,5,188663 > 27018 > 89619 > 26053 > 93708 > 61554
147327,reaches_CEO,5,147327 > 16445 > 136905 > 71889 > 93708 > 61554
108372,reaches_CEO,5,108372 > 8182 > 181310 > 139032 > 11277 > 61554
105677,reaches_CEO,5,105677 > 113245 > 198366 > 142146 > 11277 > 61554
129092,reaches_CEO,5,129092 > 9706 > 78493 > 197876 > 11277 > 61554
46806,reaches_CEO,5,46806 > 8856 > 134556 > 138045 > 110464 > 61554
28478,reaches_CEO,5,28478 > 47260 > 24015 > 125855 > 93708 > 61554
56934,reaches_CEO,5,56934 > 112643 > 119833 > 84011 > 11277 > 61554
1258,reaches_CEO,5,1258 > 127266 > 70434 > 149778 > 110464 > 61554
55029,reaches_CEO,5,55029 > 135848 > 121096 > 40920 > 110464 > 61554
83656,reaches_CEO,5,83656 > 181311 > 17395 > 96752 > 11277 > 61554
169175,reaches_CEO,5,169175 > 175365 > 166741 > 97647 > 110464 > 61554
152986,reaches_CEO,5,152986 > 172321 > 145667 > 142146 > 11277 > 61554
153607,reaches_CEO,5,153607 > 69943 > 154897 > 34280 > 11277 > 61554
99623,reaches_CEO,5,99623 > 184236 > 59566 > 125855 > 93708 > 61554
80464,reaches_CEO,5,80464 > 103981 > 69550 > 74062 > 110464 > 61554
42193,reaches_CEO,5,42193 > 74264 > 82419 > 74062 > 110464 > 61554
109517,reaches_CEO,5,109517 > 46997 > 167941 > 34051 > 11277 > 61554
185778,reaches_CEO,5,185778 > 79 > 65174 > 154041 > 11277 > 61554
129185,reaches_CEO,5,129185 > 181787 > 23830 > 74062 > 110464 > 61554
178427,reaches_CEO,5,178427 > 91002 > 24489 > 176424 > 110464 > 61554
44455,reaches_CEO,5,44455 > 169574 > 114137 > 107658 > 110464 > 61554
66470,reaches_CEO,5,66470 > 152791 > 154897 > 34280 > 11277 > 61554
77365,reaches_CEO,5,77365 > 89523 > 66119 > 34051 > 11277 > 61554
178602,reaches_CEO,5,178602 > 37220 > 7558 > 69728 > 51535 > 61554
181733,reaches_CEO,5,181733 > 169833 > 59566 > 125855 > 93708 > 61554
73716,reaches_CEO,5,73716 > 65856 > 120639 > 142146 > 11277 > 61554
166591,reaches_CEO,4,166591 > 17395 > 96752 > 11277 > 61554
169223,reaches_CEO,4,169223 > 5342 > 133795 > 51535 > 61554
97186,reaches_CEO,5,97186 > 128511 > 57693 > 69728 > 51535 > 61554
23476,reaches_CEO,5,23476 > 131063 > 5692 > 149778 > 110464 > 61554
190747,reaches_CEO,5,190747 > 9400 > 138823 > 124994 > 93708 > 61554
194373,reaches_CEO,5,194373 > 134048 > 78493 > 197876 > 11277 > 61554
34393,reaches_CEO,5,34393 > 148795 > 49002 > 109804 > 51535 > 61554
103686,reaches_CEO,5,103686 > 52319 > 154897 > 34280 > 11277 > 61554
77556,reaches_CEO,4,77556 > 45969 > 26053 > 93708 > 61554
63642,reaches_CEO,5,63642 > 142630 > 171266 > 71889 > 93708 > 61554
19524,reaches_CEO,4,19524 > 167223 > 40920 > 110464 > 61554
152271,reaches_CEO,5,152271 > 129778 > 59566 > 125855 > 93708 > 61554
193381,reaches_CEO,5,193381 > 183065 > 8207 > 185673 > 51535 > 61554
124186,reaches_CEO,4,124186 > 103443 > 97647 > 110464 > 61554
85918,reaches_CEO,5,85918 > 32159 > 176804 > 139032 > 11277 > 61554
182719,reaches_CEO,5,182719 > 20901 > 189937 > 55537 > 51535 > 61554
15253,reaches_CEO,5,15253 > 130204 > 115907 > 97647 > 110464 > 61554
16446,reaches_CEO,5,16446 > 180037 > 167941 > 34051 > 11277 > 61554
188895,reaches_CEO,5,188895 > 115856 > 3235 > 84011 > 11277 > 61554
56914,reaches_CEO,5,56914 > 191485 > 89002 > 34280 > 11277 > 61554
117583,reaches_CEO,5,117583 > 95841 > 183869 > 185673 > 51535 > 61554
123542,reaches_CEO,5,123542 > 115591 > 66119 > 34051 > 11277 > 61554
153953,reaches_CEO,5,153953 > 26183 > 145667 > 142146 > 11277 > 61554
26183,reaches_CEO,4,26183 > 145667 > 142146 > 11277 > 61554
172250,reaches_CEO,4,172250 > 115907 > 97647 > 110464 > 61554
86473,reaches_CEO,5,86473 > 26468 > 189937 > 55537 > 51535 > 61554
150163,reaches_CEO,5,150163 > 142367 > 181201 > 139032 > 11277 > 61554
81178,reaches_CEO,5,81178 > 134658 > 65522 > 34051 > 11277 > 61554
183445,reaches_CEO,5,183445 > 69463 > 91869 > 40920 > 110464 > 61554
15971,reaches_CEO,5,15971 > 102102 > 78493 > 197876 > 11277 > 61554
186127,reaches_CEO,5,186127 > 120638 > 27660 > 69728 > 51535 > 61554
88173,reaches_CEO,5,88173 > 147819 > 120639 > 142146 > 11277 > 61554
12196,reaches_CEO,5,12196 > 161132 > 114137 > 107658 > 110464 > 61554
22980,reaches_CEO,5,22980 > 68821 > 183869 > 185673 > 51535 > 61554
130619,reaches_CEO,5,130619 > 164326 > 193088 > 96752 > 11277 > 61554
189844,reaches_CEO,5,189844 > 162381 > 193330 > 162476 > 51535 > 61554
182028,reaches_CEO,4,182028 > 184512 > 109804 > 51535 > 61554
191032,reaches_CEO,5,191032 > 111508 > 82419 > 74062 > 110464 > 61554
190824,reaches_CEO,5,190824 > 88007 > 154897 > 34280 > 11277 > 61554
113026,reaches_CEO,5,113026 > 186283 > 132307 > 185673 > 51535 > 61554
10024,reaches_CEO,5,10024 > 169664 > 184512 > 109804 > 51535 > 61554
191718,reaches_CEO,5,191718 > 103981 > 69550 > 74062 > 110464 > 61554
134168,reaches_CEO,5,134168 > 26183 > 145667 > 142146 > 11277 > 61554
26839,reaches_CEO,5,26839 > 181787 > 23830 > 74062 > 110464 > 61554
6443,reaches_CEO,5,6443 > 61517 > 110260 > 125855 > 93708 > 61554
153197,reaches_CEO,5,153197 > 148646 > 47553 > 69728 > 51535 > 61554
5342,reaches_CEO,3,5342 > 133795 > 51535 > 61554
13728,reaches_CEO,5,13728 > 193818 > 136905 > 71889 > 93708 > 61554
144335,reaches_CEO,5,144335 > 147783 > 65522 > 34051 > 11277 > 61554
132068,reaches_CEO,5,132068 > 79193 > 91117 > 34051 > 11277 > 61554
163049,reaches_CEO,3,163049 > 56068 > 11277 > 61554
56494,reaches_CEO,5,56494 > 75246 > 140317 > 107152 > 51535 > 61554
147106,reaches_CEO,4,147106 > 164851 > 154041 > 11277 > 61554
71947,reaches_CEO,5,71947 > 179212 > 162889 > 109308 > 110464 > 61554
144802,reaches_CEO,5,144802 > 160618 > 83356 > 84011 > 11277 > 61554
158936,reaches_CEO,5,158936 > 189038 > 87379 > 176367 > 51535 > 61554
81853,reaches_CEO,5,81853 > 61517 > 110260 > 125855 > 93708 > 61554
31440,reaches_CEO,5,31440 > 174009 > 39785 > 177860 > 93708 > 61554
106589,reaches_CEO,5,106589 > 144401 > 94362 > 34051 > 11277 > 61554
40958,reaches_CEO,5,40958 > 132187 > 146629 > 190801 > 51535 > 61554
185656,reaches_CEO,5,185656 > 132283 > 49002 > 109804 > 51535 > 61554
39815,reaches_CEO,5,39815 > 141079 > 119481 > 79693 > 51535 > 61554
32791,reaches_CEO,5,32791 > 77613 > 66090 > 34280 > 11277 > 61554
96313,reaches_CEO,5,96313 > 33266 > 158490 > 74062 > 110464 > 61554
136861,reaches_CEO,4,136861 > 157492 > 34280 > 11277 > 61554
143686,reaches_CEO,5,143686 > 16073 > 139507 > 97647 > 110464 > 61554
74507,reaches_CEO,5,74507 > 252 > 41533 > 177860 > 93708 > 61554
55451,reaches_CEO,5,55451 > 27393 > 198366 > 142146 > 11277 > 61554
120151,reaches_CEO,5,120151 > 196660 > 94454 > 84011 > 11277 > 61554
102942,reaches_CEO,5,102942 > 73982 > 65522 > 34051 > 11277 > 61554
15411,reaches_CEO,5,15411 > 77670 > 66119 > 34051 > 11277 > 61554
150634,reaches_CEO,5,150634 > 175558 > 72243 > 162476 > 51535 > 61554
155204,reaches_CEO,5,155204 > 71152 > 21604 > 26053 > 93708 > 61554
173494,reaches_CEO,5,173494 > 87929 > 2308 > 84011 > 11277 > 61554
75705,reaches_CEO,4,75705 > 171266 > 71889 > 93708 > 61554
124972,reaches_CEO,5,124972 > 69379 > 183175 > 197876 > 11277 > 61554
126058,reaches_CEO,5,126058 > 32405 > 24681 > 124994 > 93708 > 61554
187211,reaches_CEO,5,187211 > 140838 > 95935 > 71889 > 93708 > 61554
66780,reaches_CEO,5,66780 > 182028 > 184512 > 109804 > 51535 > 61554
146317,reaches_CEO,5,146317 > 141317 > 24691 > 56068 > 11277 > 61554
173458,reaches_CEO,5,173458 > 1872 > 154285 > 107152 > 51535 > 61554
86822,reaches_CEO,5,86822 > 20828 > 156036 > 74062 > 110464 > 61554
51780,reaches_CEO,5,51780 > 79934 > 193330 > 162476 > 51535 > 61554
71221,reaches_CEO,5,71221 > 25367 > 191391 > 138045 > 110464 > 61554
162272,reaches_CEO,5,162272 > 182038 > 79285 > 34280 > 11277 > 61554
121833,reaches_CEO,5,121833 > 51121 > 59566 > 125855 > 93708 > 61554
174535,reaches_CEO,5,174535 > 148032 > 172989 > 34051 > 11277 > 61554
132002,reaches_CEO,5,132002 > 103421 > 5342 > 133795 > 51535 > 61554
94030,reaches_CEO,4,94030 > 78493 > 197876 > 11277 > 61554
132825,reaches_CEO,5,132825 > 115591 > 66119 > 34051 > 11277 > 61554
175512,reaches_CEO,5,175512 > 150290 > 185138 > 152500 > 93708 > 61554
166170,reaches_CEO,5,166170 > 59705 > 181201 > 139032 > 11277 > 61554
101504,reaches_CEO,5,101504 > 82698 > 49727 > 84011 > 11277 > 61554
89748,reaches_CEO,5,89748 > 127266 > 70434 > 149778 > 110464 > 61554
23729,reaches_CEO,5,23729 > 61443 > 116660 > 26053 > 93708 > 61554
143538,reaches_CEO,5,143538 > 1610 > 145161 > 69728 > 51535 > 61554
158112,reaches_CEO,5,158112 > 8711 > 24489 > 176424 > 110464 > 61554
42875,reaches_CEO,5,42875 > 48690 > 92713 > 96752 > 11277 > 61554
194722,reaches_CEO,5,194722 > 4384 > 138823 > 124994 > 93708 > 61554
6320,reaches_CEO,5,6320 > 146473 > 156036 > 74062 > 110464 > 61554
167243,reaches_CEO,5,167243 > 148984 > 3917 > 139032 > 11277 > 61554
129610,reaches_CEO,5,129610 > 156927 > 181566 > 97647 > 110464 > 61554
182694,reaches_CEO,5,182694 > 53390 > 8665 > 34051 > 11277 > 61554
99765,reaches_CEO,5,99765 > 134671 > 114472 > 197876 > 11277 > 61554
155033,reaches_CEO,5,155033 > 157064 > 125912 > 107658 > 110464 > 61554
31680,reaches_CEO,5,31680 > 73663 > 87344 > 138045 > 110464 > 61554
81772,reaches_CEO,5,81772 > 73106 > 60121 > 109804 > 51535 > 61554
66420,reaches_CEO,4,66420 > 21604 > 26053 > 93708 > 61554
45311,reaches_CEO,5,45311 > 193621 > 100942 > 36075 > 11277 > 61554
50399,reaches_CEO,5,50399 > 81490 > 65174 > 154041 > 11277 > 61554
60855,reaches_CEO,5,60855 > 22145 > 134865 > 197876 > 11277 > 61554
193288,reaches_CEO,5,193288 > 134536 > 5342 > 133795 > 51535 > 61554
88384,reaches_CEO,5,88384 > 46997 > 167941 > 34051 > 11277 > 61554
43858,reaches_CEO,4,43858 > 171351 > 79693 > 51535 > 61554
40084,reaches_CEO,5,40084 > 199950 > 41533 > 177860 > 93708 > 61554
133204,reaches_CEO,5,133204 > 114572 > 5692 > 149778 > 110464 > 61554
395,reaches_CEO,5,395 > 7255 > 167482 > 133795 > 51535 > 61554
30717,reaches_CEO,5,30717 > 138948 > 24489 > 176424 > 110464 > 61554
108387,reaches_CEO,5,108387 > 167921 > 147555 > 107152 > 51535 > 61554
86905,reaches_CEO,5,86905 > 147103 > 152076 > 69728 > 51535 > 61554
43182,reaches_CEO,5,43182 > 52525 > 192589 > 55537 > 51535 > 61554
40510,reaches_CEO,5,40510 > 160618 > 83356 > 84011 > 11277 > 61554
56316,reaches_CEO,4,56316 > 32248 > 34280 > 11277 > 61554
188863,reaches_CEO,5,188863 > 178314 > 115539 > 71499 > 110464 > 61554
194894,reaches_CEO,5,194894 > 57316 > 157492 > 34280 > 11277 > 61554
154867,reaches_CEO,5,154867 > 169833 > 59566 > 125855 > 93708 > 61554
39417,reaches_CEO,4,39417 > 140317 > 107152 > 51535 > 61554
57274,reaches_CEO,5,57274 > 188118 > 114472 > 197876 > 11277 > 61554
170689,reaches_CEO,5,170689 > 76435 > 183175 > 197876 > 11277 > 61554
149492,reaches_CEO,5,149492 > 40904 > 92567 > 162476 > 51535 > 61554
79656,reaches_CEO,5,79656 > 53856 > 16178 > 71889 > 93708 > 61554
165467,reaches_CEO,5,165467 > 66453 > 171351 > 79693 > 51535 > 61554
110091,reaches_CEO,4,110091 > 117030 > 109804 > 51535 > 61554
101841,reaches_CEO,5,101841 > 168951 > 120639 > 142146 > 11277 > 61554
177988,reaches_CEO,5,177988 > 34714 > 32248 > 34280 > 11277 > 61554
7349,reaches_CEO,4,7349 > 121233 > 176424 > 110464 > 61554
194720,reaches_CEO,5,194720 > 29733 > 50665 > 71889 > 93708 > 61554
155296,reaches_CEO,5,155296 > 193621 > 100942 > 36075 > 11277 > 61554
55261,reaches_CEO,5,55261 > 81111 > 18295 > 176367 > 51535 > 61554
133518,reaches_CEO,5,133518 > 119576 > 27660 > 69728 > 51535 > 61554
7724,reaches_CEO,5,7724 > 14465 > 116660 > 26053 > 93708 > 61554
45596,reaches_CEO,5,45596 > 108164 > 32510 > 197876 > 11277 > 61554
65729,reaches_CEO,5,65729 > 65883 > 103443 > 97647 > 110464 > 61554
19073,reaches_CEO,5,19073 > 62043 > 189937 > 55537 > 51535 > 61554
39726,reaches_CEO,3,39726 > 69728 > 51535 > 61554
52181,reaches_CEO,5,52181 > 108428 > 117030 > 109804 > 51535 > 61554
141808,reaches_CEO,3,141808 > 34051 > 11277 > 61554
46173,reaches_CEO,5,46173 > 181772 > 54963 > 142146 > 11277 > 61554
18291,reaches_CEO,5,18291 > 147103 > 152076 > 69728 > 51535 > 61554
189450,reaches_CEO,5,189450 > 160289 > 79285 > 34280 > 11277 > 61554
191207,reaches_CEO,5,191207 > 150300 > 89053 > 97647 > 110464 > 61554
161548,reaches_CEO,5,161548 > 78516 > 164851 > 154041 > 11277 > 61554
160558,reaches_CEO,5,160558 > 172250 > 115907 > 97647 > 110464 > 61554
96942,reaches_CEO,5,96942 > 42096 > 89002 > 34280 > 11277 > 61554
23192,reaches_CEO,5,23192 > 31063 > 99397 > 71889 > 93708 > 61554
155485,reaches_CEO,3,155485 > 40920 > 110464 > 61554
75045,reaches_CEO,4,75045 > 124893 > 149778 > 110464 > 61554
143202,reaches_CEO,5,143202 > 76073 > 184512 > 109804 > 51535 > 61554
153838,reaches_CEO,5,153838 > 21470 > 143437 > 71499 > 110464 > 61554
69577,reaches_CEO,5,69577 > 105395 > 17837 > 176367 > 51535 > 61554
37878,reaches_CEO,5,37878 > 113566 > 154285 > 107152 > 51535 > 61554
116647,reaches_CEO,5,116647 > 115856 > 3235 > 84011 > 11277 > 61554
39322,reaches_CEO,5,39322 > 98419 > 69550 > 74062 > 110464 > 61554
28167,reaches_CEO,5,28167 > 191083 > 37154 > 138045 > 110464 > 61554
61966,reaches_CEO,5,61966 > 169271 > 146600 > 107658 > 110464 > 61554
114186,reaches_CEO,5,114186 > 98931 > 103443 > 97647 > 110464 > 61554
97195,reaches_CEO,5,97195 > 191351 > 87344 > 138045 > 110464 > 61554
170917,reaches_CEO,5,170917 > 147249 > 27660 > 69728 > 51535 > 61554
98500,reaches_CEO,5,98500 > 191351 > 87344 > 138045 > 110464 > 61554
135154,reaches_CEO,5,135154 > 169223 > 5342 > 133795 > 51535 > 61554
36276,reaches_CEO,5,36276 > 71585 > 65174 > 154041 > 11277 > 61554
19861,reaches_CEO,5,19861 > 183283 > 20378 > 124994 > 93708 > 61554
9433,reaches_CEO,5,9433 > 162518 > 32510 > 197876 > 11277 > 61554
122602,reaches_CEO,5,122602 > 50761 > 114137 > 107658 > 110464 > 61554
192109,reaches_CEO,5,192109 > 102712 > 157492 > 34280 > 11277 > 61554
113287,reaches_CEO,5,113287 > 137776 > 40132 > 190801 > 51535 > 61554
171548,reaches_CEO,5,171548 > 154891 > 146629 > 190801 > 51535 > 61554
27975,reaches_CEO,5,27975 > 123358 > 167941 > 34051 > 11277 > 61554
81074,reaches_CEO,5,81074 > 148984 > 3917 > 139032 > 11277 > 61554
24834,reaches_CEO,5,24834 > 95169 > 176804 > 139032 > 11277 > 61554
64750,reaches_CEO,4,64750 > 183869 > 185673 > 51535 > 61554
31785,reaches_CEO,5,31785 > 76435 > 183175 > 197876 > 11277 > 61554
17991,reaches_CEO,5,17991 > 117376 > 192056 > 71889 > 93708 > 61554
136398,reaches_CEO,5,136398 > 180006 > 24681 > 124994 > 93708 > 61554
116180,reaches_CEO,4,116180 > 113589 > 190801 > 51535 > 61554
190825,reaches_CEO,5,190825 > 130449 > 47755 > 154041 > 11277 > 61554
72655,reaches_CEO,5,72655 > 78874 > 47127 > 84011 > 11277 > 61554
88399,reaches_CEO,5,88399 > 178797 > 47755 > 154041 > 11277 > 61554
164501,reaches_CEO,4,164501 > 138823 > 124994 > 93708 > 61554
96546,reaches_CEO,5,96546 > 142685 > 157492 > 34280 > 11277 > 61554
66149,reaches_CEO,5,66149 > 21470 > 143437 > 71499 > 110464 > 61554
161213,reaches_CEO,5,161213 > 119658 > 61403 > 69728 > 51535 > 61554
34122,reaches_CEO,5,34122 > 129410 > 3917 > 139032 > 11277 > 61554
44121,reaches_CEO,5,44121 > 53826 > 185138 > 152500 > 93708 > 61554
197082,reaches_CEO,5,197082 > 55431 > 100942 > 36075 > 11277 > 61554
110230,reaches_CEO,5,110230 > 1808 > 140317 > 107152 > 51535 > 61554
72230,reaches_CEO,5,72230 > 84828 > 33814 > 190801 > 51535 > 61554
175738,reaches_CEO,5,175738 > 102815 > 79285 > 34280 > 11277 > 61554
94643,reaches_CEO,5,94643 > 148032 > 172989 > 34051 > 11277 > 61554
79237,reaches_CEO,4,79237 > 124893 > 149778 > 110464 > 61554
86412,reaches_CEO,5,86412 > 146473 > 156036 > 74062 > 110464 > 61554
132784,reaches_CEO,5,132784 > 104539 > 138823 > 124994 > 93708 > 61554
162444,reaches_CEO,5,162444 > 11507 > 20378 > 124994 > 93708 > 61554
100495,reaches_CEO,5,100495 > 103448 > 198366 > 142146 > 11277 > 61554
150412,reaches_CEO,5,150412 > 70406 > 91869 > 40920 > 110464 > 61554
176688,reaches_CEO,5,176688 > 17291 > 92713 > 96752 > 11277 > 61554
2449,reaches_CEO,5,2449 > 50761 > 114137 > 107658 > 110464 > 61554
28697,reaches_CEO,3,28697 > 79693 > 51535 > 61554
177407,reaches_CEO,5,177407 > 185976 > 119832 > 190801 > 51535 > 61554
91139,reaches_CEO,5,91139 > 145126 > 114472 > 197876 > 11277 > 61554
94847,reaches_CEO,5,94847 > 63785 > 49002 > 109804 > 51535 > 61554
81227,reaches_CEO,5,81227 > 29733 > 50665 > 71889 > 93708 > 61554
163969,reaches_CEO,5,163969 > 252 > 41533 > 177860 > 93708 > 61554
26748,reaches_CEO,5,26748 > 34134 > 172989 > 34051 > 11277 > 61554
85245,reaches_CEO,5,85245 > 93223 > 92567 > 162476 > 51535 > 61554
129197,reaches_CEO,5,129197 > 26183 > 145667 > 142146 > 11277 > 61554
139400,reaches_CEO,5,139400 > 152960 > 157492 > 34280 > 11277 > 61554
181396,reaches_CEO,5,181396 > 148418 > 167482 > 133795 > 51535 > 61554
190503,reaches_CEO,5,190503 > 168415 > 39785 > 177860 > 93708 > 61554
24913,reaches_CEO,5,24913 > 66160 > 79285 > 34280 > 11277 > 61554
128528,reaches_CEO,5,128528 > 742 > 192056 > 71889 > 93708 > 61554
164250,reaches_CEO,5,164250 > 20901 > 189937 > 55537 > 51535 > 61554
34051,reaches_CEO,2,34051 > 11277 > 61554
97504,reaches_CEO,5,97504 > 76073 > 184512 > 109804 > 51535 > 61554
192467,reaches_CEO,5,192467 > 156927 > 181566 > 97647 > 110464 > 61554
125775,reaches_CEO,4,125775 > 91869 > 40920 > 110464 > 61554
150495,reaches_CEO,5,150495 > 59555 > 156036 > 74062 > 110464 > 61554
138798,reaches_CEO,5,138798 > 123258 > 69550 > 74062 > 110464 > 61554
155047,reaches_CEO,5,155047 > 53012 > 91869 > 40920 > 110464 > 61554
102714,reaches_CEO,5,102714 > 4110 > 94454 > 84011 > 11277 > 61554
106004,reaches_CEO,5,106004 > 118506 > 25036 > 152500 > 93708 > 61554
172279,reaches_CEO,5,172279 > 102498 > 192056 > 71889 > 93708 > 61554
123258,reaches_CEO,4,123258 > 69550 > 74062 > 110464 > 61554
147332,reaches_CEO,5,147332 > 146111 > 21604 > 26053 > 93708 > 61554
140278,reaches_CEO,5,140278 > 84230 > 5692 > 149778 > 110464 > 61554
86107,reaches_CEO,5,86107 > 183824 > 113589 > 190801 > 51535 > 61554
188330,reaches_CEO,5,188330 > 187183 > 143437 > 71499 > 110464 > 61554
139005,reaches_CEO,5,139005 > 39417 > 140317 > 107152 > 51535 > 61554
1810,reaches_CEO,5,1810 > 52923 > 134865 > 197876 > 11277 > 61554
151681,reaches_CEO,5,151681 > 73254 > 192056 > 71889 > 93708 > 61554
50826,reaches_CEO,5,50826 > 132683 > 146629 > 190801 > 51535 > 61554
19258,reaches_CEO,5,19258 > 103448 > 198366 > 142146 > 11277 > 61554
171867,reaches_CEO,5,171867 > 37434 > 171907 > 142146 > 11277 > 61554
70809,reaches_CEO,5,70809 > 15768 > 77857 > 152500 > 93708 > 61554
185578,reaches_CEO,5,185578 > 154170 > 27660 > 69728 > 51535 > 61554
122541,reaches_CEO,5,122541 > 166591 > 17395 > 96752 > 11277 > 61554
1808,reaches_CEO,4,1808 > 140317 > 107152 > 51535 > 61554
125845,reaches_CEO,5,125845 > 62298 > 138823 > 124994 > 93708 > 61554
140061,reaches_CEO,4,140061 > 181201 > 139032 > 11277 > 61554
100889,reaches_CEO,5,100889 > 12679 > 3917 > 139032 > 11277 > 61554
66386,reaches_CEO,5,66386 > 91002 > 24489 > 176424 > 110464 > 61554
199566,reaches_CEO,5,199566 > 73254 > 192056 > 71889 > 93708 > 61554
96170,reaches_CEO,5,96170 > 118329 > 181201 > 139032 > 11277 > 61554
62456,reaches_CEO,5,62456 > 37124 > 120639 > 142146 > 11277 > 61554
113116,reaches_CEO,5,113116 > 30488 > 115539 > 71499 > 110464 > 61554
106915,reaches_CEO,5,106915 > 70819 > 161284 > 109804 > 51535 > 61554
192230,reaches_CEO,5,192230 > 143050 > 155485 > 40920 > 110464 > 61554
193032,reaches_CEO,5,193032 > 179459 > 37154 > 138045 > 110464 > 61554
18501,reaches_CEO,5,18501 > 19424 > 47553 > 69728 > 51535 > 61554
87660,reaches_CEO,5,87660 > 174122 > 152076 > 69728 > 51535 > 61554
112375,reaches_CEO,5,112375 > 184998 > 183175 > 197876 > 11277 > 61554
93964,reaches_CEO,5,93964 > 150194 > 132307 > 185673 > 51535 > 61554
158888,reaches_CEO,4,158888 > 176804 > 139032 > 11277 > 61554
164081,reaches_CEO,5,164081 > 132360 > 120639 > 142146 > 11277 > 61554
34157,reaches_CEO,5,34157 > 30640 > 92567 > 162476 > 51535 > 61554
47309,reaches_CEO,5,47309 > 142630 > 171266 > 71889 > 93708 > 61554
4895,reaches_CEO,5,4895 > 41335 > 33814 > 190801 > 51535 > 61554
43365,reaches_CEO,5,43365 > 158609 > 193088 > 96752 > 11277 > 61554
80545,reaches_CEO,5,80545 > 158777 > 71532 > 109308 > 110464 > 61554
97719,reaches_CEO,5,97719 > 98419 > 69550 > 74062 > 110464 > 61554
47686,reaches_CEO,5,47686 > 186086 > 184512 > 109804 > 51535 > 61554
152323,reaches_CEO,5,152323 > 193452 > 47755 > 154041 > 11277 > 61554
100730,reaches_CEO,5,100730 > 8198 > 98225 > 162476 > 51535 > 61554
83497,reaches_CEO,5,83497 > 128065 > 192589 > 55537 > 51535 > 61554
35741,reaches_CEO,5,35741 > 181886 > 181201 > 139032 > 11277 > 61554
193227,reaches_CEO,5,193227 > 113578 > 125912 > 107658 > 110464 > 61554
66172,reaches_CEO,5,66172 > 147715 > 24691 > 56068 > 11277 > 61554
169921,reaches_CEO,5,169921 > 118769 > 119832 > 190801 > 51535 > 61554
197749,reaches_CEO,5,197749 > 191351 > 87344 > 138045 > 110464 > 61554
82390,reaches_CEO,5,82390 > 76073 > 184512 > 109804 > 51535 > 61554
199941,reaches_CEO,5,199941 > 29547 > 47553 > 69728 > 51535 > 61554
88023,reaches_CEO,5,88023 > 55431 > 100942 > 36075 > 11277 > 61554
5438,reaches_CEO,5,5438 > 103448 > 198366 > 142146 > 11277 > 61554
87076,reaches_CEO,5,87076 > 92585 > 114137 > 107658 > 110464 > 61554
109550,reaches_CEO,5,109550 > 146111 > 21604 > 26053 > 93708 > 61554
23997,reaches_CEO,5,23997 > 102102 > 78493 > 197876 > 11277 > 61554
161132,reaches_CEO,4,161132 > 114137 > 107658 > 110464 > 61554
147381,reaches_CEO,5,147381 > 21470 > 143437 > 71499 > 110464 > 61554
9152,reaches_CEO,5,9152 > 198403 > 78493 > 197876 > 11277 > 61554
59572,reaches_CEO,5,59572 > 25934 > 154285 > 107152 > 51535 > 61554
54952,reaches_CEO,5,54952 > 127544 > 65451 > 139032 > 11277 > 61554
21692,reaches_CEO,5,21692 > 166729 > 125912 > 107658 > 110464 > 61554
157380,reaches_CEO,5,157380 > 181781 > 110260 > 125855 > 93708 > 61554
46840,reaches_CEO,5,46840 > 60489 > 24489 > 176424 > 110464 > 61554
153475,reaches_CEO,5,153475 > 183065 > 8207 > 185673 > 51535 > 61554
172533,reaches_CEO,5,172533 > 198240 > 94454 > 84011 > 11277 > 61554
53852,reaches_CEO,5,53852 > 102026 > 40475 > 56068 > 11277 > 61554
83032,reaches_CEO,4,83032 > 87344 > 138045 > 110464 > 61554
120825,reaches_CEO,5,120825 > 124014 > 79285 > 34280 > 11277 > 61554
185339,reaches_CEO,5,185339 > 186283 > 132307 > 185673 > 51535 > 61554
122672,reaches_CEO,5,122672 > 195165 > 113589 > 190801 > 51535 > 61554
104759,reaches_CEO,4,104759 > 20378 > 124994 > 93708 > 61554
2652,reaches_CEO,5,2652 > 182531 > 47127 > 84011 > 11277 > 61554
55972,reaches_CEO,4,55972 > 59566 > 125855 > 93708 > 61554
70906,reaches_CEO,5,70906 > 29508 > 77857 > 152500 > 93708 > 61554
20957,reaches_CEO,5,20957 > 14226 > 21604 > 26053 > 93708 > 61554
130002,reaches_CEO,5,130002 > 119991 > 184512 > 109804 > 51535 > 61554
151348,reaches_CEO,5,151348 > 148984 > 3917 > 139032 > 11277 > 61554
171175,reaches_CEO,5,171175 > 79735 > 147555 > 107152 > 51535 > 61554
189422,reaches_CEO,5,189422 > 67931 > 119481 > 79693 > 51535 > 61554
107622,reaches_CEO,5,107622 > 21086 > 24015 > 125855 > 93708 > 61554
199239,reaches_CEO,5,199239 > 148236 > 2308 > 84011 > 11277 > 61554
95609,reaches_CEO,4,95609 > 119833 > 84011 > 11277 > 61554
114484,reaches_CEO,5,114484 > 178797 > 47755 > 154041 > 11277 > 61554
178037,reaches_CEO,5,178037 > 138432 > 41945 > 84011 > 11277 > 61554
154118,reaches_CEO,5,154118 > 26505 > 121233 > 176424 > 110464 > 61554
100319,reaches_CEO,5,100319 > 198531 > 49727 > 84011 > 11277 > 61554
35099,reaches_CEO,5,35099 > 122197 > 145161 > 69728 > 51535 > 61554
65245,reaches_CEO,5,65245 > 78874 > 47127 > 84011 > 11277 > 61554
88573,reaches_CEO,5,88573 > 75045 > 124893 > 149778 > 110464 > 61554
165794,reaches_CEO,5,165794 > 47260 > 24015 > 125855 > 93708 > 61554
7495,reaches_CEO,5,7495 > 153551 > 47755 > 154041 > 11277 > 61554
77791,reaches_CEO,5,77791 > 168742 > 59535 > 154041 > 11277 > 61554
104596,reaches_CEO,5,104596 > 180924 > 158490 > 74062 > 110464 > 61554
77212,reaches_CEO,5,77212 > 29547 > 47553 > 69728 > 51535 > 61554
70361,reaches_CEO,5,70361 > 113566 > 154285 > 107152 > 51535 > 61554
66639,reaches_CEO,5,66639 > 191495 > 100942 > 36075 > 11277 > 61554
134744,reaches_CEO,5,134744 > 20901 > 189937 > 55537 > 51535 > 61554
128518,reaches_CEO,5,128518 > 155437 > 119481 > 79693 > 51535 > 61554
133198,reaches_CEO,5,133198 > 141211 > 116660 > 26053 > 93708 > 61554
53,reaches_CEO,5,53 > 170076 > 3802 > 133795 > 51535 > 61554
2704,reaches_CEO,5,2704 > 182556 > 107049 > 34280 > 11277 > 61554
37325,reaches_CEO,5,37325 > 26505 > 121233 > 176424 > 110464 > 61554
46636,reaches_CEO,5,46636 > 32938 > 42270 > 79693 > 51535 > 61554
84020,reaches_CEO,5,84020 > 57185 > 57693 > 69728 > 51535 > 61554
136528,reaches_CEO,5,136528 > 167650 > 119481 > 79693 > 51535 > 61554
22887,reaches_CEO,4,22887 > 24015 > 125855 > 93708 > 61554
42669,reaches_CEO,5,42669 > 96664 > 125912 > 107658 > 110464 > 61554
109467,reaches_CEO,5,109467 > 81860 > 49002 > 109804 > 51535 > 61554
11247,reaches_CEO,5,11247 > 160476 > 79285 > 34280 > 11277 > 61554
13567,reaches_CEO,5,13567 > 5282 > 32248 > 34280 > 11277 > 61554
56861,reaches_CEO,5,56861 > 1791 > 99397 > 71889 > 93708 > 61554
86025,reaches_CEO,5,86025 > 133420 > 120639 > 142146 > 11277 > 61554
78225,reaches_CEO,5,78225 > 11275 > 87344 > 138045 > 110464 > 61554
47170,reaches_CEO,5,47170 > 61811 > 78493 > 197876 > 11277 > 61554
120945,reaches_CEO,5,120945 > 79237 > 124893 > 149778 > 110464 > 61554
71130,reaches_CEO,4,71130 > 8207 > 185673 > 51535 > 61554
41335,reaches_CEO,4,41335 > 33814 > 190801 > 51535 > 61554
95149,reaches_CEO,5,95149 > 29410 > 145161 > 69728 > 51535 > 61554
162045,reaches_CEO,5,162045 > 101484 > 91654 > 109804 > 51535 > 61554
51195,reaches_CEO,5,51195 > 27781 > 121233 > 176424 > 110464 > 61554
53905,reaches_CEO,5,53905 > 174009 > 39785 > 177860 > 93708 > 61554
8103,reaches_CEO,5,8103 > 135848 > 121096 > 40920 > 110464 > 61554
182828,reaches_CEO,5,182828 > 5282 > 32248 > 34280 > 11277 > 61554
72034,reaches_CEO,5,72034 > 114011 > 28697 > 79693 > 51535 > 61554
2256,reaches_CEO,5,2256 > 66591 > 78493 > 197876 > 11277 > 61554
126221,reaches_CEO,5,126221 > 110508 > 183869 > 185673 > 51535 > 61554
188626,reaches_CEO,5,188626 > 180854 > 65451 > 139032 > 11277 > 61554
1334,reaches_CEO,5,1334 > 94447 > 39785 > 177860 > 93708 > 61554
76073,reaches_CEO,4,76073 > 184512 > 109804 > 51535 > 61554
188646,reaches_CEO,5,188646 > 55653 > 47755 > 154041 > 11277 > 61554
27598,reaches_CEO,5,27598 > 164638 > 47755 > 154041 > 11277 > 61554
30640,reaches_CEO,4,30640 > 92567 > 162476 > 51535 > 61554
131703,reaches_CEO,5,131703 > 102026 > 40475 > 56068 > 11277 > 61554
59217,reaches_CEO,5,59217 > 4384 > 138823 > 124994 > 93708 > 61554
94682,reaches_CEO,5,94682 > 64750 > 183869 > 185673 > 51535 > 61554
21197,reaches_CEO,5,21197 > 68532 > 61403 > 69728 > 51535 > 61554
9117,reaches_CEO,5,9117 > 141317 > 24691 > 56068 > 11277 > 61554
157372,reaches_CEO,5,157372 > 87707 > 32248 > 34280 > 11277 > 61554
102262,reaches_CEO,5,102262 > 1610 > 145161 > 69728 > 51535 > 61554
61472,reaches_CEO,5,61472 > 144219 > 146629 > 190801 > 51535 > 61554
140838,reaches_CEO,4,140838 > 95935 > 71889 > 93708 > 61554
108397,reaches_CEO,5,108397 > 10357 > 196484 > 176424 > 110464 > 61554
109344,reaches_CEO,5,109344 > 98931 > 103443 > 97647 > 110464 > 61554
123000,reaches_CEO,4,123000 > 94454 > 84011 > 11277 > 61554
75189,reaches_CEO,5,75189 > 126515 > 24681 > 124994 > 93708 > 61554
162466,reaches_CEO,5,162466 > 53109 > 130489 > 36075 > 11277 > 61554
198094,reaches_CEO,5,198094 > 112643 > 119833 > 84011 > 11277 > 61554
119897,reaches_CEO,5,119897 > 67522 > 141808 > 34051 > 11277 > 61554
66591,reaches_CEO,4,66591 > 78493 > 197876 > 11277 > 61554
38325,reaches_CEO,5,38325 > 193518 > 78493 > 197876 > 11277 > 61554
27875,reaches_CEO,5,27875 > 94030 > 78493 > 197876 > 11277 > 61554
7227,reaches_CEO,5,7227 > 90237 > 193088 > 96752 > 11277 > 61554
38122,reaches_CEO,5,38122 > 66306 > 183869 > 185673 > 51535 > 61554
81163,reaches_CEO,5,81163 > 71987 > 24015 > 125855 > 93708 > 61554
85723,reaches_CEO,5,85723 > 68222 > 24681 > 124994 > 93708 > 61554
27116,reaches_CEO,5,27116 > 78215 > 181201 > 139032 > 11277 > 61554
57806,reaches_CEO,5,57806 > 82698 > 49727 > 84011 > 11277 > 61554
91759,reaches_CEO,5,91759 > 184885 > 77857 > 152500 > 93708 > 61554
167188,reaches_CEO,4,167188 > 89619 > 26053 > 93708 > 61554
100280,reaches_CEO,5,100280 > 71945 > 183869 > 185673 > 51535 > 61554
140681,reaches_CEO,5,140681 > 115765 > 192056 > 71889 > 93708 > 61554
167130,reaches_CEO,5,167130 > 39388 > 66119 > 34051 > 11277 > 61554
197896,reaches_CEO,4,197896 > 110260 > 125855 > 93708 > 61554
157452,reaches_CEO,5,157452 > 114572 > 5692 > 149778 > 110464 > 61554
111667,reaches_CEO,5,111667 > 167921 > 147555 > 107152 > 51535 > 61554
10303,reaches_CEO,5,10303 > 172541 > 138823 > 124994 > 93708 > 61554
167384,reaches_CEO,5,167384 > 161132 > 114137 > 107658 > 110464 > 61554
88590,reaches_CEO,5,88590 > 125114 > 41533 > 177860 > 93708 > 61554
146584,reaches_CEO,5,146584 > 52319 > 154897 > 34280 > 11277 > 61554
93579,reaches_CEO,5,93579 > 113245 > 198366 > 142146 > 11277 > 61554
103014,reaches_CEO,4,103014 > 183869 > 185673 > 51535 > 61554
92320,reaches_CEO,5,92320 > 188118 > 114472 > 197876 > 11277 > 61554
80198,reaches_CEO,5,80198 > 168905 > 193330 > 162476 > 51535 > 61554
163507,reaches_CEO,5,163507 > 52920 > 65522 > 34051 > 11277 > 61554
149980,reaches_CEO,5,149980 > 123502 > 39785 > 177860 > 93708 > 61554
71500,reaches_CEO,5,71500 > 156010 > 28697 > 79693 > 51535 > 61554
166336,reaches_CEO,5,166336 > 11275 > 87344 > 138045 > 110464 > 61554
92713,reaches_CEO,3,92713 > 96752 > 11277 > 61554
47879,reaches_CEO,5,47879 > 69943 > 154897 > 34280 > 11277 > 61554
627,reaches_CEO,5,627 > 181886 > 181201 > 139032 > 11277 > 61554
64675,reaches_CEO,5,64675 > 21377 > 65174 > 154041 > 11277 > 61554
111518,reaches_CEO,5,111518 > 135846 > 77851 > 36075 > 11277 > 61554
86000,reaches_CEO,5,86000 > 130204 > 115907 > 97647 > 110464 > 61554
29394,reaches_CEO,5,29394 > 113566 > 154285 > 107152 > 51535 > 61554
79371,reaches_CEO,5,79371 > 162518 > 32510 > 197876 > 11277 > 61554
141083,reaches_CEO,5,141083 > 156010 > 28697 > 79693 > 51535 > 61554
149611,reaches_CEO,5,149611 > 64724 > 37154 > 138045 > 110464 > 61554
112086,reaches_CEO,5,112086 > 160169 > 172989 > 34051 > 11277 > 61554
166893,reaches_CEO,5,166893 > 57316 > 157492 > 34280 > 11277 > 61554
37407,reaches_CEO,5,37407 > 7255 > 167482 > 133795 > 51535 > 61554
196149,reaches_CEO,5,196149 > 198032 > 183175 > 197876 > 11277 > 61554
125755,reaches_CEO,4,125755 > 158490 > 74062 > 110464 > 61554
189760,reaches_CEO,5,189760 > 19424 > 47553 > 69728 > 51535 > 61554
169237,reaches_CEO,5,169237 > 71987 > 24015 > 125855 > 93708 > 61554
67151,reaches_CEO,4,67151 > 49002 > 109804 > 51535 > 61554
89239,reaches_CEO,5,89239 > 23100 > 132307 > 185673 > 51535 > 61554
42645,reaches_CEO,5,42645 > 115591 > 66119 > 34051 > 11277 > 61554
88885,reaches_CEO,5,88885 > 182996 > 32510 > 197876 > 11277 > 61554
136083,reaches_CEO,5,136083 > 75242 > 60121 > 109804 > 51535 > 61554
71545,reaches_CEO,5,71545 > 198032 > 183175 > 197876 > 11277 > 61554
113830,reaches_CEO,5,113830 > 71987 > 24015 > 125855 > 93708 > 61554
85453,reaches_CEO,5,85453 > 87762 > 154897 > 34280 > 11277 > 61554
112769,reaches_CEO,5,112769 > 189222 > 3802 > 133795 > 51535 > 61554
138914,reaches_CEO,5,138914 > 90237 > 193088 > 96752 > 11277 > 61554
23338,reaches_CEO,5,23338 > 176415 > 39726 > 69728 > 51535 > 61554
11020,reaches_CEO,5,11020 > 193518 > 78493 > 197876 > 11277 > 61554
147845,reaches_CEO,5,147845 > 51923 > 41533 > 177860 > 93708 > 61554
153357,reaches_CEO,5,153357 > 162196 > 39726 > 69728 > 51535 > 61554
46097,reaches_CEO,5,46097 > 140542 > 2308 > 84011 > 11277 > 61554
134536,reaches_CEO,4,134536 > 5342 > 133795 > 51535 > 61554
64239,reaches_CEO,5,64239 > 164547 > 32510 > 197876 > 11277 > 61554
121791,reaches_CEO,5,121791 > 146473 > 156036 > 74062 > 110464 > 61554
1199,reaches_CEO,5,1199 > 62081 > 3917 > 139032 > 11277 > 61554
198920,reaches_CEO,5,198920 > 69943 > 154897 > 34280 > 11277 > 61554
160515,reaches_CEO,5,160515 > 14465 > 116660 > 26053 > 93708 > 61554
194029,reaches_CEO,5,194029 > 162035 > 134865 > 197876 > 11277 > 61554
109044,reaches_CEO,5,109044 > 174122 > 152076 > 69728 > 51535 > 61554
180846,reaches_CEO,5,180846 > 133420 > 120639 > 142146 > 11277 > 61554
144164,reaches_CEO,5,144164 > 87330 > 91654 > 109804 > 51535 > 61554
95805,reaches_CEO,5,95805 > 113578 > 125912 > 107658 > 110464 > 61554
77359,reaches_CEO,5,77359 > 19424 > 47553 > 69728 > 51535 > 61554
110760,reaches_CEO,5,110760 > 113618 > 103443 > 97647 > 110464 > 61554
17100,reaches_CEO,5,17100 > 175593 > 167941 > 34051 > 11277 > 61554
80286,reaches_CEO,5,80286 > 67178 > 20378 > 124994 > 93708 > 61554
8856,reaches_CEO,4,8856 > 134556 > 138045 > 110464 > 61554
189148,reaches_CEO,4,189148 > 20378 > 124994 > 93708 > 61554
187544,reaches_CEO,5,187544 > 161132 > 114137 > 107658 > 110464 > 61554
148725,reaches_CEO,5,148725 > 161132 > 114137 > 107658 > 110464 > 61554
113345,reaches_CEO,5,113345 > 142850 > 78493 > 197876 > 11277 > 61554
27660,reaches_CEO,3,27660 > 69728 > 51535 > 61554
26589,reaches_CEO,5,26589 > 56316 > 32248 > 34280 > 11277 > 61554
185591,reaches_CEO,5,185591 > 55883 > 49002 > 109804 > 51535 > 61554
79248,reaches_CEO,5,79248 > 81490 > 65174 > 154041 > 11277 > 61554
125855,reaches_CEO,2,125855 > 93708 > 61554
136356,reaches_CEO,5,136356 > 55476 > 82419 > 74062 > 110464 > 61554
16801,reaches_CEO,5,16801 > 192145 > 145667 > 142146 > 11277 > 61554
94013,reaches_CEO,5,94013 > 5743 > 49727 > 84011 > 11277 > 61554
158575,reaches_CEO,5,158575 > 190065 > 143437 > 71499 > 110464 > 61554
91117,reaches_CEO,3,91117 > 34051 > 11277 > 61554
104417,reaches_CEO,5,104417 > 157064 > 125912 > 107658 > 110464 > 61554
133387,reaches_CEO,5,133387 > 144401 > 94362 > 34051 > 11277 > 61554
131552,reaches_CEO,5,131552 > 81860 > 49002 > 109804 > 51535 > 61554
121155,reaches_CEO,5,121155 > 16785 > 33814 > 190801 > 51535 > 61554
129870,reaches_CEO,5,129870 > 132026 > 167223 > 40920 > 110464 > 61554
27021,reaches_CEO,5,27021 > 146404 > 143437 > 71499 > 110464 > 61554
70778,reaches_CEO,5,70778 > 172250 > 115907 > 97647 > 110464 > 61554
33261,reaches_CEO,5,33261 > 198814 > 181566 > 97647 > 110464 > 61554
165201,reaches_CEO,5,165201 > 29547 > 47553 > 69728 > 51535 > 61554
115423,reaches_CEO,5,115423 > 141317 > 24691 > 56068 > 11277 > 61554
43442,reaches_CEO,5,43442 > 123154 > 116660 > 26053 > 93708 > 61554
121293,reaches_CEO,5,121293 > 167389 > 181201 > 139032 > 11277 > 61554
129469,reaches_CEO,5,129469 > 84828 > 33814 > 190801 > 51535 > 61554
44985,reaches_CEO,5,44985 > 51121 > 59566 > 125855 > 93708 > 61554
33474,reaches_CEO,5,33474 > 81421 > 45969 > 26053 > 93708 > 61554
190274,reaches_CEO,5,190274 > 4440 > 155485 > 40920 > 110464 > 61554
181237,reaches_CEO,5,181237 > 179212 > 162889 > 109308 > 110464 > 61554
90716,reaches_CEO,5,90716 > 116774 > 71595 > 55537 > 51535 > 61554
8840,reaches_CEO,5,8840 > 53826 > 185138 > 152500 > 93708 > 61554
115077,reaches_CEO,5,115077 > 39388 > 66119 > 34051 > 11277 > 61554
184214,reaches_CEO,5,184214 > 39417 > 140317 > 107152 > 51535 > 61554
6323,reaches_CEO,5,6323 > 14241 > 37154 > 138045 > 110464 > 61554
131562,reaches_CEO,5,131562 > 94030 > 78493 > 197876 > 11277 > 61554
166424,reaches_CEO,5,166424 > 134671 > 114472 > 197876 > 11277 > 61554
161770,reaches_CEO,5,161770 > 122145 > 72243 > 162476 > 51535 > 61554
21783,reaches_CEO,5,21783 > 81860 > 49002 > 109804 > 51535 > 61554
11672,reaches_CEO,5,11672 > 151838 > 3917 > 139032 > 11277 > 61554
150248,reaches_CEO,5,150248 > 61038 > 65451 > 139032 > 11277 > 61554
31943,reaches_CEO,5,31943 > 134944 > 181201 > 139032 > 11277 > 61554
37046,reaches_CEO,5,37046 > 22145 > 134865 > 197876 > 11277 > 61554
65208,reaches_CEO,5,65208 > 182777 > 124893 > 149778 > 110464 > 61554
109176,reaches_CEO,5,109176 > 146220 > 196484 > 176424 > 110464 > 61554
160476,reaches_CEO,4,160476 > 79285 > 34280 > 11277 > 61554
5633,reaches_CEO,5,5633 > 149696 > 135238 > 84011 > 11277 > 61554
99642,reaches_CEO,5,99642 > 31063 > 99397 > 71889 > 93708 > 61554
113979,reaches_CEO,5,113979 > 111363 > 89002 > 34280 > 11277 > 61554
17615,reaches_CEO,5,17615 > 116180 > 113589 > 190801 > 51535 > 61554
37124,reaches_CEO,4,37124 > 120639 > 142146 > 11277 > 61554
71264,reaches_CEO,5,71264 > 32159 > 176804 > 139032 > 11277 > 61554
198814,reaches_CEO,4,198814 > 181566 > 97647 > 110464 > 61554
133107,reaches_CEO,5,133107 > 107493 > 132307 > 185673 > 51535 > 61554
68994,reaches_CEO,5,68994 > 197896 > 110260 > 125855 > 93708 > 61554
190241,reaches_CEO,5,190241 > 108428 > 117030 > 109804 > 51535 > 61554
143116,reaches_CEO,5,143116 > 109254 > 191418 > 36075 > 11277 > 61554
66300,reaches_CEO,5,66300 > 182556 > 107049 > 34280 > 11277 > 61554
35841,reaches_CEO,5,35841 > 191649 > 94454 > 84011 > 11277 > 61554
180874,reaches_CEO,5,180874 > 91345 > 32510 > 197876 > 11277 > 61554
91170,reaches_CEO,5,91170 > 17211 > 185138 > 152500 > 93708 > 61554
102070,reaches_CEO,5,102070 > 160618 > 83356 > 84011 > 11277 > 61554
63501,reaches_CEO,5,63501 > 23120 > 155485 > 40920 > 110464 > 61554
58850,reaches_CEO,5,58850 > 171499 > 152076 > 69728 > 51535 > 61554
95440,reaches_CEO,5,95440 > 48352 > 161284 > 109804 > 51535 > 61554
37375,reaches_CEO,5,37375 > 98520 > 70434 > 149778 > 110464 > 61554
36829,reaches_CEO,5,36829 > 126515 > 24681 > 124994 > 93708 > 61554
175593,reaches_CEO,4,175593 > 167941 > 34051 > 11277 > 61554
177283,reaches_CEO,5,177283 > 160289 > 79285 > 34280 > 11277 > 61554
60851,reaches_CEO,5,60851 > 167188 > 89619 > 26053 > 93708 > 61554
110344,reaches_CEO,5,110344 > 190065 > 143437 > 71499 > 110464 > 61554
160933,reaches_CEO,5,160933 > 22887 > 24015 > 125855 > 93708 > 61554
198648,reaches_CEO,4,198648 > 114137 > 107658 > 110464 > 61554
24563,reaches_CEO,5,24563 > 29749 > 39785 > 177860 > 93708 > 61554
7641,reaches_CEO,5,7641 > 27018 > 89619 > 26053 > 93708 > 61554
68557,reaches_CEO,5,68557 > 62990 > 129381 > 142146 > 11277 > 61554
78375,reaches_CEO,5,78375 > 111974 > 192589 > 55537 > 51535 > 61554
82657,reaches_CEO,4,82657 > 171907 > 142146 > 11277 > 61554
7254,reaches_CEO,5,7254 > 182028 > 184512 > 109804 > 51535 > 61554
124269,reaches_CEO,5,124269 > 5889 > 21604 > 26053 > 93708 > 61554
67008,reaches_CEO,5,67008 > 132283 > 49002 > 109804 > 51535 > 61554
12357,reaches_CEO,5,12357 > 112245 > 47755 > 154041 > 11277 > 61554
58685,reaches_CEO,5,58685 > 192145 > 145667 > 142146 > 11277 > 61554
197158,reaches_CEO,5,197158 > 175548 > 116660 > 26053 > 93708 > 61554
34660,reaches_CEO,5,34660 > 17211 > 185138 > 152500 > 93708 > 61554
102210,reaches_CEO,5,102210 > 8182 > 181310 > 139032 > 11277 > 61554
56068,reaches_CEO,2,56068 > 11277 > 61554
45730,reaches_CEO,5,45730 > 30468 > 39726 > 69728 > 51535 > 61554
91876,reaches_CEO,5,91876 > 114572 > 5692 > 149778 > 110464 > 61554
139252,reaches_CEO,5,139252 > 182531 > 47127 > 84011 > 11277 > 61554
187014,reaches_CEO,5,187014 > 150194 > 132307 > 185673 > 51535 > 61554
147551,reaches_CEO,5,147551 > 68201 > 41945 > 84011 > 11277 > 61554
165982,reaches_CEO,5,165982 > 132399 > 94362 > 34051 > 11277 > 61554
120467,reaches_CEO,5,120467 > 59327 > 24681 > 124994 > 93708 > 61554
74079,reaches_CEO,5,74079 > 134728 > 114137 > 107658 > 110464 > 61554
85539,reaches_CEO,5,85539 > 158609 > 193088 > 96752 > 11277 > 61554
112440,reaches_CEO,5,112440 > 112245 > 47755 > 154041 > 11277 > 61554
197315,reaches_CEO,5,197315 > 113578 > 125912 > 107658 > 110464 > 61554
120559,reaches_CEO,5,120559 > 168905 > 193330 > 162476 > 51535 > 61554
64162,reaches_CEO,5,64162 > 43420 > 24691 > 56068 > 11277 > 61554
192962,reaches_CEO,5,192962 > 81111 > 18295 > 176367 > 51535 > 61554
14443,reaches_CEO,5,14443 > 145710 > 167482 > 133795 > 51535 > 61554
131820,reaches_CEO,5,131820 > 149696 > 135238 > 84011 > 11277 > 61554
29647,reaches_CEO,5,29647 > 89523 > 66119 > 34051 > 11277 > 61554
33796,reaches_CEO,5,33796 > 181311 > 17395 > 96752 > 11277 > 61554
74952,reaches_CEO,5,74952 > 77844 > 3917 > 139032 > 11277 > 61554
65583,reaches_CEO,5,65583 > 24979 > 146600 > 107658 > 110464 > 61554
97009,reaches_CEO,5,97009 > 73663 > 87344 > 138045 > 110464 > 61554
43840,reaches_CEO,5,43840 > 68222 > 24681 > 124994 > 93708 > 61554
85770,reaches_CEO,5,85770 > 182116 > 3235 > 84011 > 11277 > 61554
84892,reaches_CEO,5,84892 > 43858 > 171351 > 79693 > 51535 > 61554
65847,reaches_CEO,5,65847 > 43420 > 24691 > 56068 > 11277 > 61554
102058,reaches_CEO,5,102058 > 131525 > 172989 > 34051 > 11277 > 61554
156294,reaches_CEO,5,156294 > 61517 > 110260 > 125855 > 93708 > 61554
134774,reaches_CEO,5,134774 > 79193 > 91117 > 34051 > 11277 > 61554
33736,reaches_CEO,5,33736 > 177805 > 87344 > 138045 > 110464 > 61554
169379,reaches_CEO,5,169379 > 113566 > 154285 > 107152 > 51535 > 61554
118743,reaches_CEO,5,118743 > 68998 > 70434 > 149778 > 110464 > 61554
93177,reaches_CEO,5,93177 > 99139 > 3917 > 139032 > 11277 > 61554
72937,reaches_CEO,5,72937 > 158777 > 71532 > 109308 > 110464 > 61554
24103,reaches_CEO,5,24103 > 149245 > 91869 > 40920 > 110464 > 61554
163606,reaches_CEO,5,163606 > 47260 > 24015 > 125855 > 93708 > 61554
108176,reaches_CEO,5,108176 > 55481 > 72243 > 162476 > 51535 > 61554
86379,reaches_CEO,5,86379 > 165853 > 18295 > 176367 > 51535 > 61554
90783,reaches_CEO,5,90783 > 129626 > 118233 > 149778 > 110464 > 61554
118028,reaches_CEO,5,118028 > 92210 > 78493 > 197876 > 11277 > 61554
62990,reaches_CEO,4,62990 > 129381 > 142146 > 11277 > 61554
95030,reaches_CEO,5,95030 > 72965 > 92713 > 96752 > 11277 > 61554
110310,reaches_CEO,5,110310 > 75705 > 171266 > 71889 > 93708 > 61554
142999,reaches_CEO,5,142999 > 164326 > 193088 > 96752 > 11277 > 61554
158823,reaches_CEO,5,158823 > 63785 > 49002 > 109804 > 51535 > 61554
191413,reaches_CEO,5,191413 > 63832 > 167223 > 40920 > 110464 > 61554
194169,reaches_CEO,5,194169 > 169231 > 164851 > 154041 > 11277 > 61554
77454,reaches_CEO,5,77454 > 150722 > 124893 > 149778 > 110464 > 61554
146072,reaches_CEO,5,146072 > 122145 > 72243 > 162476 > 51535 > 61554
22209,reaches_CEO,5,22209 > 142926 > 171351 > 79693 > 51535 > 61554
146159,reaches_CEO,5,146159 > 7966 > 49727 > 84011 > 11277 > 61554
71499,reaches_CEO,2,71499 > 110464 > 61554
79322,reaches_CEO,5,79322 > 52920 > 65522 > 34051 > 11277 > 61554
74771,reaches_CEO,5,74771 > 84193 > 115539 > 71499 > 110464 > 61554
45994,reaches_CEO,5,45994 > 199282 > 82419 > 74062 > 110464 > 61554
136730,reaches_CEO,5,136730 > 10773 > 113589 > 190801 > 51535 > 61554
1811,reaches_CEO,5,1811 > 16445 > 136905 > 71889 > 93708 > 61554
51984,reaches_CEO,5,51984 > 162035 > 134865 > 197876 > 11277 > 61554
78723,reaches_CEO,5,78723 > 138432 > 41945 > 84011 > 11277 > 61554
81245,reaches_CEO,5,81245 > 33665 > 110260 > 125855 > 93708 > 61554
108763,reaches_CEO,5,108763 > 121419 > 3802 > 133795 > 51535 > 61554
1860,reaches_CEO,5,1860 > 101484 > 91654 > 109804 > 51535 > 61554
75492,reaches_CEO,5,75492 > 37220 > 7558 > 69728 > 51535 > 61554
141330,reaches_CEO,5,141330 > 190060 > 181310 > 139032 > 11277 > 61554
9241,reaches_CEO,5,9241 > 132309 > 163049 > 56068 > 11277 > 61554
93073,reaches_CEO,5,93073 > 107547 > 83356 > 84011 > 11277 > 61554
46343,reaches_CEO,5,46343 > 132683 > 146629 > 190801 > 51535 > 61554
122321,reaches_CEO,5,122321 > 4384 > 138823 > 124994 > 93708 > 61554
110956,reaches_CEO,5,110956 > 16073 > 139507 > 97647 > 110464 > 61554
26109,reaches_CEO,5,26109 > 145126 > 114472 > 197876 > 11277 > 61554
190654,reaches_CEO,5,190654 > 64724 > 37154 > 138045 > 110464 > 61554
194164,reaches_CEO,5,194164 > 193818 > 136905 > 71889 > 93708 > 61554
61556,reaches_CEO,5,61556 > 148032 > 172989 > 34051 > 11277 > 61554
185673,reaches_CEO,2,185673 > 51535 > 61554
140241,reaches_CEO,5,140241 > 126330 > 119481 > 79693 > 51535 > 61554
89605,reaches_CEO,5,89605 > 113578 > 125912 > 107658 > 110464 > 61554
55709,reaches_CEO,5,55709 > 160261 > 23830 > 74062 > 110464 > 61554
193546,reaches_CEO,5,193546 > 166729 > 125912 > 107658 > 110464 > 61554
68841,reaches_CEO,5,68841 > 137776 > 40132 > 190801 > 51535 > 61554
107223,reaches_CEO,5,107223 > 136313 > 8207 > 185673 > 51535 > 61554
114011,reaches_CEO,4,114011 > 28697 > 79693 > 51535 > 61554
180587,reaches_CEO,5,180587 > 101484 > 91654 > 109804 > 51535 > 61554
52371,reaches_CEO,5,52371 > 140542 > 2308 > 84011 > 11277 > 61554
96177,reaches_CEO,5,96177 > 77866 > 181566 > 97647 > 110464 > 61554
113349,reaches_CEO,5,113349 > 162196 > 39726 > 69728 > 51535 > 61554
160440,reaches_CEO,5,160440 > 133927 > 42270 > 79693 > 51535 > 61554
71560,reaches_CEO,5,71560 > 136313 > 8207 > 185673 > 51535 > 61554
144396,reaches_CEO,5,144396 > 150290 > 185138 > 152500 > 93708 > 61554
133301,reaches_CEO,5,133301 > 46178 > 42270 > 79693 > 51535 > 61554
166228,reaches_CEO,5,166228 > 175593 > 167941 > 34051 > 11277 > 61554
35401,reaches_CEO,5,35401 > 160511 > 121233 > 176424 > 110464 > 61554
180461,reaches_CEO,5,180461 > 193763 > 194121 > 176367 > 51535 > 61554
147642,reaches_CEO,4,147642 > 100942 > 36075 > 11277 > 61554
158840,reaches_CEO,5,158840 > 179569 > 78493 > 197876 > 11277 > 61554
125781,reaches_CEO,5,125781 > 61517 > 110260 > 125855 > 93708 > 61554
120257,reaches_CEO,5,120257 > 123263 > 21604 > 26053 > 93708 > 61554
142685,reaches_CEO,4,142685 > 157492 > 34280 > 11277 > 61554
143705,reaches_CEO,5,143705 > 63077 > 49727 > 84011 > 11277 > 61554
46408,reaches_CEO,5,46408 > 130834 > 98225 > 162476 > 51535 > 61554
2734,reaches_CEO,5,2734 > 47260 > 24015 > 125855 > 93708 > 61554
7323,reaches_CEO,5,7323 > 67151 > 49002 > 109804 > 51535 > 61554
4472,reaches_CEO,5,4472 > 159906 > 65174 > 154041 > 11277 > 61554
160762,reaches_CEO,5,160762 > 95609 > 119833 > 84011 > 11277 > 61554
83575,reaches_CEO,5,83575 > 1791 > 99397 > 71889 > 93708 > 61554
46220,reaches_CEO,5,46220 > 61038 > 65451 > 139032 > 11277 > 61554
71125,reaches_CEO,5,71125 > 57185 > 57693 > 69728 > 51535 > 61554
94152,reaches_CEO,5,94152 > 193621 > 100942 > 36075 > 11277 > 61554
23520,reaches_CEO,5,23520 > 95473 > 65451 > 139032 > 11277 > 61554
146014,reaches_CEO,5,146014 > 115765 > 192056 > 71889 > 93708 > 61554
70424,reaches_CEO,5,70424 > 118329 > 181201 > 139032 > 11277 > 61554
145312,reaches_CEO,5,145312 > 59353 > 152076 > 69728 > 51535 > 61554
138973,reaches_CEO,5,138973 > 754 > 25036 > 152500 > 93708 > 61554
67931,reaches_CEO,4,67931 > 119481 > 79693 > 51535 > 61554
173667,reaches_CEO,5,173667 > 185982 > 171907 > 142146 > 11277 > 61554
77091,reaches_CEO,5,77091 > 73106 > 60121 > 109804 > 51535 > 61554
147555,reaches_CEO,3,147555 > 107152 > 51535 > 61554
69728,reaches_CEO,2,69728 > 51535 > 61554
176250,reaches_CEO,5,176250 > 59555 > 156036 > 74062 > 110464 > 61554
113336,reaches_CEO,5,113336 > 135848 > 121096 > 40920 > 110464 > 61554
127756,reaches_CEO,5,127756 > 4259 > 193330 > 162476 > 51535 > 61554
147974,reaches_CEO,5,147974 > 25934 > 154285 > 107152 > 51535 > 61554
176932,reaches_CEO,5,176932 > 175548 > 116660 > 26053 > 93708 > 61554
196583,reaches_CEO,5,196583 > 130204 > 115907 > 97647 > 110464 > 61554
105725,reaches_CEO,5,105725 > 95609 > 119833 > 84011 > 11277 > 61554
120639,reaches_CEO,3,120639 > 142146 > 11277 > 61554
167565,reaches_CEO,5,167565 > 54808 > 163049 > 56068 > 11277 > 61554
110020,reaches_CEO,5,110020 > 148236 > 2308 > 84011 > 11277 > 61554
161543,reaches_CEO,5,161543 > 144219 > 146629 > 190801 > 51535 > 61554
174126,reaches_CEO,5,174126 > 18939 > 167941 > 34051 > 11277 > 61554
183065,reaches_CEO,4,183065 > 8207 > 185673 > 51535 > 61554
74671,reaches_CEO,5,74671 > 94683 > 124893 > 149778 > 110464 > 61554
70667,reaches_CEO,5,70667 > 144927 > 94454 > 84011 > 11277 > 61554
27769,reaches_CEO,5,27769 > 178147 > 24681 > 124994 > 93708 > 61554
34224,reaches_CEO,5,34224 > 61811 > 78493 > 197876 > 11277 > 61554
23737,reaches_CEO,4,23737 > 198893 > 124994 > 93708 > 61554
36501,reaches_CEO,5,36501 > 103421 > 5342 > 133795 > 51535 > 61554
131264,reaches_CEO,5,131264 > 39231 > 24681 > 124994 > 93708 > 61554
94667,reaches_CEO,5,94667 > 149245 > 91869 > 40920 > 110464 > 61554
82323,reaches_CEO,5,82323 > 189038 > 87379 > 176367 > 51535 > 61554
147062,reaches_CEO,5,147062 > 140838 > 95935 > 71889 > 93708 > 61554
184362,reaches_CEO,5,184362 > 151696 > 77857 > 152500 > 93708 > 61554
172365,reaches_CEO,5,172365 > 103912 > 89002 > 34280 > 11277 > 61554
176729,reaches_CEO,5,176729 > 17291 > 92713 > 96752 > 11277 > 61554
113771,reaches_CEO,5,113771 > 51738 > 183869 > 185673 > 51535 > 61554
168545,reaches_CEO,3,168545 > 176424 > 110464 > 61554
51537,reaches_CEO,5,51537 > 41335 > 33814 > 190801 > 51535 > 61554
44695,reaches_CEO,5,44695 > 180006 > 24681 > 124994 > 93708 > 61554
136336,reaches_CEO,5,136336 > 159838 > 167223 > 40920 > 110464 > 61554
46080,reaches_CEO,5,46080 > 23737 > 198893 > 124994 > 93708 > 61554
65437,reaches_CEO,5,65437 > 134982 > 66119 > 34051 > 11277 > 61554
27718,reaches_CEO,4,27718 > 89619 > 26053 > 93708 > 61554
101371,reaches_CEO,5,101371 > 78874 > 47127 > 84011 > 11277 > 61554
68912,reaches_CEO,5,68912 > 148236 > 2308 > 84011 > 11277 > 61554
181946,reaches_CEO,5,181946 > 157064 > 125912 > 107658 > 110464 > 61554
167143,reaches_CEO,5,167143 > 197832 > 139507 > 97647 > 110464 > 61554
49578,reaches_CEO,5,49578 > 192414 > 47755 > 154041 > 11277 > 61554
91523,reaches_CEO,5,91523 > 160261 > 23830 > 74062 > 110464 > 61554
107735,reaches_CEO,5,107735 > 136861 > 157492 > 34280 > 11277 > 61554
198131,reaches_CEO,5,198131 > 47260 > 24015 > 125855 > 93708 > 61554
10238,reaches_CEO,5,10238 > 126257 > 98225 > 162476 > 51535 > 61554
59526,reaches_CEO,5,59526 > 192369 > 131950 > 96752 > 11277 > 61554
103081,reaches_CEO,5,103081 > 184998 > 183175 > 197876 > 11277 > 61554
29939,reaches_CEO,5,29939 > 160618 > 83356 > 84011 > 11277 > 61554
23442,reaches_CEO,5,23442 > 144401 > 94362 > 34051 > 11277 > 61554
94447,reaches_CEO,4,94447 > 39785 > 177860 > 93708 > 61554
101827,reaches_CEO,5,101827 > 150290 > 185138 > 152500 > 93708 > 61554
146074,reaches_CEO,5,146074 > 126368 > 183175 > 197876 > 11277 > 61554
73790,reaches_CEO,5,73790 > 177495 > 39785 > 177860 > 93708 > 61554
95812,reaches_CEO,5,95812 > 172246 > 49727 > 84011 > 11277 > 61554
102003,reaches_CEO,5,102003 > 129000 > 6027 > 74062 > 110464 > 61554
118344,reaches_CEO,5,118344 > 162518 > 32510 > 197876 > 11277 > 61554
198226,reaches_CEO,5,198226 > 21377 > 65174 > 154041 > 11277 > 61554
158691,reaches_CEO,5,158691 > 77766 > 6027 > 74062 > 110464 > 61554
110742,reaches_CEO,5,110742 > 54315 > 78493 > 197876 > 11277 > 61554
127788,reaches_CEO,5,127788 > 186283 > 132307 > 185673 > 51535 > 61554
110336,reaches_CEO,5,110336 > 110878 > 119481 > 79693 > 51535 > 61554
29455,reaches_CEO,5,29455 > 8711 > 24489 > 176424 > 110464 > 61554
77277,reaches_CEO,5,77277 > 124014 > 79285 > 34280 > 11277 > 61554
169005,reaches_CEO,5,169005 > 168742 > 59535 > 154041 > 11277 > 61554
60801,reaches_CEO,5,60801 > 8812 > 171266 > 71889 > 93708 > 61554
124854,reaches_CEO,5,124854 > 160618 > 83356 > 84011 > 11277 > 61554
158777,reaches_CEO,4,158777 > 71532 > 109308 > 110464 > 61554
65379,reaches_CEO,5,65379 > 180854 > 65451 > 139032 > 11277 > 61554
196442,reaches_CEO,5,196442 > 65856 > 120639 > 142146 > 11277 > 61554
187213,reaches_CEO,5,187213 > 192145 > 145667 > 142146 > 11277 > 61554
140382,reaches_CEO,5,140382 > 160618 > 83356 > 84011 > 11277 > 61554
18664,reaches_CEO,5,18664 > 41721 > 162889 > 109308 > 110464 > 61554
171266,reaches_CEO,3,171266 > 71889 > 93708 > 61554
134048,reaches_CEO,4,134048 > 78493 > 197876 > 11277 > 61554
190184,reaches_CEO,5,190184 > 191289 > 71595 > 55537 > 51535 > 61554
70379,reaches_CEO,5,70379 > 81111 > 18295 > 176367 > 51535 > 61554
40173,reaches_CEO,5,40173 > 139180 > 71532 > 109308 > 110464 > 61554
159974,reaches_CEO,5,159974 > 162035 > 134865 > 197876 > 11277 > 61554
84535,reaches_CEO,5,84535 > 68222 > 24681 > 124994 > 93708 > 61554
163398,reaches_CEO,5,163398 > 24979 > 146600 > 107658 > 110464 > 61554
124515,reaches_CEO,5,124515 > 30468 > 39726 > 69728 > 51535 > 61554
130869,reaches_CEO,5,130869 > 137776 > 40132 > 190801 > 51535 > 61554
122620,reaches_CEO,5,122620 > 4440 > 155485 > 40920 > 110464 > 61554
164085,reaches_CEO,5,164085 > 59555 > 156036 > 74062 > 110464 > 61554
133427,reaches_CEO,5,133427 > 165442 > 134865 > 197876 > 11277 > 61554
37789,reaches_CEO,5,37789 > 69345 > 163049 > 56068 > 11277 > 61554
180313,reaches_CEO,5,180313 > 6536 > 162889 > 109308 > 110464 > 61554
150406,reaches_CEO,5,150406 > 102498 > 192056 > 71889 > 93708 > 61554
27637,reaches_CEO,5,27637 > 88779 > 183175 > 197876 > 11277 > 61554
93597,reaches_CEO,5,93597 > 73982 > 65522 > 34051 > 11277 > 61554
169271,reaches_CEO,4,169271 > 146600 > 107658 > 110464 > 61554
176577,reaches_CEO,5,176577 > 27704 > 171907 > 142146 > 11277 > 61554
44589,reaches_CEO,5,44589 > 27018 > 89619 > 26053 > 93708 > 61554
139119,reaches_CEO,5,139119 > 25934 > 154285 > 107152 > 51535 > 61554
94956,reaches_CEO,5,94956 > 162196 > 39726 > 69728 > 51535 > 61554
74093,reaches_CEO,5,74093 > 129287 > 99397 > 71889 > 93708 > 61554
122272,reaches_CEO,5,122272 > 65856 > 120639 > 142146 > 11277 > 61554
128446,reaches_CEO,5,128446 > 53374 > 157492 > 34280 > 11277 > 61554
141046,reaches_CEO,5,141046 > 1050 > 71595 > 55537 > 51535 > 61554
180060,reaches_CEO,5,180060 > 145710 > 167482 > 133795 > 51535 > 61554
64256,reaches_CEO,5,64256 > 29960 > 118233 > 149778 > 110464 > 61554
19360,reaches_CEO,5,19360 > 87762 > 154897 > 34280 > 11277 > 61554
37765,reaches_CEO,5,37765 > 159906 > 65174 > 154041 > 11277 > 61554
38165,reaches_CEO,5,38165 > 73254 > 192056 > 71889 > 93708 > 61554
166793,reaches_CEO,5,166793 > 183045 > 39726 > 69728 > 51535 > 61554
98337,reaches_CEO,5,98337 > 147106 > 164851 > 154041 > 11277 > 61554
79934,reaches_CEO,4,79934 > 193330 > 162476 > 51535 > 61554
196401,reaches_CEO,5,196401 > 94611 > 194121 > 176367 > 51535 > 61554
160961,reaches_CEO,5,160961 > 147819 > 120639 > 142146 > 11277 > 61554
52367,reaches_CEO,5,52367 > 9706 > 78493 > 197876 > 11277 > 61554
161262,reaches_CEO,5,161262 > 51923 > 41533 > 177860 > 93708 > 61554
139979,reaches_CEO,5,139979 > 87847 > 91117 > 34051 > 11277 > 61554
79238,reaches_CEO,5,79238 > 164439 > 191391 > 138045 > 110464 > 61554
19127,reaches_CEO,5,19127 > 92403 > 59535 > 154041 > 11277 > 61554
35806,reaches_CEO,5,35806 > 184885 > 77857 > 152500 > 93708 > 61554
49563,reaches_CEO,5,49563 > 140393 > 117030 > 109804 > 51535 > 61554
101116,reaches_CEO,5,101116 > 41721 > 162889 > 109308 > 110464 > 61554
36525,reaches_CEO,5,36525 > 53826 > 185138 > 152500 > 93708 > 61554
80462,reaches_CEO,5,80462 > 165668 > 140317 > 107152 > 51535 > 61554
9121,reaches_CEO,5,9121 > 128447 > 193330 > 162476 > 51535 > 61554
116797,reaches_CEO,5,116797 > 62161 > 125912 > 107658 > 110464 > 61554
16419,reaches_CEO,5,16419 > 41808 > 89619 > 26053 > 93708 > 61554
169811,reaches_CEO,5,169811 > 64858 > 24015 > 125855 > 93708 > 61554
131737,reaches_CEO,5,131737 > 190065 > 143437 > 71499 > 110464 > 61554
88963,reaches_CEO,5,88963 > 140838 > 95935 > 71889 > 93708 > 61554
9820,reaches_CEO,5,9820 > 8856 > 134556 > 138045 > 110464 > 61554
8926,reaches_CEO,5,8926 > 181311 > 17395 > 96752 > 11277 > 61554
195545,reaches_CEO,5,195545 > 148260 > 89053 > 97647 > 110464 > 61554
91661,reaches_CEO,5,91661 > 3260 > 33814 > 190801 > 51535 > 61554
132810,reaches_CEO,5,132810 > 158056 > 33814 > 190801 > 51535 > 61554
197547,reaches_CEO,5,197547 > 164638 > 47755 > 154041 > 11277 > 61554
29283,reaches_CEO,5,29283 > 132309 > 163049 > 56068 > 11277 > 61554
64334,reaches_CEO,5,64334 > 51293 > 172989 > 34051 > 11277 > 61554
177296,reaches_CEO,5,177296 > 186086 > 184512 > 109804 > 51535 > 61554
46026,reaches_CEO,5,46026 > 125114 > 41533 > 177860 > 93708 > 61554
76140,reaches_CEO,5,76140 > 59353 > 152076 > 69728 > 51535 > 61554
32306,reaches_CEO,5,32306 > 41335 > 33814 > 190801 > 51535 > 61554
148774,reaches_CEO,5,148774 > 6335 > 91117 > 34051 > 11277 > 61554
91762,reaches_CEO,5,91762 > 148418 > 167482 > 133795 > 51535 > 61554
22617,reaches_CEO,5,22617 > 29960 > 118233 > 149778 > 110464 > 61554
70819,reaches_CEO,4,70819 > 161284 > 109804 > 51535 > 61554
133201,reaches_CEO,5,133201 > 10786 > 165426 > 124994 > 93708 > 61554
81154,reaches_CEO,5,81154 > 14241 > 37154 > 138045 > 110464 > 61554
119121,reaches_CEO,5,119121 > 34714 > 32248 > 34280 > 11277 > 61554
170121,reaches_CEO,5,170121 > 95169 > 176804 > 139032 > 11277 > 61554
2382,reaches_CEO,5,2382 > 111974 > 192589 > 55537 > 51535 > 61554
161230,reaches_CEO,5,161230 > 81421 > 45969 > 26053 > 93708 > 61554
131187,reaches_CEO,5,131187 > 26505 > 121233 > 176424 > 110464 > 61554
31055,reaches_CEO,5,31055 > 120638 > 27660 > 69728 > 51535 > 61554
185512,reaches_CEO,5,185512 > 85426 > 24015 > 125855 > 93708 > 61554
197473,reaches_CEO,5,197473 > 141317 > 24691 > 56068 > 11277 > 61554
54110,reaches_CEO,5,54110 > 55883 > 49002 > 109804 > 51535 > 61554
156964,reaches_CEO,5,156964 > 198648 > 114137 > 107658 > 110464 > 61554
114251,reaches_CEO,5,114251 > 18312 > 147555 > 107152 > 51535 > 61554
51549,reaches_CEO,5,51549 > 199184 > 66119 > 34051 > 11277 > 61554
194950,reaches_CEO,5,194950 > 133927 > 42270 > 79693 > 51535 > 61554
95164,reaches_CEO,5,95164 > 103421 > 5342 > 133795 > 51535 > 61554
4365,reaches_CEO,5,4365 > 59353 > 152076 > 69728 > 51535 > 61554
92755,reaches_CEO,5,92755 > 173939 > 156036 > 74062 > 110464 > 61554
4111,reaches_CEO,5,4111 > 77670 > 66119 > 34051 > 11277 > 61554
180336,reaches_CEO,5,180336 > 181219 > 196484 > 176424 > 110464 > 61554
130359,reaches_CEO,5,130359 > 172889 > 49727 > 84011 > 11277 > 61554
81490,reaches_CEO,4,81490 > 65174 > 154041 > 11277 > 61554
29231,reaches_CEO,5,29231 > 175434 > 157492 > 34280 > 11277 > 61554
196388,reaches_CEO,5,196388 > 27781 > 121233 > 176424 > 110464 > 61554
5196,reaches_CEO,5,5196 > 168791 > 5342 > 133795 > 51535 > 61554
33224,reaches_CEO,5,33224 > 14470 > 191418 > 36075 > 11277 > 61554
76291,reaches_CEO,5,76291 > 144928 > 134865 > 197876 > 11277 > 61554
80589,reaches_CEO,5,80589 > 194078 > 162889 > 109308 > 110464 > 61554
99387,reaches_CEO,5,99387 > 144401 > 94362 > 34051 > 11277 > 61554
43079,reaches_CEO,5,43079 > 112302 > 71595 > 55537 > 51535 > 61554
109211,reaches_CEO,5,109211 > 71130 > 8207 > 185673 > 51535 > 61554
109784,reaches_CEO,5,109784 > 97422 > 7531 > 152500 > 93708 > 61554
27535,reaches_CEO,5,27535 > 48352 > 161284 > 109804 > 51535 > 61554
52249,reaches_CEO,5,52249 > 167389 > 181201 > 139032 > 11277 > 61554
119833,reaches_CEO,3,119833 > 84011 > 11277 > 61554
115593,reaches_CEO,4,115593 > 50665 > 71889 > 93708 > 61554
2721,reaches_CEO,5,2721 > 111508 > 82419 > 74062 > 110464 > 61554
160799,reaches_CEO,5,160799 > 77844 > 3917 > 139032 > 11277 > 61554
154041,reaches_CEO,2,154041 > 11277 > 61554
184291,reaches_CEO,5,184291 > 66692 > 66090 > 34280 > 11277 > 61554
17209,reaches_CEO,5,17209 > 180930 > 91117 > 34051 > 11277 > 61554
46982,reaches_CEO,5,46982 > 121419 > 3802 > 133795 > 51535 > 61554
123362,reaches_CEO,5,123362 > 48120 > 140317 > 107152 > 51535 > 61554
23295,reaches_CEO,5,23295 > 75860 > 91654 > 109804 > 51535 > 61554
196877,reaches_CEO,5,196877 > 45803 > 83356 > 84011 > 11277 > 61554
90925,reaches_CEO,5,90925 > 132187 > 146629 > 190801 > 51535 > 61554
164354,reaches_CEO,5,164354 > 180930 > 91117 > 34051 > 11277 > 61554
135854,reaches_CEO,5,135854 > 32159 > 176804 > 139032 > 11277 > 61554
20378,reaches_CEO,3,20378 > 124994 > 93708 > 61554
160675,reaches_CEO,5,160675 > 35499 > 134865 > 197876 > 11277 > 61554
72928,reaches_CEO,5,72928 > 120638 > 27660 > 69728 > 51535 > 61554
56354,reaches_CEO,5,56354 > 59555 > 156036 > 74062 > 110464 > 61554
175540,reaches_CEO,5,175540 > 129778 > 59566 > 125855 > 93708 > 61554
50761,reaches_CEO,4,50761 > 114137 > 107658 > 110464 > 61554
74363,reaches_CEO,5,74363 > 82463 > 158490 > 74062 > 110464 > 61554
149180,reaches_CEO,5,149180 > 29410 > 145161 > 69728 > 51535 > 61554
130161,reaches_CEO,5,130161 > 144976 > 145667 > 142146 > 11277 > 61554
101216,reaches_CEO,5,101216 > 90639 > 103443 > 97647 > 110464 > 61554
1020,reaches_CEO,5,1020 > 159098 > 5342 > 133795 > 51535 > 61554
26340,reaches_CEO,5,26340 > 142926 > 171351 > 79693 > 51535 > 61554
23331,reaches_CEO,5,23331 > 90834 > 157492 > 34280 > 11277 > 61554
1610,reaches_CEO,4,1610 > 145161 > 69728 > 51535 > 61554
174721,reaches_CEO,5,174721 > 182531 > 47127 > 84011 > 11277 > 61554
112582,reaches_CEO,5,112582 > 71152 > 21604 > 26053 > 93708 > 61554
152964,reaches_CEO,5,152964 > 29712 > 47553 > 69728 > 51535 > 61554
59252,reaches_CEO,5,59252 > 101819 > 87379 > 176367 > 51535 > 61554
68967,reaches_CEO,5,68967 > 17291 > 92713 > 96752 > 11277 > 61554
176912,reaches_CEO,5,176912 > 174800 > 158490 > 74062 > 110464 > 61554
93708,reaches_CEO,1,93708 > 61554
7095,reaches_CEO,4,7095 > 171266 > 71889 > 93708 > 61554
90423,reaches_CEO,5,90423 > 53856 > 16178 > 71889 > 93708 > 61554
192309,reaches_CEO,5,192309 > 169833 > 59566 > 125855 > 93708 > 61554
16812,reaches_CEO,5,16812 > 126257 > 98225 > 162476 > 51535 > 61554
54997,reaches_CEO,4,54997 > 66119 > 34051 > 11277 > 61554
68128,reaches_CEO,5,68128 > 157064 > 125912 > 107658 > 110464 > 61554
42056,reaches_CEO,5,42056 > 125114 > 41533 > 177860 > 93708 > 61554
130724,reaches_CEO,5,130724 > 129000 > 6027 > 74062 > 110464 > 61554
105941,reaches_CEO,5,105941 > 134944 > 181201 > 139032 > 11277 > 61554
197970,reaches_CEO,5,197970 > 15277 > 132307 > 185673 > 51535 > 61554
134457,reaches_CEO,5,134457 > 84230 > 5692 > 149778 > 110464 > 61554
187120,reaches_CEO,5,187120 > 88936 > 3235 > 84011 > 11277 > 61554
104966,reaches_CEO,5,104966 > 148236 > 2308 > 84011 > 11277 > 61554
85273,reaches_CEO,5,85273 > 8711 > 24489 > 176424 > 110464 > 61554
27285,reaches_CEO,5,27285 > 152791 > 154897 > 34280 > 11277 > 61554
10492,reaches_CEO,5,10492 > 198531 > 49727 > 84011 > 11277 > 61554
182531,reaches_CEO,4,182531 > 47127 > 84011 > 11277 > 61554
175979,reaches_CEO,5,175979 > 142104 > 47553 > 69728 > 51535 > 61554
137504,reaches_CEO,5,137504 > 149245 > 91869 > 40920 > 110464 > 61554
143033,reaches_CEO,5,143033 > 183528 > 184512 > 109804 > 51535 > 61554
142588,reaches_CEO,5,142588 > 141317 > 24691 > 56068 > 11277 > 61554
66698,reaches_CEO,5,66698 > 5374 > 167941 > 34051 > 11277 > 61554
164655,reaches_CEO,5,164655 > 135804 > 95935 > 71889 > 93708 > 61554
69201,reaches_CEO,5,69201 > 120638 > 27660 > 69728 > 51535 > 61554
35816,reaches_CEO,5,35816 > 154703 > 18295 > 176367 > 51535 > 61554
146010,reaches_CEO,5,146010 > 115765 > 192056 > 71889 > 93708 > 61554
35263,reaches_CEO,5,35263 > 73106 > 60121 > 109804 > 51535 > 61554
127661,reaches_CEO,5,127661 > 112643 > 119833 > 84011 > 11277 > 61554
165730,reaches_CEO,5,165730 > 147249 > 27660 > 69728 > 51535 > 61554
198020,reaches_CEO,5,198020 > 177495 > 39785 > 177860 > 93708 > 61554
167790,reaches_CEO,5,167790 > 126330 > 119481 > 79693 > 51535 > 61554
71120,reaches_CEO,5,71120 > 154375 > 24015 > 125855 > 93708 > 61554
32297,reaches_CEO,5,32297 > 141211 > 116660 > 26053 > 93708 > 61554
44496,reaches_CEO,5,44496 > 103421 > 5342 > 133795 > 51535 > 61554
146070,reaches_CEO,5,146070 > 43420 > 24691 > 56068 > 11277 > 61554
150829,reaches_CEO,5,150829 > 173939 > 156036 > 74062 > 110464 > 61554
72481,reaches_CEO,5,72481 > 182116 > 3235 > 84011 > 11277 > 61554
73553,reaches_CEO,5,73553 > 102815 > 79285 > 34280 > 11277 > 61554
14185,reaches_CEO,5,14185 > 152791 > 154897 > 34280 > 11277 > 61554
144685,reaches_CEO,5,144685 > 131063 > 5692 > 149778 > 110464 > 61554
50459,reaches_CEO,5,50459 > 30488 > 115539 > 71499 > 110464 > 61554
116154,reaches_CEO,5,116154 > 68821 > 183869 > 185673 > 51535 > 61554
13313,reaches_CEO,5,13313 > 65856 > 120639 > 142146 > 11277 > 61554
91210,reaches_CEO,5,91210 > 185285 > 198893 > 124994 > 93708 > 61554
77746,reaches_CEO,5,77746 > 3260 > 33814 > 190801 > 51535 > 61554
6220,reaches_CEO,5,6220 > 87847 > 91117 > 34051 > 11277 > 61554
145137,reaches_CEO,5,145137 > 171499 > 152076 > 69728 > 51535 > 61554
137469,reaches_CEO,5,137469 > 88779 > 183175 > 197876 > 11277 > 61554
44930,reaches_CEO,5,44930 > 82657 > 171907 > 142146 > 11277 > 61554
129679,reaches_CEO,5,129679 > 76310 > 183869 > 185673 > 51535 > 61554
108132,reaches_CEO,5,108132 > 16785 > 33814 > 190801 > 51535 > 61554
39333,reaches_CEO,5,39333 > 89837 > 37154 > 138045 > 110464 > 61554
90237,reaches_CEO,4,90237 > 193088 > 96752 > 11277 > 61554
196516,reaches_CEO,5,196516 > 66420 > 21604 > 26053 > 93708 > 61554
91881,reaches_CEO,5,91881 > 68998 > 70434 > 149778 > 110464 > 61554
31133,reaches_CEO,5,31133 > 54136 > 69550 > 74062 > 110464 > 61554
158255,reaches_CEO,5,158255 > 8812 > 171266 > 71889 > 93708 > 61554
1546,reaches_CEO,5,1546 > 189890 > 171351 > 79693 > 51535 > 61554
163145,reaches_CEO,5,163145 > 87733 > 198366 > 142146 > 11277 > 61554
157609,reaches_CEO,5,157609 > 142685 > 157492 > 34280 > 11277 > 61554
168191,reaches_CEO,5,168191 > 69943 > 154897 > 34280 > 11277 > 61554
172580,reaches_CEO,5,172580 > 177495 > 39785 > 177860 > 93708 > 61554
43684,reaches_CEO,5,43684 > 57938 > 192589 > 55537 > 51535 > 61554
156938,reaches_CEO,5,156938 > 74818 > 181310 > 139032 > 11277 > 61554
21993,reaches_CEO,5,21993 > 193621 > 100942 > 36075 > 11277 > 61554
145867,reaches_CEO,5,145867 > 147249 > 27660 > 69728 > 51535 > 61554
113589,reaches_CEO,3,113589 > 190801 > 51535 > 61554
67053,reaches_CEO,5,67053 > 119774 > 66119 > 34051 > 11277 > 61554
7862,reaches_CEO,5,7862 > 161727 > 28697 > 79693 > 51535 > 61554
18366,reaches_CEO,5,18366 > 170076 > 3802 > 133795 > 51535 > 61554
31899,reaches_CEO,5,31899 > 5875 > 146600 > 107658 > 110464 > 61554
55253,reaches_CEO,5,55253 > 160511 > 121233 > 176424 > 110464 > 61554
158234,reaches_CEO,5,158234 > 178954 > 189937 > 55537 > 51535 > 61554
48105,reaches_CEO,5,48105 > 10773 > 113589 > 190801 > 51535 > 61554
2515,reaches_CEO,5,2515 > 88303 > 3235 > 84011 > 11277 > 61554
14797,reaches_CEO,5,14797 > 171940 > 70434 > 149778 > 110464 > 61554
185640,reaches_CEO,5,185640 > 182531 > 47127 > 84011 > 11277 > 61554
146251,reaches_CEO,5,146251 > 181996 > 113589 > 190801 > 51535 > 61554
26635,reaches_CEO,5,26635 > 65126 > 125912 > 107658 > 110464 > 61554
142276,reaches_CEO,4,142276 > 185138 > 152500 > 93708 > 61554
16073,reaches_CEO,4,16073 > 139507 > 97647 > 110464 > 61554
94480,reaches_CEO,5,94480 > 110089 > 41533 > 177860 > 93708 > 61554
187931,reaches_CEO,5,187931 > 134658 > 65522 > 34051 > 11277 > 61554
84521,reaches_CEO,5,84521 > 94447 > 39785 > 177860 > 93708 > 61554
70024,reaches_CEO,5,70024 > 160289 > 79285 > 34280 > 11277 > 61554
14106,reaches_CEO,5,14106 > 47863 > 40132 > 190801 > 51535 > 61554
50180,reaches_CEO,5,50180 > 191351 > 87344 > 138045 > 110464 > 61554
162106,reaches_CEO,5,162106 > 144928 > 134865 > 197876 > 11277 > 61554
180228,reaches_CEO,5,180228 > 181886 > 181201 > 139032 > 11277 > 61554
169849,reaches_CEO,4,169849 > 192056 > 71889 > 93708 > 61554
123427,reaches_CEO,5,123427 > 8663 > 193088 > 96752 > 11277 > 61554
43200,reaches_CEO,5,43200 > 55481 > 72243 > 162476 > 51535 > 61554
156563,reaches_CEO,5,156563 > 58522 > 39726 > 69728 > 51535 > 61554
96907,reaches_CEO,5,96907 > 10773 > 113589 > 190801 > 51535 > 61554
86444,reaches_CEO,5,86444 > 164501 > 138823 > 124994 > 93708 > 61554
71484,reaches_CEO,5,71484 > 140061 > 181201 > 139032 > 11277 > 61554
79573,reaches_CEO,5,79573 > 80043 > 99397 > 71889 > 93708 > 61554
192216,reaches_CEO,5,192216 > 194078 > 162889 > 109308 > 110464 > 61554
39771,reaches_CEO,5,39771 > 193763 > 194121 > 176367 > 51535 > 61554
87242,reaches_CEO,5,87242 > 166928 > 189937 > 55537 > 51535 > 61554
145508,reaches_CEO,5,145508 > 59705 > 181201 > 139032 > 11277 > 61554
183283,reaches_CEO,4,183283 > 20378 > 124994 > 93708 > 61554
178799,reaches_CEO,5,178799 > 67178 > 20378 > 124994 > 93708 > 61554
103932,reaches_CEO,5,103932 > 67178 > 20378 > 124994 > 93708 > 61554
89779,reaches_CEO,5,89779 > 62043 > 189937 > 55537 > 51535 > 61554
22316,reaches_CEO,5,22316 > 166729 > 125912 > 107658 > 110464 > 61554
159671,reaches_CEO,5,159671 > 62990 > 129381 > 142146 > 11277 > 61554
11772,reaches_CEO,5,11772 > 142685 > 157492 > 34280 > 11277 > 61554
169372,reaches_CEO,5,169372 > 149970 > 155485 > 40920 > 110464 > 61554
192708,reaches_CEO,5,192708 > 69200 > 79285 > 34280 > 11277 > 61554
8007,reaches_CEO,5,8007 > 10786 > 165426 > 124994 > 93708 > 61554
72506,reaches_CEO,5,72506 > 161727 > 28697 > 79693 > 51535 > 61554
139943,reaches_CEO,5,139943 > 185976 > 119832 > 190801 > 51535 > 61554
156074,reaches_CEO,5,156074 > 156927 > 181566 > 97647 > 110464 > 61554
70688,reaches_CEO,5,70688 > 194904 > 21604 > 26053 > 93708 > 61554
34777,reaches_CEO,5,34777 > 159838 > 167223 > 40920 > 110464 > 61554
45953,reaches_CEO,5,45953 > 168342 > 92567 > 162476 > 51535 > 61554
59566,reaches_CEO,3,59566 > 125855 > 93708 > 61554
5332,reaches_CEO,5,5332 > 103981 > 69550 > 74062 > 110464 > 61554
106535,reaches_CEO,5,106535 > 149135 > 119481 > 79693 > 51535 > 61554
151364,reaches_CEO,5,151364 > 41080 > 77851 > 36075 > 11277 > 61554
181164,reaches_CEO,5,181164 > 186283 > 132307 > 185673 > 51535 > 61554
99319,reaches_CEO,5,99319 > 12679 > 3917 > 139032 > 11277 > 61554
133343,reaches_CEO,5,133343 > 150189 > 138823 > 124994 > 93708 > 61554
32288,reaches_CEO,5,32288 > 29733 > 50665 > 71889 > 93708 > 61554
127556,reaches_CEO,5,127556 > 29508 > 77857 > 152500 > 93708 > 61554
195445,reaches_CEO,5,195445 > 118329 > 181201 > 139032 > 11277 > 61554
15039,reaches_CEO,5,15039 > 175558 > 72243 > 162476 > 51535 > 61554
14956,reaches_CEO,5,14956 > 12877 > 57693 > 69728 > 51535 > 61554
36931,reaches_CEO,5,36931 > 6536 > 162889 > 109308 > 110464 > 61554
164387,reaches_CEO,5,164387 > 160289 > 79285 > 34280 > 11277 > 61554
40497,reaches_CEO,5,40497 > 187053 > 194121 > 176367 > 51535 > 61554
100440,reaches_CEO,5,100440 > 178797 > 47755 > 154041 > 11277 > 61554
115176,reaches_CEO,5,115176 > 177805 > 87344 > 138045 > 110464 > 61554
150626,reaches_CEO,5,150626 > 21086 > 24015 > 125855 > 93708 > 61554
196896,reaches_CEO,5,196896 > 91124 > 167941 > 34051 > 11277 > 61554
94187,reaches_CEO,5,94187 > 148236 > 2308 > 84011 > 11277 > 61554
174516,reaches_CEO,5,174516 > 189627 > 130489 > 36075 > 11277 > 61554
53225,reaches_CEO,5,53225 > 38308 > 37154 > 138045 > 110464 > 61554
162734,reaches_CEO,5,162734 > 155570 > 71532 > 109308 > 110464 > 61554
40611,reaches_CEO,5,40611 > 32572 > 125912 > 107658 > 110464 > 61554
191289,reaches_CEO,4,191289 > 71595 > 55537 > 51535 > 61554
48833,reaches_CEO,5,48833 > 14241 > 37154 > 138045 > 110464 > 61554
169760,reaches_CEO,5,169760 > 144219 > 146629 > 190801 > 51535 > 61554
177406,reaches_CEO,5,177406 > 101484 > 91654 > 109804 > 51535 > 61554
6335,reaches_CEO,4,6335 > 91117 > 34051 > 11277 > 61554
59876,reaches_CEO,5,59876 > 150408 > 61403 > 69728 > 51535 > 61554
147201,reaches_CEO,5,147201 > 83032 > 87344 > 138045 > 110464 > 61554
140317,reaches_CEO,3,140317 > 107152 > 51535 > 61554
130209,reaches_CEO,5,130209 > 50761 > 114137 > 107658 > 110464 > 61554
195820,reaches_CEO,5,195820 > 186086 > 184512 > 109804 > 51535 > 61554
98520,reaches_CEO,4,98520 > 70434 > 149778 > 110464 > 61554
133203,reaches_CEO,5,133203 > 9400 > 138823 > 124994 > 93708 > 61554
41134,reaches_CEO,5,41134 > 80728 > 39726 > 69728 > 51535 > 61554
45482,reaches_CEO,5,45482 > 85717 > 47127 > 84011 > 11277 > 61554
2112,reaches_CEO,5,2112 > 78516 > 164851 > 154041 > 11277 > 61554
181201,reaches_CEO,3,181201 > 139032 > 11277 > 61554
187749,reaches_CEO,5,187749 > 95841 > 183869 > 185673 > 51535 > 61554
47519,reaches_CEO,5,47519 > 165442 > 134865 > 197876 > 11277 > 61554
11832,reaches_CEO,5,11832 > 131063 > 5692 > 149778 > 110464 > 61554
105927,reaches_CEO,5,105927 > 742 > 192056 > 71889 > 93708 > 61554
124812,reaches_CEO,5,124812 > 184998 > 183175 > 197876 > 11277 > 61554
5574,reaches_CEO,5,5574 > 26757 > 23830 > 74062 > 110464 > 61554
134582,reaches_CEO,5,134582 > 145710 > 167482 > 133795 > 51535 > 61554
87519,reaches_CEO,5,87519 > 50761 > 114137 > 107658 > 110464 > 61554
58380,reaches_CEO,5,58380 > 135804 > 95935 > 71889 > 93708 > 61554
20524,reaches_CEO,5,20524 > 147783 > 65522 > 34051 > 11277 > 61554
197706,reaches_CEO,5,197706 > 128065 > 192589 > 55537 > 51535 > 61554
88014,reaches_CEO,5,88014 > 138432 > 41945 > 84011 > 11277 > 61554
96080,reaches_CEO,5,96080 > 162381 > 193330 > 162476 > 51535 > 61554
134137,reaches_CEO,5,134137 > 182531 > 47127 > 84011 > 11277 > 61554
19085,reaches_CEO,5,19085 > 64087 > 45969 > 26053 > 93708 > 61554
82152,reaches_CEO,5,82152 > 189148 > 20378 > 124994 > 93708 > 61554
153511,reaches_CEO,5,153511 > 71987 > 24015 > 125855 > 93708 > 61554
177860,reaches_CEO,2,177860 > 93708 > 61554
29712,reaches_CEO,4,29712 > 47553 > 69728 > 51535 > 61554
47935,reaches_CEO,5,47935 > 22887 > 24015 > 125855 > 93708 > 61554
41815,reaches_CEO,5,41815 > 180924 > 158490 > 74062 > 110464 > 61554
2658,reaches_CEO,5,2658 > 121419 > 3802 > 133795 > 51535 > 61554
78169,reaches_CEO,5,78169 > 59705 > 181201 > 139032 > 11277 > 61554
29251,reaches_CEO,5,29251 > 115349 > 41945 > 84011 > 11277 > 61554
151188,reaches_CEO,5,151188 > 68532 > 61403 > 69728 > 51535 > 61554
149334,reaches_CEO,5,149334 > 7966 > 49727 > 84011 > 11277 > 61554
41970,reaches_CEO,5,41970 > 136313 > 8207 > 185673 > 51535 > 61554
157181,reaches_CEO,5,157181 > 43602 > 18295 > 176367 > 51535 > 61554
196007,reaches_CEO,5,196007 > 55476 > 82419 > 74062 > 110464 > 61554
33933,reaches_CEO,5,33933 > 55431 > 100942 > 36075 > 11277 > 61554
84828,reaches_CEO,4,84828 > 33814 > 190801 > 51535 > 61554
73359,reaches_CEO,5,73359 > 142850 > 78493 > 197876 > 11277 > 61554
81577,reaches_CEO,5,81577 > 191649 > 94454 > 84011 > 11277 > 61554
53566,reaches_CEO,5,53566 > 164547 > 32510 > 197876 > 11277 > 61554
159926,reaches_CEO,5,159926 > 153551 > 47755 > 154041 > 11277 > 61554
41991,reaches_CEO,4,41991 > 171907 > 142146 > 11277 > 61554
34425,reaches_CEO,5,34425 > 20828 > 156036 > 74062 > 110464 > 61554
133975,reaches_CEO,5,133975 > 76135 > 5692 > 149778 > 110464 > 61554
124530,reaches_CEO,5,124530 > 84230 > 5692 > 149778 > 110464 > 61554
180356,reaches_CEO,5,180356 > 10357 > 196484 > 176424 > 110464 > 61554
54998,reaches_CEO,5,54998 > 198875 > 87379 > 176367 > 51535 > 61554
159730,reaches_CEO,5,159730 > 76073 > 184512 > 109804 > 51535 > 61554
119654,reaches_CEO,5,119654 > 169664 > 184512 > 109804 > 51535 > 61554
13325,reaches_CEO,5,13325 > 49729 > 191418 > 36075 > 11277 > 61554
135532,reaches_CEO,5,135532 > 154891 > 146629 > 190801 > 51535 > 61554
45477,reaches_CEO,5,45477 > 171940 > 70434 > 149778 > 110464 > 61554
111646,reaches_CEO,5,111646 > 172948 > 39785 > 177860 > 93708 > 61554
142146,reaches_CEO,2,142146 > 11277 > 61554
198366,reaches_CEO,3,198366 > 142146 > 11277 > 61554
89938,reaches_CEO,5,89938 > 147819 > 120639 > 142146 > 11277 > 61554
113592,reaches_CEO,5,113592 > 79237 > 124893 > 149778 > 110464 > 61554
88960,reaches_CEO,5,88960 > 198032 > 183175 > 197876 > 11277 > 61554
196796,reaches_CEO,5,196796 > 94030 > 78493 > 197876 > 11277 > 61554
148188,reaches_CEO,5,148188 > 4394 > 118233 > 149778 > 110464 > 61554
128522,reaches_CEO,5,128522 > 39460 > 192056 > 71889 > 93708 > 61554
30190,reaches_CEO,5,30190 > 79237 > 124893 > 149778 > 110464 > 61554
21274,reaches_CEO,5,21274 > 71115 > 92567 > 162476 > 51535 > 61554
99139,reaches_CEO,4,99139 > 3917 > 139032 > 11277 > 61554
17304,reaches_CEO,5,17304 > 68998 > 70434 > 149778 > 110464 > 61554
2921,reaches_CEO,5,2921 > 128065 > 192589 > 55537 > 51535 > 61554
198824,reaches_CEO,5,198824 > 69200 > 79285 > 34280 > 11277 > 61554
26159,reaches_CEO,5,26159 > 133858 > 184512 > 109804 > 51535 > 61554
95087,reaches_CEO,5,95087 > 123258 > 69550 > 74062 > 110464 > 61554
40677,reaches_CEO,5,40677 > 112750 > 39726 > 69728 > 51535 > 61554
132159,reaches_CEO,5,132159 > 126330 > 119481 > 79693 > 51535 > 61554
70843,reaches_CEO,5,70843 > 95522 > 91869 > 40920 > 110464 > 61554
21086,reaches_CEO,4,21086 > 24015 > 125855 > 93708 > 61554
185721,reaches_CEO,5,185721 > 87929 > 2308 > 84011 > 11277 > 61554
42198,reaches_CEO,5,42198 > 77556 > 45969 > 26053 > 93708 > 61554
15024,reaches_CEO,5,15024 > 38308 > 37154 > 138045 > 110464 > 61554
177608,reaches_CEO,5,177608 > 167389 > 181201 > 139032 > 11277 > 61554
1446,reaches_CEO,5,1446 > 8193 > 152076 > 69728 > 51535 > 61554
162608,reaches_CEO,5,162608 > 79735 > 147555 > 107152 > 51535 > 61554
93287,reaches_CEO,5,93287 > 16510 > 77851 > 36075 > 11277 > 61554
20674,reaches_CEO,5,20674 > 57185 > 57693 > 69728 > 51535 > 61554
30603,reaches_CEO,5,30603 > 150300 > 89053 > 97647 > 110464 > 61554
107694,reaches_CEO,4,107694 > 50665 > 71889 > 93708 > 61554
35055,reaches_CEO,5,35055 > 166928 > 189937 > 55537 > 51535 > 61554
185292,reaches_CEO,5,185292 > 196490 > 165426 > 124994 > 93708 > 61554
82260,reaches_CEO,5,82260 > 4440 > 155485 > 40920 > 110464 > 61554
154029,reaches_CEO,5,154029 > 119991 > 184512 > 109804 > 51535 > 61554
140206,reaches_CEO,5,140206 > 27704 > 171907 > 142146 > 11277 > 61554
174478,reaches_CEO,5,174478 > 64452 > 3235 > 84011 > 11277 > 61554
157493,reaches_CEO,5,157493 > 129778 > 59566 > 125855 > 93708 > 61554
131696,reaches_CEO,5,131696 > 170922 > 129381 > 142146 > 11277 > 61554
187192,reaches_CEO,5,187192 > 57938 > 192589 > 55537 > 51535 > 61554
169558,reaches_CEO,5,169558 > 185285 > 198893 > 124994 > 93708 > 61554
121174,reaches_CEO,5,121174 > 180930 > 91117 > 34051 > 11277 > 61554
148687,reaches_CEO,5,148687 > 125755 > 158490 > 74062 > 110464 > 61554
69390,reaches_CEO,5,69390 > 87733 > 198366 > 142146 > 11277 > 61554
139907,reaches_CEO,5,139907 > 5889 > 21604 > 26053 > 93708 > 61554
43810,reaches_CEO,5,43810 > 159098 > 5342 > 133795 > 51535 > 61554
188783,reaches_CEO,5,188783 > 193818 > 136905 > 71889 > 93708 > 61554
162450,reaches_CEO,5,162450 > 53826 > 185138 > 152500 > 93708 > 61554
13299,reaches_CEO,5,13299 > 110089 > 41533 > 177860 > 93708 > 61554
131223,reaches_CEO,5,131223 > 50679 > 181310 > 139032 > 11277 > 61554
14379,reaches_CEO,5,14379 > 73254 > 192056 > 71889 > 93708 > 61554
194814,reaches_CEO,5,194814 > 92210 > 78493 > 197876 > 11277 > 61554
164224,reaches_CEO,5,164224 > 134536 > 5342 > 133795 > 51535 > 61554
44733,reaches_CEO,5,44733 > 191454 > 191391 > 138045 > 110464 > 61554
80108,reaches_CEO,5,80108 > 95609 > 119833 > 84011 > 11277 > 61554
195624,reaches_CEO,5,195624 > 91345 > 32510 > 197876 > 11277 > 61554
3076,reaches_CEO,5,3076 > 159996 > 94362 > 34051 > 11277 > 61554
181438,reaches_CEO,5,181438 > 159838 > 167223 > 40920 > 110464 > 61554
187839,reaches_CEO,5,187839 > 134982 > 66119 > 34051 > 11277 > 61554
73152,reaches_CEO,5,73152 > 92765 > 42270 > 79693 > 51535 > 61554
130392,reaches_CEO,5,130392 > 193518 > 78493 > 197876 > 11277 > 61554
31412,reaches_CEO,5,31412 > 6536 > 162889 > 109308 > 110464 > 61554
181020,reaches_CEO,5,181020 > 169664 > 184512 > 109804 > 51535 > 61554
133032,reaches_CEO,5,133032 > 137369 > 41945 > 84011 > 11277 > 61554
130135,reaches_CEO,4,130135 > 95935 > 71889 > 93708 > 61554
76542,reaches_CEO,5,76542 > 122567 > 42270 > 79693 > 51535 > 61554
77783,reaches_CEO,5,77783 > 64087 > 45969 > 26053 > 93708 > 61554
10773,reaches_CEO,4,10773 > 113589 > 190801 > 51535 > 61554
45866,reaches_CEO,5,45866 > 63077 > 49727 > 84011 > 11277 > 61554
111867,reaches_CEO,5,111867 > 47472 > 7558 > 69728 > 51535 > 61554
165874,reaches_CEO,5,165874 > 40904 > 92567 > 162476 > 51535 > 61554
106335,reaches_CEO,5,106335 > 169849 > 192056 > 71889 > 93708 > 61554
59987,reaches_CEO,5,59987 > 143473 > 59566 > 125855 > 93708 > 61554
13651,reaches_CEO,5,13651 > 64750 > 183869 > 185673 > 51535 > 61554
171940,reaches_CEO,4,171940 > 70434 > 149778 > 110464 > 61554
196010,reaches_CEO,5,196010 > 51738 > 183869 > 185673 > 51535 > 61554
22478,reaches_CEO,5,22478 > 149245 > 91869 > 40920 > 110464 > 61554
54689,reaches_CEO,5,54689 > 91979 > 116660 > 26053 > 93708 > 61554
186885,reaches_CEO,5,186885 > 114011 > 28697 > 79693 > 51535 > 61554
48912,reaches_CEO,4,48912 > 171351 > 79693 > 51535 > 61554
36466,reaches_CEO,5,36466 > 51293 > 172989 > 34051 > 11277 > 61554
175752,reaches_CEO,5,175752 > 159638 > 116660 > 26053 > 93708 > 61554
197605,reaches_CEO,5,197605 > 12877 > 57693 > 69728 > 51535 > 61554
100363,reaches_CEO,5,100363 > 150722 > 124893 > 149778 > 110464 > 61554
15851,reaches_CEO,5,15851 > 20901 > 189937 > 55537 > 51535 > 61554
87706,reaches_CEO,5,87706 > 87613 > 140317 > 107152 > 51535 > 61554
100944,reaches_CEO,5,100944 > 27018 > 89619 > 26053 > 93708 > 61554
180212,reaches_CEO,5,180212 > 53390 > 8665 > 34051 > 11277 > 61554
41304,reaches_CEO,5,41304 > 175593 > 167941 > 34051 > 11277 > 61554
64557,reaches_CEO,5,64557 > 144219 > 146629 > 190801 > 51535 > 61554
150408,reaches_CEO,4,150408 > 61403 > 69728 > 51535 > 61554
11627,reaches_CEO,5,11627 > 147783 > 65522 > 34051 > 11277 > 61554
3780,reaches_CEO,5,3780 > 1808 > 140317 > 107152 > 51535 > 61554
195991,reaches_CEO,5,195991 > 79193 > 91117 > 34051 > 11277 > 61554
52993,reaches_CEO,5,52993 > 71585 > 65174 > 154041 > 11277 > 61554
74142,reaches_CEO,5,74142 > 93223 > 92567 > 162476 > 51535 > 61554
26800,reaches_CEO,5,26800 > 25805 > 8665 > 34051 > 11277 > 61554
167244,reaches_CEO,5,167244 > 39417 > 140317 > 107152 > 51535 > 61554
27393,reaches_CEO,4,27393 > 198366 > 142146 > 11277 > 61554
72094,reaches_CEO,5,72094 > 79193 > 91117 > 34051 > 11277 > 61554
72070,reaches_CEO,5,72070 > 116180 > 113589 > 190801 > 51535 > 61554
63275,reaches_CEO,5,63275 > 1610 > 145161 > 69728 > 51535 > 61554
193600,reaches_CEO,5,193600 > 23737 > 198893 > 124994 > 93708 > 61554
135790,reaches_CEO,5,135790 > 162518 > 32510 > 197876 > 11277 > 61554
97274,reaches_CEO,5,97274 > 151696 > 77857 > 152500 > 93708 > 61554
79996,reaches_CEO,5,79996 > 81644 > 146629 > 190801 > 51535 > 61554
67140,reaches_CEO,5,67140 > 136147 > 100942 > 36075 > 11277 > 61554
142868,reaches_CEO,5,142868 > 53390 > 8665 > 34051 > 11277 > 61554
67240,reaches_CEO,5,67240 > 20901 > 189937 > 55537 > 51535 > 61554
45535,reaches_CEO,5,45535 > 41335 > 33814 > 190801 > 51535 > 61554
4495,reaches_CEO,5,4495 > 41335 > 33814 > 190801 > 51535 > 61554
170710,reaches_CEO,5,170710 > 179929 > 114472 > 197876 > 11277 > 61554
94131,reaches_CEO,5,94131 > 8711 > 24489 > 176424 > 110464 > 61554
90901,reaches_CEO,5,90901 > 137369 > 41945 > 84011 > 11277 > 61554
176280,reaches_CEO,5,176280 > 176415 > 39726 > 69728 > 51535 > 61554
8263,reaches_CEO,5,8263 > 150300 > 89053 > 97647 > 110464 > 61554
125131,reaches_CEO,5,125131 > 166653 > 146629 > 190801 > 51535 > 61554
172344,reaches_CEO,5,172344 > 29410 > 145161 > 69728 > 51535 > 61554
139631,reaches_CEO,5,139631 > 8182 > 181310 > 139032 > 11277 > 61554
125056,reaches_CEO,5,125056 > 7212 > 69550 > 74062 > 110464 > 61554
152549,reaches_CEO,5,152549 > 10357 > 196484 > 176424 > 110464 > 61554
188144,reaches_CEO,5,188144 > 81421 > 45969 > 26053 > 93708 > 61554
57453,reaches_CEO,5,57453 > 91124 > 167941 > 34051 > 11277 > 61554
145078,reaches_CEO,5,145078 > 74170 > 191418 > 36075 > 11277 > 61554
150465,reaches_CEO,5,150465 > 132399 > 94362 > 34051 > 11277 > 61554
105395,reaches_CEO,4,105395 > 17837 > 176367 > 51535 > 61554
19003,reaches_CEO,5,19003 > 110508 > 183869 > 185673 > 51535 > 61554
92226,reaches_CEO,5,92226 > 198875 > 87379 > 176367 > 51535 > 61554
171129,reaches_CEO,5,171129 > 94039 > 107049 > 34280 > 11277 > 61554
135398,reaches_CEO,5,135398 > 75705 > 171266 > 71889 > 93708 > 61554
71308,reaches_CEO,5,71308 > 116289 > 189937 > 55537 > 51535 > 61554
184511,reaches_CEO,5,184511 > 70547 > 168545 > 176424 > 110464 > 61554
33908,reaches_CEO,5,33908 > 70406 > 91869 > 40920 > 110464 > 61554
139035,reaches_CEO,5,139035 > 175548 > 116660 > 26053 > 93708 > 61554
64802,reaches_CEO,5,64802 > 779 > 196484 > 176424 > 110464 > 61554
137595,reaches_CEO,5,137595 > 82463 > 158490 > 74062 > 110464 > 61554
132109,reaches_CEO,5,132109 > 167877 > 119833 > 84011 > 11277 > 61554
57499,reaches_CEO,5,57499 > 129410 > 3917 > 139032 > 11277 > 61554
109254,reaches_CEO,4,109254 > 191418 > 36075 > 11277 > 61554
110210,reaches_CEO,5,110210 > 7255 > 167482 > 133795 > 51535 > 61554
96664,reaches_CEO,4,96664 > 125912 > 107658 > 110464 > 61554
181062,reaches_CEO,5,181062 > 55476 > 82419 > 74062 > 110464 > 61554
1310,reaches_CEO,5,1310 > 71130 > 8207 > 185673 > 51535 > 61554
181199,reaches_CEO,5,181199 > 51288 > 140317 > 107152 > 51535 > 61554
164637,reaches_CEO,5,164637 > 73893 > 134865 > 197876 > 11277 > 61554
89731,reaches_CEO,5,89731 > 186086 > 184512 > 109804 > 51535 > 61554
128913,reaches_CEO,5,128913 > 116119 > 125912 > 107658 > 110464 > 61554
60287,reaches_CEO,5,60287 > 181886 > 181201 > 139032 > 11277 > 61554
75821,reaches_CEO,5,75821 > 133927 > 42270 > 79693 > 51535 > 61554
43404,reaches_CEO,5,43404 > 5889 > 21604 > 26053 > 93708 > 61554
38210,reaches_CEO,5,38210 > 84828 > 33814 > 190801 > 51535 > 61554
45022,reaches_CEO,5,45022 > 154703 > 18295 > 176367 > 51535 > 61554
173414,reaches_CEO,5,173414 > 171461 > 138823 > 124994 > 93708 > 61554
194688,reaches_CEO,5,194688 > 161727 > 28697 > 79693 > 51535 > 61554
11698,reaches_CEO,5,11698 > 75242 > 60121 > 109804 > 51535 > 61554
144338,reaches_CEO,5,144338 > 55972 > 59566 > 125855 > 93708 > 61554
