employee_id,signing_bonus,salary,degree_level,sex,yrs_experience,boss_id,dept,hierarchy_status,reporting_depth,direct_reports,is_manager
138719,0,273000.0,Master,M,2,43602,engineering,reaches_CEO,5,0,False
3192,0,301000.0,Bachelor,F,1,87847,sales,reaches_CEO,5,0,False
114657,0,261000.0,Master,F,2,180854,sales,reaches_CEO,5,0,False
29039,0,86000.0,High_School,F,4,88370,HR,reaches_CEO,5,0,False
118607,0,126000.0,Bachelor,F,3,23565,sales,reaches_CEO,5,0,False
91334,0,221000.0,PhD,F,2,62990,sales,reaches_CEO,5,0,False
101901,1,194000.0,PhD,M,12,7558,engineering,reaches_CEO,4,6,True
171111,1,119000.0,Master,F,1,30468,engineering,reaches_CEO,5,0,False
23443,1,217000.0,PhD,M,8,130585,sales,reaches_CEO,5,0,False
24195,0,230000.0,Master,M,4,1050,engineering,reaches_CEO,5,0,False
184295,0,218000.0,PhD,M,5,18627,marketing,reaches_CEO,5,0,False
153551,0,232000.0,PhD,M,10,47755,sales,reaches_CEO,4,9,True
104709,0,320000.0,PhD,M,6,94683,marketing,reaches_CEO,5,0,False
175864,0,394000.0,Master,M,5,110091,engineering,reaches_CEO,5,0,False
113738,1,204000.0,Bachelor,M,4,112643,sales,reaches_CEO,5,0,False
23737,0,76000.0,Bachelor,F,13,198893,HR,reaches_CEO,4,17,True
27476,0,358000.0,Bachelor,F,3,56451,sales,reaches_CEO,5,0,False
25181,0,171000.0,PhD,M,2,154381,sales,reaches_CEO,5,0,False
98520,0,300000.0,Master,M,7,70434,marketing,reaches_CEO,4,20,True
78629,0,187000.0,PhD,M,6,46997,sales,reaches_CEO,5,0,False
161480,0,287000.0,PhD,M,3,80728,engineering,reaches_CEO,5,0,False
32443,0,73000.0,High_School,M,3,183283,HR,reaches_CEO,5,0,False
37097,0,196000.0,Bachelor,M,3,192145,sales,reaches_CEO,5,0,False
121956,0,281000.0,High_School,F,3,85791,sales,reaches_CEO,5,0,False
186463,1,82000.0,Master,M,1,154891,engineering,reaches_CEO,5,0,False
186082,0,343000.0,PhD,M,1,175365,marketing,reaches_CEO,5,0,False
72481,0,160000.0,Master,M,7,182116,sales,reaches_CEO,5,0,False
195194,1,88000.0,High_School,F,1,39460,HR,reaches_CEO,5,0,False
161633,0,90000.0,PhD,F,5,43937,HR,reaches_CEO,5,0,False
121680,0,64000.0,High_School,M,3,54315,sales,reaches_CEO,5,0,False
189061,0,387000.0,High_School,M,7,116750,engineering,reaches_CEO,5,0,False
28915,1,122000.0,PhD,M,4,18939,sales,reaches_CEO,5,0,False
96249,0,345000.0,PhD,M,4,8856,marketing,reaches_CEO,5,0,False
76886,1,234000.0,Bachelor,M,5,153291,sales,reaches_CEO,5,0,False
66641,0,204000.0,PhD,M,1,198814,marketing,reaches_CEO,5,0,False
129610,0,113000.0,Bachelor,M,3,156927,marketing,reaches_CEO,5,0,False
88697,0,139000.0,Bachelor,M,1,180924,marketing,reaches_CEO,5,0,False
33686,0,192000.0,Bachelor,F,2,181219,marketing,reaches_CEO,5,0,False
198880,1,219000.0,Master,M,5,175593,sales,reaches_CEO,5,0,False
45482,1,110000.0,PhD,M,4,85717,sales,reaches_CEO,5,0,False
77317,1,135000.0,Bachelor,M,1,116774,engineering,reaches_CEO,5,0,False
15460,0,185000.0,Master,M,1,97878,sales,reaches_CEO,5,0,False
134371,0,239000.0,Master,F,8,103448,sales,reaches_CEO,5,0,False
66892,0,137000.0,High_School,F,2,195165,engineering,reaches_CEO,5,0,False
166336,0,119000.0,Bachelor,M,1,11275,marketing,reaches_CEO,5,0,False
181529,1,232000.0,High_School,F,5,177805,marketing,reaches_CEO,5,0,False
64364,0,313000.0,Master,M,5,12877,engineering,reaches_CEO,5,0,False
114955,0,309000.0,Master,F,1,64750,engineering,reaches_CEO,5,0,False
18742,0,109000.0,Master,F,1,139278,HR,reaches_CEO,5,0,False
132916,1,252000.0,High_School,M,3,69379,sales,reaches_CEO,5,0,False
76511,0,342000.0,Bachelor,M,3,144219,engineering,reaches_CEO,5,0,False
184214,0,146000.0,Bachelor,M,3,39417,engineering,reaches_CEO,5,0,False
10786,0,86000.0,Bachelor,M,10,165426,HR,reaches_CEO,4,12,True
114682,1,215000.0,Master,M,4,160169,sales,reaches_CEO,5,0,False
86656,0,302000.0,Bachelor,M,7,53109,sales,reaches_CEO,5,0,False
90984,1,363000.0,Master,M,4,29547,engineering,reaches_CEO,5,0,False
133819,0,322000.0,Bachelor,M,2,63077,sales,reaches_CEO,5,0,False
110797,0,361000.0,High_School,M,3,147249,engineering,reaches_CEO,5,0,False
198020,1,111000.0,High_School,F,1,177495,HR,reaches_CEO,5,0,False
39347,0,265000.0,High_School,M,4,66692,sales,reaches_CEO,5,0,False
55947,1,234000.0,Bachelor,F,1,176415,engineering,reaches_CEO,5,0,False
81158,1,183000.0,High_School,M,5,26757,marketing,reaches_CEO,5,0,False
115423,0,97000.0,Bachelor,M,1,141317,sales,reaches_CEO,5,0,False
137829,0,201000.0,High_School,M,7,191649,sales,reaches_CEO,5,0,False
91575,0,64000.0,Bachelor,M,3,199950,HR,reaches_CEO,5,0,False
187053,0,97000.0,Master,M,5,194121,engineering,reaches_CEO,4,13,True
142391,1,86000.0,Bachelor,M,3,53677,HR,reaches_CEO,5,0,False
56162,0,60000.0,High_School,F,1,21086,HR,reaches_CEO,5,0,False
196011,1,165000.0,Bachelor,M,2,189222,engineering,reaches_CEO,5,0,False
179787,1,125000.0,Master,M,4,18939,sales,reaches_CEO,5,0,False
172787,0,141000.0,PhD,M,7,78215,sales,reaches_CEO,5,0,False
57693,1,317000.0,PhD,M,3,69728,engineering,reaches_CEO,3,3,True
7227,0,192000.0,Bachelor,M,9,90237,sales,reaches_CEO,5,0,False
33814,0,95000.0,PhD,M,16,190801,engineering,reaches_CEO,3,5,True
48247,0,98000.0,High_School,F,1,81421,HR,reaches_CEO,5,0,False
185330,1,320000.0,PhD,M,3,144928,sales,reaches_CEO,5,0,False
45652,0,128000.0,Bachelor,F,1,190566,marketing,reaches_CEO,5,0,False
112245,1,274000.0,PhD,F,9,47755,sales,reaches_CEO,4,11,True
55269,0,99000.0,Bachelor,M,2,109254,sales,reaches_CEO,5,0,False
95838,0,64000.0,Bachelor,F,7,10786,HR,reaches_CEO,5,0,False
8711,0,250000.0,PhD,M,10,24489,marketing,reaches_CEO,4,22,True
21150,1,184000.0,Master,F,3,29960,marketing,reaches_CEO,5,0,False
65584,0,152000.0,High_School,M,5,19424,engineering,reaches_CEO,5,0,False
178821,0,174000.0,PhD,M,7,50761,marketing,reaches_CEO,5,0,False
198314,0,62000.0,Bachelor,M,2,9239,sales,reaches_CEO,5,0,False
89494,1,228000.0,Master,F,4,186086,engineering,reaches_CEO,5,0,False
76056,1,212000.0,PhD,M,7,112245,sales,reaches_CEO,5,0,False
174654,0,94000.0,PhD,F,5,56316,sales,reaches_CEO,5,0,False
6417,0,88000.0,Bachelor,M,2,67522,sales,reaches_CEO,5,0,False
149135,0,91000.0,Bachelor,M,8,119481,engineering,reaches_CEO,4,19,True
120912,0,95000.0,High_School,M,6,51923,HR,reaches_CEO,5,0,False
14736,0,95000.0,PhD,M,3,172948,HR,reaches_CEO,5,0,False
53438,1,279000.0,PhD,M,5,74264,marketing,reaches_CEO,5,0,False
142155,0,366000.0,PhD,M,1,128511,engineering,reaches_CEO,5,0,False
1791,0,95000.0,Bachelor,F,10,99397,HR,reaches_CEO,4,7,True
56244,0,86000.0,PhD,F,6,167188,HR,reaches_CEO,5,0,False
87999,0,362000.0,High_School,M,1,167877,sales,reaches_CEO,5,0,False
9036,1,283000.0,Bachelor,M,1,198531,sales,reaches_CEO,5,0,False
34510,0,232000.0,PhD,M,4,32572,marketing,reaches_CEO,5,0,False
175786,0,66000.0,PhD,F,7,181781,HR,reaches_CEO,5,0,False
148355,0,198000.0,Master,F,2,63077,sales,reaches_CEO,5,0,False
120086,0,262000.0,High_School,M,3,134048,sales,reaches_CEO,5,0,False
112523,0,82000.0,PhD,F,2,754,HR,reaches_CEO,5,0,False
43986,0,66000.0,Master,F,5,184885,HR,reaches_CEO,5,0,False
128528,0,83000.0,PhD,F,1,742,HR,reaches_CEO,5,0,False
148564,0,316000.0,Bachelor,M,3,66306,engineering,reaches_CEO,5,0,False
68881,0,69000.0,Master,F,3,164501,HR,reaches_CEO,5,0,False
98619,1,317000.0,PhD,M,3,60489,marketing,reaches_CEO,5,0,False
136229,0,155000.0,Bachelor,M,5,181421,sales,reaches_CEO,5,0,False
194889,0,183000.0,Bachelor,M,5,167877,sales,reaches_CEO,5,0,False
9059,1,72000.0,Bachelor,M,2,79237,marketing,reaches_CEO,5,0,False
73211,1,386000.0,PhD,M,7,183045,engineering,reaches_CEO,5,0,False
133465,1,62000.0,High_School,M,5,178954,engineering,reaches_CEO,5,0,False
99319,0,217000.0,High_School,M,2,12679,sales,reaches_CEO,5,0,False
196484,0,106000.0,PhD,M,19,176424,marketing,reaches_CEO,3,5,True
26635,0,123000.0,Master,M,9,65126,marketing,reaches_CEO,5,0,False
194871,0,192000.0,High_School,M,5,149135,engineering,reaches_CEO,5,0,False
134474,0,95000.0,PhD,F,8,35499,sales,reaches_CEO,5,0,False
23100,1,136000.0,PhD,M,11,132307,engineering,reaches_CEO,4,6,True
19961,1,391000.0,High_School,F,2,101901,engineering,reaches_CEO,5,0,False
72338,0,247000.0,Master,F,3,132283,engineering,reaches_CEO,5,0,False
194169,1,92000.0,Master,M,3,169231,sales,reaches_CEO,5,0,False
47487,1,122000.0,PhD,M,2,1610,engineering,reaches_CEO,5,0,False
16959,0,150000.0,Bachelor,F,7,160289,sales,reaches_CEO,5,0,False
70361,0,376000.0,Master,M,3,113566,engineering,reaches_CEO,5,0,False
97248,0,70000.0,High_School,F,4,55636,HR,reaches_CEO,5,0,False
85273,1,159000.0,Bachelor,M,2,8711,marketing,reaches_CEO,5,0,False
192719,0,225000.0,High_School,M,2,29960,marketing,reaches_CEO,5,0,False
45301,0,224000.0,PhD,F,1,11275,marketing,reaches_CEO,5,0,False
1285,0,333000.0,Bachelor,M,2,122197,engineering,reaches_CEO,5,0,False
140206,0,265000.0,Master,F,6,27704,sales,reaches_CEO,5,0,False
141079,0,283000.0,Bachelor,M,14,119481,engineering,reaches_CEO,4,13,True
69274,0,117000.0,Bachelor,M,1,73893,sales,reaches_CEO,5,0,False
154782,0,106000.0,High_School,M,3,25805,sales,reaches_CEO,5,0,False
7469,1,74000.0,High_School,F,1,144928,sales,reaches_CEO,5,0,False
120216,1,249000.0,High_School,M,3,127544,sales,reaches_CEO,5,0,False
111447,0,177000.0,PhD,M,1,8663,sales,reaches_CEO,5,0,False
103466,1,214000.0,Master,M,3,191454,marketing,reaches_CEO,5,0,False
88007,0,275000.0,Master,F,13,154897,sales,reaches_CEO,4,13,True
29419,0,168000.0,Bachelor,F,1,98520,marketing,reaches_CEO,5,0,False
60609,0,128000.0,Bachelor,F,3,94454,sales,reaches_CEO,4,6,True
112433,0,62000.0,PhD,F,1,23737,HR,reaches_CEO,5,0,False
126976,0,80000.0,PhD,F,2,197896,HR,reaches_CEO,5,0,False
163892,0,121000.0,High_School,M,1,132399,sales,reaches_CEO,5,0,False
178923,1,352000.0,Master,M,3,141079,engineering,reaches_CEO,5,0,False
104966,1,292000.0,PhD,M,4,148236,sales,reaches_CEO,5,0,False
93962,1,175000.0,Bachelor,M,7,87330,engineering,reaches_CEO,5,0,False
147679,0,194000.0,High_School,M,4,73982,sales,reaches_CEO,5,0,False
81577,0,146000.0,Master,F,2,191649,sales,reaches_CEO,5,0,False
136040,0,167000.0,Master,F,4,93223,engineering,reaches_CEO,5,0,False
193600,1,80000.0,PhD,F,6,23737,HR,reaches_CEO,5,0,False
189420,0,317000.0,PhD,M,2,69200,sales,reaches_CEO,5,0,False
17670,1,303000.0,High_School,F,4,29547,engineering,reaches_CEO,5,0,False
165978,1,261000.0,High_School,M,5,73489,sales,reaches_CEO,5,0,False
102210,0,163000.0,Bachelor,M,1,8182,sales,reaches_CEO,5,0,False
113028,0,87000.0,High_School,F,4,172541,HR,reaches_CEO,5,0,False
77923,0,70000.0,Master,F,7,183283,HR,reaches_CEO,5,0,False
142275,0,349000.0,PhD,F,4,51288,engineering,reaches_CEO,5,0,False
195540,0,205000.0,Master,M,4,147106,sales,reaches_CEO,5,0,False
68486,0,87000.0,Master,F,5,172541,HR,reaches_CEO,5,0,False
41080,0,115000.0,Master,F,11,77851,sales,reaches_CEO,4,8,True
88335,0,149000.0,Bachelor,M,1,65883,marketing,reaches_CEO,5,0,False
61136,0,226000.0,High_School,F,6,112643,sales,reaches_CEO,5,0,False
175361,0,234000.0,Bachelor,M,14,100942,sales,reaches_CEO,4,17,True
59052,0,79000.0,PhD,F,3,29733,HR,reaches_CEO,5,0,False
173017,0,116000.0,High_School,M,4,164501,HR,reaches_CEO,5,0,False
112097,0,83000.0,Master,F,1,4384,HR,reaches_CEO,5,0,False
152964,0,133000.0,PhD,M,3,29712,engineering,reaches_CEO,5,0,False
93073,1,215000.0,High_School,M,6,107547,sales,reaches_CEO,5,0,False
82835,0,184000.0,Master,M,1,96420,sales,reaches_CEO,5,0,False
190004,1,322000.0,PhD,F,1,196660,sales,reaches_CEO,5,0,False
35114,0,68000.0,Master,M,6,92585,marketing,reaches_CEO,5,0,False
153735,1,262000.0,Bachelor,M,3,76073,engineering,reaches_CEO,5,0,False
80661,0,177000.0,High_School,F,2,170431,marketing,reaches_CEO,5,0,False
125799,1,386000.0,Bachelor,M,4,132683,engineering,reaches_CEO,5,0,False
78200,0,79000.0,High_School,F,7,39460,HR,reaches_CEO,5,0,False
172717,0,70000.0,High_School,F,11,41533,HR,reaches_CEO,4,7,True
123040,1,174000.0,Master,M,1,110091,engineering,reaches_CEO,5,0,False
178134,1,284000.0,Master,F,1,55858,engineering,reaches_CEO,5,0,False
182996,0,307000.0,Master,M,4,32510,sales,reaches_CEO,4,13,True
124589,0,61000.0,High_School,F,2,126515,HR,reaches_CEO,5,0,False
104569,1,251000.0,High_School,M,2,134048,sales,reaches_CEO,5,0,False
172566,0,61000.0,High_School,F,4,31063,HR,reaches_CEO,5,0,False
5743,0,111000.0,PhD,M,12,49727,sales,reaches_CEO,4,17,True
74062,1,397000.0,PhD,M,33,110464,marketing,reaches_CEO,2,6,True
23759,0,93000.0,Bachelor,F,3,92210,sales,reaches_CEO,5,0,False
98855,1,342000.0,Bachelor,M,3,177166,engineering,reaches_CEO,5,0,False
56376,1,358000.0,PhD,M,2,67522,sales,reaches_CEO,5,0,False
8288,1,243000.0,Master,F,1,26468,engineering,reaches_CEO,5,0,False
85717,0,92000.0,Bachelor,F,8,47127,sales,reaches_CEO,4,8,True
61234,0,70000.0,Master,M,2,15768,HR,reaches_CEO,5,0,False
102684,0,86000.0,Master,F,2,92713,sales,reaches_CEO,4,7,True
156075,1,253000.0,Master,M,3,176415,engineering,reaches_CEO,5,0,False
160618,0,161000.0,PhD,M,6,83356,sales,reaches_CEO,4,19,True
22316,1,156000.0,Master,M,5,166729,marketing,reaches_CEO,5,0,False
126031,0,265000.0,Bachelor,M,2,70406,marketing,reaches_CEO,5,0,False
127788,0,227000.0,High_School,M,6,186283,engineering,reaches_CEO,5,0,False
153290,0,234000.0,PhD,M,1,102815,sales,reaches_CEO,5,0,False
128120,0,123000.0,High_School,M,1,100373,HR,reaches_CEO,5,0,False
137270,0,87000.0,Master,M,4,180006,HR,reaches_CEO,5,0,False
123270,0,264000.0,Bachelor,M,3,147642,sales,reaches_CEO,5,0,False
66090,1,349000.0,Master,M,20,34280,sales,reaches_CEO,3,4,True
135015,0,83000.0,Bachelor,F,8,171499,engineering,reaches_CEO,5,0,False
12028,1,225000.0,Bachelor,M,1,87613,engineering,reaches_CEO,5,0,False
121294,0,126000.0,Master,F,3,77844,sales,reaches_CEO,5,0,False
46026,1,103000.0,Bachelor,F,3,125114,HR,reaches_CEO,5,0,False
78743,0,203000.0,High_School,M,2,4421,sales,reaches_CEO,5,0,False
162877,0,126000.0,Master,M,6,199282,marketing,reaches_CEO,5,0,False
173465,0,63000.0,Bachelor,F,1,175548,HR,reaches_CEO,5,0,False
55493,0,251000.0,Master,M,4,102815,sales,reaches_CEO,5,0,False
52651,1,143000.0,PhD,F,1,128511,engineering,reaches_CEO,5,0,False
173786,1,188000.0,Bachelor,F,2,12679,sales,reaches_CEO,5,0,False
11627,0,141000.0,High_School,M,8,147783,sales,reaches_CEO,5,0,False
80889,0,90000.0,Bachelor,F,5,165442,sales,reaches_CEO,5,0,False
159070,0,66000.0,PhD,F,2,189742,HR,reaches_CEO,5,0,False
72655,0,202000.0,Master,M,2,78874,sales,reaches_CEO,5,0,False
120750,0,164000.0,Master,M,1,167877,sales,reaches_CEO,5,0,False
79637,0,91000.0,Bachelor,M,7,51923,HR,reaches_CEO,5,0,False
32193,1,177000.0,PhD,M,4,12877,engineering,reaches_CEO,5,0,False
134874,0,136000.0,Bachelor,M,4,91124,sales,reaches_CEO,5,0,False
139720,0,116000.0,PhD,M,4,74264,marketing,reaches_CEO,5,0,False
144872,0,117000.0,Master,M,6,183283,HR,reaches_CEO,5,0,False
108164,1,236000.0,PhD,M,4,32510,sales,reaches_CEO,4,14,True
41811,0,251000.0,Bachelor,M,2,116119,marketing,reaches_CEO,5,0,False
94871,1,185000.0,PhD,M,4,160476,sales,reaches_CEO,5,0,False
51549,1,175000.0,Bachelor,M,6,199184,sales,reaches_CEO,5,0,False
161037,0,70000.0,Master,F,9,174009,HR,reaches_CEO,5,0,False
163049,0,260000.0,Bachelor,F,13,56068,sales,reaches_CEO,3,3,True
177283,0,102000.0,Bachelor,F,1,160289,sales,reaches_CEO,5,0,False
21566,1,204000.0,PhD,M,3,41080,sales,reaches_CEO,5,0,False
34520,0,219000.0,Master,F,3,16073,marketing,reaches_CEO,5,0,False
66792,0,287000.0,Bachelor,F,2,52525,engineering,reaches_CEO,5,0,False
109934,0,141000.0,Master,F,2,180924,marketing,reaches_CEO,5,0,False
5448,1,171000.0,PhD,M,1,130585,sales,reaches_CEO,5,0,False
34837,0,311000.0,Bachelor,M,3,21470,marketing,reaches_CEO,5,0,False
3157,1,154000.0,PhD,F,1,98520,marketing,reaches_CEO,5,0,False
2112,1,332000.0,Bachelor,M,2,78516,sales,reaches_CEO,5,0,False
149037,0,72000.0,PhD,M,1,11507,HR,reaches_CEO,5,0,False
195820,0,194000.0,High_School,M,5,186086,engineering,reaches_CEO,5,0,False
51827,0,228000.0,PhD,F,1,16510,sales,reaches_CEO,5,0,False
163751,0,221000.0,Bachelor,F,3,57316,sales,reaches_CEO,5,0,False
168564,0,160000.0,PhD,M,9,8665,sales,reaches_CEO,4,14,True
188215,0,132000.0,Bachelor,M,4,77556,HR,reaches_CEO,5,0,False
3802,1,122000.0,PhD,F,15,133795,engineering,reaches_CEO,3,3,True
131620,1,236000.0,Master,M,9,40475,sales,reaches_CEO,4,9,True
180925,1,255000.0,Bachelor,M,9,141808,sales,reaches_CEO,4,12,True
77311,1,267000.0,Master,M,3,168342,engineering,reaches_CEO,5,0,False
144949,1,238000.0,Bachelor,F,1,47618,marketing,reaches_CEO,5,0,False
21387,0,248000.0,Master,M,3,168905,engineering,reaches_CEO,5,0,False
90566,0,190000.0,PhD,F,4,66591,sales,reaches_CEO,5,0,False
26839,1,223000.0,Bachelor,M,2,181787,marketing,reaches_CEO,5,0,False
19746,0,170000.0,PhD,F,4,76135,marketing,reaches_CEO,5,0,False
50427,1,182000.0,PhD,M,1,132283,engineering,reaches_CEO,5,0,False
81853,0,77000.0,Bachelor,F,3,61517,HR,reaches_CEO,5,0,False
56110,1,360000.0,Master,M,2,30640,engineering,reaches_CEO,5,0,False
173360,0,295000.0,Bachelor,M,6,81811,sales,reaches_CEO,5,0,False
94392,0,394000.0,Master,M,3,39417,engineering,reaches_CEO,5,0,False
133570,0,260000.0,Bachelor,F,3,147249,engineering,reaches_CEO,5,0,False
136398,0,61000.0,Master,F,3,180006,HR,reaches_CEO,5,0,False
55476,1,76000.0,Bachelor,M,11,82419,marketing,reaches_CEO,4,8,True
176610,0,92000.0,PhD,F,4,142276,HR,reaches_CEO,5,0,False
55160,1,260000.0,Master,F,2,27781,marketing,reaches_CEO,5,0,False
144675,0,262000.0,Bachelor,M,1,181219,marketing,reaches_CEO,5,0,False
91088,1,185000.0,Master,M,3,193518,sales,reaches_CEO,5,0,False
106770,0,181000.0,Master,M,2,156927,marketing,reaches_CEO,5,0,False
169231,0,162000.0,PhD,M,5,164851,sales,reaches_CEO,4,10,True
25934,1,282000.0,Bachelor,M,2,154285,engineering,reaches_CEO,4,12,True
157239,0,322000.0,PhD,F,4,180854,sales,reaches_CEO,5,0,False
16619,0,178000.0,Bachelor,M,3,57316,sales,reaches_CEO,5,0,False
13924,0,86000.0,High_School,F,1,64087,HR,reaches_CEO,5,0,False
161070,1,154000.0,High_School,M,1,90237,sales,reaches_CEO,5,0,False
121293,1,201000.0,Bachelor,M,1,167389,sales,reaches_CEO,5,0,False
45128,1,220000.0,Master,F,1,89837,marketing,reaches_CEO,5,0,False
160557,0,219000.0,Bachelor,M,2,69345,sales,reaches_CEO,5,0,False
7118,0,244000.0,Master,M,2,95169,sales,reaches_CEO,5,0,False
120037,0,160000.0,Master,M,2,38308,marketing,reaches_CEO,5,0,False
71532,0,252000.0,PhD,M,6,109308,marketing,reaches_CEO,3,5,True
158723,0,134000.0,PhD,F,1,180037,sales,reaches_CEO,5,0,False
6670,1,376000.0,Bachelor,F,1,67931,engineering,reaches_CEO,5,0,False
43386,1,241000.0,PhD,M,4,113189,sales,reaches_CEO,5,0,False
98047,0,93000.0,High_School,M,5,178314,marketing,reaches_CEO,5,0,False
100144,0,160000.0,Master,M,2,94611,engineering,reaches_CEO,5,0,False
104432,0,242000.0,High_School,F,1,144401,sales,reaches_CEO,5,0,False
164347,1,297000.0,Master,M,4,153551,sales,reaches_CEO,5,0,False
81227,0,93000.0,PhD,M,3,29733,HR,reaches_CEO,5,0,False
187469,0,145000.0,Bachelor,M,5,152960,sales,reaches_CEO,5,0,False
100883,0,225000.0,Bachelor,F,3,180037,sales,reaches_CEO,5,0,False
86703,0,122000.0,Master,M,2,158888,sales,reaches_CEO,5,0,False
81363,0,208000.0,Bachelor,M,3,4440,marketing,reaches_CEO,5,0,False
99414,0,162000.0,Bachelor,M,1,181219,marketing,reaches_CEO,5,0,False
92314,1,98000.0,Bachelor,F,3,80043,HR,reaches_CEO,5,0,False
163884,0,232000.0,Bachelor,F,1,12679,sales,reaches_CEO,5,0,False
87379,0,174000.0,Bachelor,M,19,176367,engineering,reaches_CEO,3,3,True
46653,1,343000.0,PhD,M,4,34134,sales,reaches_CEO,5,0,False
5282,0,267000.0,Bachelor,M,5,32248,sales,reaches_CEO,4,17,True
40494,0,107000.0,PhD,F,2,150189,HR,reaches_CEO,5,0,False
191083,1,68000.0,PhD,M,4,37154,marketing,reaches_CEO,4,10,True
27731,0,321000.0,Bachelor,M,3,73034,engineering,reaches_CEO,5,0,False
198910,0,376000.0,Master,M,2,82698,sales,reaches_CEO,5,0,False
65522,0,204000.0,Master,M,4,34051,sales,reaches_CEO,3,4,True
114858,1,278000.0,PhD,M,9,189222,engineering,reaches_CEO,5,0,False
10492,0,199000.0,Bachelor,M,2,198531,sales,reaches_CEO,5,0,False
118909,0,165000.0,PhD,M,3,5374,sales,reaches_CEO,5,0,False
159906,0,105000.0,Bachelor,M,2,65174,sales,reaches_CEO,4,14,True
117052,0,337000.0,Bachelor,F,3,48742,engineering,reaches_CEO,5,0,False
35357,0,231000.0,Master,M,8,81811,sales,reaches_CEO,5,0,False
27293,0,169000.0,Bachelor,M,4,56451,sales,reaches_CEO,5,0,False
145164,0,292000.0,PhD,M,3,19424,engineering,reaches_CEO,5,0,False
175253,0,192000.0,Master,M,5,148260,marketing,reaches_CEO,5,0,False
144365,1,243000.0,PhD,M,2,41335,engineering,reaches_CEO,5,0,False
43243,0,261000.0,Master,F,1,193763,engineering,reaches_CEO,5,0,False
51121,0,110000.0,High_School,F,5,59566,HR,reaches_CEO,4,22,True
4264,0,200000.0,Master,F,1,82463,marketing,reaches_CEO,5,0,False
165620,0,240000.0,Master,M,2,55481,engineering,reaches_CEO,5,0,False
197158,0,88000.0,Master,F,3,175548,HR,reaches_CEO,5,0,False
16708,0,155000.0,PhD,M,3,33266,marketing,reaches_CEO,5,0,False
18676,0,277000.0,Bachelor,M,1,147642,sales,reaches_CEO,5,0,False
66023,1,361000.0,Bachelor,M,1,102102,sales,reaches_CEO,5,0,False
174580,1,120000.0,PhD,M,3,194078,marketing,reaches_CEO,5,0,False
134816,0,148000.0,High_School,F,1,52796,sales,reaches_CEO,5,0,False
37407,0,387000.0,High_School,M,2,7255,engineering,reaches_CEO,5,0,False
177876,0,164000.0,Bachelor,M,4,175558,engineering,reaches_CEO,5,0,False
174478,0,182000.0,PhD,F,6,64452,sales,reaches_CEO,5,0,False
104365,1,216000.0,PhD,M,3,141079,engineering,reaches_CEO,5,0,False
137130,0,268000.0,High_School,M,2,198531,sales,reaches_CEO,5,0,False
111821,0,290000.0,High_School,M,2,189038,engineering,reaches_CEO,5,0,False
113231,0,65000.0,Bachelor,M,5,11275,marketing,reaches_CEO,5,0,False
181772,1,99000.0,Bachelor,M,9,54963,sales,reaches_CEO,4,13,True
186649,0,180000.0,Bachelor,M,2,126330,engineering,reaches_CEO,5,0,False
69382,1,232000.0,High_School,M,4,111082,sales,reaches_CEO,5,0,False
67522,0,124000.0,Master,M,5,141808,sales,reaches_CEO,4,14,True
46107,0,179000.0,Bachelor,M,4,73846,sales,reaches_CEO,5,0,False
40213,0,163000.0,Bachelor,M,4,27393,sales,reaches_CEO,5,0,False
18489,0,226000.0,Bachelor,M,5,82657,sales,reaches_CEO,5,0,False
101777,1,61000.0,PhD,F,1,31063,HR,reaches_CEO,5,0,False
107224,0,95000.0,Bachelor,F,4,123502,HR,reaches_CEO,5,0,False
134582,1,345000.0,Master,M,4,145710,engineering,reaches_CEO,5,0,False
81226,0,76000.0,Master,M,1,22887,HR,reaches_CEO,5,0,False
178457,0,299000.0,PhD,F,5,143317,sales,reaches_CEO,5,0,False
173673,1,93000.0,Master,M,4,98520,marketing,reaches_CEO,5,0,False
174959,1,242000.0,Bachelor,F,1,113245,sales,reaches_CEO,5,0,False
70399,1,112000.0,Master,F,1,181781,HR,reaches_CEO,5,0,False
67748,0,328000.0,High_School,M,6,144976,sales,reaches_CEO,5,0,False
180478,0,371000.0,High_School,M,1,149135,engineering,reaches_CEO,5,0,False
125339,0,212000.0,Master,F,4,111508,marketing,reaches_CEO,5,0,False
147776,0,355000.0,Bachelor,M,4,79735,engineering,reaches_CEO,5,0,False
173085,0,347000.0,Bachelor,F,4,101484,engineering,reaches_CEO,5,0,False
182765,0,365000.0,PhD,M,3,148260,marketing,reaches_CEO,5,0,False
27285,1,260000.0,Master,F,5,152791,sales,reaches_CEO,5,0,False
65379,1,67000.0,PhD,M,5,180854,sales,reaches_CEO,5,0,False
56198,1,228000.0,PhD,M,2,132360,sales,reaches_CEO,5,0,False
115176,1,101000.0,Master,F,2,177805,marketing,reaches_CEO,5,0,False
27718,0,78000.0,Master,F,3,89619,HR,reaches_CEO,4,6,True
191778,0,201000.0,Bachelor,F,8,155437,engineering,reaches_CEO,5,0,False
196043,0,173000.0,PhD,F,5,148032,sales,reaches_CEO,5,0,False
169319,0,83000.0,Bachelor,M,1,183283,HR,reaches_CEO,5,0,False
185639,1,276000.0,Master,M,1,92765,engineering,reaches_CEO,5,0,False
30040,1,99000.0,Master,F,2,189148,HR,reaches_CEO,5,0,False
167986,0,164000.0,Bachelor,M,4,109254,sales,reaches_CEO,5,0,False
133424,1,136000.0,Bachelor,M,4,95609,sales,reaches_CEO,5,0,False
13959,0,129000.0,Master,F,5,102498,HR,reaches_CEO,5,0,False
165794,1,69000.0,Bachelor,F,5,47260,HR,reaches_CEO,5,0,False
110529,0,166000.0,Master,F,4,48742,engineering,reaches_CEO,5,0,False
143888,0,88000.0,Bachelor,M,5,67178,HR,reaches_CEO,5,0,False
175358,0,133000.0,Master,M,3,198531,sales,reaches_CEO,5,0,False
57920,1,103000.0,Bachelor,F,2,115349,sales,reaches_CEO,5,0,False
173458,1,287000.0,PhD,M,4,1872,engineering,reaches_CEO,5,0,False
142745,0,93000.0,High_School,F,1,1791,HR,reaches_CEO,5,0,False
65782,0,142000.0,PhD,M,5,5282,sales,reaches_CEO,5,0,False
36498,0,377000.0,High_School,M,3,79807,engineering,reaches_CEO,5,0,False
151070,0,90000.0,Bachelor,M,3,159638,HR,reaches_CEO,5,0,False
176900,0,253000.0,PhD,M,5,162196,engineering,reaches_CEO,5,0,False
4781,0,159000.0,High_School,F,2,149696,sales,reaches_CEO,5,0,False
166653,0,209000.0,Bachelor,F,3,146629,engineering,reaches_CEO,4,4,True
146858,1,202000.0,PhD,F,1,126257,engineering,reaches_CEO,5,0,False
26109,1,140000.0,Bachelor,M,1,145126,sales,reaches_CEO,5,0,False
75374,1,301000.0,PhD,F,6,160618,sales,reaches_CEO,5,0,False
92990,1,274000.0,Bachelor,M,5,87929,sales,reaches_CEO,5,0,False
34525,0,84000.0,PhD,M,6,168942,HR,reaches_CEO,5,0,False
79698,0,114000.0,Bachelor,F,1,190778,marketing,reaches_CEO,5,0,False
181041,0,65000.0,Bachelor,F,4,103884,HR,reaches_CEO,5,0,False
80762,0,269000.0,Master,F,2,26757,marketing,reaches_CEO,5,0,False
46456,0,213000.0,Bachelor,M,5,175361,sales,reaches_CEO,5,0,False
8263,0,388000.0,PhD,M,7,150300,marketing,reaches_CEO,5,0,False
77946,1,314000.0,PhD,M,2,101819,engineering,reaches_CEO,5,0,False
173255,0,75000.0,Master,F,8,184885,HR,reaches_CEO,5,0,False
144110,0,83000.0,Master,M,3,129734,engineering,reaches_CEO,5,0,False
28167,1,67000.0,PhD,M,4,191083,marketing,reaches_CEO,5,0,False
17790,1,138000.0,High_School,M,5,147715,sales,reaches_CEO,5,0,False
124893,0,287000.0,PhD,M,18,149778,marketing,reaches_CEO,3,5,True
181421,0,304000.0,Master,M,5,107049,sales,reaches_CEO,4,9,True
129879,0,154000.0,High_School,M,3,40904,engineering,reaches_CEO,5,0,False
171266,0,153000.0,Master,M,8,71889,HR,reaches_CEO,3,5,True
182627,0,324000.0,Master,M,2,147819,sales,reaches_CEO,5,0,False
58658,0,165000.0,High_School,M,4,1050,engineering,reaches_CEO,5,0,False
33069,0,178000.0,Master,M,4,114572,marketing,reaches_CEO,5,0,False
79524,0,160000.0,High_School,F,1,195165,engineering,reaches_CEO,5,0,False
120274,0,146000.0,Master,F,2,26505,marketing,reaches_CEO,5,0,False
134728,1,188000.0,PhD,M,10,114137,marketing,reaches_CEO,4,10,True
177705,0,248000.0,Master,M,5,181421,sales,reaches_CEO,5,0,False
51802,0,213000.0,Master,F,3,168797,marketing,reaches_CEO,5,0,False
97859,0,207000.0,PhD,M,6,48120,engineering,reaches_CEO,5,0,False
125642,1,151000.0,Bachelor,M,7,186086,engineering,reaches_CEO,5,0,False
129565,0,206000.0,PhD,F,2,147103,engineering,reaches_CEO,5,0,False
107509,0,148000.0,High_School,M,5,168791,engineering,reaches_CEO,5,0,False
17395,0,213000.0,Master,M,21,96752,sales,reaches_CEO,3,3,True
39491,0,304000.0,High_School,M,4,151005,marketing,reaches_CEO,5,0,False
90834,0,293000.0,Master,F,13,157492,sales,reaches_CEO,4,13,True
51571,0,171000.0,Master,F,7,4110,sales,reaches_CEO,5,0,False
98550,0,221000.0,Bachelor,M,1,168564,sales,reaches_CEO,5,0,False
149430,1,132000.0,Bachelor,M,4,48690,sales,reaches_CEO,5,0,False
70563,1,80000.0,PhD,M,5,54997,sales,reaches_CEO,5,0,False
149745,0,104000.0,PhD,F,3,189627,sales,reaches_CEO,5,0,False
134038,1,151000.0,High_School,M,3,51288,engineering,reaches_CEO,5,0,False
190330,0,250000.0,Master,M,3,172246,sales,reaches_CEO,5,0,False
192377,1,372000.0,PhD,M,3,198778,engineering,reaches_CEO,5,0,False
15070,0,243000.0,Master,M,4,159906,sales,reaches_CEO,5,0,False
129120,1,96000.0,Bachelor,M,3,155437,engineering,reaches_CEO,5,0,False
79573,1,79000.0,PhD,M,5,80043,HR,reaches_CEO,5,0,False
13470,1,364000.0,Bachelor,M,7,101819,engineering,reaches_CEO,5,0,False
196058,0,149000.0,Master,M,13,5692,marketing,reaches_CEO,4,12,True
177166,0,168000.0,Bachelor,M,3,192589,engineering,reaches_CEO,4,13,True
173884,0,329000.0,PhD,F,2,103421,engineering,reaches_CEO,5,0,False
132810,0,162000.0,Bachelor,M,4,158056,engineering,reaches_CEO,5,0,False
111667,0,251000.0,Master,M,6,167921,engineering,reaches_CEO,5,0,False
71615,0,85000.0,Master,M,4,190060,sales,reaches_CEO,5,0,False
127089,1,254000.0,PhD,M,3,151005,marketing,reaches_CEO,5,0,False
98931,1,259000.0,High_School,F,5,103443,marketing,reaches_CEO,4,10,True
159599,0,113000.0,Bachelor,F,3,34134,sales,reaches_CEO,5,0,False
134457,1,209000.0,Master,M,4,84230,marketing,reaches_CEO,5,0,False
29536,0,63000.0,High_School,F,5,94447,HR,reaches_CEO,5,0,False
90188,0,70000.0,Bachelor,M,4,123154,HR,reaches_CEO,5,0,False
168861,0,241000.0,High_School,M,5,154170,engineering,reaches_CEO,5,0,False
24655,0,233000.0,PhD,F,2,64190,sales,reaches_CEO,5,0,False
95038,1,270000.0,High_School,M,7,110091,engineering,reaches_CEO,5,0,False
189119,0,64000.0,Master,F,6,87929,sales,reaches_CEO,5,0,False
52681,0,311000.0,High_School,M,2,150408,engineering,reaches_CEO,5,0,False
73434,0,257000.0,High_School,F,2,60489,marketing,reaches_CEO,5,0,False
13651,1,396000.0,High_School,F,4,64750,engineering,reaches_CEO,5,0,False
157064,0,75000.0,Master,M,3,125912,marketing,reaches_CEO,4,18,True
127544,0,231000.0,PhD,M,5,65451,sales,reaches_CEO,4,13,True
196379,1,215000.0,Master,M,1,55883,engineering,reaches_CEO,5,0,False
199323,1,278000.0,High_School,M,3,45803,sales,reaches_CEO,5,0,False
187995,0,319000.0,Bachelor,M,3,116289,engineering,reaches_CEO,5,0,False
106442,0,216000.0,Master,M,2,59555,marketing,reaches_CEO,5,0,False
103923,0,153000.0,Bachelor,M,5,126257,engineering,reaches_CEO,5,0,False
199014,1,163000.0,High_School,M,1,80128,sales,reaches_CEO,5,0,False
47123,0,90000.0,Master,M,3,135848,marketing,reaches_CEO,5,0,False
1811,0,99000.0,Master,M,7,16445,HR,reaches_CEO,5,0,False
98385,0,97000.0,PhD,F,6,151696,HR,reaches_CEO,5,0,False
48730,0,212000.0,PhD,M,8,181566,marketing,reaches_CEO,4,8,True
140284,1,72000.0,High_School,F,5,62161,marketing,reaches_CEO,5,0,False
100411,1,239000.0,Bachelor,M,3,98520,marketing,reaches_CEO,5,0,False
123696,1,167000.0,PhD,F,7,143050,marketing,reaches_CEO,5,0,False
2843,0,63000.0,PhD,F,2,8812,HR,reaches_CEO,5,0,False
43627,0,322000.0,Bachelor,M,1,182028,engineering,reaches_CEO,5,0,False
73084,0,115000.0,Bachelor,F,1,130342,HR,reaches_CEO,5,0,False
166458,1,90000.0,PhD,F,6,57185,engineering,reaches_CEO,5,0,False
56861,0,73000.0,PhD,M,6,1791,HR,reaches_CEO,5,0,False
118518,0,68000.0,High_School,F,4,178147,HR,reaches_CEO,5,0,False
116797,0,129000.0,High_School,F,2,62161,marketing,reaches_CEO,5,0,False
21086,0,79000.0,Master,M,4,24015,HR,reaches_CEO,4,15,True
114505,0,212000.0,High_School,M,4,51738,engineering,reaches_CEO,5,0,False
142104,1,383000.0,Master,F,8,47553,engineering,reaches_CEO,4,9,True
23438,0,267000.0,High_School,F,3,116119,marketing,reaches_CEO,5,0,False
157592,0,104000.0,PhD,F,2,71987,HR,reaches_CEO,5,0,False
3793,1,225000.0,Master,M,6,197832,marketing,reaches_CEO,5,0,False
161265,0,139000.0,High_School,M,8,191073,sales,reaches_CEO,5,0,False
82228,1,72000.0,Bachelor,M,2,79237,marketing,reaches_CEO,5,0,False
194796,0,128000.0,Master,M,2,8198,engineering,reaches_CEO,5,0,False
60130,0,207000.0,Bachelor,M,3,73846,sales,reaches_CEO,5,0,False
53389,1,124000.0,Bachelor,M,2,196058,marketing,reaches_CEO,5,0,False
134630,0,196000.0,Master,M,4,144976,sales,reaches_CEO,5,0,False
144335,0,81000.0,PhD,M,2,147783,sales,reaches_CEO,5,0,False
114216,0,65000.0,Bachelor,M,7,198624,HR,reaches_CEO,5,0,False
6880,1,121000.0,PhD,M,7,170076,engineering,reaches_CEO,5,0,False
133762,0,81000.0,PhD,F,6,72965,sales,reaches_CEO,5,0,False
99282,0,193000.0,Master,M,3,73893,sales,reaches_CEO,5,0,False
71923,1,333000.0,Bachelor,M,6,114011,engineering,reaches_CEO,5,0,False
11724,0,295000.0,Bachelor,M,2,115349,sales,reaches_CEO,5,0,False
76588,0,116000.0,Bachelor,F,1,29712,engineering,reaches_CEO,5,0,False
149858,0,287000.0,Master,F,2,48120,engineering,reaches_CEO,5,0,False
102768,1,266000.0,Bachelor,M,2,161727,engineering,reaches_CEO,5,0,False
174939,1,186000.0,Master,M,1,18312,engineering,reaches_CEO,5,0,False
195665,0,244000.0,PhD,M,8,65856,sales,reaches_CEO,5,0,False
77708,0,116000.0,Bachelor,F,8,189222,engineering,reaches_CEO,5,0,False
37454,1,77000.0,Bachelor,F,5,51121,HR,reaches_CEO,5,0,False
148578,1,291000.0,High_School,M,1,166729,marketing,reaches_CEO,5,0,False
10088,1,282000.0,Master,M,1,101981,sales,reaches_CEO,5,0,False
10922,0,220000.0,Master,F,12,198366,sales,reaches_CEO,4,11,True
111991,0,86000.0,Master,F,2,169849,HR,reaches_CEO,5,0,False
63086,0,247000.0,PhD,M,3,183045,engineering,reaches_CEO,5,0,False
188001,0,87000.0,Bachelor,F,3,150189,HR,reaches_CEO,5,0,False
177846,1,128000.0,PhD,F,1,5374,sales,reaches_CEO,5,0,False
162476,1,330000.0,PhD,F,33,51535,engineering,reaches_CEO,2,4,True
82649,0,166000.0,Bachelor,F,1,119774,sales,reaches_CEO,5,0,False
52230,1,225000.0,Bachelor,F,3,189890,engineering,reaches_CEO,5,0,False
71037,1,391000.0,Bachelor,M,5,195165,engineering,reaches_CEO,5,0,False
111149,0,294000.0,PhD,M,3,30749,engineering,reaches_CEO,5,0,False
75492,1,308000.0,PhD,F,4,37220,engineering,reaches_CEO,5,0,False
139177,1,304000.0,Bachelor,M,4,74066,engineering,reaches_CEO,5,0,False
77746,0,343000.0,PhD,M,2,3260,engineering,reaches_CEO,5,0,False
114239,0,166000.0,Master,M,5,119576,engineering,reaches_CEO,5,0,False
102196,0,237000.0,Bachelor,M,3,35499,sales,reaches_CEO,5,0,False
130051,0,99000.0,Master,F,4,150189,HR,reaches_CEO,5,0,False
192843,1,138000.0,Bachelor,F,4,96420,sales,reaches_CEO,5,0,False
80128,1,186000.0,PhD,M,2,171907,sales,reaches_CEO,4,7,True
39743,1,315000.0,PhD,M,1,191351,marketing,reaches_CEO,5,0,False
143116,1,264000.0,PhD,M,1,109254,sales,reaches_CEO,5,0,False
151099,0,219000.0,Master,M,3,34977,sales,reaches_CEO,5,0,False
19888,1,129000.0,Master,F,2,109671,marketing,reaches_CEO,5,0,False
157325,0,92000.0,Master,M,4,39417,engineering,reaches_CEO,5,0,False
163676,0,150000.0,PhD,F,3,174009,HR,reaches_CEO,5,0,False
158933,0,89000.0,Master,M,1,85426,HR,reaches_CEO,5,0,False
90783,0,191000.0,Bachelor,F,5,129626,marketing,reaches_CEO,5,0,False
80035,0,244000.0,Master,F,4,34977,sales,reaches_CEO,5,0,False
6839,0,91000.0,High_School,F,4,126515,HR,reaches_CEO,5,0,False
147238,0,309000.0,High_School,M,4,118769,engineering,reaches_CEO,5,0,False
9177,0,215000.0,Bachelor,M,6,180924,marketing,reaches_CEO,5,0,False
16567,1,190000.0,Bachelor,M,5,85717,sales,reaches_CEO,5,0,False
169585,1,192000.0,PhD,M,5,96664,marketing,reaches_CEO,5,0,False
52085,1,362000.0,Bachelor,M,3,75246,engineering,reaches_CEO,5,0,False
81183,0,363000.0,Bachelor,F,3,56316,sales,reaches_CEO,5,0,False
45531,0,155000.0,Bachelor,M,2,95473,sales,reaches_CEO,5,0,False
24534,0,219000.0,PhD,M,7,158777,marketing,reaches_CEO,5,0,False
73155,0,91000.0,Master,M,3,4421,sales,reaches_CEO,5,0,False
152377,0,91000.0,High_School,F,4,142276,HR,reaches_CEO,5,0,False
60945,0,67000.0,Bachelor,M,2,67151,engineering,reaches_CEO,5,0,False
42655,1,189000.0,PhD,M,1,124014,sales,reaches_CEO,5,0,False
109417,0,72000.0,Bachelor,M,1,136147,sales,reaches_CEO,5,0,False
125534,1,354000.0,Bachelor,M,2,183045,engineering,reaches_CEO,5,0,False
115405,0,156000.0,High_School,M,2,7255,engineering,reaches_CEO,5,0,False
92548,0,105000.0,Master,F,3,110089,HR,reaches_CEO,5,0,False
7641,0,65000.0,PhD,F,6,27018,HR,reaches_CEO,5,0,False
76806,0,183000.0,High_School,F,9,131620,sales,reaches_CEO,5,0,False
159480,0,233000.0,Master,M,6,16510,sales,reaches_CEO,5,0,False
119838,0,302000.0,Master,M,1,131620,sales,reaches_CEO,5,0,False
10024,1,370000.0,Bachelor,M,1,169664,engineering,reaches_CEO,5,0,False
173142,0,84000.0,PhD,F,2,8812,HR,reaches_CEO,5,0,False
56217,0,104000.0,Master,F,3,126368,sales,reaches_CEO,5,0,False
18195,0,73000.0,Bachelor,M,5,100373,HR,reaches_CEO,5,0,False
47309,0,119000.0,Bachelor,F,4,142630,HR,reaches_CEO,5,0,False
171990,0,168000.0,High_School,F,7,113124,sales,reaches_CEO,5,0,False
139515,0,63000.0,High_School,M,1,45803,sales,reaches_CEO,5,0,False
25011,0,321000.0,Master,M,2,41175,engineering,reaches_CEO,5,0,False
174909,0,358000.0,Master,F,5,19424,engineering,reaches_CEO,5,0,False
92746,0,236000.0,Master,F,3,34714,sales,reaches_CEO,5,0,False
26469,0,133000.0,Master,M,2,88936,sales,reaches_CEO,5,0,False
77092,0,198000.0,Bachelor,F,1,65856,sales,reaches_CEO,5,0,False
53237,0,287000.0,PhD,M,1,12679,sales,reaches_CEO,5,0,False
98265,0,69000.0,Master,F,3,85426,HR,reaches_CEO,5,0,False
539,0,172000.0,PhD,F,1,18627,marketing,reaches_CEO,5,0,False
115603,0,149000.0,Master,M,1,51293,sales,reaches_CEO,5,0,False
194078,0,77000.0,PhD,M,2,162889,marketing,reaches_CEO,4,15,True
13501,0,178000.0,Master,M,2,148032,sales,reaches_CEO,5,0,False
198586,0,156000.0,High_School,M,5,119658,engineering,reaches_CEO,5,0,False
121241,0,72000.0,High_School,M,6,123263,HR,reaches_CEO,5,0,False
179719,1,175000.0,Bachelor,F,2,192369,sales,reaches_CEO,5,0,False
109826,0,240000.0,PhD,M,1,32159,sales,reaches_CEO,5,0,False
97314,0,252000.0,High_School,M,2,94030,sales,reaches_CEO,5,0,False
196317,0,286000.0,Master,M,2,137776,engineering,reaches_CEO,5,0,False
167921,0,111000.0,PhD,M,4,147555,engineering,reaches_CEO,4,10,True
20199,1,155000.0,High_School,F,3,158888,sales,reaches_CEO,5,0,False
91759,0,87000.0,High_School,F,2,184885,HR,reaches_CEO,5,0,False
36233,1,292000.0,Master,M,1,40904,engineering,reaches_CEO,5,0,False
167305,0,136000.0,Bachelor,F,1,99121,marketing,reaches_CEO,5,0,False
59987,0,78000.0,Master,M,1,143473,HR,reaches_CEO,5,0,False
3663,0,191000.0,Master,F,6,43420,sales,reaches_CEO,5,0,False
190955,0,213000.0,Master,M,1,192145,sales,reaches_CEO,5,0,False
20135,1,330000.0,High_School,F,7,159098,engineering,reaches_CEO,5,0,False
2519,0,196000.0,PhD,M,2,67931,engineering,reaches_CEO,5,0,False
105575,0,216000.0,Bachelor,M,1,59862,engineering,reaches_CEO,5,0,False
28531,0,90000.0,PhD,F,3,150189,HR,reaches_CEO,5,0,False
170010,0,221000.0,Master,F,6,126368,sales,reaches_CEO,5,0,False
161540,1,209000.0,Bachelor,F,2,14470,sales,reaches_CEO,5,0,False
45415,0,339000.0,PhD,M,3,119576,engineering,reaches_CEO,5,0,False
176367,1,286000.0,Master,M,27,51535,engineering,reaches_CEO,2,4,True
52658,1,188000.0,Bachelor,M,5,95522,marketing,reaches_CEO,5,0,False
131043,0,194000.0,Master,M,2,27393,sales,reaches_CEO,5,0,False
35879,0,262000.0,Bachelor,M,8,52313,sales,reaches_CEO,5,0,False
61003,0,66000.0,PhD,M,8,22977,HR,reaches_CEO,5,0,False
16528,1,193000.0,PhD,F,1,158777,marketing,reaches_CEO,5,0,False
16446,0,62000.0,Master,M,3,180037,sales,reaches_CEO,5,0,False
355,0,289000.0,High_School,M,8,113245,sales,reaches_CEO,5,0,False
51537,1,271000.0,Bachelor,M,3,41335,engineering,reaches_CEO,5,0,False
102323,0,198000.0,PhD,F,3,94030,sales,reaches_CEO,5,0,False
156563,1,282000.0,Master,F,9,58522,engineering,reaches_CEO,5,0,False
111508,1,90000.0,PhD,F,8,82419,marketing,reaches_CEO,4,11,True
143027,0,67000.0,Master,M,4,43602,engineering,reaches_CEO,5,0,False
66979,0,62000.0,Master,F,1,23737,HR,reaches_CEO,5,0,False
56508,0,162000.0,High_School,M,2,32159,sales,reaches_CEO,5,0,False
90965,0,212000.0,Bachelor,F,1,182038,sales,reaches_CEO,5,0,False
17291,0,188000.0,Master,M,6,92713,sales,reaches_CEO,4,12,True
39494,1,318000.0,PhD,M,1,124186,marketing,reaches_CEO,5,0,False
115244,1,316000.0,High_School,F,5,87884,engineering,reaches_CEO,5,0,False
84055,0,80000.0,PhD,M,1,127266,marketing,reaches_CEO,5,0,False
42270,1,334000.0,PhD,M,18,79693,engineering,reaches_CEO,3,6,True
48793,0,259000.0,High_School,F,1,130834,engineering,reaches_CEO,5,0,False
9641,1,358000.0,High_School,F,5,40904,engineering,reaches_CEO,5,0,False
65433,1,75000.0,PhD,M,1,5743,sales,reaches_CEO,5,0,False
164046,0,197000.0,High_School,M,4,189627,sales,reaches_CEO,5,0,False
74505,0,354000.0,Bachelor,M,7,74170,sales,reaches_CEO,5,0,False
67291,0,246000.0,Master,F,3,53109,sales,reaches_CEO,5,0,False
145087,0,316000.0,PhD,F,1,23100,engineering,reaches_CEO,5,0,False
33266,0,304000.0,PhD,M,7,158490,marketing,reaches_CEO,4,10,True
26957,1,205000.0,High_School,F,4,198879,sales,reaches_CEO,5,0,False
115779,0,83000.0,PhD,F,5,123103,engineering,reaches_CEO,5,0,False
164378,0,188000.0,Bachelor,M,7,132360,sales,reaches_CEO,5,0,False
45477,0,130000.0,PhD,M,2,171940,marketing,reaches_CEO,5,0,False
118824,0,395000.0,Master,M,5,147103,engineering,reaches_CEO,5,0,False
159377,1,136000.0,PhD,M,3,77670,sales,reaches_CEO,5,0,False
191809,0,168000.0,High_School,M,4,181787,marketing,reaches_CEO,5,0,False
139963,0,278000.0,High_School,F,3,140393,engineering,reaches_CEO,5,0,False
191856,0,237000.0,Bachelor,M,4,74264,marketing,reaches_CEO,5,0,False
155980,0,130000.0,PhD,M,2,62161,marketing,reaches_CEO,5,0,False
133032,1,231000.0,High_School,M,2,137369,sales,reaches_CEO,5,0,False
1584,1,317000.0,Master,M,2,59862,engineering,reaches_CEO,5,0,False
198624,0,108000.0,PhD,M,6,157530,HR,reaches_CEO,4,5,True
185854,0,246000.0,Bachelor,M,5,142367,sales,reaches_CEO,5,0,False
143705,1,206000.0,High_School,M,2,63077,sales,reaches_CEO,5,0,False
94866,0,141000.0,PhD,M,4,40904,engineering,reaches_CEO,5,0,False
17160,1,75000.0,High_School,M,3,175365,marketing,reaches_CEO,5,0,False
50685,0,138000.0,Bachelor,M,1,152960,sales,reaches_CEO,5,0,False
6607,1,365000.0,Bachelor,M,2,114011,engineering,reaches_CEO,5,0,False
38219,0,73000.0,Bachelor,F,4,51121,HR,reaches_CEO,5,0,False
35374,1,104000.0,High_School,M,6,76073,engineering,reaches_CEO,5,0,False
186910,0,293000.0,PhD,F,1,181772,sales,reaches_CEO,5,0,False
51808,0,364000.0,PhD,M,4,41080,sales,reaches_CEO,5,0,False
59696,0,95000.0,PhD,F,2,194904,HR,reaches_CEO,5,0,False
160289,1,129000.0,Bachelor,M,7,79285,sales,reaches_CEO,4,16,True
54689,0,70000.0,Bachelor,M,5,91979,HR,reaches_CEO,5,0,False
68484,0,227000.0,Bachelor,M,9,102026,sales,reaches_CEO,5,0,False
93280,0,157000.0,PhD,F,1,192132,marketing,reaches_CEO,5,0,False
154433,1,200000.0,Bachelor,M,1,187053,engineering,reaches_CEO,5,0,False
167565,0,268000.0,Bachelor,M,9,54808,sales,reaches_CEO,5,0,False
102854,1,296000.0,High_School,M,2,37220,engineering,reaches_CEO,5,0,False
19052,1,175000.0,Master,M,6,136468,sales,reaches_CEO,5,0,False
131177,1,86000.0,Bachelor,M,4,98967,marketing,reaches_CEO,5,0,False
92916,0,204000.0,PhD,M,3,113124,sales,reaches_CEO,5,0,False
97055,0,151000.0,Master,M,6,179459,marketing,reaches_CEO,5,0,False
146070,0,164000.0,Bachelor,M,3,43420,sales,reaches_CEO,5,0,False
163211,1,397000.0,Master,M,3,94507,engineering,reaches_CEO,5,0,False
131595,0,276000.0,PhD,F,4,122197,engineering,reaches_CEO,5,0,False
40631,1,91000.0,PhD,F,3,103884,HR,reaches_CEO,5,0,False
75262,0,258000.0,PhD,M,2,155570,marketing,reaches_CEO,5,0,False
75705,0,93000.0,Bachelor,F,2,171266,HR,reaches_CEO,4,13,True
176912,1,227000.0,Bachelor,M,1,174800,marketing,reaches_CEO,5,0,False
8007,0,71000.0,Master,M,8,10786,HR,reaches_CEO,5,0,False
199858,0,274000.0,PhD,M,4,187183,marketing,reaches_CEO,5,0,False
35710,1,145000.0,Master,F,4,69200,sales,reaches_CEO,5,0,False
91763,0,217000.0,Bachelor,F,2,65883,marketing,reaches_CEO,5,0,False
46601,0,324000.0,Master,F,2,91002,marketing,reaches_CEO,5,0,False
4241,0,93000.0,Bachelor,M,5,148236,sales,reaches_CEO,5,0,False
115912,0,197000.0,Bachelor,M,1,180930,sales,reaches_CEO,5,0,False
142588,0,133000.0,High_School,M,1,141317,sales,reaches_CEO,5,0,False
96361,1,245000.0,High_School,M,1,180037,sales,reaches_CEO,5,0,False
150888,0,165000.0,Bachelor,M,3,164547,sales,reaches_CEO,5,0,False
39948,0,280000.0,Master,F,1,182116,sales,reaches_CEO,5,0,False
67719,0,61000.0,Master,M,3,68222,HR,reaches_CEO,5,0,False
98590,1,146000.0,Master,M,2,52923,sales,reaches_CEO,5,0,False
26529,0,95000.0,Master,M,2,24287,HR,reaches_CEO,5,0,False
191495,0,154000.0,Master,F,3,100942,sales,reaches_CEO,4,15,True
112505,0,140000.0,Bachelor,M,2,97919,HR,reaches_CEO,5,0,False
11754,0,167000.0,High_School,F,7,64724,marketing,reaches_CEO,5,0,False
139400,0,286000.0,Master,F,9,152960,sales,reaches_CEO,5,0,False
50701,0,71000.0,PhD,M,4,139278,HR,reaches_CEO,5,0,False
17383,0,281000.0,PhD,F,2,16510,sales,reaches_CEO,5,0,False
34051,0,359000.0,PhD,F,26,11277,sales,reaches_CEO,2,8,True
193452,0,162000.0,PhD,M,4,47755,sales,reaches_CEO,4,6,True
83423,1,205000.0,Master,M,3,101981,sales,reaches_CEO,5,0,False
37827,0,75000.0,Master,M,1,169231,sales,reaches_CEO,5,0,False
158490,1,319000.0,PhD,F,18,74062,marketing,reaches_CEO,3,5,True
48453,0,217000.0,Bachelor,M,1,18312,engineering,reaches_CEO,5,0,False
20576,1,104000.0,High_School,F,1,64858,HR,reaches_CEO,5,0,False
137765,0,159000.0,PhD,M,3,54136,marketing,reaches_CEO,5,0,False
31036,0,126000.0,PhD,F,7,64190,sales,reaches_CEO,5,0,False
38821,1,134000.0,PhD,M,3,161132,marketing,reaches_CEO,5,0,False
33819,0,221000.0,Bachelor,F,1,37434,sales,reaches_CEO,5,0,False
26859,0,146000.0,High_School,F,8,60609,sales,reaches_CEO,5,0,False
48657,0,91000.0,High_School,M,1,194904,HR,reaches_CEO,5,0,False
127577,1,63000.0,PhD,M,8,185285,HR,reaches_CEO,5,0,False
25202,0,296000.0,High_School,F,5,82463,marketing,reaches_CEO,5,0,False
40887,0,160000.0,Bachelor,F,6,194078,marketing,reaches_CEO,5,0,False
79237,0,123000.0,PhD,M,13,124893,marketing,reaches_CEO,4,16,True
104203,0,134000.0,PhD,F,1,112643,sales,reaches_CEO,5,0,False
32329,0,181000.0,PhD,M,2,27393,sales,reaches_CEO,5,0,False
87878,0,216000.0,Bachelor,M,1,102712,sales,reaches_CEO,5,0,False
20189,0,238000.0,High_School,F,3,88303,sales,reaches_CEO,5,0,False
28159,0,222000.0,Master,M,1,124186,marketing,reaches_CEO,5,0,False
20010,0,131000.0,PhD,M,4,42096,sales,reaches_CEO,5,0,False
175788,0,148000.0,PhD,F,1,81860,engineering,reaches_CEO,5,0,False
55636,0,65000.0,PhD,M,3,45969,HR,reaches_CEO,4,7,True
101667,0,105000.0,Bachelor,F,2,17211,HR,reaches_CEO,5,0,False
199161,0,249000.0,Master,M,4,181772,sales,reaches_CEO,5,0,False
181104,1,150000.0,Bachelor,M,3,124186,marketing,reaches_CEO,5,0,False
79920,0,227000.0,Master,M,6,41175,engineering,reaches_CEO,5,0,False
145230,0,317000.0,PhD,F,8,183824,engineering,reaches_CEO,5,0,False
38122,0,250000.0,PhD,M,6,66306,engineering,reaches_CEO,5,0,False
171180,1,182000.0,Bachelor,F,6,109102,sales,reaches_CEO,5,0,False
150051,0,145000.0,Bachelor,F,2,134944,sales,reaches_CEO,5,0,False
58859,1,139000.0,Bachelor,M,4,95609,sales,reaches_CEO,5,0,False
114240,0,71000.0,Bachelor,F,5,53856,HR,reaches_CEO,5,0,False
118618,0,254000.0,PhD,M,6,67151,engineering,reaches_CEO,5,0,False
73837,0,308000.0,Bachelor,M,3,119991,engineering,reaches_CEO,5,0,False
183563,0,177000.0,High_School,M,3,46997,sales,reaches_CEO,5,0,False
99385,0,158000.0,Bachelor,M,4,134944,sales,reaches_CEO,5,0,False
19562,0,101000.0,Master,F,4,165442,sales,reaches_CEO,5,0,False
152026,0,330000.0,High_School,M,5,195165,engineering,reaches_CEO,5,0,False
144869,0,319000.0,High_School,M,4,112302,engineering,reaches_CEO,5,0,False
129734,0,288000.0,PhD,M,3,17837,engineering,reaches_CEO,4,14,True
172510,1,169000.0,Master,M,3,59862,engineering,reaches_CEO,5,0,False
93159,1,186000.0,High_School,M,1,162381,engineering,reaches_CEO,5,0,False
171869,1,193000.0,PhD,M,1,132360,sales,reaches_CEO,5,0,False
103568,0,125000.0,Bachelor,F,3,144976,sales,reaches_CEO,5,0,False
141415,0,241000.0,Master,M,2,23120,marketing,reaches_CEO,5,0,False
45828,0,125000.0,Bachelor,M,5,142685,sales,reaches_CEO,5,0,False
42669,0,157000.0,PhD,M,1,96664,marketing,reaches_CEO,5,0,False
145951,1,162000.0,PhD,M,2,132683,engineering,reaches_CEO,5,0,False
118983,0,157000.0,High_School,M,4,136147,sales,reaches_CEO,5,0,False
3912,0,91000.0,Master,M,2,104759,HR,reaches_CEO,5,0,False
88812,0,257000.0,PhD,M,6,110878,engineering,reaches_CEO,5,0,False
38747,0,200000.0,Master,M,5,5374,sales,reaches_CEO,5,0,False
32197,0,183000.0,Master,M,8,131525,sales,reaches_CEO,5,0,False
111865,0,62000.0,Master,M,2,85426,HR,reaches_CEO,5,0,False
78441,1,169000.0,PhD,M,5,28979,sales,reaches_CEO,5,0,False
93860,0,210000.0,Master,M,2,174122,engineering,reaches_CEO,5,0,False
107842,0,363000.0,High_School,M,2,62043,engineering,reaches_CEO,5,0,False
109848,0,374000.0,High_School,M,5,3260,engineering,reaches_CEO,5,0,False
29525,0,78000.0,High_School,F,6,11507,HR,reaches_CEO,5,0,False
153224,0,367000.0,Bachelor,M,1,92210,sales,reaches_CEO,5,0,False
32006,1,192000.0,Master,M,6,175593,sales,reaches_CEO,5,0,False
108286,1,136000.0,High_School,F,1,166729,marketing,reaches_CEO,5,0,False
19424,0,318000.0,PhD,M,4,47553,engineering,reaches_CEO,4,13,True
13374,1,252000.0,Bachelor,M,3,129734,engineering,reaches_CEO,5,0,False
184671,0,346000.0,Bachelor,F,1,132683,engineering,reaches_CEO,5,0,False
25987,0,214000.0,High_School,M,1,181996,engineering,reaches_CEO,5,0,False
75630,0,90000.0,Bachelor,F,3,97919,HR,reaches_CEO,5,0,False
16972,1,144000.0,Bachelor,F,5,30749,engineering,reaches_CEO,5,0,False
100363,0,138000.0,PhD,M,4,150722,marketing,reaches_CEO,5,0,False
72811,0,259000.0,Master,F,2,130204,marketing,reaches_CEO,5,0,False
149850,0,228000.0,Master,M,5,27781,marketing,reaches_CEO,5,0,False
169428,0,206000.0,High_School,M,1,34163,sales,reaches_CEO,5,0,False
105240,0,225000.0,Master,M,5,32572,marketing,reaches_CEO,5,0,False
141343,0,237000.0,Bachelor,M,8,95522,marketing,reaches_CEO,5,0,False
91210,0,71000.0,Bachelor,M,7,185285,HR,reaches_CEO,5,0,False
2644,0,79000.0,PhD,M,2,154897,sales,reaches_CEO,4,10,True
187979,0,90000.0,Bachelor,F,3,43704,HR,reaches_CEO,5,0,False
115133,1,237000.0,Bachelor,M,4,119658,engineering,reaches_CEO,5,0,False
168942,0,69000.0,PhD,M,2,185138,HR,reaches_CEO,4,6,True
76760,0,67000.0,Bachelor,F,6,181781,HR,reaches_CEO,5,0,False
127964,0,202000.0,Bachelor,M,5,102102,sales,reaches_CEO,5,0,False
180356,0,150000.0,Bachelor,M,5,10357,marketing,reaches_CEO,5,0,False
120076,0,281000.0,High_School,M,1,79735,engineering,reaches_CEO,5,0,False
126257,0,251000.0,Bachelor,M,12,98225,engineering,reaches_CEO,4,15,True
56914,1,170000.0,PhD,F,3,191485,sales,reaches_CEO,5,0,False
183752,0,335000.0,PhD,F,4,47618,marketing,reaches_CEO,5,0,False
177240,1,62000.0,High_School,M,6,135848,marketing,reaches_CEO,5,0,False
156060,1,88000.0,PhD,F,2,85791,sales,reaches_CEO,5,0,False
159620,1,214000.0,PhD,M,5,179929,sales,reaches_CEO,5,0,False
76600,0,304000.0,Master,M,5,29547,engineering,reaches_CEO,5,0,False
156036,0,242000.0,PhD,M,13,74062,marketing,reaches_CEO,3,5,True
196280,1,261000.0,Bachelor,F,3,5743,sales,reaches_CEO,5,0,False
105927,0,66000.0,Master,F,4,742,HR,reaches_CEO,5,0,False
162143,0,67000.0,Master,M,2,51923,HR,reaches_CEO,5,0,False
66119,0,291000.0,PhD,F,21,34051,sales,reaches_CEO,3,8,True
167377,0,220000.0,Master,M,1,149245,marketing,reaches_CEO,5,0,False
188144,0,78000.0,Master,M,1,81421,HR,reaches_CEO,5,0,False
166758,0,128000.0,Master,M,3,187183,marketing,reaches_CEO,5,0,False
145745,0,155000.0,PhD,M,2,136468,sales,reaches_CEO,5,0,False
164897,1,259000.0,PhD,M,3,71130,engineering,reaches_CEO,5,0,False
36929,0,339000.0,Master,M,2,92403,sales,reaches_CEO,5,0,False
24261,0,113000.0,High_School,M,3,12214,sales,reaches_CEO,5,0,False
99072,0,240000.0,High_School,M,5,119964,marketing,reaches_CEO,5,0,False
150244,0,230000.0,Master,F,6,192132,marketing,reaches_CEO,5,0,False
94611,0,206000.0,Master,M,9,194121,engineering,reaches_CEO,4,10,True
128030,0,329000.0,Master,M,2,77613,sales,reaches_CEO,5,0,False
125164,0,209000.0,Master,M,3,41335,engineering,reaches_CEO,5,0,False
14081,0,162000.0,PhD,F,4,109102,sales,reaches_CEO,5,0,False
146932,0,237000.0,Master,M,3,7255,engineering,reaches_CEO,5,0,False
127075,0,67000.0,Master,M,3,29749,HR,reaches_CEO,5,0,False
179417,0,145000.0,PhD,M,6,191073,sales,reaches_CEO,5,0,False
188415,1,134000.0,Bachelor,F,5,47472,engineering,reaches_CEO,5,0,False
9948,1,220000.0,PhD,M,1,64452,sales,reaches_CEO,5,0,False
42756,0,135000.0,Bachelor,M,4,41991,sales,reaches_CEO,5,0,False
173182,0,179000.0,Bachelor,F,5,184998,sales,reaches_CEO,5,0,False
117973,0,83000.0,Master,F,1,89837,marketing,reaches_CEO,5,0,False
44930,1,185000.0,PhD,M,3,82657,sales,reaches_CEO,5,0,False
48971,0,64000.0,Bachelor,F,3,107694,HR,reaches_CEO,5,0,False
193227,0,202000.0,Bachelor,M,6,113578,marketing,reaches_CEO,5,0,False
164635,0,200000.0,Master,M,5,162518,sales,reaches_CEO,5,0,False
143414,0,281000.0,Master,F,3,151838,sales,reaches_CEO,5,0,False
108296,0,194000.0,Master,F,1,146473,marketing,reaches_CEO,5,0,False
74791,0,255000.0,PhD,F,6,60489,marketing,reaches_CEO,5,0,False
139846,1,326000.0,Master,M,3,158888,sales,reaches_CEO,5,0,False
183445,0,103000.0,Bachelor,M,1,69463,marketing,reaches_CEO,5,0,False
40237,0,241000.0,PhD,M,2,195165,engineering,reaches_CEO,5,0,False
158609,0,132000.0,Bachelor,M,5,193088,sales,reaches_CEO,4,11,True
8663,0,259000.0,Master,M,4,193088,sales,reaches_CEO,4,12,True
35029,0,204000.0,Bachelor,M,6,140061,sales,reaches_CEO,5,0,False
16178,1,122000.0,Bachelor,M,8,71889,HR,reaches_CEO,3,2,True
42644,0,347000.0,Master,F,4,98558,engineering,reaches_CEO,5,0,False
108055,1,241000.0,Bachelor,M,2,174800,marketing,reaches_CEO,5,0,False
152807,0,374000.0,PhD,F,2,150300,marketing,reaches_CEO,5,0,False
99200,0,134000.0,High_School,F,2,68222,HR,reaches_CEO,5,0,False
179416,0,200000.0,Master,M,2,62990,sales,reaches_CEO,5,0,False
72541,0,94000.0,PhD,M,4,129778,HR,reaches_CEO,5,0,False
81276,0,137000.0,High_School,M,3,190566,marketing,reaches_CEO,5,0,False
98159,0,88000.0,Bachelor,F,2,32405,HR,reaches_CEO,5,0,False
137208,0,318000.0,Master,M,3,5743,sales,reaches_CEO,5,0,False
43951,1,74000.0,PhD,F,2,54997,sales,reaches_CEO,5,0,False
137988,0,76000.0,Master,F,4,189742,HR,reaches_CEO,5,0,False
184511,0,273000.0,Bachelor,F,8,70547,marketing,reaches_CEO,5,0,False
2906,1,177000.0,High_School,M,6,88936,sales,reaches_CEO,5,0,False
113116,1,159000.0,High_School,M,2,30488,marketing,reaches_CEO,5,0,False
97010,0,78000.0,Bachelor,F,2,182028,engineering,reaches_CEO,5,0,False
55492,0,181000.0,Bachelor,M,3,191454,marketing,reaches_CEO,5,0,False
89577,1,117000.0,High_School,M,1,150722,marketing,reaches_CEO,5,0,False
46174,0,365000.0,PhD,M,3,79735,engineering,reaches_CEO,5,0,False
64642,0,62000.0,High_School,F,4,61517,HR,reaches_CEO,5,0,False
185124,0,271000.0,PhD,M,1,71130,engineering,reaches_CEO,5,0,False
162984,0,86000.0,High_School,M,5,23737,HR,reaches_CEO,5,0,False
696,1,67000.0,Bachelor,F,1,157064,marketing,reaches_CEO,5,0,False
139254,0,364000.0,High_School,M,3,191289,engineering,reaches_CEO,5,0,False
60855,1,221000.0,High_School,M,1,22145,sales,reaches_CEO,5,0,False
109120,0,111000.0,Master,M,5,83032,marketing,reaches_CEO,5,0,False
12531,0,214000.0,Bachelor,F,2,148865,sales,reaches_CEO,5,0,False
77980,0,355000.0,Master,M,1,186283,engineering,reaches_CEO,5,0,False
150096,0,294000.0,PhD,F,3,168797,marketing,reaches_CEO,5,0,False
52952,0,163000.0,High_School,M,7,158777,marketing,reaches_CEO,5,0,False
56354,1,102000.0,PhD,M,5,59555,marketing,reaches_CEO,5,0,False
146773,1,216000.0,PhD,F,3,37124,sales,reaches_CEO,5,0,False
124595,0,184000.0,Master,M,3,129410,sales,reaches_CEO,5,0,False
95892,0,363000.0,PhD,M,1,71130,engineering,reaches_CEO,5,0,False
8809,1,90000.0,Master,M,3,55972,HR,reaches_CEO,5,0,False
111518,1,180000.0,PhD,M,2,135846,sales,reaches_CEO,5,0,False
20101,0,195000.0,Master,F,5,169574,marketing,reaches_CEO,5,0,False
175512,0,85000.0,Bachelor,F,2,150290,HR,reaches_CEO,5,0,False
63165,1,391000.0,PhD,M,6,198648,marketing,reaches_CEO,5,0,False
182752,0,185000.0,High_School,M,2,197832,marketing,reaches_CEO,5,0,False
119210,0,89000.0,Bachelor,F,2,117376,HR,reaches_CEO,5,0,False
107049,0,155000.0,High_School,M,11,34280,sales,reaches_CEO,3,4,True
98337,0,145000.0,High_School,F,1,147106,sales,reaches_CEO,5,0,False
102195,0,101000.0,Master,F,1,142276,HR,reaches_CEO,5,0,False
161543,0,132000.0,PhD,F,3,144219,engineering,reaches_CEO,5,0,False
78149,1,259000.0,Bachelor,M,1,134671,sales,reaches_CEO,5,0,False
21950,0,212000.0,Master,M,1,102026,sales,reaches_CEO,5,0,False
43519,0,203000.0,PhD,M,4,112302,engineering,reaches_CEO,5,0,False
92601,0,305000.0,High_School,M,6,47472,engineering,reaches_CEO,5,0,False
177929,0,67000.0,Master,M,3,148865,sales,reaches_CEO,5,0,False
41529,1,75000.0,PhD,F,2,177489,marketing,reaches_CEO,5,0,False
90032,0,69000.0,Master,F,1,1791,HR,reaches_CEO,5,0,False
116547,1,67000.0,Master,F,3,55476,marketing,reaches_CEO,5,0,False
29801,0,267000.0,High_School,M,2,181219,marketing,reaches_CEO,5,0,False
113441,0,85000.0,Bachelor,F,2,134048,sales,reaches_CEO,5,0,False
110438,0,126000.0,Bachelor,F,3,144211,engineering,reaches_CEO,5,0,False
187790,0,202000.0,Bachelor,M,3,53374,sales,reaches_CEO,5,0,False
67896,1,173000.0,High_School,F,1,92585,marketing,reaches_CEO,5,0,False
106589,0,274000.0,Bachelor,M,1,144401,sales,reaches_CEO,5,0,False
78089,0,159000.0,Master,M,3,29960,marketing,reaches_CEO,5,0,False
69664,0,275000.0,Master,M,7,147249,engineering,reaches_CEO,5,0,False
179489,1,263000.0,Bachelor,F,2,129410,sales,reaches_CEO,5,0,False
65386,0,87000.0,Master,F,3,22977,HR,reaches_CEO,5,0,False
162469,0,80000.0,Master,F,2,180930,sales,reaches_CEO,5,0,False
119090,1,258000.0,Master,M,8,8198,engineering,reaches_CEO,5,0,False
66901,0,85000.0,PhD,F,1,252,HR,reaches_CEO,5,0,False
25626,0,244000.0,Master,M,2,14470,sales,reaches_CEO,5,0,False
89091,1,65000.0,Bachelor,F,2,151005,marketing,reaches_CEO,5,0,False
43200,1,328000.0,PhD,M,2,55481,engineering,reaches_CEO,5,0,False
1610,1,131000.0,Bachelor,M,9,145161,engineering,reaches_CEO,4,14,True
26589,0,145000.0,Bachelor,M,3,56316,sales,reaches_CEO,5,0,False
162583,0,73000.0,High_School,M,2,189148,HR,reaches_CEO,5,0,False
62298,0,83000.0,Bachelor,F,9,138823,HR,reaches_CEO,4,13,True
18503,0,166000.0,High_School,M,5,20828,marketing,reaches_CEO,5,0,False
28136,0,110000.0,Master,M,2,149485,sales,reaches_CEO,5,0,False
47618,1,156000.0,PhD,M,13,71532,marketing,reaches_CEO,4,10,True
64452,0,229000.0,High_School,M,11,3235,sales,reaches_CEO,4,13,True
77732,0,176000.0,High_School,M,3,102684,sales,reaches_CEO,5,0,False
146014,0,82000.0,Bachelor,F,5,115765,HR,reaches_CEO,5,0,False
192958,0,65000.0,Bachelor,M,3,143050,marketing,reaches_CEO,5,0,False
71757,0,136000.0,Bachelor,M,4,91869,marketing,reaches_CEO,4,8,True
20828,1,312000.0,Master,F,5,156036,marketing,reaches_CEO,4,14,True
191579,0,299000.0,PhD,M,5,11275,marketing,reaches_CEO,5,0,False
32938,0,237000.0,Bachelor,M,5,42270,engineering,reaches_CEO,4,11,True
113345,0,143000.0,Bachelor,M,3,142850,sales,reaches_CEO,5,0,False
140045,0,167000.0,Bachelor,M,4,148795,engineering,reaches_CEO,5,0,False
12488,0,236000.0,PhD,M,2,123258,marketing,reaches_CEO,5,0,False
131755,0,332000.0,High_School,M,6,77670,sales,reaches_CEO,5,0,False
161418,0,169000.0,PhD,F,4,5743,sales,reaches_CEO,5,0,False
171432,0,341000.0,PhD,M,7,119658,engineering,reaches_CEO,5,0,False
25819,0,338000.0,Master,M,1,68201,sales,reaches_CEO,5,0,False
149980,0,111000.0,Master,F,3,123502,HR,reaches_CEO,5,0,False
8207,1,126000.0,Bachelor,M,10,185673,engineering,reaches_CEO,3,3,True
60226,1,399000.0,Bachelor,M,2,46178,engineering,reaches_CEO,5,0,False
186958,1,294000.0,Master,M,7,174122,engineering,reaches_CEO,5,0,False
91030,0,274000.0,PhD,M,4,55883,engineering,reaches_CEO,5,0,False
94847,0,221000.0,Master,M,4,63785,engineering,reaches_CEO,5,0,False
80464,1,223000.0,High_School,M,3,103981,marketing,reaches_CEO,5,0,False
83990,0,282000.0,Master,M,4,148236,sales,reaches_CEO,5,0,False
43388,0,318000.0,PhD,M,1,123103,engineering,reaches_CEO,5,0,False
96198,1,62000.0,Bachelor,F,3,17211,HR,reaches_CEO,5,0,False
56156,1,146000.0,Bachelor,M,1,7349,marketing,reaches_CEO,5,0,False
27940,1,288000.0,High_School,M,5,168951,sales,reaches_CEO,5,0,False
17034,0,381000.0,High_School,M,2,120638,engineering,reaches_CEO,5,0,False
128132,0,294000.0,PhD,F,3,176415,engineering,reaches_CEO,5,0,False
25967,0,233000.0,PhD,F,3,83032,marketing,reaches_CEO,5,0,False
86790,0,196000.0,Bachelor,M,2,66160,sales,reaches_CEO,5,0,False
66470,1,226000.0,Bachelor,M,6,152791,sales,reaches_CEO,5,0,False
153197,0,351000.0,Bachelor,F,2,148646,engineering,reaches_CEO,5,0,False
139498,1,86000.0,Bachelor,F,6,27018,HR,reaches_CEO,5,0,False
124269,0,65000.0,High_School,F,5,5889,HR,reaches_CEO,5,0,False
182777,0,153000.0,Bachelor,M,4,124893,marketing,reaches_CEO,4,11,True
189462,0,78000.0,Master,M,3,139180,marketing,reaches_CEO,5,0,False
86107,0,246000.0,PhD,M,4,183824,engineering,reaches_CEO,5,0,False
139792,0,95000.0,Bachelor,M,5,39231,HR,reaches_CEO,5,0,False
126368,0,174000.0,PhD,M,3,183175,sales,reaches_CEO,4,13,True
96942,0,117000.0,Master,M,7,42096,sales,reaches_CEO,5,0,False
55390,0,164000.0,PhD,F,4,48690,sales,reaches_CEO,5,0,False
194029,0,179000.0,Bachelor,M,1,162035,sales,reaches_CEO,5,0,False
181476,0,276000.0,PhD,F,2,136468,sales,reaches_CEO,5,0,False
28096,0,340000.0,High_School,M,5,145710,engineering,reaches_CEO,5,0,False
74093,0,121000.0,Master,F,3,129287,HR,reaches_CEO,5,0,False
127979,0,255000.0,High_School,F,4,160476,sales,reaches_CEO,5,0,False
178109,0,158000.0,Master,F,3,156927,marketing,reaches_CEO,5,0,False
57647,1,258000.0,PhD,M,6,67931,engineering,reaches_CEO,5,0,False
120649,0,121000.0,PhD,F,2,66306,engineering,reaches_CEO,5,0,False
128296,0,316000.0,Bachelor,M,3,110508,engineering,reaches_CEO,5,0,False
7492,0,150000.0,Bachelor,M,2,57185,engineering,reaches_CEO,5,0,False
93273,0,341000.0,Master,M,2,92845,engineering,reaches_CEO,5,0,False
103470,0,231000.0,Bachelor,M,2,50761,marketing,reaches_CEO,5,0,False
178662,0,301000.0,Master,F,1,54808,sales,reaches_CEO,5,0,False
159427,1,355000.0,Master,M,3,92845,engineering,reaches_CEO,5,0,False
133779,0,354000.0,PhD,F,5,129410,sales,reaches_CEO,5,0,False
99494,0,281000.0,Master,F,6,180930,sales,reaches_CEO,5,0,False
84539,0,217000.0,PhD,M,2,73893,sales,reaches_CEO,5,0,False
83914,0,240000.0,PhD,M,6,7255,engineering,reaches_CEO,5,0,False
167175,0,287000.0,Bachelor,M,5,160261,marketing,reaches_CEO,5,0,False
185982,0,154000.0,PhD,F,7,171907,sales,reaches_CEO,4,10,True
108387,0,272000.0,PhD,M,1,167921,engineering,reaches_CEO,5,0,False
134607,0,384000.0,High_School,M,3,176415,engineering,reaches_CEO,5,0,False
166424,1,206000.0,PhD,M,5,134671,sales,reaches_CEO,5,0,False
116731,0,72000.0,PhD,M,7,104539,HR,reaches_CEO,5,0,False
802,0,280000.0,Master,F,2,170922,sales,reaches_CEO,5,0,False
169558,0,64000.0,Master,F,1,185285,HR,reaches_CEO,5,0,False
98767,0,120000.0,PhD,M,1,64724,marketing,reaches_CEO,5,0,False
107820,0,135000.0,High_School,M,5,88007,sales,reaches_CEO,5,0,False
58386,0,118000.0,PhD,M,6,103014,engineering,reaches_CEO,5,0,False
8175,0,63000.0,PhD,F,5,100373,HR,reaches_CEO,5,0,False
31340,0,329000.0,High_School,F,3,151838,sales,reaches_CEO,5,0,False
198094,1,71000.0,Master,M,3,112643,sales,reaches_CEO,5,0,False
29127,0,226000.0,PhD,M,5,189627,sales,reaches_CEO,5,0,False
14181,0,90000.0,Master,M,5,184885,HR,reaches_CEO,5,0,False
60733,0,268000.0,Master,M,4,197206,marketing,reaches_CEO,5,0,False
58741,0,85000.0,Master,F,3,77556,HR,reaches_CEO,5,0,False
17611,0,131000.0,Bachelor,M,4,41808,HR,reaches_CEO,5,0,False
174516,0,213000.0,High_School,M,4,189627,sales,reaches_CEO,5,0,False
89068,0,188000.0,Master,M,4,25367,marketing,reaches_CEO,5,0,False
18639,0,238000.0,Bachelor,F,4,67522,sales,reaches_CEO,5,0,False
139915,0,262000.0,Master,M,2,62043,engineering,reaches_CEO,5,0,False
94845,0,87000.0,Master,F,2,183283,HR,reaches_CEO,5,0,False
13707,0,136000.0,High_School,M,5,131525,sales,reaches_CEO,5,0,False
177250,0,210000.0,Bachelor,M,1,6536,marketing,reaches_CEO,5,0,False
8193,1,104000.0,High_School,F,2,152076,engineering,reaches_CEO,4,7,True
42193,0,191000.0,High_School,M,5,74264,marketing,reaches_CEO,5,0,False
3785,1,187000.0,High_School,M,3,190249,marketing,reaches_CEO,5,0,False
52923,1,248000.0,Bachelor,F,14,134865,sales,reaches_CEO,4,13,True
40611,0,140000.0,Master,M,5,32572,marketing,reaches_CEO,5,0,False
61670,0,104000.0,Bachelor,M,2,96060,HR,reaches_CEO,5,0,False
104999,1,296000.0,Bachelor,M,2,92845,engineering,reaches_CEO,5,0,False
127974,0,117000.0,PhD,F,1,11507,HR,reaches_CEO,5,0,False
129644,1,172000.0,Bachelor,M,1,183824,engineering,reaches_CEO,5,0,False
143782,0,234000.0,Master,M,2,87884,engineering,reaches_CEO,5,0,False
187657,0,63000.0,Bachelor,F,3,57701,HR,reaches_CEO,5,0,False
44695,0,75000.0,PhD,F,6,180006,HR,reaches_CEO,5,0,False
116120,0,178000.0,Master,F,4,43420,sales,reaches_CEO,5,0,False
46860,1,172000.0,Master,M,3,32159,sales,reaches_CEO,5,0,False
147265,0,235000.0,Bachelor,M,2,18939,sales,reaches_CEO,5,0,False
14455,0,248000.0,PhD,F,5,192414,sales,reaches_CEO,5,0,False
73496,0,214000.0,Master,F,1,150300,marketing,reaches_CEO,5,0,False
126631,0,259000.0,High_School,M,3,59555,marketing,reaches_CEO,5,0,False
30067,0,79000.0,PhD,F,6,33665,HR,reaches_CEO,5,0,False
99658,0,188000.0,PhD,M,1,147819,sales,reaches_CEO,5,0,False
179901,0,171000.0,Bachelor,M,5,158888,sales,reaches_CEO,5,0,False
22920,1,85000.0,Master,M,6,115694,engineering,reaches_CEO,5,0,False
153252,0,84000.0,Bachelor,M,3,119576,engineering,reaches_CEO,5,0,False
80322,0,249000.0,Bachelor,F,2,61811,sales,reaches_CEO,5,0,False
186623,0,178000.0,PhD,F,5,167877,sales,reaches_CEO,5,0,False
59477,0,78000.0,High_School,F,1,16445,HR,reaches_CEO,5,0,False
17813,0,257000.0,Bachelor,M,5,64452,sales,reaches_CEO,5,0,False
197313,0,176000.0,Bachelor,F,1,82698,sales,reaches_CEO,5,0,False
32489,1,121000.0,PhD,M,3,11275,marketing,reaches_CEO,5,0,False
196153,0,330000.0,High_School,M,3,35499,sales,reaches_CEO,5,0,False
102712,1,209000.0,Bachelor,F,8,157492,sales,reaches_CEO,4,11,True
40222,1,176000.0,High_School,M,2,148236,sales,reaches_CEO,5,0,False
36113,0,264000.0,PhD,M,3,132309,sales,reaches_CEO,5,0,False
135161,1,191000.0,PhD,M,4,1610,engineering,reaches_CEO,5,0,False
174551,0,274000.0,High_School,M,4,84193,marketing,reaches_CEO,5,0,False
129883,0,233000.0,PhD,M,6,115856,sales,reaches_CEO,5,0,False
181296,0,154000.0,PhD,F,2,159996,sales,reaches_CEO,5,0,False
34028,0,122000.0,Master,M,1,1651,engineering,reaches_CEO,5,0,False
7956,0,317000.0,PhD,M,1,142104,engineering,reaches_CEO,5,0,False
50989,0,282000.0,PhD,M,1,52796,sales,reaches_CEO,5,0,False
133927,0,210000.0,Master,M,14,42270,engineering,reaches_CEO,4,14,True
169935,0,203000.0,PhD,M,4,67522,sales,reaches_CEO,5,0,False
113830,1,108000.0,High_School,M,1,71987,HR,reaches_CEO,5,0,False
195798,0,76000.0,PhD,F,4,177495,HR,reaches_CEO,5,0,False
66698,0,274000.0,PhD,M,1,5374,sales,reaches_CEO,5,0,False
11535,0,325000.0,High_School,M,3,168905,engineering,reaches_CEO,5,0,False
141156,0,249000.0,PhD,M,6,108164,sales,reaches_CEO,5,0,False
147090,0,61000.0,High_School,F,4,174009,HR,reaches_CEO,5,0,False
66974,0,163000.0,Master,F,2,116180,engineering,reaches_CEO,5,0,False
78530,1,108000.0,PhD,M,2,146473,marketing,reaches_CEO,5,0,False
184236,0,82000.0,Master,F,12,59566,HR,reaches_CEO,4,9,True
13567,0,142000.0,High_School,M,3,5282,sales,reaches_CEO,5,0,False
183045,1,157000.0,PhD,M,9,39726,engineering,reaches_CEO,4,11,True
163170,0,366000.0,High_School,F,4,68821,engineering,reaches_CEO,5,0,False
177407,0,201000.0,Bachelor,M,8,185976,engineering,reaches_CEO,5,0,False
30375,0,291000.0,Master,M,4,73663,marketing,reaches_CEO,5,0,False
70659,0,375000.0,PhD,M,3,48352,engineering,reaches_CEO,5,0,False
2449,0,305000.0,PhD,M,3,50761,marketing,reaches_CEO,5,0,False
26053,1,180000.0,PhD,M,9,93708,HR,reaches_CEO,2,5,True
8350,0,180000.0,PhD,F,2,189627,sales,reaches_CEO,5,0,False
171940,0,245000.0,PhD,M,13,70434,marketing,reaches_CEO,4,14,True
103112,1,293000.0,PhD,M,1,88936,sales,reaches_CEO,5,0,False
2152,1,219000.0,High_School,F,4,8663,sales,reaches_CEO,5,0,False
190956,0,220000.0,PhD,F,2,154381,sales,reaches_CEO,5,0,False
81644,0,308000.0,PhD,M,4,146629,engineering,reaches_CEO,4,11,True
95834,0,117000.0,Master,M,3,55636,HR,reaches_CEO,5,0,False
115697,0,288000.0,PhD,M,3,57938,engineering,reaches_CEO,5,0,False
44645,0,142000.0,Bachelor,M,2,32159,sales,reaches_CEO,5,0,False
128419,1,284000.0,High_School,M,1,71945,engineering,reaches_CEO,5,0,False
146010,0,72000.0,Bachelor,M,2,115765,HR,reaches_CEO,5,0,False
112346,0,80000.0,PhD,M,2,172541,HR,reaches_CEO,5,0,False
4557,0,225000.0,Bachelor,M,3,168905,engineering,reaches_CEO,5,0,False
81565,0,77000.0,PhD,M,6,168942,HR,reaches_CEO,5,0,False
94978,0,281000.0,Bachelor,M,5,156927,marketing,reaches_CEO,5,0,False
154867,0,78000.0,Bachelor,F,2,169833,HR,reaches_CEO,5,0,False
129034,1,251000.0,PhD,F,7,87330,engineering,reaches_CEO,5,0,False
81449,0,253000.0,High_School,F,4,98520,marketing,reaches_CEO,5,0,False
152356,0,192000.0,Master,F,2,112643,sales,reaches_CEO,5,0,False
108992,0,262000.0,High_School,F,7,69943,sales,reaches_CEO,5,0,False
10962,1,133000.0,High_School,M,2,43858,engineering,reaches_CEO,5,0,False
72126,0,142000.0,PhD,M,2,92585,marketing,reaches_CEO,5,0,False
143050,0,173000.0,PhD,M,9,155485,marketing,reaches_CEO,4,8,True
50832,0,270000.0,Master,M,3,91002,marketing,reaches_CEO,5,0,False
85918,0,198000.0,Master,F,2,32159,sales,reaches_CEO,5,0,False
121687,0,144000.0,Master,M,1,113578,marketing,reaches_CEO,5,0,False
43937,0,118000.0,Master,F,7,95935,HR,reaches_CEO,4,16,True
53182,1,83000.0,High_School,M,1,48352,engineering,reaches_CEO,5,0,False
195265,0,82000.0,Bachelor,M,5,168415,HR,reaches_CEO,5,0,False
53684,1,88000.0,Master,F,7,146111,HR,reaches_CEO,5,0,False
194016,0,175000.0,Bachelor,M,3,165442,sales,reaches_CEO,5,0,False
127556,1,115000.0,PhD,F,5,29508,HR,reaches_CEO,5,0,False
81084,0,282000.0,High_School,M,3,160618,sales,reaches_CEO,5,0,False
21987,0,223000.0,Bachelor,M,1,159098,engineering,reaches_CEO,5,0,False
84684,0,139000.0,Bachelor,M,1,6536,marketing,reaches_CEO,5,0,False
183705,0,87000.0,Master,M,1,73254,HR,reaches_CEO,5,0,False
188962,0,297000.0,PhD,M,2,34714,sales,reaches_CEO,5,0,False
164572,1,237000.0,Master,M,3,125775,marketing,reaches_CEO,5,0,False
147736,0,70000.0,Bachelor,M,3,33665,HR,reaches_CEO,5,0,False
65541,1,66000.0,Bachelor,F,3,139278,HR,reaches_CEO,5,0,False
49683,0,72000.0,PhD,F,2,742,HR,reaches_CEO,5,0,False
53442,1,149000.0,PhD,M,5,95609,sales,reaches_CEO,5,0,False
159014,0,239000.0,High_School,M,2,113124,sales,reaches_CEO,5,0,False
132511,0,115000.0,High_School,F,5,179149,HR,reaches_CEO,5,0,False
153797,0,234000.0,Master,F,1,172250,marketing,reaches_CEO,5,0,False
127398,0,229000.0,High_School,M,1,75242,engineering,reaches_CEO,5,0,False
176279,0,244000.0,Master,M,1,179212,marketing,reaches_CEO,5,0,False
53280,0,204000.0,Master,F,3,196058,marketing,reaches_CEO,5,0,False
182317,0,251000.0,PhD,M,3,129626,marketing,reaches_CEO,5,0,False
186503,0,132000.0,PhD,M,5,34714,sales,reaches_CEO,5,0,False
139171,0,120000.0,Master,F,2,87707,sales,reaches_CEO,5,0,False
131950,0,182000.0,PhD,M,6,96752,sales,reaches_CEO,3,1,True
67891,0,181000.0,PhD,F,1,160289,sales,reaches_CEO,5,0,False
36837,0,67000.0,Master,F,1,143473,HR,reaches_CEO,5,0,False
46675,1,328000.0,Bachelor,F,3,166928,engineering,reaches_CEO,5,0,False
60610,0,280000.0,PhD,M,2,14241,marketing,reaches_CEO,5,0,False
182118,1,237000.0,Master,M,4,1872,engineering,reaches_CEO,5,0,False
61222,1,121000.0,Bachelor,M,2,193920,sales,reaches_CEO,5,0,False
164501,1,79000.0,PhD,M,11,138823,HR,reaches_CEO,4,13,True
95169,0,196000.0,Master,F,8,176804,sales,reaches_CEO,4,11,True
96489,0,155000.0,Master,M,1,123358,sales,reaches_CEO,5,0,False
150722,0,262000.0,PhD,M,9,124893,marketing,reaches_CEO,4,7,True
83531,0,124000.0,High_School,M,2,119964,marketing,reaches_CEO,5,0,False
26096,1,226000.0,High_School,F,4,127544,sales,reaches_CEO,5,0,False
109176,0,193000.0,High_School,F,2,146220,marketing,reaches_CEO,5,0,False
187660,0,247000.0,PhD,M,7,182028,engineering,reaches_CEO,5,0,False
55500,0,125000.0,Master,F,1,112643,sales,reaches_CEO,5,0,False
181201,0,125000.0,Master,M,6,139032,sales,reaches_CEO,3,9,True
83964,0,109000.0,Master,F,3,134728,marketing,reaches_CEO,5,0,False
108173,1,89000.0,Master,F,4,61517,HR,reaches_CEO,5,0,False
110265,1,261000.0,Bachelor,M,1,12649,engineering,reaches_CEO,5,0,False
70434,0,226000.0,PhD,M,11,149778,marketing,reaches_CEO,3,4,True
94825,1,365000.0,PhD,M,4,147249,engineering,reaches_CEO,5,0,False
13341,0,233000.0,Master,F,7,28979,sales,reaches_CEO,5,0,False
114051,1,212000.0,Bachelor,F,5,134048,sales,reaches_CEO,5,0,False
127423,1,202000.0,Master,M,3,16510,sales,reaches_CEO,5,0,False
20666,1,96000.0,Bachelor,M,6,61038,sales,reaches_CEO,5,0,False
198793,0,265000.0,Bachelor,F,4,85791,sales,reaches_CEO,5,0,False
175815,0,107000.0,Master,M,4,55636,HR,reaches_CEO,5,0,False
21993,0,293000.0,Master,M,7,193621,sales,reaches_CEO,5,0,False
167244,1,80000.0,Master,M,2,39417,engineering,reaches_CEO,5,0,False
188487,0,390000.0,PhD,F,2,119576,engineering,reaches_CEO,5,0,False
195368,1,66000.0,PhD,M,3,79735,engineering,reaches_CEO,5,0,False
89847,1,232000.0,Master,F,2,193920,sales,reaches_CEO,5,0,False
61443,1,75000.0,PhD,M,3,116660,HR,reaches_CEO,4,12,True
114521,0,82000.0,Bachelor,F,7,252,HR,reaches_CEO,5,0,False
63419,0,382000.0,PhD,M,1,57938,engineering,reaches_CEO,5,0,False
128373,0,336000.0,PhD,M,9,185982,sales,reaches_CEO,5,0,False
116766,0,69000.0,Master,M,2,14226,HR,reaches_CEO,5,0,False
1078,0,174000.0,Bachelor,F,2,23565,sales,reaches_CEO,5,0,False
95609,0,126000.0,Bachelor,F,2,119833,sales,reaches_CEO,4,14,True
137728,0,60000.0,Bachelor,F,5,55636,HR,reaches_CEO,5,0,False
18384,0,134000.0,PhD,F,3,181219,marketing,reaches_CEO,5,0,False
197380,0,298000.0,Bachelor,M,4,90065,engineering,reaches_CEO,5,0,False
51821,0,313000.0,Master,M,1,89837,marketing,reaches_CEO,5,0,False
73982,0,234000.0,PhD,M,7,65522,sales,reaches_CEO,4,6,True
131289,0,93000.0,High_School,M,3,71585,sales,reaches_CEO,5,0,False
43316,1,237000.0,PhD,F,3,4394,marketing,reaches_CEO,5,0,False
85451,0,207000.0,Bachelor,M,2,87762,sales,reaches_CEO,5,0,False
185487,0,331000.0,Master,F,3,17291,sales,reaches_CEO,5,0,False
39193,0,177000.0,PhD,M,3,78516,sales,reaches_CEO,5,0,False
106850,1,367000.0,PhD,M,1,125755,marketing,reaches_CEO,5,0,False
184136,0,87000.0,Master,M,5,190249,marketing,reaches_CEO,5,0,False
184020,0,61000.0,PhD,M,1,107694,HR,reaches_CEO,5,0,False
88885,0,190000.0,High_School,F,3,182996,sales,reaches_CEO,5,0,False
16880,1,161000.0,Bachelor,M,4,197832,marketing,reaches_CEO,5,0,False
90,0,226000.0,Master,F,10,183869,engineering,reaches_CEO,4,8,True
103981,0,295000.0,Master,F,12,69550,marketing,reaches_CEO,4,9,True
47748,0,81000.0,Master,M,3,89619,HR,reaches_CEO,4,14,True
89032,1,167000.0,Bachelor,M,2,32159,sales,reaches_CEO,5,0,False
10680,1,87000.0,PhD,F,2,184236,HR,reaches_CEO,5,0,False
161716,0,60000.0,Master,M,2,31063,HR,reaches_CEO,5,0,False
11237,0,324000.0,Master,F,2,180037,sales,reaches_CEO,5,0,False
160993,0,75000.0,High_School,F,4,81421,HR,reaches_CEO,5,0,False
38073,1,202000.0,Master,M,1,80728,engineering,reaches_CEO,5,0,False
177524,0,362000.0,High_School,M,6,12649,engineering,reaches_CEO,5,0,False
168179,1,252000.0,Bachelor,F,4,72965,sales,reaches_CEO,5,0,False
3686,0,315000.0,PhD,M,9,175365,marketing,reaches_CEO,5,0,False
140681,0,78000.0,Bachelor,F,2,115765,HR,reaches_CEO,5,0,False
56959,0,99000.0,Master,F,5,67931,engineering,reaches_CEO,5,0,False
69628,1,141000.0,High_School,M,3,179569,sales,reaches_CEO,5,0,False
157985,0,98000.0,Bachelor,F,2,102498,HR,reaches_CEO,5,0,False
154517,0,278000.0,High_School,M,2,8198,engineering,reaches_CEO,5,0,False
194665,0,81000.0,Master,F,3,167188,HR,reaches_CEO,5,0,False
133201,0,75000.0,Master,F,9,10786,HR,reaches_CEO,5,0,False
127266,0,302000.0,Bachelor,M,12,70434,marketing,reaches_CEO,4,17,True
34342,0,89000.0,Master,M,4,8198,engineering,reaches_CEO,5,0,False
46806,0,128000.0,High_School,M,2,8856,marketing,reaches_CEO,5,0,False
144342,0,169000.0,Master,F,5,43937,HR,reaches_CEO,5,0,False
29929,0,378000.0,Master,M,2,150408,engineering,reaches_CEO,5,0,False
63472,1,205000.0,Bachelor,M,5,168564,sales,reaches_CEO,5,0,False
156708,0,206000.0,Master,F,6,65126,marketing,reaches_CEO,5,0,False
23405,0,79000.0,PhD,M,1,123502,HR,reaches_CEO,5,0,False
47849,1,210000.0,Bachelor,M,7,172321,sales,reaches_CEO,5,0,False
20898,0,352000.0,Master,M,3,168905,engineering,reaches_CEO,5,0,False
74170,0,233000.0,PhD,M,12,191418,sales,reaches_CEO,4,13,True
196429,0,183000.0,Master,M,5,24979,marketing,reaches_CEO,5,0,False
31785,1,166000.0,High_School,M,1,76435,sales,reaches_CEO,5,0,False
167141,1,74000.0,Bachelor,M,6,197832,marketing,reaches_CEO,5,0,False
188678,0,86000.0,Master,F,4,181781,HR,reaches_CEO,5,0,False
151598,0,95000.0,Master,F,1,150189,HR,reaches_CEO,5,0,False
196877,0,198000.0,Bachelor,M,3,45803,sales,reaches_CEO,5,0,False
71472,0,85000.0,PhD,F,6,198624,HR,reaches_CEO,5,0,False
61148,0,360000.0,High_School,M,2,79735,engineering,reaches_CEO,5,0,False
186506,0,159000.0,Bachelor,M,1,55858,engineering,reaches_CEO,5,0,False
29508,1,90000.0,PhD,M,10,77857,HR,reaches_CEO,4,12,True
113128,0,384000.0,Master,M,4,12877,engineering,reaches_CEO,5,0,False
37765,1,99000.0,High_School,F,4,159906,sales,reaches_CEO,5,0,False
62066,0,272000.0,Bachelor,F,4,169231,sales,reaches_CEO,5,0,False
92143,0,186000.0,High_School,M,3,10773,engineering,reaches_CEO,5,0,False
37748,0,387000.0,Master,M,3,55653,sales,reaches_CEO,5,0,False
17991,0,83000.0,Master,F,1,117376,HR,reaches_CEO,5,0,False
190019,0,116000.0,PhD,F,2,156927,marketing,reaches_CEO,5,0,False
183201,0,334000.0,Master,M,6,185976,engineering,reaches_CEO,5,0,False
82463,0,254000.0,Master,F,13,158490,marketing,reaches_CEO,4,11,True
116819,0,175000.0,Master,F,3,105542,marketing,reaches_CEO,5,0,False
5002,0,209000.0,Bachelor,M,4,98967,marketing,reaches_CEO,5,0,False
167023,0,88000.0,Bachelor,F,3,21086,HR,reaches_CEO,5,0,False
98851,0,200000.0,PhD,F,1,109671,marketing,reaches_CEO,5,0,False
122594,1,115000.0,High_School,M,6,140393,engineering,reaches_CEO,5,0,False
57806,0,139000.0,Master,M,1,82698,sales,reaches_CEO,5,0,False
34066,0,75000.0,Master,M,2,39460,HR,reaches_CEO,5,0,False
192589,1,301000.0,PhD,M,22,55537,engineering,reaches_CEO,3,5,True
141665,1,163000.0,Bachelor,M,3,4259,engineering,reaches_CEO,5,0,False
159865,0,80000.0,PhD,M,1,23737,HR,reaches_CEO,5,0,False
5574,1,195000.0,Master,M,5,26757,marketing,reaches_CEO,5,0,False
103273,0,164000.0,High_School,F,3,168797,marketing,reaches_CEO,5,0,False
164387,0,212000.0,PhD,M,3,160289,sales,reaches_CEO,5,0,False
58129,1,65000.0,Master,M,9,64858,HR,reaches_CEO,5,0,False
4151,0,197000.0,Bachelor,F,2,61811,sales,reaches_CEO,5,0,False
125636,0,95000.0,PhD,F,3,29508,HR,reaches_CEO,5,0,False
26168,0,249000.0,Master,M,3,189222,engineering,reaches_CEO,5,0,False
14934,0,315000.0,High_School,M,4,111974,engineering,reaches_CEO,5,0,False
97293,0,71000.0,Bachelor,F,1,73254,HR,reaches_CEO,5,0,False
134536,1,335000.0,High_School,M,14,5342,engineering,reaches_CEO,4,12,True
43504,1,371000.0,PhD,M,3,165853,engineering,reaches_CEO,5,0,False
75728,0,210000.0,Master,M,3,5743,sales,reaches_CEO,5,0,False
21470,0,232000.0,PhD,M,14,143437,marketing,reaches_CEO,4,19,True
30570,1,227000.0,Master,F,3,126330,engineering,reaches_CEO,5,0,False
54136,0,324000.0,PhD,M,11,69550,marketing,reaches_CEO,4,11,True
66765,0,74000.0,Bachelor,M,5,96060,HR,reaches_CEO,5,0,False
164617,0,292000.0,Bachelor,F,2,119658,engineering,reaches_CEO,5,0,False
80710,1,243000.0,PhD,M,1,166928,engineering,reaches_CEO,5,0,False
193242,0,81000.0,Bachelor,F,4,150290,HR,reaches_CEO,5,0,False
104478,0,142000.0,PhD,F,6,3260,engineering,reaches_CEO,5,0,False
30445,0,76000.0,Master,F,2,184885,HR,reaches_CEO,5,0,False
46282,1,253000.0,High_School,M,1,38308,marketing,reaches_CEO,5,0,False
176986,0,148000.0,Master,M,1,167877,sales,reaches_CEO,5,0,False
187172,0,82000.0,Bachelor,F,4,177495,HR,reaches_CEO,5,0,False
112172,0,284000.0,Master,M,3,37124,sales,reaches_CEO,5,0,False
9907,0,63000.0,Master,M,1,178797,sales,reaches_CEO,5,0,False
139122,0,218000.0,PhD,M,2,62081,sales,reaches_CEO,5,0,False
10480,0,156000.0,Master,M,1,157064,marketing,reaches_CEO,5,0,False
173479,1,128000.0,Master,F,4,66591,sales,reaches_CEO,5,0,False
94364,0,102000.0,Bachelor,M,1,16073,marketing,reaches_CEO,5,0,False
92324,1,273000.0,Bachelor,M,4,171499,engineering,reaches_CEO,5,0,False
180336,0,240000.0,PhD,F,3,181219,marketing,reaches_CEO,5,0,False
178769,0,365000.0,Master,F,4,12877,engineering,reaches_CEO,5,0,False
16401,0,162000.0,Master,M,3,122762,sales,reaches_CEO,5,0,False
102904,0,207000.0,High_School,M,5,149696,sales,reaches_CEO,5,0,False
56639,1,342000.0,Bachelor,M,1,189890,engineering,reaches_CEO,5,0,False
39785,0,167000.0,Bachelor,M,24,177860,HR,reaches_CEO,3,9,True
46636,0,113000.0,PhD,M,3,32938,engineering,reaches_CEO,5,0,False
176855,0,67000.0,Master,M,1,53826,HR,reaches_CEO,5,0,False
97156,0,201000.0,High_School,F,1,103981,marketing,reaches_CEO,5,0,False
96952,1,139000.0,PhD,M,4,128966,sales,reaches_CEO,5,0,False
126478,0,246000.0,High_School,F,3,40904,engineering,reaches_CEO,5,0,False
66551,1,217000.0,PhD,F,1,169574,marketing,reaches_CEO,5,0,False
7095,0,98000.0,PhD,F,3,171266,HR,reaches_CEO,4,10,True
76777,0,185000.0,Master,M,4,5743,sales,reaches_CEO,5,0,False
50753,1,249000.0,Bachelor,M,3,77766,marketing,reaches_CEO,5,0,False
182562,1,280000.0,Master,M,3,53109,sales,reaches_CEO,5,0,False
16095,0,227000.0,High_School,F,5,54136,marketing,reaches_CEO,5,0,False
192020,0,349000.0,Bachelor,M,1,20828,marketing,reaches_CEO,5,0,False
191599,0,252000.0,High_School,M,2,148646,engineering,reaches_CEO,5,0,False
38927,0,303000.0,PhD,M,1,61988,engineering,reaches_CEO,5,0,False
52203,0,363000.0,High_School,M,3,30468,engineering,reaches_CEO,5,0,False
167347,1,218000.0,Master,M,3,73489,sales,reaches_CEO,5,0,False
155572,0,88000.0,High_School,M,4,16445,HR,reaches_CEO,5,0,False
69543,1,249000.0,Master,F,4,14241,marketing,reaches_CEO,5,0,False
27648,0,101000.0,Master,F,1,110089,HR,reaches_CEO,5,0,False
194487,0,94000.0,High_School,M,1,7095,HR,reaches_CEO,5,0,False
41555,0,166000.0,Bachelor,M,6,172889,sales,reaches_CEO,5,0,False
120281,0,261000.0,PhD,M,4,61811,sales,reaches_CEO,5,0,False
23577,0,183000.0,PhD,M,5,40904,engineering,reaches_CEO,5,0,False
158112,0,173000.0,Master,F,3,8711,marketing,reaches_CEO,5,0,False
120886,0,73000.0,PhD,F,3,29749,HR,reaches_CEO,5,0,False
33709,0,190000.0,Bachelor,M,1,127266,marketing,reaches_CEO,5,0,False
155047,1,376000.0,PhD,M,4,53012,marketing,reaches_CEO,5,0,False
4389,0,117000.0,PhD,F,2,149485,sales,reaches_CEO,5,0,False
72485,0,170000.0,Master,M,1,123358,sales,reaches_CEO,5,0,False
142890,1,388000.0,Master,F,1,87330,engineering,reaches_CEO,5,0,False
106547,0,97000.0,Bachelor,F,8,67151,engineering,reaches_CEO,5,0,False
174967,0,158000.0,Bachelor,M,4,32938,engineering,reaches_CEO,5,0,False
178493,0,198000.0,PhD,M,1,102102,sales,reaches_CEO,5,0,False
125131,0,227000.0,PhD,M,1,166653,engineering,reaches_CEO,5,0,False
36643,0,83000.0,Bachelor,M,5,151696,HR,reaches_CEO,5,0,False
33329,0,118000.0,High_School,F,2,25367,marketing,reaches_CEO,5,0,False
96752,0,234000.0,PhD,M,26,11277,sales,reaches_CEO,2,4,True
17048,0,238000.0,Bachelor,M,3,191649,sales,reaches_CEO,5,0,False
144090,0,299000.0,Master,F,2,99139,sales,reaches_CEO,5,0,False
82250,1,181000.0,Master,M,5,129734,engineering,reaches_CEO,5,0,False
135660,0,184000.0,PhD,M,2,33266,marketing,reaches_CEO,5,0,False
140815,1,252000.0,Bachelor,F,2,24979,marketing,reaches_CEO,5,0,False
90393,0,69000.0,High_School,M,1,43937,HR,reaches_CEO,5,0,False
29136,0,296000.0,Master,F,6,63077,sales,reaches_CEO,5,0,False
194895,1,75000.0,Bachelor,F,4,139278,HR,reaches_CEO,5,0,False
778,1,74000.0,PhD,M,6,25367,marketing,reaches_CEO,5,0,False
160476,0,105000.0,Bachelor,M,3,79285,sales,reaches_CEO,4,7,True
44062,0,69000.0,Master,M,2,54136,marketing,reaches_CEO,5,0,False
154460,1,325000.0,PhD,M,8,185976,engineering,reaches_CEO,5,0,False
111426,0,302000.0,PhD,F,5,177166,engineering,reaches_CEO,5,0,False
121571,0,84000.0,PhD,M,6,5889,HR,reaches_CEO,5,0,False
6674,1,265000.0,PhD,M,2,149135,engineering,reaches_CEO,5,0,False
192004,0,110000.0,PhD,M,2,34977,sales,reaches_CEO,5,0,False
93401,0,69000.0,Master,M,3,178147,HR,reaches_CEO,5,0,False
12871,0,94000.0,Master,M,4,85426,HR,reaches_CEO,5,0,False
23997,0,155000.0,Bachelor,F,4,102102,sales,reaches_CEO,5,0,False
47324,0,259000.0,Bachelor,M,3,182777,marketing,reaches_CEO,5,0,False
96420,1,232000.0,Master,F,3,59535,sales,reaches_CEO,4,9,True
33736,1,214000.0,Bachelor,M,6,177805,marketing,reaches_CEO,5,0,False
104085,0,123000.0,High_School,M,2,158056,engineering,reaches_CEO,5,0,False
191276,0,151000.0,PhD,F,1,197206,marketing,reaches_CEO,5,0,False
109559,1,188000.0,Bachelor,M,4,102043,marketing,reaches_CEO,5,0,False
42306,0,100000.0,Master,M,2,87847,sales,reaches_CEO,5,0,False
31049,1,230000.0,Master,M,1,113124,sales,reaches_CEO,5,0,False
151324,0,236000.0,Bachelor,M,4,27704,sales,reaches_CEO,5,0,False
197473,0,205000.0,High_School,F,2,141317,sales,reaches_CEO,5,0,False
122602,0,155000.0,Master,F,1,50761,marketing,reaches_CEO,5,0,False
77362,1,241000.0,High_School,M,1,59555,marketing,reaches_CEO,5,0,False
114538,0,293000.0,PhD,M,2,148795,engineering,reaches_CEO,5,0,False
193135,0,106000.0,High_School,M,1,18312,engineering,reaches_CEO,5,0,False
52137,1,135000.0,PhD,M,1,168905,engineering,reaches_CEO,5,0,False
54436,0,130000.0,High_School,M,6,92210,sales,reaches_CEO,5,0,False
6575,1,242000.0,PhD,M,5,76310,engineering,reaches_CEO,5,0,False
102714,1,267000.0,Master,M,5,4110,sales,reaches_CEO,5,0,False
150952,1,85000.0,PhD,M,2,90,engineering,reaches_CEO,5,0,False
65599,1,269000.0,Master,M,2,147249,engineering,reaches_CEO,5,0,False
9397,0,329000.0,Bachelor,M,2,20901,engineering,reaches_CEO,5,0,False
20014,0,133000.0,Bachelor,M,2,113578,marketing,reaches_CEO,5,0,False
67603,0,73000.0,Bachelor,F,1,62298,HR,reaches_CEO,5,0,False
134347,1,187000.0,PhD,M,4,144401,sales,reaches_CEO,5,0,False
23803,1,389000.0,Master,F,5,76073,engineering,reaches_CEO,5,0,False
12943,1,253000.0,High_School,M,1,158888,sales,reaches_CEO,5,0,False
13022,0,280000.0,Bachelor,F,6,190060,sales,reaches_CEO,5,0,False
118190,0,351000.0,Bachelor,M,4,14299,engineering,reaches_CEO,5,0,False
138403,0,92000.0,Master,F,3,146220,marketing,reaches_CEO,5,0,False
166020,0,75000.0,PhD,M,5,6335,sales,reaches_CEO,5,0,False
91049,0,72000.0,PhD,M,3,139278,HR,reaches_CEO,5,0,False
17360,0,174000.0,Bachelor,M,4,171940,marketing,reaches_CEO,5,0,False
179481,0,244000.0,Bachelor,M,4,98931,marketing,reaches_CEO,5,0,False
123213,0,117000.0,Bachelor,M,4,11275,marketing,reaches_CEO,5,0,False
139839,0,157000.0,Bachelor,M,3,193763,engineering,reaches_CEO,5,0,False
160045,0,351000.0,PhD,F,4,174092,sales,reaches_CEO,5,0,False
130246,0,88000.0,PhD,M,2,109102,sales,reaches_CEO,5,0,False
124260,0,278000.0,Master,M,1,139180,marketing,reaches_CEO,5,0,False
170906,0,164000.0,Bachelor,M,1,182116,sales,reaches_CEO,5,0,False
89554,0,118000.0,PhD,M,2,134728,marketing,reaches_CEO,5,0,False
68679,0,87000.0,Master,F,2,196490,HR,reaches_CEO,5,0,False
779,0,120000.0,Master,M,9,196484,marketing,reaches_CEO,4,8,True
198207,0,342000.0,Bachelor,F,2,12877,engineering,reaches_CEO,5,0,False
146046,0,230000.0,Master,M,3,161727,engineering,reaches_CEO,5,0,False
73039,0,279000.0,PhD,F,1,109102,sales,reaches_CEO,5,0,False
190008,0,180000.0,Master,M,3,45803,sales,reaches_CEO,5,0,False
94486,0,282000.0,Master,F,4,122145,engineering,reaches_CEO,5,0,False
154700,1,359000.0,Master,F,5,183528,engineering,reaches_CEO,5,0,False
78042,1,188000.0,Bachelor,F,2,56451,sales,reaches_CEO,5,0,False
184380,0,79000.0,PhD,M,3,101819,engineering,reaches_CEO,5,0,False
18802,0,217000.0,PhD,M,4,166591,sales,reaches_CEO,5,0,False
190249,0,263000.0,PhD,M,13,134556,marketing,reaches_CEO,4,11,True
106466,0,108000.0,Bachelor,M,1,88007,sales,reaches_CEO,5,0,False
77454,0,103000.0,Master,M,2,150722,marketing,reaches_CEO,5,0,False
143317,0,101000.0,Master,M,13,94362,sales,reaches_CEO,4,14,True
100502,0,104000.0,Bachelor,F,7,63832,marketing,reaches_CEO,5,0,False
77613,0,167000.0,Bachelor,M,3,66090,sales,reaches_CEO,4,10,True
100977,0,242000.0,Bachelor,F,6,127544,sales,reaches_CEO,5,0,False
115086,1,170000.0,PhD,M,3,34714,sales,reaches_CEO,5,0,False
63682,0,254000.0,PhD,F,3,52796,sales,reaches_CEO,5,0,False
188109,1,160000.0,Master,M,2,148865,sales,reaches_CEO,5,0,False
5613,0,99000.0,High_School,F,7,61517,HR,reaches_CEO,5,0,False
116876,1,368000.0,Master,M,2,29712,engineering,reaches_CEO,5,0,False
22155,1,158000.0,Bachelor,F,4,122762,sales,reaches_CEO,5,0,False
83675,0,166000.0,Bachelor,M,4,148795,engineering,reaches_CEO,5,0,False
58522,1,263000.0,Bachelor,M,7,39726,engineering,reaches_CEO,4,8,True
74800,1,146000.0,Master,M,4,191289,engineering,reaches_CEO,5,0,False
191653,0,63000.0,High_School,M,5,59327,HR,reaches_CEO,5,0,False
84212,1,122000.0,PhD,M,2,197832,marketing,reaches_CEO,5,0,False
71221,1,323000.0,Master,M,2,25367,marketing,reaches_CEO,5,0,False
41842,1,155000.0,Bachelor,F,3,108428,engineering,reaches_CEO,5,0,False
199165,0,284000.0,PhD,M,3,128511,engineering,reaches_CEO,5,0,False
6939,0,227000.0,PhD,M,1,150194,engineering,reaches_CEO,5,0,False
75371,0,109000.0,Bachelor,M,2,180925,sales,reaches_CEO,5,0,False
7495,0,105000.0,High_School,M,1,153551,sales,reaches_CEO,5,0,False
88963,0,67000.0,High_School,F,5,140838,HR,reaches_CEO,5,0,False
133769,1,90000.0,PhD,M,4,92585,marketing,reaches_CEO,5,0,False
118868,0,230000.0,PhD,M,6,153412,marketing,reaches_CEO,5,0,False
109125,0,102000.0,Master,F,1,181781,HR,reaches_CEO,5,0,False
61569,1,177000.0,Master,M,4,779,marketing,reaches_CEO,5,0,False
116919,1,171000.0,PhD,M,2,109102,sales,reaches_CEO,5,0,False
180722,0,229000.0,Master,M,2,181311,sales,reaches_CEO,5,0,False
166741,0,329000.0,PhD,F,22,97647,marketing,reaches_CEO,3,2,True
36772,0,79000.0,Master,F,4,39231,HR,reaches_CEO,5,0,False
23571,0,61000.0,PhD,M,5,167188,HR,reaches_CEO,5,0,False
132439,1,249000.0,High_School,F,1,110091,engineering,reaches_CEO,5,0,False
133975,1,220000.0,PhD,F,7,76135,marketing,reaches_CEO,5,0,False
155734,1,107000.0,PhD,M,2,131525,sales,reaches_CEO,5,0,False
31716,1,197000.0,PhD,M,4,66591,sales,reaches_CEO,5,0,False
57610,0,166000.0,PhD,M,1,34714,sales,reaches_CEO,5,0,False
49246,0,270000.0,Master,F,4,1651,engineering,reaches_CEO,5,0,False
52535,0,99000.0,Bachelor,M,4,159638,HR,reaches_CEO,5,0,False
58398,0,193000.0,High_School,M,4,166591,sales,reaches_CEO,5,0,False
86377,0,120000.0,PhD,M,4,147642,sales,reaches_CEO,5,0,False
82563,0,187000.0,High_School,M,2,190060,sales,reaches_CEO,5,0,False
76428,0,302000.0,Master,M,3,56451,sales,reaches_CEO,5,0,False
136335,0,231000.0,High_School,M,4,124014,sales,reaches_CEO,5,0,False
63659,0,173000.0,PhD,M,1,138948,marketing,reaches_CEO,5,0,False
174134,0,328000.0,High_School,M,5,159098,engineering,reaches_CEO,5,0,False
117555,1,73000.0,Bachelor,M,1,113189,sales,reaches_CEO,5,0,False
36277,0,296000.0,Master,M,7,87330,engineering,reaches_CEO,5,0,False
7349,1,301000.0,Bachelor,M,8,121233,marketing,reaches_CEO,4,10,True
172229,0,249000.0,Master,M,1,166591,sales,reaches_CEO,5,0,False
76310,0,114000.0,PhD,F,13,183869,engineering,reaches_CEO,4,12,True
187573,1,156000.0,High_School,M,2,107493,engineering,reaches_CEO,5,0,False
176557,0,264000.0,Master,F,4,144976,sales,reaches_CEO,5,0,False
140317,0,308000.0,High_School,M,19,107152,engineering,reaches_CEO,3,7,True
36594,1,219000.0,Bachelor,M,1,102632,marketing,reaches_CEO,5,0,False
88384,1,280000.0,Bachelor,F,5,46997,sales,reaches_CEO,5,0,False
139180,0,104000.0,Master,F,9,71532,marketing,reaches_CEO,4,10,True
179837,0,90000.0,Master,M,2,127266,marketing,reaches_CEO,5,0,False
174328,0,260000.0,PhD,F,4,171499,engineering,reaches_CEO,5,0,False
48913,0,146000.0,Master,F,5,136147,sales,reaches_CEO,5,0,False
112583,0,226000.0,Master,M,7,92403,sales,reaches_CEO,5,0,False
81528,0,130000.0,Master,F,4,71152,HR,reaches_CEO,5,0,False
179463,0,253000.0,Master,M,5,70406,marketing,reaches_CEO,5,0,False
138416,0,81000.0,PhD,M,3,177495,HR,reaches_CEO,5,0,False
141800,0,123000.0,Bachelor,F,2,132192,HR,reaches_CEO,5,0,False
197493,0,187000.0,Master,F,1,98520,marketing,reaches_CEO,5,0,False
109211,0,87000.0,Master,M,2,71130,engineering,reaches_CEO,5,0,False
172533,0,159000.0,PhD,F,2,198240,sales,reaches_CEO,5,0,False
122746,0,276000.0,PhD,M,2,6536,marketing,reaches_CEO,5,0,False
132622,0,243000.0,Master,M,2,69379,sales,reaches_CEO,5,0,False
147963,1,145000.0,Bachelor,M,2,138948,marketing,reaches_CEO,5,0,False
164851,1,138000.0,High_School,F,18,154041,sales,reaches_CEO,3,4,True
127745,0,67000.0,Bachelor,F,6,154375,HR,reaches_CEO,5,0,False
119558,0,118000.0,PhD,F,1,182038,sales,reaches_CEO,5,0,False
161466,0,63000.0,Master,M,5,174009,HR,reaches_CEO,5,0,False
156083,0,147000.0,Bachelor,M,3,183528,engineering,reaches_CEO,5,0,False
176206,1,78000.0,Bachelor,F,2,17211,HR,reaches_CEO,5,0,False
44721,1,252000.0,Master,M,1,48120,engineering,reaches_CEO,5,0,False
195033,0,63000.0,PhD,M,5,78215,sales,reaches_CEO,5,0,False
162341,0,238000.0,High_School,M,2,132683,engineering,reaches_CEO,5,0,False
146969,0,153000.0,High_School,F,4,136468,sales,reaches_CEO,5,0,False
167650,1,220000.0,High_School,F,14,119481,engineering,reaches_CEO,4,14,True
194528,0,109000.0,Bachelor,F,1,85791,sales,reaches_CEO,5,0,False
152015,0,273000.0,Bachelor,M,2,88936,sales,reaches_CEO,5,0,False
72965,1,289000.0,Bachelor,F,14,92713,sales,reaches_CEO,4,11,True
6120,0,145000.0,Bachelor,M,3,80728,engineering,reaches_CEO,5,0,False
47850,0,199000.0,Bachelor,M,3,8711,marketing,reaches_CEO,5,0,False
90290,1,177000.0,Bachelor,M,2,120381,sales,reaches_CEO,5,0,False
130965,1,62000.0,PhD,M,1,64724,marketing,reaches_CEO,5,0,False
135734,1,212000.0,Master,M,3,67522,sales,reaches_CEO,5,0,False
118745,0,61000.0,Master,M,2,150300,marketing,reaches_CEO,5,0,False
120028,0,65000.0,PhD,F,2,141211,HR,reaches_CEO,5,0,False
63338,1,123000.0,Master,F,3,85791,sales,reaches_CEO,5,0,False
176818,0,205000.0,High_School,F,1,48352,engineering,reaches_CEO,5,0,False
105302,0,264000.0,High_School,F,4,71115,engineering,reaches_CEO,5,0,False
148781,0,95000.0,High_School,M,1,140838,HR,reaches_CEO,5,0,False
27472,0,262000.0,Master,M,3,110508,engineering,reaches_CEO,5,0,False
135799,1,261000.0,PhD,M,2,108164,sales,reaches_CEO,5,0,False
46460,0,382000.0,PhD,F,4,169223,engineering,reaches_CEO,5,0,False
74322,0,218000.0,PhD,M,3,179212,marketing,reaches_CEO,5,0,False
77756,0,188000.0,PhD,M,2,27781,marketing,reaches_CEO,5,0,False
125114,1,132000.0,Master,F,5,41533,HR,reaches_CEO,4,17,True
177819,0,163000.0,Bachelor,M,5,182996,sales,reaches_CEO,5,0,False
121441,1,142000.0,PhD,F,6,102684,sales,reaches_CEO,5,0,False
168062,1,112000.0,Master,M,2,37220,engineering,reaches_CEO,5,0,False
188851,0,144000.0,Bachelor,M,4,146220,marketing,reaches_CEO,5,0,False
136589,0,147000.0,High_School,M,2,91002,marketing,reaches_CEO,5,0,False
129320,1,339000.0,Master,M,1,71585,sales,reaches_CEO,5,0,False
150300,1,218000.0,PhD,M,13,89053,marketing,reaches_CEO,4,13,True
73569,0,81000.0,PhD,F,1,178147,HR,reaches_CEO,5,0,False
86000,0,174000.0,Master,M,5,130204,marketing,reaches_CEO,5,0,False
180587,0,382000.0,High_School,F,2,101484,engineering,reaches_CEO,5,0,False
107593,0,194000.0,Bachelor,M,1,102043,marketing,reaches_CEO,5,0,False
89108,0,125000.0,Bachelor,F,1,180037,sales,reaches_CEO,5,0,False
175820,0,252000.0,Bachelor,M,2,176415,engineering,reaches_CEO,5,0,False
15305,1,95000.0,Bachelor,F,2,115694,engineering,reaches_CEO,5,0,False
84250,0,308000.0,PhD,M,2,170431,marketing,reaches_CEO,5,0,False
34235,0,104000.0,Master,F,4,27718,HR,reaches_CEO,5,0,False
130924,0,177000.0,Master,M,3,34714,sales,reaches_CEO,5,0,False
118028,0,213000.0,PhD,M,4,92210,sales,reaches_CEO,5,0,False
74514,0,243000.0,Master,M,3,102102,sales,reaches_CEO,5,0,False
66420,0,114000.0,Master,F,2,21604,HR,reaches_CEO,4,14,True
123223,1,308000.0,Master,M,2,62990,sales,reaches_CEO,5,0,False
124515,1,168000.0,Master,M,4,30468,engineering,reaches_CEO,5,0,False
98225,1,216000.0,Bachelor,M,16,162476,engineering,reaches_CEO,3,3,True
31294,1,210000.0,Master,M,4,37434,sales,reaches_CEO,5,0,False
6027,1,175000.0,PhD,F,11,74062,marketing,reaches_CEO,3,3,True
141808,0,230000.0,PhD,M,18,34051,sales,reaches_CEO,3,4,True
754,0,86000.0,Bachelor,F,6,25036,HR,reaches_CEO,4,16,True
176415,0,192000.0,PhD,M,6,39726,engineering,reaches_CEO,4,14,True
75108,0,66000.0,PhD,F,3,32405,HR,reaches_CEO,5,0,False
12679,1,152000.0,Master,F,7,3917,sales,reaches_CEO,4,9,True
26424,0,62000.0,High_School,F,4,31063,HR,reaches_CEO,5,0,False
161004,0,179000.0,PhD,M,2,84828,engineering,reaches_CEO,5,0,False
21196,1,289000.0,PhD,M,1,43420,sales,reaches_CEO,5,0,False
49535,0,226000.0,High_School,M,2,1610,engineering,reaches_CEO,5,0,False
126107,0,298000.0,High_School,M,3,23120,marketing,reaches_CEO,5,0,False
12652,0,182000.0,Master,M,4,192369,sales,reaches_CEO,5,0,False
101323,0,101000.0,Bachelor,M,2,115856,sales,reaches_CEO,5,0,False
45803,1,198000.0,Master,M,3,83356,sales,reaches_CEO,4,16,True
99623,0,70000.0,Bachelor,M,1,184236,HR,reaches_CEO,5,0,False
40458,1,276000.0,Master,F,3,124014,sales,reaches_CEO,5,0,False
180700,0,178000.0,High_School,F,1,135848,marketing,reaches_CEO,5,0,False
98468,0,326000.0,Master,M,1,181996,engineering,reaches_CEO,5,0,False
166796,0,195000.0,PhD,M,4,73893,sales,reaches_CEO,5,0,False
76966,1,291000.0,PhD,M,1,185976,engineering,reaches_CEO,5,0,False
181214,0,168000.0,Bachelor,F,7,144219,engineering,reaches_CEO,5,0,False
89871,0,154000.0,Bachelor,M,1,17291,sales,reaches_CEO,5,0,False
188129,0,300000.0,PhD,M,5,90834,sales,reaches_CEO,5,0,False
9056,1,193000.0,High_School,M,4,147249,engineering,reaches_CEO,5,0,False
82693,0,303000.0,High_School,M,3,127266,marketing,reaches_CEO,5,0,False
123352,1,235000.0,PhD,M,3,14470,sales,reaches_CEO,5,0,False
181674,1,114000.0,Master,M,1,182777,marketing,reaches_CEO,5,0,False
111877,0,247000.0,PhD,M,4,159838,marketing,reaches_CEO,5,0,False
742,0,109000.0,Master,M,6,192056,HR,reaches_CEO,4,17,True
80296,0,61000.0,High_School,F,1,51923,HR,reaches_CEO,5,0,False
91345,1,232000.0,Bachelor,M,6,32510,sales,reaches_CEO,4,8,True
122456,0,302000.0,Bachelor,M,2,76641,engineering,reaches_CEO,5,0,False
188167,1,115000.0,Bachelor,F,6,175365,marketing,reaches_CEO,5,0,False
158098,0,305000.0,Bachelor,M,1,134536,engineering,reaches_CEO,5,0,False
198889,0,251000.0,PhD,F,1,162035,sales,reaches_CEO,5,0,False
120639,0,217000.0,Master,M,5,142146,sales,reaches_CEO,3,6,True
49799,0,77000.0,Master,F,2,135804,HR,reaches_CEO,5,0,False
152382,0,75000.0,PhD,M,1,70406,marketing,reaches_CEO,5,0,False
126862,1,172000.0,Bachelor,M,3,53390,sales,reaches_CEO,5,0,False
6404,1,136000.0,PhD,M,5,60373,marketing,reaches_CEO,5,0,False
198626,1,320000.0,PhD,M,3,198648,marketing,reaches_CEO,5,0,False
156633,0,131000.0,High_School,F,3,196490,HR,reaches_CEO,5,0,False
164414,0,64000.0,Bachelor,M,1,117376,HR,reaches_CEO,5,0,False
565,0,68000.0,Bachelor,M,3,21470,marketing,reaches_CEO,5,0,False
2734,1,79000.0,Bachelor,F,8,47260,HR,reaches_CEO,5,0,False
48251,1,229000.0,PhD,M,3,148865,sales,reaches_CEO,5,0,False
103912,0,292000.0,High_School,M,5,89002,sales,reaches_CEO,4,11,True
141910,1,117000.0,Bachelor,M,3,112643,sales,reaches_CEO,5,0,False
136147,0,161000.0,Bachelor,M,5,100942,sales,reaches_CEO,4,13,True
124951,0,75000.0,Master,F,6,81421,HR,reaches_CEO,5,0,False
46173,0,341000.0,Bachelor,M,2,181772,sales,reaches_CEO,5,0,False
49729,1,275000.0,Master,F,3,191418,sales,reaches_CEO,4,10,True
132599,1,298000.0,Master,F,2,130204,marketing,reaches_CEO,5,0,False
81313,0,98000.0,PhD,F,5,159996,sales,reaches_CEO,5,0,False
184462,0,291000.0,Bachelor,M,3,174122,engineering,reaches_CEO,5,0,False
171048,1,233000.0,Bachelor,M,2,89837,marketing,reaches_CEO,5,0,False
96177,0,185000.0,High_School,M,5,77866,marketing,reaches_CEO,5,0,False
367,0,220000.0,PhD,F,1,118769,engineering,reaches_CEO,5,0,False
104068,0,98000.0,Bachelor,F,2,23737,HR,reaches_CEO,5,0,False
101647,0,267000.0,PhD,M,8,193518,sales,reaches_CEO,5,0,False
192369,0,131000.0,Bachelor,M,13,131950,sales,reaches_CEO,4,14,True
78678,0,73000.0,PhD,F,3,92403,sales,reaches_CEO,5,0,False
172587,1,132000.0,PhD,M,3,141079,engineering,reaches_CEO,5,0,False
74737,1,215000.0,Master,M,2,143317,sales,reaches_CEO,5,0,False
136730,1,300000.0,Master,M,4,10773,engineering,reaches_CEO,5,0,False
83260,0,75000.0,PhD,F,5,159638,HR,reaches_CEO,5,0,False
138823,1,95000.0,PhD,F,12,124994,HR,reaches_CEO,3,8,True
162461,0,203000.0,PhD,M,5,132399,sales,reaches_CEO,5,0,False
39663,1,95000.0,Master,M,1,95522,marketing,reaches_CEO,5,0,False
92226,0,113000.0,Master,M,3,198875,engineering,reaches_CEO,5,0,False
130568,1,95000.0,Bachelor,M,4,75246,engineering,reaches_CEO,5,0,False
127778,1,291000.0,PhD,M,4,134536,engineering,reaches_CEO,5,0,False
177391,0,125000.0,Master,M,3,134048,sales,reaches_CEO,5,0,False
130724,1,255000.0,PhD,M,9,129000,marketing,reaches_CEO,5,0,False
49720,0,67000.0,High_School,F,7,39460,HR,reaches_CEO,5,0,False
96060,1,61000.0,Bachelor,M,8,7531,HR,reaches_CEO,4,9,True
154843,1,155000.0,PhD,F,1,173939,marketing,reaches_CEO,5,0,False
75014,0,203000.0,High_School,F,1,132360,sales,reaches_CEO,5,0,False
99105,0,143000.0,Master,M,6,48877,marketing,reaches_CEO,5,0,False
27637,0,194000.0,Bachelor,M,2,88779,sales,reaches_CEO,5,0,False
20378,0,66000.0,PhD,M,5,124994,HR,reaches_CEO,3,6,True
142630,0,143000.0,PhD,F,13,171266,HR,reaches_CEO,4,16,True
71595,1,288000.0,PhD,M,19,55537,engineering,reaches_CEO,3,4,True
57105,0,219000.0,High_School,F,4,105395,engineering,reaches_CEO,5,0,False
97647,0,102000.0,High_School,F,23,110464,marketing,reaches_CEO,2,6,True
94667,0,104000.0,Master,F,3,149245,marketing,reaches_CEO,5,0,False
133518,0,354000.0,Bachelor,M,5,119576,engineering,reaches_CEO,5,0,False
119964,0,70000.0,Bachelor,M,4,167223,marketing,reaches_CEO,4,9,True
57078,0,193000.0,Bachelor,M,2,147783,sales,reaches_CEO,5,0,False
10357,1,309000.0,Master,F,7,196484,marketing,reaches_CEO,4,14,True
96548,1,233000.0,High_School,F,5,162196,engineering,reaches_CEO,5,0,False
198478,0,269000.0,Bachelor,M,4,198240,sales,reaches_CEO,5,0,False
150066,0,296000.0,PhD,M,2,51293,sales,reaches_CEO,5,0,False
177199,1,269000.0,High_School,M,2,109254,sales,reaches_CEO,5,0,False
156257,0,111000.0,High_School,F,2,22887,HR,reaches_CEO,5,0,False
52226,0,243000.0,PhD,M,2,110091,engineering,reaches_CEO,5,0,False
147111,0,151000.0,PhD,M,1,182777,marketing,reaches_CEO,5,0,False
150206,0,68000.0,Bachelor,M,6,151696,HR,reaches_CEO,5,0,False
112873,0,74000.0,Bachelor,F,3,43937,HR,reaches_CEO,5,0,False
183262,0,81000.0,Bachelor,F,1,7095,HR,reaches_CEO,5,0,False
118232,0,163000.0,PhD,M,2,126368,sales,reaches_CEO,5,0,False
86822,1,98000.0,Bachelor,F,2,20828,marketing,reaches_CEO,5,0,False
134944,0,201000.0,Master,M,8,181201,sales,reaches_CEO,4,13,True
54273,0,294000.0,Master,M,2,40904,engineering,reaches_CEO,5,0,False
87537,0,213000.0,Bachelor,M,4,191495,sales,reaches_CEO,5,0,False
166928,1,76000.0,Bachelor,F,3,189937,engineering,reaches_CEO,4,13,True
76256,0,282000.0,Master,M,1,89837,marketing,reaches_CEO,5,0,False
114582,0,259000.0,Master,M,1,88779,sales,reaches_CEO,5,0,False
62867,0,281000.0,PhD,F,2,189222,engineering,reaches_CEO,5,0,False
102809,0,70000.0,High_School,F,1,94447,HR,reaches_CEO,5,0,False
73133,0,301000.0,Bachelor,F,9,92765,engineering,reaches_CEO,5,0,False
12939,0,209000.0,High_School,M,3,177489,marketing,reaches_CEO,5,0,False
26468,1,338000.0,Master,F,4,189937,engineering,reaches_CEO,4,12,True
184993,0,171000.0,High_School,M,3,175361,sales,reaches_CEO,5,0,False
38603,1,341000.0,Master,F,2,144219,engineering,reaches_CEO,5,0,False
36137,0,187000.0,Master,M,2,177772,marketing,reaches_CEO,5,0,False
194519,1,159000.0,PhD,M,1,78215,sales,reaches_CEO,5,0,False
178147,0,106000.0,Master,M,5,24681,HR,reaches_CEO,4,10,True
85438,1,297000.0,Master,F,4,75198,marketing,reaches_CEO,5,0,False
81559,1,80000.0,Master,M,3,198879,sales,reaches_CEO,5,0,False
154897,0,247000.0,Master,M,19,34280,sales,reaches_CEO,3,6,True
15447,1,190000.0,High_School,M,6,92845,engineering,reaches_CEO,5,0,False
84521,0,78000.0,Master,M,2,94447,HR,reaches_CEO,5,0,False
151455,0,386000.0,Bachelor,F,5,55883,engineering,reaches_CEO,5,0,False
126176,0,166000.0,Bachelor,F,1,98419,marketing,reaches_CEO,5,0,False
173518,0,112000.0,Bachelor,M,8,102026,sales,reaches_CEO,5,0,False
90417,0,188000.0,Master,F,3,57938,engineering,reaches_CEO,5,0,False
133107,1,112000.0,Bachelor,M,1,107493,engineering,reaches_CEO,5,0,False
98558,0,338000.0,Master,M,10,145161,engineering,reaches_CEO,4,12,True
111951,0,78000.0,Bachelor,M,7,171461,HR,reaches_CEO,5,0,False
61288,0,195000.0,High_School,M,3,143050,marketing,reaches_CEO,5,0,False
126221,0,266000.0,PhD,M,3,110508,engineering,reaches_CEO,5,0,False
81788,0,125000.0,PhD,F,1,101901,engineering,reaches_CEO,5,0,False
35799,0,152000.0,Bachelor,M,2,79193,sales,reaches_CEO,5,0,False
58836,1,298000.0,High_School,M,4,155437,engineering,reaches_CEO,5,0,False
4421,0,216000.0,High_School,M,2,32510,sales,reaches_CEO,4,9,True
166367,1,270000.0,Bachelor,M,4,34134,sales,reaches_CEO,5,0,False
94013,0,196000.0,Master,F,2,5743,sales,reaches_CEO,5,0,False
79807,1,231000.0,High_School,F,9,92567,engineering,reaches_CEO,4,9,True
48069,1,246000.0,Bachelor,F,7,60489,marketing,reaches_CEO,5,0,False
179311,0,132000.0,Bachelor,M,4,123387,sales,reaches_CEO,5,0,False
73034,0,163000.0,High_School,M,2,161284,engineering,reaches_CEO,4,9,True
85780,1,338000.0,Bachelor,M,2,26468,engineering,reaches_CEO,5,0,False
175279,0,166000.0,High_School,M,3,148260,marketing,reaches_CEO,5,0,False
71987,0,137000.0,Master,M,4,24015,HR,reaches_CEO,4,10,True
158654,0,292000.0,Bachelor,M,3,3260,engineering,reaches_CEO,5,0,False
69988,0,243000.0,PhD,F,3,165668,engineering,reaches_CEO,5,0,False
4153,0,396000.0,Master,M,1,81111,engineering,reaches_CEO,5,0,False
153275,1,114000.0,High_School,M,2,198648,marketing,reaches_CEO,5,0,False
13399,0,187000.0,Master,M,3,51293,sales,reaches_CEO,5,0,False
15626,0,75000.0,Master,F,5,146111,HR,reaches_CEO,5,0,False
64633,1,272000.0,Master,F,2,84828,engineering,reaches_CEO,5,0,False
188716,0,79000.0,Bachelor,M,1,126515,HR,reaches_CEO,5,0,False
43381,0,284000.0,Bachelor,F,3,1050,engineering,reaches_CEO,5,0,False
46196,0,142000.0,PhD,F,5,160618,sales,reaches_CEO,5,0,False
38027,0,89000.0,Bachelor,M,1,191351,marketing,reaches_CEO,5,0,False
118109,0,79000.0,High_School,M,2,73254,HR,reaches_CEO,5,0,False
40277,0,277000.0,Master,M,3,5875,marketing,reaches_CEO,5,0,False
37480,0,153000.0,High_School,M,4,114011,engineering,reaches_CEO,5,0,False
87660,0,205000.0,Bachelor,M,1,174122,engineering,reaches_CEO,5,0,False
140697,0,159000.0,Bachelor,F,2,81644,engineering,reaches_CEO,5,0,False
66514,0,117000.0,Bachelor,F,2,44056,HR,reaches_CEO,5,0,False
165921,0,274000.0,PhD,F,1,166729,marketing,reaches_CEO,5,0,False
2420,1,123000.0,Master,M,8,112245,sales,reaches_CEO,5,0,False
102605,1,276000.0,Master,M,1,26505,marketing,reaches_CEO,5,0,False
146544,0,185000.0,Master,M,1,97878,sales,reaches_CEO,5,0,False
129786,0,329000.0,Bachelor,M,4,73106,engineering,reaches_CEO,5,0,False
113887,1,313000.0,High_School,F,2,197206,marketing,reaches_CEO,5,0,False
148787,1,274000.0,PhD,F,5,153291,sales,reaches_CEO,5,0,False
39067,0,89000.0,Bachelor,M,7,26183,sales,reaches_CEO,5,0,False
96569,0,287000.0,Master,F,2,180924,marketing,reaches_CEO,5,0,False
164530,1,123000.0,PhD,M,1,132283,engineering,reaches_CEO,5,0,False
129908,0,66000.0,Bachelor,M,6,150290,HR,reaches_CEO,5,0,False
58311,0,213000.0,PhD,M,3,177166,engineering,reaches_CEO,5,0,False
24740,0,133000.0,Master,F,3,146220,marketing,reaches_CEO,5,0,False
65382,1,90000.0,Master,M,4,90237,sales,reaches_CEO,5,0,False
141419,0,146000.0,High_School,M,2,147016,sales,reaches_CEO,5,0,False
97091,0,228000.0,Master,M,4,88779,sales,reaches_CEO,5,0,False
129748,0,221000.0,Bachelor,M,1,158609,sales,reaches_CEO,5,0,False
178243,0,61000.0,PhD,M,3,125114,HR,reaches_CEO,5,0,False
55634,1,221000.0,High_School,M,3,30488,marketing,reaches_CEO,5,0,False
137159,0,187000.0,High_School,F,2,27704,sales,reaches_CEO,5,0,False
190691,0,273000.0,Master,F,1,63077,sales,reaches_CEO,5,0,False
55279,1,187000.0,High_School,M,1,51288,engineering,reaches_CEO,5,0,False
55948,0,62000.0,PhD,F,2,150189,HR,reaches_CEO,5,0,False
129032,0,161000.0,Master,F,1,87884,engineering,reaches_CEO,5,0,False
146954,1,369000.0,PhD,M,2,136147,sales,reaches_CEO,5,0,False
76679,0,196000.0,High_School,M,1,48742,engineering,reaches_CEO,5,0,False
127677,1,325000.0,High_School,M,4,148418,engineering,reaches_CEO,5,0,False
64455,0,93000.0,Bachelor,F,3,39460,HR,reaches_CEO,5,0,False
38820,0,174000.0,PhD,M,1,103448,sales,reaches_CEO,5,0,False
111896,0,177000.0,Bachelor,F,1,134671,sales,reaches_CEO,5,0,False
115123,1,215000.0,PhD,M,2,154703,engineering,reaches_CEO,5,0,False
147761,1,132000.0,Bachelor,F,5,150194,engineering,reaches_CEO,5,0,False
21103,1,246000.0,Bachelor,F,8,182777,marketing,reaches_CEO,5,0,False
71324,0,216000.0,Bachelor,M,6,34134,sales,reaches_CEO,5,0,False
130025,0,165000.0,Bachelor,M,2,155437,engineering,reaches_CEO,5,0,False
108019,0,95000.0,Master,F,4,147016,sales,reaches_CEO,5,0,False
5605,0,229000.0,Master,M,2,128511,engineering,reaches_CEO,5,0,False
113681,0,89000.0,Bachelor,M,1,17211,HR,reaches_CEO,5,0,False
154008,0,209000.0,Bachelor,M,4,4394,marketing,reaches_CEO,5,0,False
50255,0,252000.0,Bachelor,M,1,113245,sales,reaches_CEO,5,0,False
74185,0,384000.0,PhD,M,4,75045,marketing,reaches_CEO,5,0,False
5408,1,393000.0,Master,F,1,167650,engineering,reaches_CEO,5,0,False
177703,0,91000.0,Master,M,5,138948,marketing,reaches_CEO,5,0,False
175979,1,251000.0,PhD,M,4,142104,engineering,reaches_CEO,5,0,False
182728,0,200000.0,PhD,F,2,134728,marketing,reaches_CEO,5,0,False
146198,0,254000.0,Bachelor,M,4,75198,marketing,reaches_CEO,5,0,False
198182,0,83000.0,Master,M,7,183824,engineering,reaches_CEO,5,0,False
86379,0,329000.0,Master,F,1,165853,engineering,reaches_CEO,5,0,False
148807,0,95000.0,Master,F,7,43704,HR,reaches_CEO,5,0,False
118720,0,334000.0,PhD,M,3,7212,marketing,reaches_CEO,5,0,False
30568,0,87000.0,Master,F,4,130135,HR,reaches_CEO,5,0,False
22104,1,373000.0,Bachelor,M,4,2644,sales,reaches_CEO,5,0,False
144064,0,151000.0,High_School,M,5,121419,engineering,reaches_CEO,5,0,False
127007,0,158000.0,Master,F,8,46997,sales,reaches_CEO,5,0,False
126515,0,79000.0,PhD,M,13,24681,HR,reaches_CEO,4,16,True
139350,0,389000.0,PhD,F,1,119774,sales,reaches_CEO,5,0,False
66299,0,220000.0,High_School,M,1,43420,sales,reaches_CEO,5,0,False
193621,1,221000.0,PhD,F,11,100942,sales,reaches_CEO,4,8,True
137751,0,199000.0,Master,F,3,134048,sales,reaches_CEO,5,0,False
63309,0,132000.0,High_School,M,5,186283,engineering,reaches_CEO,5,0,False
199903,0,206000.0,PhD,F,4,151005,marketing,reaches_CEO,5,0,False
70499,1,398000.0,Master,F,3,112750,engineering,reaches_CEO,5,0,False
172353,0,311000.0,Bachelor,F,2,134536,engineering,reaches_CEO,5,0,False
135993,1,182000.0,Bachelor,M,4,49729,sales,reaches_CEO,5,0,False
124159,1,324000.0,PhD,M,6,189038,engineering,reaches_CEO,5,0,False
26748,0,328000.0,Bachelor,F,4,34134,sales,reaches_CEO,5,0,False
148865,0,215000.0,Master,M,13,24691,sales,reaches_CEO,4,12,True
160422,0,297000.0,Bachelor,M,2,54136,marketing,reaches_CEO,5,0,False
154943,0,222000.0,Master,M,3,190065,marketing,reaches_CEO,5,0,False
92224,0,147000.0,Bachelor,M,2,138432,sales,reaches_CEO,5,0,False
169372,0,140000.0,Master,F,3,149970,marketing,reaches_CEO,5,0,False
182833,0,61000.0,Master,F,1,51121,HR,reaches_CEO,5,0,False
94362,0,226000.0,Bachelor,F,18,34051,sales,reaches_CEO,3,7,True
9121,0,347000.0,Bachelor,M,1,128447,engineering,reaches_CEO,5,0,False
115276,0,60000.0,PhD,M,3,160169,sales,reaches_CEO,5,0,False
74148,1,209000.0,Bachelor,M,4,12877,engineering,reaches_CEO,5,0,False
908,0,64000.0,High_School,M,8,59327,HR,reaches_CEO,5,0,False
43442,0,80000.0,PhD,F,3,123154,HR,reaches_CEO,5,0,False
11847,0,191000.0,PhD,M,6,111508,marketing,reaches_CEO,5,0,False
30714,0,68000.0,PhD,M,3,41808,HR,reaches_CEO,5,0,False
143977,0,107000.0,Bachelor,M,4,143317,sales,reaches_CEO,5,0,False
62957,0,197000.0,PhD,M,1,174092,sales,reaches_CEO,5,0,False
56197,0,121000.0,Bachelor,M,4,131525,sales,reaches_CEO,5,0,False
60831,0,99000.0,Master,F,6,1791,HR,reaches_CEO,5,0,False
85061,1,133000.0,PhD,M,4,132360,sales,reaches_CEO,5,0,False
24681,0,116000.0,Master,F,18,124994,HR,reaches_CEO,3,7,True
75198,0,196000.0,Bachelor,F,14,146600,marketing,reaches_CEO,4,16,True
121195,0,96000.0,PhD,F,1,198624,HR,reaches_CEO,5,0,False
49545,0,246000.0,PhD,M,3,29712,engineering,reaches_CEO,5,0,False
170804,1,318000.0,High_School,M,2,40904,engineering,reaches_CEO,5,0,False
142051,0,212000.0,High_School,M,3,43420,sales,reaches_CEO,5,0,False
73106,1,362000.0,PhD,M,5,60121,engineering,reaches_CEO,4,16,True
180266,1,203000.0,Bachelor,M,2,10922,sales,reaches_CEO,5,0,False
23989,0,125000.0,Master,F,7,74818,sales,reaches_CEO,5,0,False
52367,0,208000.0,Bachelor,F,4,9706,sales,reaches_CEO,5,0,False
92526,0,284000.0,PhD,M,8,182777,marketing,reaches_CEO,5,0,False
140026,0,354000.0,Master,M,7,166653,engineering,reaches_CEO,5,0,False
169653,1,187000.0,Master,M,1,126257,engineering,reaches_CEO,5,0,False
149334,0,115000.0,Master,F,3,7966,sales,reaches_CEO,5,0,False
86590,0,245000.0,Bachelor,F,2,38308,marketing,reaches_CEO,5,0,False
55431,0,330000.0,PhD,F,9,100942,sales,reaches_CEO,4,9,True
106449,0,73000.0,Bachelor,F,4,14465,HR,reaches_CEO,5,0,False
54983,0,225000.0,PhD,M,1,85717,sales,reaches_CEO,5,0,False
161218,1,261000.0,Master,M,2,79237,marketing,reaches_CEO,5,0,False
194614,1,301000.0,High_School,M,7,154170,engineering,reaches_CEO,5,0,False
136635,0,191000.0,Bachelor,M,2,103448,sales,reaches_CEO,5,0,False
64767,0,60000.0,PhD,M,3,742,HR,reaches_CEO,5,0,False
114472,0,141000.0,Master,F,20,197876,sales,reaches_CEO,3,4,True
60319,1,162000.0,PhD,M,5,65174,sales,reaches_CEO,4,6,True
114835,1,286000.0,High_School,M,2,74066,engineering,reaches_CEO,5,0,False
156577,0,165000.0,High_School,M,7,166729,marketing,reaches_CEO,5,0,False
140333,0,224000.0,Bachelor,M,3,34714,sales,reaches_CEO,5,0,False
75821,1,367000.0,Bachelor,M,4,133927,engineering,reaches_CEO,5,0,False
18928,0,294000.0,PhD,M,1,165717,sales,reaches_CEO,5,0,False
110575,0,63000.0,PhD,M,2,182556,sales,reaches_CEO,5,0,False
60713,1,140000.0,Master,F,5,168742,sales,reaches_CEO,5,0,False
192592,0,335000.0,Bachelor,M,2,43858,engineering,reaches_CEO,5,0,False
37951,0,165000.0,Master,M,7,107493,engineering,reaches_CEO,5,0,False
125254,1,200000.0,Master,M,5,122567,engineering,reaches_CEO,5,0,False
130903,1,83000.0,Master,M,2,180924,marketing,reaches_CEO,5,0,False
41840,0,312000.0,PhD,M,4,153412,marketing,reaches_CEO,5,0,False
160011,1,356000.0,PhD,F,3,118769,engineering,reaches_CEO,5,0,False
20674,0,95000.0,High_School,F,5,57185,engineering,reaches_CEO,5,0,False
139678,0,155000.0,PhD,M,2,12649,engineering,reaches_CEO,5,0,False
38652,0,196000.0,High_School,M,4,96664,marketing,reaches_CEO,5,0,False
128560,0,166000.0,Bachelor,M,8,119576,engineering,reaches_CEO,5,0,False
144326,0,195000.0,Bachelor,F,2,78874,sales,reaches_CEO,5,0,False
174122,0,313000.0,Bachelor,M,3,152076,engineering,reaches_CEO,4,11,True
12954,0,78000.0,Bachelor,F,1,172948,HR,reaches_CEO,5,0,False
77883,1,145000.0,High_School,M,3,127266,marketing,reaches_CEO,5,0,False
56375,0,223000.0,Master,F,5,9239,sales,reaches_CEO,5,0,False
191649,0,60000.0,PhD,M,7,94454,sales,reaches_CEO,4,14,True
41510,1,141000.0,Bachelor,M,3,147715,sales,reaches_CEO,5,0,False
165235,1,283000.0,PhD,M,3,198240,sales,reaches_CEO,5,0,False
182694,1,78000.0,Bachelor,M,2,53390,sales,reaches_CEO,5,0,False
158156,0,86000.0,PhD,M,1,198424,marketing,reaches_CEO,5,0,False
88008,0,162000.0,Master,M,3,175434,sales,reaches_CEO,5,0,False
144177,1,107000.0,High_School,F,5,180930,sales,reaches_CEO,5,0,False
20766,0,89000.0,Master,M,3,16445,HR,reaches_CEO,5,0,False
102058,0,122000.0,High_School,M,4,131525,sales,reaches_CEO,5,0,False
9052,1,281000.0,Master,M,2,159098,engineering,reaches_CEO,5,0,False
13458,0,133000.0,PhD,M,2,159838,marketing,reaches_CEO,5,0,False
1415,0,131000.0,High_School,F,1,9239,sales,reaches_CEO,5,0,False
14886,0,226000.0,High_School,M,1,172250,marketing,reaches_CEO,5,0,False
148619,0,241000.0,PhD,M,7,14470,sales,reaches_CEO,5,0,False
185200,0,205000.0,High_School,M,3,14299,engineering,reaches_CEO,5,0,False
70705,1,99000.0,Bachelor,F,9,102498,HR,reaches_CEO,5,0,False
79582,0,157000.0,PhD,M,4,60489,marketing,reaches_CEO,5,0,False
104958,0,227000.0,Bachelor,M,2,2644,sales,reaches_CEO,5,0,False
93388,0,87000.0,Master,M,3,53826,HR,reaches_CEO,5,0,False
58212,1,205000.0,Master,M,2,94507,engineering,reaches_CEO,5,0,False
54106,1,228000.0,Bachelor,M,2,134671,sales,reaches_CEO,5,0,False
145308,1,238000.0,Master,M,6,158056,engineering,reaches_CEO,5,0,False
197481,1,360000.0,PhD,F,6,73489,sales,reaches_CEO,5,0,False
156382,1,255000.0,Bachelor,M,2,133927,engineering,reaches_CEO,5,0,False
178499,1,70000.0,Master,M,1,75198,marketing,reaches_CEO,5,0,False
98607,1,273000.0,Bachelor,F,1,57185,engineering,reaches_CEO,5,0,False
120480,1,125000.0,Bachelor,M,5,159906,sales,reaches_CEO,5,0,False
29410,0,315000.0,PhD,M,14,145161,engineering,reaches_CEO,4,12,True
20032,0,203000.0,PhD,F,2,88779,sales,reaches_CEO,5,0,False
98707,0,212000.0,High_School,F,6,19424,engineering,reaches_CEO,5,0,False
167790,0,160000.0,High_School,M,8,126330,engineering,reaches_CEO,5,0,False
153321,0,165000.0,High_School,M,7,30640,engineering,reaches_CEO,5,0,False
15405,0,172000.0,Master,M,6,148260,marketing,reaches_CEO,5,0,False
112769,1,222000.0,PhD,M,1,189222,engineering,reaches_CEO,5,0,False
44046,1,267000.0,PhD,M,1,94683,marketing,reaches_CEO,5,0,False
113026,1,203000.0,Bachelor,M,1,186283,engineering,reaches_CEO,5,0,False
191289,1,278000.0,PhD,M,9,71595,engineering,reaches_CEO,4,13,True
158402,0,106000.0,Bachelor,F,4,15768,HR,reaches_CEO,5,0,False
21276,0,376000.0,Bachelor,M,4,144219,engineering,reaches_CEO,5,0,False
131301,0,72000.0,PhD,M,8,129778,HR,reaches_CEO,5,0,False
160121,0,249000.0,Master,F,3,75246,engineering,reaches_CEO,5,0,False
71500,0,169000.0,PhD,M,4,156010,engineering,reaches_CEO,5,0,False
116154,0,306000.0,Bachelor,M,3,68821,engineering,reaches_CEO,5,0,False
190274,1,313000.0,PhD,M,1,4440,marketing,reaches_CEO,5,0,False
196637,0,290000.0,PhD,F,13,189937,engineering,reaches_CEO,4,4,True
87330,1,104000.0,Bachelor,F,3,91654,engineering,reaches_CEO,4,13,True
112743,0,364000.0,High_School,F,2,122567,engineering,reaches_CEO,5,0,False
52322,1,210000.0,Bachelor,M,5,77613,sales,reaches_CEO,5,0,False
198824,0,160000.0,PhD,F,1,69200,sales,reaches_CEO,5,0,False
30639,0,112000.0,PhD,M,5,52319,sales,reaches_CEO,5,0,False
59218,1,148000.0,Bachelor,M,3,121419,engineering,reaches_CEO,5,0,False
81849,0,88000.0,Master,F,4,123154,HR,reaches_CEO,5,0,False
80289,0,78000.0,Bachelor,M,4,88370,HR,reaches_CEO,5,0,False
17149,0,249000.0,High_School,M,5,94507,engineering,reaches_CEO,5,0,False
119897,0,89000.0,High_School,M,6,67522,sales,reaches_CEO,5,0,False
192132,0,146000.0,High_School,M,12,37154,marketing,reaches_CEO,4,7,True
147845,1,136000.0,Bachelor,F,4,51923,HR,reaches_CEO,5,0,False
79070,0,61000.0,Bachelor,M,1,31063,HR,reaches_CEO,5,0,False
85081,1,280000.0,Bachelor,M,2,41991,sales,reaches_CEO,5,0,False
192105,1,217000.0,Master,M,4,101901,engineering,reaches_CEO,5,0,False
92320,0,127000.0,PhD,F,1,188118,sales,reaches_CEO,5,0,False
19057,0,201000.0,Bachelor,F,3,132026,marketing,reaches_CEO,5,0,False
181394,0,323000.0,Bachelor,M,6,171940,marketing,reaches_CEO,5,0,False
124641,1,134000.0,Bachelor,F,2,182038,sales,reaches_CEO,5,0,False
116417,1,175000.0,PhD,F,4,25934,engineering,reaches_CEO,5,0,False
170710,0,301000.0,Bachelor,M,2,179929,sales,reaches_CEO,5,0,False
52498,1,181000.0,Master,M,5,182777,marketing,reaches_CEO,5,0,False
189516,1,193000.0,Master,F,2,160618,sales,reaches_CEO,5,0,False
30050,0,82000.0,Master,M,4,119231,HR,reaches_CEO,5,0,False
130780,0,174000.0,Bachelor,M,1,80728,engineering,reaches_CEO,5,0,False
133343,1,62000.0,PhD,M,4,150189,HR,reaches_CEO,5,0,False
99589,0,360000.0,Master,F,1,131063,marketing,reaches_CEO,5,0,False
116714,1,289000.0,Bachelor,F,3,148418,engineering,reaches_CEO,5,0,False
44967,0,62000.0,Bachelor,M,4,8812,HR,reaches_CEO,5,0,False
71499,0,359000.0,PhD,M,26,110464,marketing,reaches_CEO,2,2,True
42576,0,201000.0,Bachelor,M,3,24979,marketing,reaches_CEO,5,0,False
11423,0,189000.0,Master,M,2,124014,sales,reaches_CEO,5,0,False
100854,1,88000.0,Master,M,3,73106,engineering,reaches_CEO,5,0,False
128446,1,341000.0,Bachelor,M,4,53374,sales,reaches_CEO,5,0,False
165072,0,194000.0,High_School,F,7,148032,sales,reaches_CEO,5,0,False
154381,0,327000.0,PhD,M,5,66090,sales,reaches_CEO,4,8,True
181340,0,94000.0,PhD,M,7,81490,sales,reaches_CEO,5,0,False
469,0,79000.0,Master,M,1,21470,marketing,reaches_CEO,5,0,False
192911,0,166000.0,Master,F,3,164439,marketing,reaches_CEO,5,0,False
109804,1,199000.0,PhD,M,24,51535,engineering,reaches_CEO,2,6,True
128522,0,74000.0,Bachelor,F,6,39460,HR,reaches_CEO,5,0,False
63303,0,92000.0,PhD,F,1,44056,HR,reaches_CEO,5,0,False
187931,0,181000.0,Bachelor,M,1,134658,sales,reaches_CEO,5,0,False
89731,0,159000.0,Bachelor,M,2,186086,engineering,reaches_CEO,5,0,False
76859,1,125000.0,Bachelor,M,3,52923,sales,reaches_CEO,5,0,False
143473,0,75000.0,Master,F,7,59566,HR,reaches_CEO,4,7,True
183718,0,379000.0,PhD,F,2,92845,engineering,reaches_CEO,5,0,False
130834,1,360000.0,PhD,F,13,98225,engineering,reaches_CEO,4,7,True
191485,0,322000.0,PhD,M,11,89002,sales,reaches_CEO,4,12,True
159974,1,168000.0,High_School,F,2,162035,sales,reaches_CEO,5,0,False
82591,1,290000.0,Bachelor,M,5,87884,engineering,reaches_CEO,5,0,False
141849,0,82000.0,Bachelor,F,4,119302,HR,reaches_CEO,5,0,False
32959,0,95000.0,Bachelor,M,2,142276,HR,reaches_CEO,5,0,False
148599,0,244000.0,High_School,M,4,21470,marketing,reaches_CEO,5,0,False
24913,0,173000.0,Bachelor,M,5,66160,sales,reaches_CEO,5,0,False
97381,0,68000.0,Master,F,6,172717,HR,reaches_CEO,5,0,False
67211,1,173000.0,High_School,M,5,48690,sales,reaches_CEO,5,0,False
86787,1,91000.0,Bachelor,M,8,168942,HR,reaches_CEO,5,0,False
10768,0,188000.0,PhD,M,1,87733,sales,reaches_CEO,5,0,False
152748,1,207000.0,PhD,M,3,175434,sales,reaches_CEO,5,0,False
133748,1,205000.0,PhD,M,3,127544,sales,reaches_CEO,5,0,False
13395,0,211000.0,Master,M,4,109254,sales,reaches_CEO,5,0,False
106349,0,78000.0,PhD,M,3,22977,HR,reaches_CEO,5,0,False
121739,0,222000.0,Master,M,3,181787,marketing,reaches_CEO,5,0,False
77212,0,281000.0,PhD,M,5,29547,engineering,reaches_CEO,5,0,False
156450,1,218000.0,Master,M,2,92845,engineering,reaches_CEO,5,0,False
97932,0,281000.0,High_School,M,3,135846,sales,reaches_CEO,5,0,False
5374,0,171000.0,Master,M,4,167941,sales,reaches_CEO,4,17,True
110310,0,114000.0,Bachelor,M,5,75705,HR,reaches_CEO,5,0,False
196291,1,202000.0,Bachelor,F,5,29712,engineering,reaches_CEO,5,0,False
54808,1,344000.0,PhD,M,8,163049,sales,reaches_CEO,4,10,True
196513,0,395000.0,High_School,F,1,52525,engineering,reaches_CEO,5,0,False
119763,0,89000.0,Bachelor,M,3,52313,sales,reaches_CEO,5,0,False
76649,0,149000.0,Bachelor,F,2,5374,sales,reaches_CEO,5,0,False
178516,0,63000.0,Bachelor,M,3,129734,engineering,reaches_CEO,5,0,False
1349,1,123000.0,PhD,M,3,134658,sales,reaches_CEO,5,0,False
28435,0,174000.0,Bachelor,M,6,20828,marketing,reaches_CEO,5,0,False
1628,0,159000.0,Bachelor,M,3,53109,sales,reaches_CEO,5,0,False
62816,1,188000.0,PhD,M,1,95169,sales,reaches_CEO,5,0,False
133826,1,115000.0,High_School,M,3,87762,sales,reaches_CEO,5,0,False
149492,1,273000.0,Bachelor,M,6,40904,engineering,reaches_CEO,5,0,False
34868,1,213000.0,High_School,F,6,77670,sales,reaches_CEO,5,0,False
160478,0,60000.0,Master,M,7,123502,HR,reaches_CEO,5,0,False
97504,1,168000.0,Master,M,1,76073,engineering,reaches_CEO,5,0,False
7725,1,277000.0,Bachelor,M,5,90,engineering,reaches_CEO,5,0,False
133388,0,398000.0,Master,M,6,67151,engineering,reaches_CEO,5,0,False
70987,1,221000.0,PhD,M,2,4394,marketing,reaches_CEO,5,0,False
127825,0,70000.0,Master,F,4,189742,HR,reaches_CEO,5,0,False
100495,0,193000.0,PhD,F,2,103448,sales,reaches_CEO,5,0,False
174518,0,196000.0,Master,M,4,79934,engineering,reaches_CEO,5,0,False
30717,1,186000.0,Master,M,1,138948,marketing,reaches_CEO,5,0,False
198933,0,172000.0,Master,M,2,144219,engineering,reaches_CEO,5,0,False
18501,1,172000.0,Master,F,2,19424,engineering,reaches_CEO,5,0,False
22956,0,231000.0,Bachelor,M,6,132309,sales,reaches_CEO,5,0,False
127356,0,70000.0,Master,M,5,184885,HR,reaches_CEO,5,0,False
21022,1,124000.0,PhD,F,1,192145,sales,reaches_CEO,5,0,False
58296,0,316000.0,Master,M,2,59555,marketing,reaches_CEO,5,0,False
53548,0,180000.0,PhD,M,6,102712,sales,reaches_CEO,5,0,False
136594,0,186000.0,Bachelor,M,5,51288,engineering,reaches_CEO,5,0,False
152500,0,112000.0,Master,M,19,93708,HR,reaches_CEO,2,4,True
18968,0,86000.0,PhD,F,1,11507,HR,reaches_CEO,5,0,False
108284,0,323000.0,Master,M,4,75242,engineering,reaches_CEO,5,0,False
15039,0,338000.0,PhD,M,5,175558,engineering,reaches_CEO,5,0,False
134049,0,128000.0,PhD,F,2,19806,sales,reaches_CEO,5,0,False
61706,0,104000.0,Master,F,8,82657,sales,reaches_CEO,5,0,False
108033,0,86000.0,High_School,M,4,104759,HR,reaches_CEO,5,0,False
162487,1,328000.0,High_School,M,1,84828,engineering,reaches_CEO,5,0,False
159581,0,104000.0,PhD,F,5,97422,HR,reaches_CEO,5,0,False
108494,1,171000.0,PhD,M,3,198879,sales,reaches_CEO,5,0,False
139370,0,96000.0,Master,M,7,32572,marketing,reaches_CEO,5,0,False
19815,1,108000.0,High_School,F,3,4421,sales,reaches_CEO,5,0,False
158371,0,358000.0,Bachelor,M,3,7255,engineering,reaches_CEO,5,0,False
107840,0,89000.0,Master,M,2,138772,sales,reaches_CEO,5,0,False
199397,0,274000.0,Bachelor,M,1,199184,sales,reaches_CEO,5,0,False
101394,0,77000.0,High_School,M,6,91979,HR,reaches_CEO,5,0,False
49533,1,177000.0,PhD,M,5,134671,sales,reaches_CEO,5,0,False
184393,1,135000.0,Master,M,3,48120,engineering,reaches_CEO,5,0,False
165874,0,297000.0,Bachelor,M,2,40904,engineering,reaches_CEO,5,0,False
79384,1,224000.0,Master,M,1,162518,sales,reaches_CEO,5,0,False
65355,0,272000.0,Bachelor,F,3,66306,engineering,reaches_CEO,5,0,False
62873,0,90000.0,PhD,F,2,102727,marketing,reaches_CEO,5,0,False
17615,1,348000.0,PhD,M,3,116180,engineering,reaches_CEO,5,0,False
97583,1,352000.0,Bachelor,M,2,198814,marketing,reaches_CEO,5,0,False
195702,0,140000.0,Bachelor,F,3,5743,sales,reaches_CEO,5,0,False
97126,0,76000.0,High_School,F,4,77866,marketing,reaches_CEO,5,0,False
108439,0,258000.0,Bachelor,M,4,142685,sales,reaches_CEO,5,0,False
161031,0,154000.0,High_School,F,3,10357,marketing,reaches_CEO,5,0,False
138249,0,234000.0,PhD,M,1,90834,sales,reaches_CEO,5,0,False
175073,0,172000.0,PhD,M,3,118329,sales,reaches_CEO,5,0,False
148724,1,288000.0,Master,F,4,199282,marketing,reaches_CEO,5,0,False
14379,0,94000.0,High_School,F,2,73254,HR,reaches_CEO,5,0,False
171697,0,152000.0,Bachelor,M,2,90065,engineering,reaches_CEO,5,0,False
182534,0,305000.0,PhD,M,2,23100,engineering,reaches_CEO,5,0,False
38291,1,130000.0,Master,M,5,122145,engineering,reaches_CEO,5,0,False
174657,1,98000.0,Master,M,3,74264,marketing,reaches_CEO,5,0,False
86114,1,168000.0,Master,M,4,186283,engineering,reaches_CEO,5,0,False
27406,0,212000.0,Bachelor,M,4,19806,sales,reaches_CEO,5,0,False
187003,1,174000.0,Master,M,1,118329,sales,reaches_CEO,5,0,False
174993,0,71000.0,Master,F,1,43937,HR,reaches_CEO,5,0,False
29742,0,100000.0,Bachelor,M,2,76641,engineering,reaches_CEO,5,0,False
176330,0,62000.0,High_School,F,3,182996,sales,reaches_CEO,5,0,False
58136,0,73000.0,Master,F,5,24287,HR,reaches_CEO,5,0,False
104460,1,93000.0,High_School,M,1,62081,sales,reaches_CEO,5,0,False
191207,0,268000.0,Master,F,2,150300,marketing,reaches_CEO,5,0,False
46994,1,128000.0,Master,M,4,169223,engineering,reaches_CEO,5,0,False
49927,1,273000.0,High_School,F,2,87707,sales,reaches_CEO,5,0,False
71308,1,206000.0,PhD,M,3,116289,engineering,reaches_CEO,5,0,False
124433,0,341000.0,High_School,M,8,176415,engineering,reaches_CEO,5,0,False
154456,0,166000.0,PhD,M,2,62081,sales,reaches_CEO,5,0,False
39020,1,126000.0,PhD,M,4,90,engineering,reaches_CEO,5,0,False
136561,0,156000.0,High_School,M,1,60319,sales,reaches_CEO,5,0,False
167061,1,324000.0,Bachelor,F,1,87762,sales,reaches_CEO,5,0,False
60028,1,246000.0,Master,M,6,66591,sales,reaches_CEO,5,0,False
12804,0,71000.0,Bachelor,F,2,168415,HR,reaches_CEO,5,0,False
163136,1,367000.0,Bachelor,F,2,30468,engineering,reaches_CEO,5,0,False
24371,1,68000.0,PhD,F,3,172541,HR,reaches_CEO,5,0,False
123263,0,119000.0,PhD,M,11,21604,HR,reaches_CEO,4,11,True
29749,0,84000.0,PhD,M,4,39785,HR,reaches_CEO,4,9,True
75282,1,387000.0,PhD,F,1,115694,engineering,reaches_CEO,5,0,False
26505,1,118000.0,Master,F,2,121233,marketing,reaches_CEO,4,10,True
45966,1,211000.0,Master,F,4,90,engineering,reaches_CEO,5,0,False
129538,0,311000.0,Master,M,4,67151,engineering,reaches_CEO,5,0,False
52102,0,201000.0,Bachelor,M,5,159996,sales,reaches_CEO,5,0,False
118243,0,186000.0,High_School,F,5,98419,marketing,reaches_CEO,5,0,False
64112,0,65000.0,Master,F,3,199950,HR,reaches_CEO,5,0,False
134338,1,168000.0,Master,M,1,77866,marketing,reaches_CEO,5,0,False
3780,0,207000.0,PhD,M,4,1808,engineering,reaches_CEO,5,0,False
146629,0,205000.0,PhD,M,19,190801,engineering,reaches_CEO,3,7,True
117117,1,76000.0,Bachelor,M,5,175365,marketing,reaches_CEO,5,0,False
61403,0,228000.0,PhD,M,12,69728,engineering,reaches_CEO,3,6,True
5425,1,156000.0,Bachelor,F,4,77866,marketing,reaches_CEO,5,0,False
81245,0,79000.0,High_School,F,2,33665,HR,reaches_CEO,5,0,False
96981,0,253000.0,Bachelor,M,1,168905,engineering,reaches_CEO,5,0,False
80456,0,97000.0,PhD,M,3,76435,sales,reaches_CEO,5,0,False
99499,0,101000.0,Master,M,2,51738,engineering,reaches_CEO,5,0,False
91139,1,110000.0,Bachelor,M,3,145126,sales,reaches_CEO,5,0,False
170172,0,224000.0,PhD,M,1,19524,marketing,reaches_CEO,5,0,False
110336,0,173000.0,High_School,M,2,110878,engineering,reaches_CEO,5,0,False
42884,1,100000.0,PhD,M,3,102684,sales,reaches_CEO,5,0,False
4730,0,60000.0,Master,M,7,158777,marketing,reaches_CEO,5,0,False
113771,0,140000.0,Master,M,5,51738,engineering,reaches_CEO,5,0,False
147824,0,195000.0,Master,M,3,168564,sales,reaches_CEO,5,0,False
45969,0,136000.0,Bachelor,F,17,26053,HR,reaches_CEO,3,4,True
16073,0,241000.0,PhD,F,6,139507,marketing,reaches_CEO,4,13,True
107119,0,103000.0,High_School,F,3,25805,sales,reaches_CEO,5,0,False
47755,1,295000.0,Master,F,5,154041,sales,reaches_CEO,3,8,True
82089,0,306000.0,Bachelor,M,4,127266,marketing,reaches_CEO,5,0,False
180228,0,130000.0,PhD,M,3,181886,sales,reaches_CEO,5,0,False
142022,0,314000.0,Master,F,5,116289,engineering,reaches_CEO,5,0,False
91192,0,126000.0,PhD,M,1,109102,sales,reaches_CEO,5,0,False
181566,1,205000.0,PhD,M,22,97647,marketing,reaches_CEO,3,4,True
117708,0,236000.0,PhD,M,3,179929,sales,reaches_CEO,5,0,False
57917,0,217000.0,PhD,F,1,113245,sales,reaches_CEO,5,0,False
128055,0,356000.0,PhD,M,1,159098,engineering,reaches_CEO,5,0,False
47954,0,173000.0,Bachelor,F,7,29410,engineering,reaches_CEO,5,0,False
34577,1,155000.0,Bachelor,M,6,170076,engineering,reaches_CEO,5,0,False
102109,0,215000.0,High_School,M,3,87613,engineering,reaches_CEO,5,0,False
39236,1,183000.0,Master,F,7,181886,sales,reaches_CEO,5,0,False
73436,1,160000.0,Master,M,4,79,sales,reaches_CEO,5,0,False
156333,1,197000.0,High_School,M,1,195165,engineering,reaches_CEO,5,0,False
29455,1,135000.0,High_School,F,1,8711,marketing,reaches_CEO,5,0,False
125806,1,132000.0,PhD,F,3,108428,engineering,reaches_CEO,5,0,False
167354,0,167000.0,PhD,F,4,95609,sales,reaches_CEO,5,0,False
165668,0,392000.0,PhD,M,11,140317,engineering,reaches_CEO,4,3,True
116613,1,249000.0,PhD,F,2,134658,sales,reaches_CEO,5,0,False
80089,0,203000.0,Master,F,7,150408,engineering,reaches_CEO,5,0,False
94964,1,342000.0,Master,M,3,157931,engineering,reaches_CEO,5,0,False
6881,1,196000.0,Master,F,2,167921,engineering,reaches_CEO,5,0,False
65437,1,223000.0,PhD,F,5,134982,sales,reaches_CEO,5,0,False
20012,0,123000.0,Master,M,2,159996,sales,reaches_CEO,5,0,False
176424,0,191000.0,Master,M,15,110464,marketing,reaches_CEO,2,4,True
59539,0,263000.0,Bachelor,M,1,22145,sales,reaches_CEO,5,0,False
55972,1,95000.0,Master,M,8,59566,HR,reaches_CEO,4,12,True
174126,1,97000.0,High_School,M,1,18939,sales,reaches_CEO,5,0,False
184555,0,85000.0,Bachelor,M,5,77556,HR,reaches_CEO,5,0,False
38402,0,114000.0,High_School,M,3,75045,marketing,reaches_CEO,5,0,False
127223,1,304000.0,High_School,M,5,55431,sales,reaches_CEO,5,0,False
66184,1,232000.0,PhD,M,1,196660,sales,reaches_CEO,5,0,False
182556,0,217000.0,High_School,M,4,107049,sales,reaches_CEO,4,12,True
68557,1,216000.0,Master,M,1,62990,sales,reaches_CEO,5,0,False
181836,0,120000.0,High_School,M,2,119302,HR,reaches_CEO,5,0,False
94480,0,118000.0,High_School,F,1,110089,HR,reaches_CEO,5,0,False
59862,0,352000.0,Bachelor,M,7,145161,engineering,reaches_CEO,4,9,True
114790,0,98000.0,High_School,M,7,2644,sales,reaches_CEO,5,0,False
97067,0,200000.0,Master,M,5,62990,sales,reaches_CEO,5,0,False
136025,1,311000.0,Bachelor,M,2,171940,marketing,reaches_CEO,5,0,False
97719,0,100000.0,Bachelor,M,1,98419,marketing,reaches_CEO,5,0,False
132005,0,86000.0,Master,M,5,182028,engineering,reaches_CEO,5,0,False
21602,0,140000.0,High_School,F,2,41808,HR,reaches_CEO,5,0,False
134168,1,363000.0,Master,F,5,26183,sales,reaches_CEO,5,0,False
69252,1,249000.0,PhD,M,4,131525,sales,reaches_CEO,5,0,False
127450,0,186000.0,Bachelor,M,2,25367,marketing,reaches_CEO,5,0,False
141542,0,66000.0,Bachelor,F,3,185285,HR,reaches_CEO,5,0,False
137256,0,249000.0,Bachelor,F,1,134982,sales,reaches_CEO,5,0,False
122831,0,62000.0,Bachelor,M,4,17291,sales,reaches_CEO,5,0,False
81154,1,148000.0,PhD,F,8,14241,marketing,reaches_CEO,5,0,False
79304,0,138000.0,Bachelor,M,6,48730,marketing,reaches_CEO,5,0,False
155901,1,344000.0,PhD,M,4,83032,marketing,reaches_CEO,5,0,False
88303,0,97000.0,Bachelor,M,10,3235,sales,reaches_CEO,4,11,True
179149,0,70000.0,Master,F,9,21604,HR,reaches_CEO,4,8,True
133091,1,94000.0,PhD,M,7,103421,engineering,reaches_CEO,5,0,False
71348,0,65000.0,PhD,F,2,61517,HR,reaches_CEO,5,0,False
40,0,71000.0,Master,F,3,123502,HR,reaches_CEO,5,0,False
77301,1,155000.0,PhD,F,6,87707,sales,reaches_CEO,5,0,False
82743,1,105000.0,Bachelor,M,2,196058,marketing,reaches_CEO,5,0,False
140181,0,103000.0,Bachelor,F,1,136861,sales,reaches_CEO,5,0,False
47553,0,356000.0,Master,M,6,69728,engineering,reaches_CEO,3,6,True
142031,0,293000.0,Master,M,3,79934,engineering,reaches_CEO,5,0,False
135124,0,246000.0,PhD,M,2,6335,sales,reaches_CEO,5,0,False
120266,0,242000.0,Bachelor,M,4,151005,marketing,reaches_CEO,5,0,False
106374,0,220000.0,PhD,M,4,74264,marketing,reaches_CEO,5,0,False
76855,0,63000.0,Bachelor,M,4,184998,sales,reaches_CEO,5,0,False
109027,0,67000.0,Master,F,2,143473,HR,reaches_CEO,5,0,False
178686,0,69000.0,High_School,M,2,14299,engineering,reaches_CEO,5,0,False
171907,0,326000.0,Bachelor,M,7,142146,sales,reaches_CEO,3,8,True
122102,0,322000.0,Bachelor,F,5,58522,engineering,reaches_CEO,5,0,False
71205,0,229000.0,Master,M,1,168564,sales,reaches_CEO,5,0,False
107510,0,198000.0,High_School,M,4,1872,engineering,reaches_CEO,5,0,False
129591,0,208000.0,High_School,M,3,164638,sales,reaches_CEO,5,0,False
99404,0,303000.0,Bachelor,F,1,181219,marketing,reaches_CEO,5,0,False
58902,0,384000.0,PhD,F,6,41335,engineering,reaches_CEO,5,0,False
39366,0,69000.0,Bachelor,F,4,104539,HR,reaches_CEO,5,0,False
69390,0,333000.0,Master,M,1,87733,sales,reaches_CEO,5,0,False
84007,1,97000.0,Bachelor,F,3,51288,engineering,reaches_CEO,5,0,False
37081,0,314000.0,Bachelor,M,7,181886,sales,reaches_CEO,5,0,False
36437,0,220000.0,Master,F,4,191454,marketing,reaches_CEO,5,0,False
133448,0,179000.0,PhD,F,1,158888,sales,reaches_CEO,5,0,False
51134,1,205000.0,High_School,M,7,101981,sales,reaches_CEO,5,0,False
129977,0,62000.0,Master,F,2,130342,HR,reaches_CEO,5,0,False
12075,0,172000.0,Bachelor,M,3,43420,sales,reaches_CEO,5,0,False
71833,0,362000.0,Master,M,4,10357,marketing,reaches_CEO,5,0,False
111068,0,194000.0,High_School,M,4,87847,sales,reaches_CEO,5,0,False
54633,0,84000.0,High_School,M,5,47748,HR,reaches_CEO,5,0,False
91114,1,250000.0,Bachelor,F,2,132399,sales,reaches_CEO,5,0,False
116791,1,253000.0,Bachelor,F,5,22090,marketing,reaches_CEO,5,0,False
129870,1,267000.0,PhD,F,1,132026,marketing,reaches_CEO,5,0,False
71817,0,314000.0,Master,M,3,41080,sales,reaches_CEO,5,0,False
36255,1,88000.0,Bachelor,F,5,132187,engineering,reaches_CEO,5,0,False
67726,0,293000.0,PhD,F,2,190566,marketing,reaches_CEO,5,0,False
63104,0,69000.0,PhD,F,2,53826,HR,reaches_CEO,5,0,False
15020,0,195000.0,PhD,F,9,181219,marketing,reaches_CEO,5,0,False
2659,0,353000.0,Master,M,2,115694,engineering,reaches_CEO,5,0,False
152884,0,362000.0,Bachelor,F,1,132187,engineering,reaches_CEO,5,0,False
23778,1,267000.0,PhD,M,4,198814,marketing,reaches_CEO,5,0,False
181390,0,184000.0,Master,M,6,105542,marketing,reaches_CEO,5,0,False
55029,0,239000.0,Master,M,3,135848,marketing,reaches_CEO,5,0,False
69120,0,65000.0,Master,F,3,44056,HR,reaches_CEO,5,0,False
167398,0,60000.0,PhD,M,2,130135,HR,reaches_CEO,5,0,False
4606,0,283000.0,High_School,M,6,68821,engineering,reaches_CEO,5,0,False
66324,1,102000.0,High_School,M,3,1610,engineering,reaches_CEO,5,0,False
97891,0,113000.0,Bachelor,F,1,77866,marketing,reaches_CEO,5,0,False
16144,0,180000.0,PhD,F,4,178954,engineering,reaches_CEO,5,0,False
138338,0,268000.0,Bachelor,M,5,63785,engineering,reaches_CEO,5,0,False
198494,0,140000.0,High_School,M,3,120381,sales,reaches_CEO,5,0,False
120302,0,260000.0,PhD,M,3,149245,marketing,reaches_CEO,5,0,False
182531,1,232000.0,Bachelor,M,13,47127,sales,reaches_CEO,4,13,True
111431,0,207000.0,PhD,F,2,175593,sales,reaches_CEO,5,0,False
94491,0,233000.0,PhD,M,4,122567,engineering,reaches_CEO,5,0,False
52476,0,278000.0,High_School,F,5,60373,marketing,reaches_CEO,5,0,False
152022,0,140000.0,Bachelor,F,2,92765,engineering,reaches_CEO,5,0,False
100211,1,176000.0,Master,M,3,170076,engineering,reaches_CEO,5,0,False
23295,0,194000.0,Master,M,1,75860,engineering,reaches_CEO,5,0,False
88966,1,206000.0,Bachelor,M,3,172321,sales,reaches_CEO,5,0,False
64750,1,341000.0,Master,M,6,183869,engineering,reaches_CEO,4,16,True
118656,1,84000.0,Master,F,4,138772,sales,reaches_CEO,5,0,False
65913,1,197000.0,PhD,M,1,14299,engineering,reaches_CEO,5,0,False
134658,0,137000.0,Master,F,8,65522,sales,reaches_CEO,4,10,True
161132,1,153000.0,PhD,M,8,114137,marketing,reaches_CEO,4,13,True
160532,0,320000.0,PhD,F,4,185982,sales,reaches_CEO,5,0,False
166793,1,392000.0,Master,M,3,183045,engineering,reaches_CEO,5,0,False
109693,0,72000.0,PhD,F,4,59327,HR,reaches_CEO,5,0,False
1305,0,165000.0,PhD,M,8,73846,sales,reaches_CEO,5,0,False
20620,0,114000.0,PhD,F,5,73106,engineering,reaches_CEO,5,0,False
88960,1,149000.0,Bachelor,F,3,198032,sales,reaches_CEO,5,0,False
68439,0,163000.0,Master,M,4,79237,marketing,reaches_CEO,5,0,False
97405,0,76000.0,PhD,F,7,117376,HR,reaches_CEO,5,0,False
75313,1,273000.0,Master,M,3,63785,engineering,reaches_CEO,5,0,False
37789,0,292000.0,Master,M,4,69345,sales,reaches_CEO,5,0,False
96761,1,255000.0,Bachelor,F,3,48730,marketing,reaches_CEO,5,0,False
62244,1,153000.0,Bachelor,F,3,162518,sales,reaches_CEO,5,0,False
111974,1,301000.0,PhD,F,10,192589,engineering,reaches_CEO,4,10,True
64239,0,277000.0,PhD,F,4,164547,sales,reaches_CEO,5,0,False
113744,0,382000.0,PhD,F,2,63785,engineering,reaches_CEO,5,0,False
20234,0,153000.0,High_School,F,5,77766,marketing,reaches_CEO,5,0,False
55687,0,80000.0,PhD,M,1,177772,marketing,reaches_CEO,5,0,False
144685,0,181000.0,Bachelor,M,3,131063,marketing,reaches_CEO,5,0,False
79365,0,174000.0,PhD,F,3,188118,sales,reaches_CEO,5,0,False
105408,1,243000.0,PhD,M,3,137776,engineering,reaches_CEO,5,0,False
89740,1,347000.0,PhD,M,3,116774,engineering,reaches_CEO,5,0,False
128474,0,138000.0,Master,M,4,124014,sales,reaches_CEO,5,0,False
187301,0,66000.0,Bachelor,F,3,14465,HR,reaches_CEO,5,0,False
170745,0,160000.0,High_School,M,7,114011,engineering,reaches_CEO,5,0,False
24605,0,90000.0,High_School,M,4,16445,HR,reaches_CEO,5,0,False
86931,0,154000.0,PhD,F,5,16073,marketing,reaches_CEO,5,0,False
132598,0,220000.0,PhD,M,1,4440,marketing,reaches_CEO,5,0,False
54137,0,336000.0,High_School,M,3,122197,engineering,reaches_CEO,5,0,False
41304,1,178000.0,High_School,M,2,175593,sales,reaches_CEO,5,0,False
151403,1,336000.0,Master,M,6,99121,marketing,reaches_CEO,5,0,False
179334,1,124000.0,Master,F,5,124186,marketing,reaches_CEO,5,0,False
188088,0,77000.0,Bachelor,M,3,16445,HR,reaches_CEO,5,0,False
110742,0,214000.0,Bachelor,M,1,54315,sales,reaches_CEO,5,0,False
160261,1,340000.0,PhD,M,4,23830,marketing,reaches_CEO,4,10,True
40958,1,276000.0,Bachelor,F,1,132187,engineering,reaches_CEO,5,0,False
108473,0,121000.0,PhD,F,6,175548,HR,reaches_CEO,5,0,False
3164,0,94000.0,PhD,M,2,164501,HR,reaches_CEO,5,0,False
69504,0,91000.0,Master,F,3,66420,HR,reaches_CEO,5,0,False
101583,1,152000.0,Master,F,6,132026,marketing,reaches_CEO,5,0,False
57701,1,123000.0,PhD,M,11,77857,HR,reaches_CEO,4,5,True
6072,0,70000.0,Master,F,2,123263,HR,reaches_CEO,5,0,False
189611,1,105000.0,PhD,M,1,55883,engineering,reaches_CEO,5,0,False
88152,1,83000.0,Bachelor,M,2,43858,engineering,reaches_CEO,5,0,False
171947,0,82000.0,PhD,F,4,252,HR,reaches_CEO,5,0,False
41756,0,224000.0,High_School,M,3,58365,marketing,reaches_CEO,5,0,False
24382,0,110000.0,Master,F,1,84230,marketing,reaches_CEO,5,0,False
23476,0,134000.0,Bachelor,F,1,131063,marketing,reaches_CEO,5,0,False
82874,0,163000.0,Bachelor,F,5,62081,sales,reaches_CEO,5,0,False
13261,1,248000.0,PhD,M,4,119991,engineering,reaches_CEO,5,0,False
180909,0,70000.0,High_School,F,5,10786,HR,reaches_CEO,5,0,False
45200,0,68000.0,High_School,F,4,29733,HR,reaches_CEO,5,0,False
58476,0,361000.0,Master,M,9,198875,engineering,reaches_CEO,5,0,False
103709,0,129000.0,High_School,F,7,122762,sales,reaches_CEO,5,0,False
21681,0,260000.0,PhD,M,4,48877,marketing,reaches_CEO,5,0,False
114529,0,157000.0,PhD,M,2,102043,marketing,reaches_CEO,5,0,False
8665,0,269000.0,Master,F,13,34051,sales,reaches_CEO,3,4,True
161262,0,72000.0,Master,F,2,51923,HR,reaches_CEO,5,0,False
175204,1,126000.0,Bachelor,M,4,115856,sales,reaches_CEO,5,0,False
138914,1,121000.0,Master,M,1,90237,sales,reaches_CEO,5,0,False
59327,0,74000.0,High_School,F,11,24681,HR,reaches_CEO,4,9,True
85532,0,258000.0,Bachelor,M,3,172321,sales,reaches_CEO,5,0,False
19258,0,256000.0,PhD,M,1,103448,sales,reaches_CEO,5,0,False
140829,0,72000.0,PhD,F,3,39231,HR,reaches_CEO,5,0,False
48039,0,247000.0,PhD,M,3,154891,engineering,reaches_CEO,5,0,False
35227,1,178000.0,PhD,M,1,148418,engineering,reaches_CEO,5,0,False
178954,1,202000.0,PhD,M,9,189937,engineering,reaches_CEO,4,11,True
84,0,131000.0,PhD,F,7,182038,sales,reaches_CEO,5,0,False
16462,0,89000.0,PhD,F,3,29508,HR,reaches_CEO,5,0,False
134105,1,194000.0,Master,M,1,111363,sales,reaches_CEO,5,0,False
79938,1,68000.0,PhD,M,5,742,HR,reaches_CEO,5,0,False
5214,0,64000.0,PhD,M,2,178147,HR,reaches_CEO,5,0,False
11672,0,237000.0,Master,F,7,151838,sales,reaches_CEO,5,0,False
157831,0,192000.0,Bachelor,M,5,48690,sales,reaches_CEO,5,0,False
57724,1,346000.0,High_School,M,4,141079,engineering,reaches_CEO,5,0,False
118583,0,225000.0,PhD,M,1,71757,marketing,reaches_CEO,5,0,False
130992,0,153000.0,Master,F,1,52796,sales,reaches_CEO,5,0,False
19528,0,395000.0,Master,F,2,132683,engineering,reaches_CEO,5,0,False
143437,0,144000.0,Bachelor,M,11,71499,marketing,reaches_CEO,3,4,True
41335,1,381000.0,Bachelor,M,4,33814,engineering,reaches_CEO,4,15,True
75638,0,72000.0,PhD,M,5,61443,HR,reaches_CEO,5,0,False
57443,0,64000.0,High_School,F,2,8812,HR,reaches_CEO,5,0,False
72627,0,62000.0,PhD,M,5,51923,HR,reaches_CEO,5,0,False
103932,0,64000.0,PhD,F,1,67178,HR,reaches_CEO,5,0,False
115450,1,246000.0,PhD,M,2,186086,engineering,reaches_CEO,5,0,False
21046,1,65000.0,Bachelor,F,1,66420,HR,reaches_CEO,5,0,False
68413,1,229000.0,High_School,M,1,119964,marketing,reaches_CEO,5,0,False
135028,0,237000.0,Bachelor,M,6,196660,sales,reaches_CEO,5,0,False
54260,1,259000.0,High_School,F,9,16073,marketing,reaches_CEO,5,0,False
176748,0,173000.0,High_School,M,1,182531,sales,reaches_CEO,5,0,False
100299,1,213000.0,Bachelor,M,3,87613,engineering,reaches_CEO,5,0,False
149973,0,126000.0,Master,M,2,130204,marketing,reaches_CEO,5,0,False
17120,0,69000.0,Bachelor,M,3,103421,engineering,reaches_CEO,5,0,False
3739,0,155000.0,Master,M,2,76641,engineering,reaches_CEO,5,0,False
37731,0,320000.0,Master,M,2,143317,sales,reaches_CEO,5,0,False
195188,0,139000.0,Bachelor,M,2,165717,sales,reaches_CEO,5,0,False
159095,1,357000.0,Bachelor,M,1,52319,sales,reaches_CEO,5,0,False
186587,1,210000.0,Master,M,3,148646,engineering,reaches_CEO,5,0,False
9432,1,82000.0,PhD,M,2,34977,sales,reaches_CEO,5,0,False
137323,0,100000.0,Bachelor,M,6,41808,HR,reaches_CEO,5,0,False
186465,0,76000.0,Bachelor,F,4,61443,HR,reaches_CEO,5,0,False
102815,1,187000.0,PhD,F,3,79285,sales,reaches_CEO,4,10,True
123947,1,391000.0,Master,M,1,61988,engineering,reaches_CEO,5,0,False
117599,0,154000.0,Bachelor,F,3,23565,sales,reaches_CEO,5,0,False
172311,1,280000.0,Bachelor,M,2,119658,engineering,reaches_CEO,5,0,False
135099,0,206000.0,Master,M,3,52313,sales,reaches_CEO,5,0,False
64163,1,250000.0,Master,M,3,63832,marketing,reaches_CEO,5,0,False
127350,1,220000.0,High_School,M,1,110508,engineering,reaches_CEO,5,0,False
12934,0,100000.0,Master,M,4,134944,sales,reaches_CEO,5,0,False
69793,0,60000.0,PhD,F,1,4384,HR,reaches_CEO,5,0,False
43229,1,134000.0,Bachelor,M,1,63785,engineering,reaches_CEO,5,0,False
55874,1,60000.0,Bachelor,M,1,172541,HR,reaches_CEO,5,0,False
175619,0,74000.0,PhD,F,7,142630,HR,reaches_CEO,5,0,False
155225,0,215000.0,Bachelor,M,1,154292,engineering,reaches_CEO,5,0,False
112833,1,237000.0,Master,M,3,139180,marketing,reaches_CEO,5,0,False
31843,0,63000.0,Bachelor,M,2,91979,HR,reaches_CEO,5,0,False
171598,0,109000.0,High_School,F,6,29508,HR,reaches_CEO,5,0,False
49063,1,268000.0,High_School,M,1,148418,engineering,reaches_CEO,5,0,False
31371,0,136000.0,PhD,M,6,103912,sales,reaches_CEO,5,0,False
128518,0,237000.0,PhD,M,2,155437,engineering,reaches_CEO,5,0,False
55744,0,133000.0,Master,F,2,54136,marketing,reaches_CEO,5,0,False
24903,0,89000.0,Master,M,3,75705,HR,reaches_CEO,5,0,False
68994,0,92000.0,High_School,F,2,197896,HR,reaches_CEO,5,0,False
77361,0,106000.0,Master,F,4,175361,sales,reaches_CEO,5,0,False
106652,0,81000.0,PhD,M,1,185285,HR,reaches_CEO,5,0,False
82137,0,302000.0,PhD,F,3,127769,engineering,reaches_CEO,5,0,False
56714,0,118000.0,PhD,F,2,18627,marketing,reaches_CEO,5,0,False
42381,0,136000.0,Master,M,5,182556,sales,reaches_CEO,5,0,False
87570,1,141000.0,High_School,M,2,153412,marketing,reaches_CEO,5,0,False
186926,0,138000.0,Bachelor,M,1,88007,sales,reaches_CEO,5,0,False
112948,1,291000.0,Master,F,2,98558,engineering,reaches_CEO,5,0,False
8419,0,63000.0,Bachelor,F,1,8812,HR,reaches_CEO,5,0,False
108132,0,176000.0,Bachelor,M,1,16785,engineering,reaches_CEO,5,0,False
101223,0,149000.0,Master,M,2,4440,marketing,reaches_CEO,5,0,False
102262,1,280000.0,PhD,M,2,1610,engineering,reaches_CEO,5,0,False
5127,0,141000.0,Bachelor,M,6,101484,engineering,reaches_CEO,5,0,False
62047,0,157000.0,PhD,F,1,68998,marketing,reaches_CEO,5,0,False
196583,1,138000.0,Master,M,1,130204,marketing,reaches_CEO,5,0,False
85791,0,76000.0,PhD,M,4,134865,sales,reaches_CEO,4,11,True
108661,0,238000.0,Bachelor,M,1,7966,sales,reaches_CEO,5,0,False
4440,0,272000.0,Bachelor,M,7,155485,marketing,reaches_CEO,4,13,True
74179,0,300000.0,Bachelor,F,2,60489,marketing,reaches_CEO,5,0,False
189934,0,133000.0,Bachelor,F,4,121527,marketing,reaches_CEO,5,0,False
131776,1,209000.0,Master,F,3,144927,sales,reaches_CEO,5,0,False
88872,1,268000.0,Master,M,4,175558,engineering,reaches_CEO,5,0,False
45311,0,283000.0,Bachelor,M,6,193621,sales,reaches_CEO,5,0,False
84485,0,269000.0,Master,M,1,113124,sales,reaches_CEO,5,0,False
109374,1,355000.0,High_School,F,1,115591,sales,reaches_CEO,5,0,False
26830,0,200000.0,Master,F,3,159906,sales,reaches_CEO,5,0,False
127278,0,91000.0,Master,M,5,94447,HR,reaches_CEO,5,0,False
42200,0,184000.0,Master,M,4,160618,sales,reaches_CEO,5,0,False
123387,0,276000.0,PhD,F,14,66090,sales,reaches_CEO,4,8,True
7605,0,78000.0,High_School,M,3,17211,HR,reaches_CEO,5,0,False
189412,1,61000.0,Master,M,5,87884,engineering,reaches_CEO,5,0,False
48341,0,259000.0,PhD,F,8,198875,engineering,reaches_CEO,5,0,False
4495,1,376000.0,High_School,M,5,41335,engineering,reaches_CEO,5,0,False
72524,0,80000.0,Master,M,2,25367,marketing,reaches_CEO,5,0,False
159982,0,119000.0,High_School,M,3,192145,sales,reaches_CEO,5,0,False
56254,0,238000.0,PhD,M,1,182116,sales,reaches_CEO,5,0,False
144622,0,168000.0,PhD,M,2,165853,engineering,reaches_CEO,5,0,False
115929,0,158000.0,PhD,M,1,45803,sales,reaches_CEO,5,0,False
160170,0,60000.0,Master,F,3,139278,HR,reaches_CEO,5,0,False
182807,0,61000.0,PhD,M,2,85426,HR,reaches_CEO,5,0,False
115684,0,71000.0,High_School,F,2,57701,HR,reaches_CEO,5,0,False
35982,0,65000.0,Bachelor,F,3,126515,HR,reaches_CEO,5,0,False
88112,0,290000.0,High_School,M,2,73893,sales,reaches_CEO,5,0,False
43813,0,316000.0,Master,M,3,79237,marketing,reaches_CEO,5,0,False
96360,1,119000.0,PhD,M,2,101819,engineering,reaches_CEO,5,0,False
182928,0,82000.0,PhD,F,4,169833,HR,reaches_CEO,5,0,False
148687,0,218000.0,Master,M,5,125755,marketing,reaches_CEO,5,0,False
33513,0,78000.0,Bachelor,M,2,39460,HR,reaches_CEO,5,0,False
57344,0,222000.0,PhD,M,2,83032,marketing,reaches_CEO,5,0,False
23266,0,253000.0,Master,M,1,142685,sales,reaches_CEO,5,0,False
105578,0,185000.0,Master,M,7,148984,sales,reaches_CEO,5,0,False
85515,0,62000.0,PhD,F,3,61443,HR,reaches_CEO,5,0,False
175548,0,133000.0,Master,M,11,116660,HR,reaches_CEO,4,11,True
190778,1,159000.0,PhD,M,8,155485,marketing,reaches_CEO,4,7,True
36852,1,386000.0,Bachelor,M,4,161727,engineering,reaches_CEO,5,0,False
160762,1,136000.0,Master,M,4,95609,sales,reaches_CEO,5,0,False
153576,0,242000.0,PhD,F,2,195165,engineering,reaches_CEO,5,0,False
118739,1,204000.0,Bachelor,F,2,75246,engineering,reaches_CEO,5,0,False
44025,1,149000.0,Bachelor,M,4,160289,sales,reaches_CEO,5,0,False
120710,0,188000.0,PhD,M,6,193920,sales,reaches_CEO,5,0,False
101162,0,170000.0,PhD,M,8,113578,marketing,reaches_CEO,5,0,False
115740,1,148000.0,Master,F,5,6536,marketing,reaches_CEO,5,0,False
72914,1,208000.0,High_School,M,7,88007,sales,reaches_CEO,5,0,False
166615,1,72000.0,Master,M,2,67931,engineering,reaches_CEO,5,0,False
54819,0,249000.0,Master,F,6,182038,sales,reaches_CEO,5,0,False
79086,1,128000.0,Bachelor,M,6,76135,marketing,reaches_CEO,5,0,False
35055,0,274000.0,PhD,M,2,166928,engineering,reaches_CEO,5,0,False
2652,1,160000.0,Master,F,5,182531,sales,reaches_CEO,5,0,False
137105,0,169000.0,Bachelor,M,2,41991,sales,reaches_CEO,5,0,False
103753,1,195000.0,Bachelor,M,1,157966,marketing,reaches_CEO,5,0,False
109671,1,281000.0,Bachelor,M,6,191391,marketing,reaches_CEO,4,9,True
185166,0,66000.0,High_School,M,6,177495,HR,reaches_CEO,5,0,False
155179,1,300000.0,Bachelor,F,1,197832,marketing,reaches_CEO,5,0,False
100565,0,96000.0,Master,M,3,107694,HR,reaches_CEO,5,0,False
109999,0,285000.0,PhD,M,1,96664,marketing,reaches_CEO,5,0,False
2206,1,146000.0,High_School,M,3,142104,engineering,reaches_CEO,5,0,False
53918,1,180000.0,Master,M,4,126330,engineering,reaches_CEO,5,0,False
140892,0,207000.0,Master,M,2,123387,sales,reaches_CEO,5,0,False
24287,0,71000.0,Bachelor,M,9,192056,HR,reaches_CEO,4,7,True
171232,0,311000.0,Master,F,3,89523,sales,reaches_CEO,5,0,False
79552,1,103000.0,Master,F,4,111508,marketing,reaches_CEO,5,0,False
59513,1,113000.0,Bachelor,F,5,149245,marketing,reaches_CEO,5,0,False
56500,1,199000.0,High_School,F,1,155437,engineering,reaches_CEO,5,0,False
150518,0,199000.0,Master,M,7,193763,engineering,reaches_CEO,5,0,False
182119,1,246000.0,Bachelor,M,3,164547,sales,reaches_CEO,5,0,False
74771,1,95000.0,High_School,F,6,84193,marketing,reaches_CEO,5,0,False
73553,0,189000.0,High_School,M,5,102815,sales,reaches_CEO,5,0,False
138434,0,128000.0,PhD,M,2,55476,marketing,reaches_CEO,5,0,False
84948,1,175000.0,High_School,M,3,182531,sales,reaches_CEO,5,0,False
124824,0,145000.0,Master,M,1,41991,sales,reaches_CEO,5,0,False
82152,0,75000.0,Master,M,5,189148,HR,reaches_CEO,5,0,False
56854,1,111000.0,Master,F,3,6536,marketing,reaches_CEO,5,0,False
79718,0,315000.0,PhD,M,6,103421,engineering,reaches_CEO,5,0,False
187839,1,146000.0,Bachelor,M,5,134982,sales,reaches_CEO,5,0,False
70518,0,225000.0,PhD,M,5,166591,sales,reaches_CEO,5,0,False
149950,1,327000.0,PhD,M,2,26183,sales,reaches_CEO,5,0,False
182719,0,269000.0,High_School,F,1,20901,engineering,reaches_CEO,5,0,False
65316,0,80000.0,Master,F,2,168415,HR,reaches_CEO,5,0,False
150115,1,142000.0,PhD,M,2,168797,marketing,reaches_CEO,5,0,False
144976,0,185000.0,PhD,M,3,145667,sales,reaches_CEO,4,12,True
179769,1,213000.0,Master,M,1,73893,sales,reaches_CEO,5,0,False
176250,1,288000.0,PhD,M,1,59555,marketing,reaches_CEO,5,0,False
147201,0,201000.0,Bachelor,M,1,83032,marketing,reaches_CEO,5,0,False
51416,0,67000.0,Bachelor,M,1,91345,sales,reaches_CEO,5,0,False
93864,0,262000.0,Bachelor,F,5,190566,marketing,reaches_CEO,5,0,False
160658,0,110000.0,Master,F,5,53856,HR,reaches_CEO,5,0,False
169271,0,225000.0,Master,M,4,146600,marketing,reaches_CEO,4,5,True
178622,0,84000.0,Master,M,7,115765,HR,reaches_CEO,5,0,False
21432,0,171000.0,PhD,F,2,72965,sales,reaches_CEO,5,0,False
139397,1,194000.0,PhD,F,2,21470,marketing,reaches_CEO,5,0,False
189890,0,280000.0,Master,F,14,171351,engineering,reaches_CEO,4,15,True
178363,1,379000.0,Bachelor,M,5,122145,engineering,reaches_CEO,5,0,False
65548,1,183000.0,PhD,F,1,85717,sales,reaches_CEO,5,0,False
10745,1,145000.0,Master,M,3,95522,marketing,reaches_CEO,5,0,False
37423,0,168000.0,High_School,M,3,134048,sales,reaches_CEO,5,0,False
118389,0,213000.0,Bachelor,F,2,167389,sales,reaches_CEO,5,0,False
101149,0,92000.0,High_School,M,3,116750,engineering,reaches_CEO,5,0,False
34711,1,203000.0,High_School,M,4,150722,marketing,reaches_CEO,5,0,False
26474,1,282000.0,PhD,F,4,59862,engineering,reaches_CEO,5,0,False
135848,1,217000.0,High_School,M,3,121096,marketing,reaches_CEO,4,13,True
172580,0,75000.0,Master,M,7,177495,HR,reaches_CEO,5,0,False
148359,1,179000.0,Bachelor,F,3,4110,sales,reaches_CEO,5,0,False
175929,0,117000.0,PhD,M,7,195165,engineering,reaches_CEO,5,0,False
168545,0,257000.0,Bachelor,M,8,176424,marketing,reaches_CEO,3,2,True
163398,0,254000.0,High_School,F,6,24979,marketing,reaches_CEO,5,0,False
184291,0,348000.0,Bachelor,M,2,66692,sales,reaches_CEO,5,0,False
157982,1,299000.0,PhD,F,7,196660,sales,reaches_CEO,5,0,False
120041,1,294000.0,Master,M,2,32938,engineering,reaches_CEO,5,0,False
98958,0,153000.0,PhD,M,1,177772,marketing,reaches_CEO,5,0,False
92593,1,86000.0,PhD,M,3,133420,sales,reaches_CEO,5,0,False
92023,0,253000.0,PhD,M,3,27704,sales,reaches_CEO,5,0,False
165154,0,298000.0,Bachelor,M,2,103912,sales,reaches_CEO,5,0,False
144725,0,226000.0,Master,M,3,2644,sales,reaches_CEO,5,0,False
61708,1,248000.0,Master,M,9,81111,engineering,reaches_CEO,5,0,False
143281,0,265000.0,PhD,M,3,46957,sales,reaches_CEO,5,0,False
130887,1,213000.0,PhD,M,1,91254,marketing,reaches_CEO,5,0,False
152368,1,166000.0,Master,M,2,46957,sales,reaches_CEO,5,0,False
142245,1,99000.0,Bachelor,M,3,113124,sales,reaches_CEO,5,0,False
167563,0,399000.0,Master,M,5,109102,sales,reaches_CEO,5,0,False
128997,1,78000.0,Master,F,3,146473,marketing,reaches_CEO,5,0,False
130619,0,193000.0,PhD,M,1,164326,sales,reaches_CEO,5,0,False
164250,0,162000.0,Master,F,5,20901,engineering,reaches_CEO,5,0,False
44346,0,307000.0,Bachelor,F,7,90834,sales,reaches_CEO,5,0,False
188509,1,347000.0,High_School,M,4,101484,engineering,reaches_CEO,5,0,False
20025,1,145000.0,Bachelor,F,2,157931,engineering,reaches_CEO,5,0,False
153987,0,187000.0,PhD,M,1,153551,sales,reaches_CEO,5,0,False
146538,1,325000.0,Master,M,2,109254,sales,reaches_CEO,5,0,False
83252,0,98000.0,Bachelor,F,2,61443,HR,reaches_CEO,5,0,False
187749,1,159000.0,PhD,M,2,95841,engineering,reaches_CEO,5,0,False
42044,0,98000.0,High_School,M,2,146473,marketing,reaches_CEO,5,0,False
93828,1,124000.0,High_School,F,6,92585,marketing,reaches_CEO,5,0,False
79,0,96000.0,Master,M,4,65174,sales,reaches_CEO,4,9,True
136431,0,106000.0,Bachelor,F,4,64087,HR,reaches_CEO,5,0,False
99226,1,87000.0,Master,F,2,111082,sales,reaches_CEO,5,0,False
132652,0,113000.0,PhD,F,2,742,HR,reaches_CEO,5,0,False
94165,1,160000.0,Bachelor,F,1,110091,engineering,reaches_CEO,5,0,False
121034,0,137000.0,Master,M,1,197206,marketing,reaches_CEO,5,0,False
125912,1,182000.0,Bachelor,F,21,107658,marketing,reaches_CEO,3,8,True
126662,0,158000.0,PhD,M,2,76135,marketing,reaches_CEO,5,0,False
59617,0,75000.0,Bachelor,F,2,159638,HR,reaches_CEO,5,0,False
67957,0,201000.0,High_School,M,3,171499,engineering,reaches_CEO,5,0,False
112663,1,259000.0,Master,M,4,24071,engineering,reaches_CEO,5,0,False
45965,0,207000.0,Master,M,1,69379,sales,reaches_CEO,5,0,False
92266,0,140000.0,Master,M,2,165853,engineering,reaches_CEO,5,0,False
2829,0,217000.0,Master,M,3,46957,sales,reaches_CEO,5,0,False
80198,0,337000.0,PhD,M,2,168905,engineering,reaches_CEO,5,0,False
94152,0,168000.0,Bachelor,M,3,193621,sales,reaches_CEO,5,0,False
29996,0,150000.0,Bachelor,M,3,197832,marketing,reaches_CEO,5,0,False
153913,1,144000.0,High_School,M,7,93223,engineering,reaches_CEO,5,0,False
1904,0,103000.0,PhD,M,6,129734,engineering,reaches_CEO,5,0,False
49803,1,81000.0,PhD,F,3,33665,HR,reaches_CEO,5,0,False
65910,1,383000.0,Master,M,1,12649,engineering,reaches_CEO,5,0,False
110508,0,175000.0,Bachelor,M,4,183869,engineering,reaches_CEO,4,13,True
36705,0,66000.0,Master,F,7,61443,HR,reaches_CEO,5,0,False
172989,0,83000.0,Master,M,11,34051,sales,reaches_CEO,3,6,True
128450,0,335000.0,High_School,M,3,10922,sales,reaches_CEO,5,0,False
84629,0,94000.0,High_School,M,2,81421,HR,reaches_CEO,5,0,False
29009,0,281000.0,High_School,M,3,167650,engineering,reaches_CEO,5,0,False
34773,0,199000.0,Bachelor,M,8,71757,marketing,reaches_CEO,5,0,False
128752,1,219000.0,PhD,M,5,196058,marketing,reaches_CEO,5,0,False
153075,0,203000.0,Master,M,2,159906,sales,reaches_CEO,5,0,False
47821,0,295000.0,PhD,M,2,62081,sales,reaches_CEO,5,0,False
151101,0,264000.0,Master,M,6,147783,sales,reaches_CEO,5,0,False
124491,0,266000.0,Master,M,2,148032,sales,reaches_CEO,5,0,False
39396,1,120000.0,PhD,F,1,33266,marketing,reaches_CEO,5,0,False
158936,1,366000.0,High_School,M,4,189038,engineering,reaches_CEO,5,0,False
117368,0,199000.0,PhD,M,3,162035,sales,reaches_CEO,5,0,False
188925,1,261000.0,PhD,M,2,52313,sales,reaches_CEO,5,0,False
19937,1,213000.0,PhD,F,3,7212,marketing,reaches_CEO,5,0,False
190315,1,80000.0,Bachelor,F,4,24287,HR,reaches_CEO,5,0,False
64256,1,212000.0,PhD,M,6,29960,marketing,reaches_CEO,5,0,False
167143,1,88000.0,High_School,M,5,197832,marketing,reaches_CEO,5,0,False
198783,0,81000.0,Bachelor,M,2,97422,HR,reaches_CEO,5,0,False
62105,1,173000.0,Master,F,2,98419,marketing,reaches_CEO,5,0,False
112152,0,68000.0,Bachelor,F,1,185285,HR,reaches_CEO,5,0,False
43174,0,71000.0,Master,F,2,185285,HR,reaches_CEO,5,0,False
168222,1,133000.0,High_School,M,2,71945,engineering,reaches_CEO,5,0,False
92863,1,211000.0,PhD,M,4,105542,marketing,reaches_CEO,5,0,False
180841,0,205000.0,PhD,M,4,123387,sales,reaches_CEO,5,0,False
42096,0,207000.0,Master,M,3,89002,sales,reaches_CEO,4,11,True
85245,1,246000.0,High_School,M,5,93223,engineering,reaches_CEO,5,0,False
116151,1,272000.0,Bachelor,M,3,89837,marketing,reaches_CEO,5,0,False
112055,1,192000.0,High_School,M,1,137369,sales,reaches_CEO,5,0,False
149987,0,86000.0,Bachelor,F,1,125114,HR,reaches_CEO,5,0,False
110437,0,108000.0,PhD,M,2,73846,sales,reaches_CEO,5,0,False
163275,0,127000.0,PhD,M,8,149970,marketing,reaches_CEO,5,0,False
34447,0,217000.0,High_School,M,1,140393,engineering,reaches_CEO,5,0,False
151214,0,76000.0,Bachelor,M,1,164501,HR,reaches_CEO,5,0,False
126402,1,290000.0,Master,M,2,116750,engineering,reaches_CEO,5,0,False
73223,1,218000.0,Master,M,2,185982,sales,reaches_CEO,5,0,False
34977,1,325000.0,Master,M,11,94362,sales,reaches_CEO,4,15,True
664,1,134000.0,PhD,M,6,147819,sales,reaches_CEO,5,0,False
66591,0,257000.0,Master,M,4,78493,sales,reaches_CEO,4,10,True
17907,1,136000.0,Master,F,1,168742,sales,reaches_CEO,5,0,False
199568,1,124000.0,High_School,M,1,123000,sales,reaches_CEO,5,0,False
117226,1,203000.0,Bachelor,M,1,159996,sales,reaches_CEO,5,0,False
106521,0,286000.0,Master,M,2,75242,engineering,reaches_CEO,5,0,False
97130,0,328000.0,Bachelor,F,3,101819,engineering,reaches_CEO,5,0,False
195905,0,74000.0,Master,F,3,102043,marketing,reaches_CEO,5,0,False
113218,0,86000.0,High_School,F,5,10786,HR,reaches_CEO,5,0,False
197863,0,246000.0,PhD,M,3,149970,marketing,reaches_CEO,5,0,False
166665,1,201000.0,Master,M,3,70406,marketing,reaches_CEO,5,0,False
3430,1,93000.0,Master,F,3,172541,HR,reaches_CEO,5,0,False
150626,0,111000.0,PhD,M,5,21086,HR,reaches_CEO,5,0,False
194161,0,216000.0,PhD,F,5,127266,marketing,reaches_CEO,5,0,False
22142,0,159000.0,High_School,M,5,94039,sales,reaches_CEO,5,0,False
112601,0,137000.0,High_School,F,3,87847,sales,reaches_CEO,5,0,False
91654,0,395000.0,PhD,M,10,109804,engineering,reaches_CEO,3,3,True
108138,1,195000.0,Bachelor,M,2,82463,marketing,reaches_CEO,5,0,False
84840,1,164000.0,Master,M,3,76135,marketing,reaches_CEO,5,0,False
59745,0,74000.0,Master,F,1,115765,HR,reaches_CEO,5,0,False
62863,1,375000.0,Master,M,4,73663,marketing,reaches_CEO,5,0,False
67227,1,70000.0,PhD,M,5,115765,HR,reaches_CEO,5,0,False
44429,1,109000.0,Master,M,7,93223,engineering,reaches_CEO,5,0,False
141317,1,246000.0,Master,M,10,24691,sales,reaches_CEO,4,13,True
139979,0,146000.0,PhD,M,4,87847,sales,reaches_CEO,5,0,False
64435,0,118000.0,Master,F,2,198875,engineering,reaches_CEO,5,0,False
77283,1,266000.0,Bachelor,F,4,115694,engineering,reaches_CEO,5,0,False
107152,1,99000.0,PhD,F,13,51535,engineering,reaches_CEO,2,3,True
130557,0,89000.0,PhD,M,3,143473,HR,reaches_CEO,5,0,False
193759,0,87000.0,Bachelor,M,5,154375,HR,reaches_CEO,5,0,False
112375,0,180000.0,High_School,M,5,184998,sales,reaches_CEO,5,0,False
60066,0,176000.0,Master,M,3,141317,sales,reaches_CEO,5,0,False
135238,0,164000.0,High_School,M,19,84011,sales,reaches_CEO,3,4,True
50966,0,274000.0,High_School,M,3,194078,marketing,reaches_CEO,5,0,False
61556,0,169000.0,PhD,M,3,148032,sales,reaches_CEO,5,0,False
36209,0,314000.0,Master,M,2,7966,sales,reaches_CEO,5,0,False
27127,1,110000.0,Master,M,4,92585,marketing,reaches_CEO,5,0,False
3152,1,215000.0,High_School,M,4,95169,sales,reaches_CEO,5,0,False
35602,1,162000.0,High_School,M,7,77670,sales,reaches_CEO,5,0,False
12009,1,165000.0,Master,M,1,9239,sales,reaches_CEO,5,0,False
16537,0,226000.0,High_School,M,4,99139,sales,reaches_CEO,5,0,False
74588,0,307000.0,PhD,M,2,182038,sales,reaches_CEO,5,0,False
156901,1,119000.0,High_School,M,1,144219,engineering,reaches_CEO,5,0,False
76531,1,143000.0,Bachelor,M,4,182028,engineering,reaches_CEO,5,0,False
76296,0,219000.0,High_School,F,4,6536,marketing,reaches_CEO,5,0,False
50760,0,360000.0,Master,M,3,94611,engineering,reaches_CEO,5,0,False
115678,0,231000.0,High_School,F,2,193920,sales,reaches_CEO,5,0,False
49753,0,185000.0,PhD,F,3,113618,marketing,reaches_CEO,5,0,False
151987,0,60000.0,PhD,F,1,73254,HR,reaches_CEO,5,0,False
41553,0,232000.0,PhD,M,1,198424,marketing,reaches_CEO,5,0,False
60642,0,164000.0,High_School,M,3,79237,marketing,reaches_CEO,5,0,False
169330,0,111000.0,High_School,M,1,167877,sales,reaches_CEO,5,0,False
117914,1,301000.0,High_School,M,2,176415,engineering,reaches_CEO,5,0,False
7953,0,105000.0,Master,M,1,190249,marketing,reaches_CEO,5,0,False
134950,0,360000.0,PhD,M,1,81860,engineering,reaches_CEO,5,0,False
12718,1,348000.0,High_School,M,5,178954,engineering,reaches_CEO,5,0,False
107634,0,201000.0,Master,M,8,98419,marketing,reaches_CEO,5,0,False
135915,1,331000.0,High_School,F,3,159098,engineering,reaches_CEO,5,0,False
79996,0,227000.0,Bachelor,M,3,81644,engineering,reaches_CEO,5,0,False
20100,0,60000.0,Bachelor,F,2,126515,HR,reaches_CEO,5,0,False
47929,0,75000.0,PhD,F,5,151696,HR,reaches_CEO,5,0,False
41524,0,251000.0,Master,M,3,73846,sales,reaches_CEO,5,0,False
156917,1,378000.0,High_School,M,1,75860,engineering,reaches_CEO,5,0,False
16592,0,209000.0,Bachelor,M,2,129000,marketing,reaches_CEO,5,0,False
117199,0,142000.0,Bachelor,M,2,144219,engineering,reaches_CEO,5,0,False
42444,0,119000.0,Master,M,4,162381,engineering,reaches_CEO,5,0,False
55253,0,145000.0,PhD,M,4,160511,marketing,reaches_CEO,5,0,False
14897,0,86000.0,High_School,M,2,56451,sales,reaches_CEO,5,0,False
53096,0,201000.0,High_School,M,5,69943,sales,reaches_CEO,5,0,False
85430,0,113000.0,High_School,M,1,79193,sales,reaches_CEO,5,0,False
109947,1,356000.0,Bachelor,M,4,92765,engineering,reaches_CEO,5,0,False
67140,0,124000.0,Master,M,4,136147,sales,reaches_CEO,5,0,False
20667,1,163000.0,PhD,M,1,116289,engineering,reaches_CEO,5,0,False
188062,0,262000.0,Master,M,3,70406,marketing,reaches_CEO,5,0,False
150184,0,115000.0,Bachelor,M,6,102727,marketing,reaches_CEO,5,0,False
195823,0,198000.0,PhD,M,4,1872,engineering,reaches_CEO,5,0,False
1446,0,199000.0,High_School,F,4,8193,engineering,reaches_CEO,5,0,False
22981,1,104000.0,High_School,M,1,165668,engineering,reaches_CEO,5,0,False
63090,0,371000.0,PhD,M,2,128065,engineering,reaches_CEO,5,0,False
58685,0,214000.0,Bachelor,M,2,192145,sales,reaches_CEO,5,0,False
93492,0,77000.0,Bachelor,M,8,91979,HR,reaches_CEO,5,0,False
142276,0,108000.0,Master,F,6,185138,HR,reaches_CEO,4,9,True
6335,0,138000.0,Bachelor,M,8,91117,sales,reaches_CEO,4,10,True
73916,0,381000.0,Bachelor,M,3,26468,engineering,reaches_CEO,5,0,False
135398,0,61000.0,PhD,F,2,75705,HR,reaches_CEO,5,0,False
193919,0,210000.0,Bachelor,F,7,94507,engineering,reaches_CEO,5,0,False
162151,1,296000.0,High_School,F,6,5222,sales,reaches_CEO,5,0,False
63724,0,91000.0,Master,F,4,53826,HR,reaches_CEO,5,0,False
197538,0,87000.0,PhD,F,7,21086,HR,reaches_CEO,5,0,False
184654,0,139000.0,Bachelor,M,1,187183,marketing,reaches_CEO,5,0,False
118492,0,63000.0,High_School,F,2,754,HR,reaches_CEO,5,0,False
69903,0,173000.0,Master,M,3,17837,engineering,reaches_CEO,4,8,True
111937,1,285000.0,Bachelor,F,6,21470,marketing,reaches_CEO,5,0,False
49131,0,310000.0,PhD,M,3,119576,engineering,reaches_CEO,5,0,False
59354,0,93000.0,PhD,F,6,51121,HR,reaches_CEO,5,0,False
128511,0,73000.0,High_School,M,4,57693,engineering,reaches_CEO,4,7,True
53852,1,306000.0,PhD,F,4,102026,sales,reaches_CEO,5,0,False
74066,0,185000.0,Master,M,7,61403,engineering,reaches_CEO,4,8,True
123807,0,329000.0,PhD,F,3,164326,sales,reaches_CEO,5,0,False
190630,0,229000.0,Bachelor,M,2,1050,engineering,reaches_CEO,5,0,False
65602,1,69000.0,High_School,M,4,91002,marketing,reaches_CEO,5,0,False
47127,0,295000.0,High_School,M,7,84011,sales,reaches_CEO,3,4,True
142562,1,207000.0,Master,F,1,167389,sales,reaches_CEO,5,0,False
124994,0,181000.0,High_School,F,18,93708,HR,reaches_CEO,2,5,True
199064,1,224000.0,High_School,M,3,119576,engineering,reaches_CEO,5,0,False
90752,1,114000.0,PhD,M,5,77556,HR,reaches_CEO,5,0,False
58956,1,104000.0,Bachelor,M,7,26757,marketing,reaches_CEO,5,0,False
7170,1,78000.0,Master,M,1,97422,HR,reaches_CEO,5,0,False
54319,1,152000.0,PhD,M,1,192414,sales,reaches_CEO,5,0,False
101530,0,184000.0,Master,M,5,25805,sales,reaches_CEO,5,0,False
22941,0,372000.0,Bachelor,M,2,198778,engineering,reaches_CEO,5,0,False
108063,0,276000.0,Bachelor,F,3,87733,sales,reaches_CEO,5,0,False
27868,0,321000.0,Master,F,2,62043,engineering,reaches_CEO,5,0,False
44118,0,284000.0,PhD,F,7,57185,engineering,reaches_CEO,5,0,False
7558,1,268000.0,Master,F,16,69728,engineering,reaches_CEO,3,3,True
2371,1,219000.0,Master,M,5,119658,engineering,reaches_CEO,5,0,False
119072,1,199000.0,Master,F,1,154891,engineering,reaches_CEO,5,0,False
118396,0,101000.0,PhD,M,5,52923,sales,reaches_CEO,5,0,False
19286,0,149000.0,PhD,M,5,88303,sales,reaches_CEO,5,0,False
46850,0,384000.0,PhD,M,3,29410,engineering,reaches_CEO,5,0,False
111817,0,105000.0,Bachelor,M,1,22977,HR,reaches_CEO,5,0,False
114435,0,74000.0,PhD,M,8,103884,HR,reaches_CEO,5,0,False
78140,0,76000.0,Master,F,2,123154,HR,reaches_CEO,5,0,False
45308,0,140000.0,Bachelor,F,1,137369,sales,reaches_CEO,5,0,False
39815,1,166000.0,High_School,M,2,141079,engineering,reaches_CEO,5,0,False
191073,0,295000.0,Master,M,9,181201,sales,reaches_CEO,4,17,True
127346,0,97000.0,Bachelor,F,4,193818,HR,reaches_CEO,5,0,False
166325,0,394000.0,Bachelor,M,1,43602,engineering,reaches_CEO,5,0,False
127397,0,365000.0,Bachelor,F,1,76135,marketing,reaches_CEO,5,0,False
195653,1,73000.0,PhD,M,4,76310,engineering,reaches_CEO,5,0,False
20211,1,383000.0,PhD,M,5,180037,sales,reaches_CEO,5,0,False
124530,1,207000.0,Master,M,2,84230,marketing,reaches_CEO,5,0,False
97792,0,94000.0,High_School,F,3,159638,HR,reaches_CEO,5,0,False
194784,0,83000.0,High_School,M,4,59327,HR,reaches_CEO,5,0,False
126223,0,334000.0,Master,F,2,73034,engineering,reaches_CEO,5,0,False
141962,0,107000.0,Master,F,3,72965,sales,reaches_CEO,5,0,False
72034,0,305000.0,Bachelor,M,6,114011,engineering,reaches_CEO,5,0,False
67008,1,166000.0,Bachelor,M,4,132283,engineering,reaches_CEO,5,0,False
46428,1,143000.0,High_School,M,3,167389,sales,reaches_CEO,5,0,False
18627,0,278000.0,Master,M,8,115907,marketing,reaches_CEO,4,9,True
144384,0,171000.0,Master,M,2,181772,sales,reaches_CEO,5,0,False
39748,0,345000.0,PhD,M,1,75246,engineering,reaches_CEO,5,0,False
100091,1,245000.0,Bachelor,M,2,69903,engineering,reaches_CEO,5,0,False
55681,0,140000.0,PhD,F,4,162518,sales,reaches_CEO,5,0,False
104174,0,70000.0,High_School,F,4,64858,HR,reaches_CEO,5,0,False
135385,0,276000.0,Master,M,1,1808,engineering,reaches_CEO,5,0,False
98886,0,137000.0,High_School,F,1,83032,marketing,reaches_CEO,5,0,False
1491,0,183000.0,Master,M,2,109671,marketing,reaches_CEO,5,0,False
18525,1,224000.0,PhD,F,3,87929,sales,reaches_CEO,5,0,False
8876,0,81000.0,Bachelor,M,3,142276,HR,reaches_CEO,5,0,False
40624,0,239000.0,Bachelor,M,1,51738,engineering,reaches_CEO,5,0,False
153693,0,165000.0,Master,M,3,73663,marketing,reaches_CEO,5,0,False
149144,0,109000.0,Bachelor,M,2,192414,sales,reaches_CEO,5,0,False
34261,1,97000.0,PhD,M,1,29712,engineering,reaches_CEO,5,0,False
162196,1,243000.0,High_School,M,14,39726,engineering,reaches_CEO,4,10,True
152811,0,331000.0,PhD,M,5,14299,engineering,reaches_CEO,5,0,False
133267,0,264000.0,Master,M,2,154891,engineering,reaches_CEO,5,0,False
58903,1,78000.0,PhD,M,5,150290,HR,reaches_CEO,5,0,False
63585,1,306000.0,PhD,M,5,155437,engineering,reaches_CEO,5,0,False
71466,0,377000.0,High_School,F,1,170922,sales,reaches_CEO,5,0,False
185512,0,69000.0,Bachelor,F,1,85426,HR,reaches_CEO,5,0,False
88163,0,219000.0,PhD,M,4,181787,marketing,reaches_CEO,5,0,False
180026,0,275000.0,Bachelor,M,1,71115,engineering,reaches_CEO,5,0,False
188663,0,107000.0,Master,M,1,27018,HR,reaches_CEO,5,0,False
18007,1,176000.0,Master,M,2,5222,sales,reaches_CEO,5,0,False
187512,0,127000.0,PhD,M,3,198403,sales,reaches_CEO,5,0,False
55554,0,330000.0,Bachelor,F,4,32938,engineering,reaches_CEO,5,0,False
82929,0,157000.0,PhD,M,5,41175,engineering,reaches_CEO,5,0,False
104276,0,157000.0,PhD,M,3,41175,engineering,reaches_CEO,5,0,False
102979,0,289000.0,Bachelor,F,4,161132,marketing,reaches_CEO,5,0,False
190715,0,225000.0,Master,M,9,8663,sales,reaches_CEO,5,0,False
68448,0,243000.0,PhD,F,1,118329,sales,reaches_CEO,5,0,False
196149,1,141000.0,PhD,M,4,198032,sales,reaches_CEO,5,0,False
44143,0,320000.0,Bachelor,M,2,164638,sales,reaches_CEO,5,0,False
113574,1,268000.0,Bachelor,M,7,148865,sales,reaches_CEO,5,0,False
190039,0,108000.0,PhD,M,1,22090,marketing,reaches_CEO,5,0,False
162272,0,182000.0,PhD,M,8,182038,sales,reaches_CEO,5,0,False
14487,0,70000.0,Bachelor,F,1,33665,HR,reaches_CEO,5,0,False
80717,0,248000.0,Bachelor,M,4,113566,engineering,reaches_CEO,5,0,False
8975,1,271000.0,Master,F,6,30488,marketing,reaches_CEO,5,0,False
169237,0,65000.0,Master,M,3,71987,HR,reaches_CEO,5,0,False
189038,0,105000.0,High_School,M,8,87379,engineering,reaches_CEO,4,9,True
30921,0,319000.0,PhD,M,3,161727,engineering,reaches_CEO,5,0,False
32412,0,337000.0,Bachelor,M,3,48912,engineering,reaches_CEO,5,0,False
54998,0,160000.0,PhD,M,2,198875,engineering,reaches_CEO,5,0,False
109550,0,63000.0,Bachelor,M,3,146111,HR,reaches_CEO,5,0,False
139621,0,144000.0,Master,M,4,80128,sales,reaches_CEO,5,0,False
94022,0,67000.0,Master,M,3,171461,HR,reaches_CEO,5,0,False
75503,0,183000.0,Master,M,5,121527,marketing,reaches_CEO,5,0,False
141211,0,60000.0,High_School,M,9,116660,HR,reaches_CEO,4,7,True
28336,0,232000.0,Master,M,2,52313,sales,reaches_CEO,5,0,False
23903,1,297000.0,Master,M,4,164439,marketing,reaches_CEO,5,0,False
35659,1,91000.0,High_School,M,5,41808,HR,reaches_CEO,5,0,False
17877,0,282000.0,Bachelor,F,3,112750,engineering,reaches_CEO,5,0,False
85865,0,125000.0,Bachelor,M,2,64724,marketing,reaches_CEO,5,0,False
45088,0,248000.0,PhD,M,2,75860,engineering,reaches_CEO,5,0,False
94583,1,173000.0,High_School,M,2,81490,sales,reaches_CEO,5,0,False
62057,0,345000.0,High_School,M,5,79735,engineering,reaches_CEO,5,0,False
50576,0,187000.0,High_School,M,3,66692,sales,reaches_CEO,5,0,False
122830,0,397000.0,Bachelor,F,5,101484,engineering,reaches_CEO,5,0,False
102157,0,182000.0,High_School,F,3,24071,engineering,reaches_CEO,5,0,False
154546,0,105000.0,Bachelor,M,4,68998,marketing,reaches_CEO,5,0,False
177142,0,102000.0,Bachelor,M,1,7349,marketing,reaches_CEO,5,0,False
103953,1,142000.0,Master,M,1,192132,marketing,reaches_CEO,5,0,False
79399,0,196000.0,Master,F,5,134671,sales,reaches_CEO,5,0,False
79151,1,255000.0,PhD,M,3,8182,sales,reaches_CEO,5,0,False
131965,0,137000.0,Master,M,4,54315,sales,reaches_CEO,5,0,False
45741,0,118000.0,Bachelor,F,2,8812,HR,reaches_CEO,5,0,False
43420,0,180000.0,Master,M,13,24691,sales,reaches_CEO,4,17,True
33261,1,187000.0,PhD,F,3,198814,marketing,reaches_CEO,5,0,False
153669,0,61000.0,Bachelor,F,2,47748,HR,reaches_CEO,5,0,False
70578,0,241000.0,PhD,F,4,151005,marketing,reaches_CEO,5,0,False
5093,0,179000.0,PhD,M,4,54315,sales,reaches_CEO,5,0,False
38210,0,69000.0,Bachelor,M,4,84828,engineering,reaches_CEO,5,0,False
103689,0,73000.0,High_School,M,3,19806,sales,reaches_CEO,5,0,False
151303,0,68000.0,Bachelor,M,2,48912,engineering,reaches_CEO,5,0,False
124164,0,116000.0,Master,F,1,115593,HR,reaches_CEO,5,0,False
47902,1,179000.0,Master,M,4,108428,engineering,reaches_CEO,5,0,False
110649,0,201000.0,Master,M,2,143050,marketing,reaches_CEO,5,0,False
83098,0,92000.0,PhD,F,6,67178,HR,reaches_CEO,5,0,False
183030,0,96000.0,Bachelor,F,7,23100,engineering,reaches_CEO,5,0,False
199683,1,256000.0,Master,M,1,198875,engineering,reaches_CEO,5,0,False
156938,0,222000.0,Bachelor,F,1,74818,sales,reaches_CEO,5,0,False
36609,0,62000.0,Master,F,2,39388,sales,reaches_CEO,5,0,False
126330,0,345000.0,PhD,M,2,119481,engineering,reaches_CEO,4,11,True
47830,1,211000.0,Master,F,2,24071,engineering,reaches_CEO,5,0,False
154051,1,189000.0,Master,M,2,1610,engineering,reaches_CEO,5,0,False
123497,0,298000.0,High_School,M,3,34163,sales,reaches_CEO,5,0,False
80691,0,67000.0,PhD,F,3,39231,HR,reaches_CEO,5,0,False
166680,0,153000.0,High_School,M,4,57185,engineering,reaches_CEO,5,0,False
70379,1,280000.0,Master,M,1,81111,engineering,reaches_CEO,5,0,False
109391,0,66000.0,Master,F,8,171461,HR,reaches_CEO,5,0,False
144211,0,329000.0,Master,M,9,194121,engineering,reaches_CEO,4,8,True
77766,1,95000.0,PhD,M,9,6027,marketing,reaches_CEO,4,12,True
87949,1,300000.0,Bachelor,M,1,162381,engineering,reaches_CEO,5,0,False
98274,0,70000.0,Master,M,1,29508,HR,reaches_CEO,5,0,False
41024,1,389000.0,Bachelor,M,5,26757,marketing,reaches_CEO,5,0,False
155978,1,175000.0,PhD,M,1,3260,engineering,reaches_CEO,5,0,False
153511,0,83000.0,Bachelor,F,6,71987,HR,reaches_CEO,5,0,False
83885,0,285000.0,Bachelor,M,1,150408,engineering,reaches_CEO,5,0,False
76507,0,219000.0,Bachelor,M,1,168791,engineering,reaches_CEO,5,0,False
176782,0,137000.0,PhD,M,2,8193,engineering,reaches_CEO,5,0,False
50921,0,103000.0,Master,F,2,71152,HR,reaches_CEO,5,0,False
158457,0,147000.0,Master,M,1,84230,marketing,reaches_CEO,5,0,False
97705,0,181000.0,Master,M,2,47618,marketing,reaches_CEO,5,0,False
5699,0,100000.0,PhD,F,3,169833,HR,reaches_CEO,5,0,False
153206,1,202000.0,Master,M,4,151838,sales,reaches_CEO,5,0,False
103093,1,141000.0,High_School,F,1,189890,engineering,reaches_CEO,5,0,False
157733,0,71000.0,Bachelor,F,2,172246,sales,reaches_CEO,5,0,False
142171,1,163000.0,PhD,F,2,7255,engineering,reaches_CEO,5,0,False
46528,0,139000.0,High_School,M,1,150300,marketing,reaches_CEO,5,0,False
73247,0,344000.0,High_School,F,2,52796,sales,reaches_CEO,5,0,False
198648,1,245000.0,Master,M,12,114137,marketing,reaches_CEO,4,10,True
182866,1,289000.0,Bachelor,M,4,1808,engineering,reaches_CEO,5,0,False
143877,1,199000.0,Bachelor,M,4,43420,sales,reaches_CEO,5,0,False
143914,0,114000.0,Master,F,4,183283,HR,reaches_CEO,5,0,False
98678,0,226000.0,PhD,M,2,68821,engineering,reaches_CEO,5,0,False
158691,0,114000.0,Bachelor,M,7,77766,marketing,reaches_CEO,5,0,False
161113,0,73000.0,Master,F,3,55636,HR,reaches_CEO,5,0,False
13426,1,214000.0,Master,M,1,165853,engineering,reaches_CEO,5,0,False
10241,0,207000.0,Master,M,9,82657,sales,reaches_CEO,5,0,False
64176,0,61000.0,Master,F,1,22887,HR,reaches_CEO,5,0,False
188816,0,115000.0,Master,M,5,33266,marketing,reaches_CEO,5,0,False
82791,0,72000.0,Master,M,1,15768,HR,reaches_CEO,5,0,False
42645,1,180000.0,High_School,M,3,115591,sales,reaches_CEO,5,0,False
129007,0,203000.0,High_School,M,5,196058,marketing,reaches_CEO,5,0,False
120585,0,81000.0,High_School,F,4,81421,HR,reaches_CEO,5,0,False
46896,0,100000.0,PhD,F,1,4384,HR,reaches_CEO,5,0,False
103650,1,78000.0,Master,F,1,70547,marketing,reaches_CEO,5,0,False
11953,1,60000.0,PhD,F,4,53677,HR,reaches_CEO,5,0,False
170476,0,378000.0,PhD,M,4,169574,marketing,reaches_CEO,5,0,False
64641,0,235000.0,Master,M,3,98931,marketing,reaches_CEO,5,0,False
152919,1,382000.0,Bachelor,M,9,154292,engineering,reaches_CEO,5,0,False
87753,0,198000.0,Bachelor,F,1,199282,marketing,reaches_CEO,5,0,False
61023,0,197000.0,Master,F,4,69345,sales,reaches_CEO,5,0,False
174389,0,122000.0,PhD,F,2,104539,HR,reaches_CEO,5,0,False
145287,0,102000.0,Bachelor,F,4,125114,HR,reaches_CEO,5,0,False
148646,1,367000.0,Master,M,8,47553,engineering,reaches_CEO,4,5,True
100213,1,133000.0,Bachelor,F,2,158056,engineering,reaches_CEO,5,0,False
155296,0,99000.0,Master,F,1,193621,sales,reaches_CEO,5,0,False
64724,1,253000.0,Master,F,9,37154,marketing,reaches_CEO,4,15,True
168744,0,191000.0,Bachelor,M,3,18627,marketing,reaches_CEO,5,0,False
127313,0,260000.0,Master,F,3,125775,marketing,reaches_CEO,5,0,False
81860,1,258000.0,Master,M,6,49002,engineering,reaches_CEO,4,12,True
51239,0,259000.0,PhD,F,4,110091,engineering,reaches_CEO,5,0,False
52796,0,85000.0,Bachelor,M,3,135238,sales,reaches_CEO,4,12,True
13411,1,258000.0,Master,M,2,191495,sales,reaches_CEO,5,0,False
175611,0,181000.0,PhD,M,2,144211,engineering,reaches_CEO,5,0,False
49236,0,258000.0,Bachelor,M,3,193621,sales,reaches_CEO,5,0,False
96261,0,309000.0,PhD,F,5,17291,sales,reaches_CEO,5,0,False
193969,0,321000.0,Bachelor,M,9,154292,engineering,reaches_CEO,5,0,False
157995,1,230000.0,Bachelor,F,4,29960,marketing,reaches_CEO,5,0,False
13631,0,147000.0,PhD,F,5,139180,marketing,reaches_CEO,5,0,False
122469,0,240000.0,Bachelor,F,4,105395,engineering,reaches_CEO,5,0,False
21656,0,227000.0,Master,M,4,61988,engineering,reaches_CEO,5,0,False
13212,0,236000.0,Bachelor,F,1,189627,sales,reaches_CEO,5,0,False
135363,0,74000.0,PhD,F,1,2644,sales,reaches_CEO,5,0,False
151712,0,80000.0,High_School,M,5,173939,marketing,reaches_CEO,5,0,False
70819,0,257000.0,PhD,M,8,161284,engineering,reaches_CEO,4,14,True
54723,0,94000.0,Bachelor,F,1,88370,HR,reaches_CEO,5,0,False
94131,0,95000.0,PhD,F,5,8711,marketing,reaches_CEO,5,0,False
186001,0,192000.0,PhD,M,2,84230,marketing,reaches_CEO,5,0,False
28657,0,73000.0,PhD,F,5,75705,HR,reaches_CEO,5,0,False
154292,0,377000.0,Bachelor,M,9,72243,engineering,reaches_CEO,4,13,True
180863,0,324000.0,PhD,M,5,75246,engineering,reaches_CEO,5,0,False
187183,0,271000.0,Bachelor,M,5,143437,marketing,reaches_CEO,4,13,True
18825,0,181000.0,PhD,M,5,180930,sales,reaches_CEO,5,0,False
187387,0,71000.0,Bachelor,F,2,198624,HR,reaches_CEO,5,0,False
93431,1,335000.0,High_School,M,4,176415,engineering,reaches_CEO,5,0,False
33483,0,64000.0,Master,M,2,142630,HR,reaches_CEO,5,0,False
111284,1,216000.0,Bachelor,F,3,118769,engineering,reaches_CEO,5,0,False
194179,1,116000.0,Master,M,2,34163,sales,reaches_CEO,5,0,False
131820,0,310000.0,Bachelor,F,3,149696,sales,reaches_CEO,5,0,False
44737,1,83000.0,Master,F,7,191495,sales,reaches_CEO,5,0,False
131556,0,202000.0,Master,M,2,53012,marketing,reaches_CEO,5,0,False
179230,1,89000.0,Bachelor,F,3,150189,HR,reaches_CEO,5,0,False
69223,0,85000.0,Bachelor,F,6,100373,HR,reaches_CEO,5,0,False
111007,0,204000.0,PhD,F,2,87613,engineering,reaches_CEO,5,0,False
189888,1,247000.0,High_School,M,3,148865,sales,reaches_CEO,5,0,False
182113,1,167000.0,PhD,F,2,148032,sales,reaches_CEO,5,0,False
147327,0,87000.0,PhD,F,1,16445,HR,reaches_CEO,5,0,False
190825,0,286000.0,Bachelor,M,4,130449,sales,reaches_CEO,5,0,False
195956,1,173000.0,PhD,M,1,7212,marketing,reaches_CEO,5,0,False
139712,0,340000.0,High_School,M,7,176415,engineering,reaches_CEO,5,0,False
154040,0,144000.0,PhD,F,3,103981,marketing,reaches_CEO,5,0,False
68998,0,311000.0,Master,M,12,70434,marketing,reaches_CEO,4,13,True
108176,0,319000.0,Bachelor,M,4,55481,engineering,reaches_CEO,5,0,False
47779,0,67000.0,Master,M,1,123263,HR,reaches_CEO,5,0,False
146110,0,122000.0,Master,M,4,94611,engineering,reaches_CEO,5,0,False
101371,1,157000.0,Bachelor,M,2,78874,sales,reaches_CEO,5,0,False
197122,0,137000.0,PhD,F,3,119964,marketing,reaches_CEO,5,0,False
152844,0,190000.0,Master,F,5,4110,sales,reaches_CEO,5,0,False
133064,1,138000.0,High_School,M,2,5222,sales,reaches_CEO,5,0,False
48800,1,188000.0,High_School,F,9,121527,marketing,reaches_CEO,5,0,False
162889,0,308000.0,PhD,F,16,109308,marketing,reaches_CEO,3,5,True
152155,1,243000.0,Master,M,1,187053,engineering,reaches_CEO,5,0,False
183065,0,278000.0,Bachelor,M,7,8207,engineering,reaches_CEO,4,9,True
29796,1,243000.0,High_School,M,1,98419,marketing,reaches_CEO,5,0,False
177560,0,174000.0,PhD,M,9,198814,marketing,reaches_CEO,5,0,False
84892,0,308000.0,Bachelor,F,5,43858,engineering,reaches_CEO,5,0,False
58369,0,127000.0,Bachelor,M,4,114011,engineering,reaches_CEO,5,0,False
178177,0,171000.0,Bachelor,F,3,90237,sales,reaches_CEO,5,0,False
126615,0,215000.0,Master,F,4,114572,marketing,reaches_CEO,5,0,False
166962,0,120000.0,Master,M,1,138772,sales,reaches_CEO,5,0,False
150290,0,106000.0,PhD,F,3,185138,HR,reaches_CEO,4,12,True
180273,0,193000.0,PhD,M,6,60609,sales,reaches_CEO,5,0,False
11772,1,295000.0,Master,F,2,142685,sales,reaches_CEO,5,0,False
26093,0,208000.0,PhD,M,1,81811,sales,reaches_CEO,5,0,False
27823,0,309000.0,High_School,M,3,146404,marketing,reaches_CEO,5,0,False
63196,1,139000.0,Bachelor,M,1,1651,engineering,reaches_CEO,5,0,False
63515,0,158000.0,Bachelor,F,4,28979,sales,reaches_CEO,5,0,False
191418,0,154000.0,Master,F,10,36075,sales,reaches_CEO,3,4,True
148926,0,280000.0,Bachelor,M,7,159098,engineering,reaches_CEO,5,0,False
114459,0,74000.0,Bachelor,F,5,135804,HR,reaches_CEO,5,0,False
174376,0,338000.0,PhD,M,2,132283,engineering,reaches_CEO,5,0,False
81217,0,81000.0,Master,M,5,160261,marketing,reaches_CEO,5,0,False
52296,1,322000.0,PhD,M,4,73034,engineering,reaches_CEO,5,0,False
1379,1,205000.0,PhD,M,4,150194,engineering,reaches_CEO,5,0,False
157548,0,87000.0,Bachelor,F,1,14465,HR,reaches_CEO,5,0,False
80545,0,228000.0,High_School,M,2,158777,marketing,reaches_CEO,5,0,False
11623,1,224000.0,High_School,M,8,12877,engineering,reaches_CEO,5,0,False
33343,0,180000.0,Bachelor,M,8,149696,sales,reaches_CEO,5,0,False
53953,0,145000.0,Bachelor,M,8,132309,sales,reaches_CEO,5,0,False
28522,0,250000.0,Bachelor,M,3,122762,sales,reaches_CEO,5,0,False
100889,0,274000.0,Bachelor,M,5,12679,sales,reaches_CEO,5,0,False
49745,0,278000.0,Master,M,4,158777,marketing,reaches_CEO,5,0,False
154905,1,214000.0,High_School,M,5,95841,engineering,reaches_CEO,5,0,False
166034,1,379000.0,Master,M,6,116750,engineering,reaches_CEO,5,0,False
6583,0,140000.0,Master,F,6,156927,marketing,reaches_CEO,5,0,False
172204,1,92000.0,High_School,M,2,27018,HR,reaches_CEO,5,0,False
125202,0,88000.0,Master,F,2,126515,HR,reaches_CEO,5,0,False
109882,0,247000.0,Bachelor,M,3,65856,sales,reaches_CEO,5,0,False
186313,0,73000.0,Bachelor,F,3,151696,HR,reaches_CEO,5,0,False
24632,0,300000.0,Master,M,1,52796,sales,reaches_CEO,5,0,False
119967,1,350000.0,Master,F,4,150408,engineering,reaches_CEO,5,0,False
129092,0,151000.0,Bachelor,M,2,9706,sales,reaches_CEO,5,0,False
143770,0,177000.0,Master,M,3,103421,engineering,reaches_CEO,5,0,False
171774,0,163000.0,Bachelor,M,2,30749,engineering,reaches_CEO,5,0,False
54334,0,362000.0,Bachelor,M,5,57938,engineering,reaches_CEO,5,0,False
20965,0,64000.0,Bachelor,F,3,5889,HR,reaches_CEO,5,0,False
12065,0,286000.0,Master,M,6,90065,engineering,reaches_CEO,5,0,False
168660,1,190000.0,PhD,F,4,121419,engineering,reaches_CEO,5,0,False
2733,1,203000.0,Master,F,5,134944,sales,reaches_CEO,5,0,False
102337,0,197000.0,PhD,M,3,87929,sales,reaches_CEO,5,0,False
9480,0,154000.0,Bachelor,M,2,92403,sales,reaches_CEO,5,0,False
60434,0,185000.0,Bachelor,F,2,189627,sales,reaches_CEO,5,0,False
116033,0,345000.0,Bachelor,M,2,166729,marketing,reaches_CEO,5,0,False
49928,0,175000.0,Bachelor,F,2,199184,sales,reaches_CEO,5,0,False
105286,0,198000.0,PhD,M,3,63077,sales,reaches_CEO,5,0,False
46651,1,136000.0,Master,F,3,54808,sales,reaches_CEO,5,0,False
35031,0,201000.0,Master,F,1,158888,sales,reaches_CEO,5,0,False
180734,0,262000.0,Bachelor,M,1,160169,sales,reaches_CEO,5,0,False
51253,1,182000.0,PhD,M,5,102632,marketing,reaches_CEO,5,0,False
20451,0,272000.0,Bachelor,M,3,77844,sales,reaches_CEO,5,0,False
37699,0,381000.0,Bachelor,M,4,186086,engineering,reaches_CEO,5,0,False
30287,0,182000.0,Master,M,1,2644,sales,reaches_CEO,5,0,False
115208,0,201000.0,Bachelor,M,2,175361,sales,reaches_CEO,5,0,False
163206,0,298000.0,PhD,F,2,5374,sales,reaches_CEO,5,0,False
5332,1,289000.0,Master,M,4,103981,marketing,reaches_CEO,5,0,False
188233,0,292000.0,High_School,M,2,167650,engineering,reaches_CEO,5,0,False
168791,1,370000.0,Master,F,8,5342,engineering,reaches_CEO,4,6,True
180428,0,144000.0,Bachelor,M,7,8182,sales,reaches_CEO,5,0,False
128148,0,81000.0,High_School,M,1,195795,sales,reaches_CEO,5,0,False
4111,0,113000.0,Master,M,1,77670,sales,reaches_CEO,5,0,False
132306,0,171000.0,Master,M,1,75045,marketing,reaches_CEO,5,0,False
96322,0,174000.0,Master,M,5,34977,sales,reaches_CEO,5,0,False
185101,1,296000.0,Master,M,6,197206,marketing,reaches_CEO,5,0,False
131999,1,84000.0,Master,F,1,95522,marketing,reaches_CEO,5,0,False
165415,0,143000.0,Master,F,3,148032,sales,reaches_CEO,5,0,False
161631,1,218000.0,Master,M,4,73846,sales,reaches_CEO,5,0,False
136704,0,176000.0,Bachelor,M,5,198879,sales,reaches_CEO,5,0,False
147374,1,86000.0,Master,M,2,18627,marketing,reaches_CEO,5,0,False
71087,0,109000.0,PhD,M,1,23565,sales,reaches_CEO,5,0,False
192691,0,142000.0,PhD,F,3,172889,sales,reaches_CEO,5,0,False
185358,1,286000.0,High_School,M,2,68821,engineering,reaches_CEO,5,0,False
110210,1,153000.0,PhD,M,1,7255,engineering,reaches_CEO,5,0,False
8014,1,136000.0,Bachelor,M,3,155437,engineering,reaches_CEO,5,0,False
133403,0,108000.0,Bachelor,M,4,139180,marketing,reaches_CEO,5,0,False
50570,1,95000.0,Master,F,5,92403,sales,reaches_CEO,5,0,False
38245,1,178000.0,Master,M,1,147103,engineering,reaches_CEO,5,0,False
135266,0,247000.0,Master,M,5,138772,sales,reaches_CEO,5,0,False
194894,0,130000.0,Master,M,5,57316,sales,reaches_CEO,5,0,False
117564,0,210000.0,Bachelor,M,2,39388,sales,reaches_CEO,5,0,False
45026,0,280000.0,Bachelor,M,3,197206,marketing,reaches_CEO,5,0,False
72812,0,94000.0,High_School,M,1,129626,marketing,reaches_CEO,5,0,False
171138,0,72000.0,Master,F,3,172541,HR,reaches_CEO,5,0,False
66140,0,108000.0,Bachelor,F,2,193818,HR,reaches_CEO,5,0,False
164354,0,321000.0,PhD,F,2,180930,sales,reaches_CEO,5,0,False
160213,0,213000.0,Master,M,1,45803,sales,reaches_CEO,5,0,False
53677,0,89000.0,Master,M,12,41533,HR,reaches_CEO,4,8,True
9703,0,124000.0,Master,F,6,180037,sales,reaches_CEO,5,0,False
194847,0,237000.0,Bachelor,M,4,102632,marketing,reaches_CEO,5,0,False
74079,0,138000.0,Bachelor,F,2,134728,marketing,reaches_CEO,5,0,False
132713,1,275000.0,Bachelor,M,5,131525,sales,reaches_CEO,5,0,False
69463,1,158000.0,High_School,M,5,91869,marketing,reaches_CEO,4,6,True
146258,1,69000.0,Bachelor,M,3,52319,sales,reaches_CEO,5,0,False
32405,0,66000.0,Master,M,10,24681,HR,reaches_CEO,4,12,True
176306,0,329000.0,Master,M,1,14299,engineering,reaches_CEO,5,0,False
140777,0,72000.0,Bachelor,F,9,22977,HR,reaches_CEO,5,0,False
79323,0,324000.0,PhD,M,1,64750,engineering,reaches_CEO,5,0,False
33160,0,251000.0,PhD,M,3,189222,engineering,reaches_CEO,5,0,False
196927,0,94000.0,Bachelor,M,2,52319,sales,reaches_CEO,5,0,False
169565,0,113000.0,PhD,M,3,88007,sales,reaches_CEO,5,0,False
145892,0,131000.0,Bachelor,F,9,132309,sales,reaches_CEO,5,0,False
196551,1,208000.0,Master,M,4,90639,marketing,reaches_CEO,5,0,False
80192,1,148000.0,Master,M,6,146220,marketing,reaches_CEO,5,0,False
113979,1,156000.0,High_School,F,1,111363,sales,reaches_CEO,5,0,False
34777,1,113000.0,Master,F,1,159838,marketing,reaches_CEO,5,0,False
38123,0,102000.0,Master,F,3,102498,HR,reaches_CEO,5,0,False
85596,1,262000.0,Bachelor,M,2,21470,marketing,reaches_CEO,5,0,False
23801,0,211000.0,PhD,M,3,54136,marketing,reaches_CEO,5,0,False
52096,1,91000.0,Bachelor,M,1,141317,sales,reaches_CEO,5,0,False
113336,0,132000.0,PhD,M,2,135848,marketing,reaches_CEO,5,0,False
19517,1,314000.0,PhD,M,6,138948,marketing,reaches_CEO,5,0,False
113980,0,283000.0,High_School,M,4,129626,marketing,reaches_CEO,5,0,False
169856,0,301000.0,High_School,M,2,165853,engineering,reaches_CEO,5,0,False
194968,0,71000.0,PhD,M,1,104759,HR,reaches_CEO,5,0,False
173223,0,159000.0,PhD,M,2,164547,sales,reaches_CEO,5,0,False
43568,0,215000.0,Bachelor,F,3,98419,marketing,reaches_CEO,5,0,False
171867,0,199000.0,PhD,M,6,37434,sales,reaches_CEO,5,0,False
80532,0,319000.0,High_School,F,3,122197,engineering,reaches_CEO,5,0,False
132159,0,309000.0,Bachelor,M,6,126330,engineering,reaches_CEO,5,0,False
149611,0,202000.0,Master,M,4,64724,marketing,reaches_CEO,5,0,False
119835,1,359000.0,Bachelor,M,4,168797,marketing,reaches_CEO,5,0,False
185940,1,330000.0,Bachelor,M,3,80728,engineering,reaches_CEO,5,0,False
63781,1,60000.0,PhD,M,3,83032,marketing,reaches_CEO,5,0,False
41278,1,90000.0,High_School,M,7,57316,sales,reaches_CEO,5,0,False
113215,0,198000.0,High_School,M,4,129410,sales,reaches_CEO,5,0,False
136301,1,100000.0,Bachelor,M,1,191495,sales,reaches_CEO,5,0,False
144396,0,91000.0,Bachelor,M,1,150290,HR,reaches_CEO,5,0,False
192253,0,98000.0,PhD,M,3,158609,sales,reaches_CEO,5,0,False
17820,0,203000.0,Bachelor,M,5,16073,marketing,reaches_CEO,5,0,False
143444,0,236000.0,Bachelor,M,4,146404,marketing,reaches_CEO,5,0,False
143019,0,110000.0,PhD,M,4,116180,engineering,reaches_CEO,5,0,False
110838,0,267000.0,PhD,M,4,52920,sales,reaches_CEO,5,0,False
154134,0,119000.0,High_School,F,3,32405,HR,reaches_CEO,5,0,False
116536,0,168000.0,Bachelor,F,3,20828,marketing,reaches_CEO,5,0,False
1258,0,134000.0,PhD,M,1,127266,marketing,reaches_CEO,5,0,False
165575,0,273000.0,Master,M,3,41335,engineering,reaches_CEO,5,0,False
42030,0,78000.0,PhD,F,2,53856,HR,reaches_CEO,5,0,False
37254,0,86000.0,PhD,M,1,107694,HR,reaches_CEO,5,0,False
85573,1,207000.0,Master,M,5,132283,engineering,reaches_CEO,5,0,False
29523,0,98000.0,Master,M,7,95169,sales,reaches_CEO,5,0,False
195948,0,62000.0,Master,M,4,14226,HR,reaches_CEO,5,0,False
163494,0,145000.0,High_School,F,2,139180,marketing,reaches_CEO,5,0,False
53489,0,148000.0,High_School,M,1,122762,sales,reaches_CEO,5,0,False
138933,0,337000.0,Master,F,3,1808,engineering,reaches_CEO,5,0,False
193381,0,175000.0,PhD,M,1,183065,engineering,reaches_CEO,5,0,False
33169,0,270000.0,High_School,M,2,68201,sales,reaches_CEO,5,0,False
35499,1,94000.0,High_School,M,5,134865,sales,reaches_CEO,4,12,True
103890,0,143000.0,Master,M,1,121527,marketing,reaches_CEO,5,0,False
174254,0,90000.0,Master,M,3,118506,HR,reaches_CEO,5,0,False
26183,0,258000.0,Master,M,12,145667,sales,reaches_CEO,4,14,True
156417,0,127000.0,PhD,M,4,21377,sales,reaches_CEO,5,0,False
123410,1,165000.0,PhD,M,3,111363,sales,reaches_CEO,5,0,False
14103,0,126000.0,Bachelor,M,5,111363,sales,reaches_CEO,5,0,False
26266,0,113000.0,Bachelor,M,5,1610,engineering,reaches_CEO,5,0,False
158806,0,327000.0,High_School,M,4,81644,engineering,reaches_CEO,5,0,False
60314,0,359000.0,Bachelor,F,1,76310,engineering,reaches_CEO,5,0,False
37343,0,128000.0,Bachelor,M,4,105542,marketing,reaches_CEO,5,0,False
116361,1,274000.0,PhD,F,4,8663,sales,reaches_CEO,5,0,False
13325,0,211000.0,Master,F,3,49729,sales,reaches_CEO,5,0,False
132762,0,83000.0,Master,M,7,38308,marketing,reaches_CEO,5,0,False
77988,1,146000.0,Bachelor,M,1,187053,engineering,reaches_CEO,5,0,False
52245,0,64000.0,Bachelor,M,2,140838,HR,reaches_CEO,5,0,False
47889,1,265000.0,Bachelor,M,2,74818,sales,reaches_CEO,5,0,False
172992,0,280000.0,PhD,F,2,34977,sales,reaches_CEO,5,0,False
147200,0,93000.0,High_School,M,5,66420,HR,reaches_CEO,5,0,False
39215,1,326000.0,Master,F,2,146473,marketing,reaches_CEO,5,0,False
64413,0,287000.0,PhD,F,5,149135,engineering,reaches_CEO,5,0,False
3308,1,344000.0,PhD,F,1,1050,engineering,reaches_CEO,5,0,False
115043,0,280000.0,High_School,M,4,154703,engineering,reaches_CEO,5,0,False
112023,1,305000.0,High_School,M,3,12649,engineering,reaches_CEO,5,0,False
142850,0,145000.0,Master,M,7,78493,sales,reaches_CEO,4,13,True
172312,0,60000.0,Master,F,5,61443,HR,reaches_CEO,5,0,False
159148,0,239000.0,Bachelor,M,1,134728,marketing,reaches_CEO,5,0,False
45998,1,347000.0,High_School,M,5,70819,engineering,reaches_CEO,5,0,False
151696,0,110000.0,High_School,F,11,77857,HR,reaches_CEO,4,14,True
131520,1,103000.0,Bachelor,M,2,183065,engineering,reaches_CEO,5,0,False
185979,0,77000.0,PhD,M,4,169271,marketing,reaches_CEO,5,0,False
43351,1,246000.0,Bachelor,F,3,29547,engineering,reaches_CEO,5,0,False
46364,0,208000.0,PhD,M,3,142926,engineering,reaches_CEO,5,0,False
62161,1,152000.0,PhD,F,2,125912,marketing,reaches_CEO,4,12,True
194485,0,181000.0,Bachelor,M,6,8711,marketing,reaches_CEO,5,0,False
46514,0,226000.0,Bachelor,M,3,74066,engineering,reaches_CEO,5,0,False
120559,1,90000.0,PhD,M,2,168905,engineering,reaches_CEO,5,0,False
46432,0,213000.0,High_School,M,2,191649,sales,reaches_CEO,5,0,False
133829,0,130000.0,Bachelor,F,2,14465,HR,reaches_CEO,5,0,False
172803,1,361000.0,Master,M,3,22090,marketing,reaches_CEO,5,0,False
116727,0,257000.0,Bachelor,M,3,147106,sales,reaches_CEO,5,0,False
146473,1,140000.0,Bachelor,F,13,156036,marketing,reaches_CEO,4,14,True
78099,1,62000.0,PhD,F,3,139278,HR,reaches_CEO,5,0,False
49578,1,111000.0,Master,M,1,192414,sales,reaches_CEO,5,0,False
36003,1,241000.0,Master,M,1,147715,sales,reaches_CEO,5,0,False
49028,1,313000.0,PhD,M,7,138432,sales,reaches_CEO,5,0,False
41137,0,80000.0,Master,F,3,8812,HR,reaches_CEO,5,0,False
115539,0,277000.0,PhD,F,22,71499,marketing,reaches_CEO,3,5,True
15024,0,174000.0,Master,F,3,38308,marketing,reaches_CEO,5,0,False
106384,0,288000.0,PhD,M,5,110091,engineering,reaches_CEO,5,0,False
104821,0,181000.0,Master,M,6,4394,marketing,reaches_CEO,5,0,False
168301,0,224000.0,PhD,F,5,22145,sales,reaches_CEO,5,0,False
52695,1,150000.0,Bachelor,M,1,40904,engineering,reaches_CEO,5,0,False
133301,1,267000.0,PhD,M,6,46178,engineering,reaches_CEO,5,0,False
126389,1,191000.0,PhD,M,1,59353,engineering,reaches_CEO,5,0,False
10890,0,306000.0,PhD,F,3,126330,engineering,reaches_CEO,5,0,False
271,1,68000.0,Bachelor,M,1,195795,sales,reaches_CEO,5,0,False
178900,0,160000.0,Bachelor,M,4,1651,engineering,reaches_CEO,5,0,False
14517,0,216000.0,Bachelor,F,1,67522,sales,reaches_CEO,5,0,False
81811,1,84000.0,Bachelor,F,12,94454,sales,reaches_CEO,4,8,True
100398,1,89000.0,Master,M,2,198648,marketing,reaches_CEO,5,0,False
141152,0,141000.0,PhD,M,2,149485,sales,reaches_CEO,5,0,False
144927,1,127000.0,PhD,M,11,94454,sales,reaches_CEO,4,9,True
81736,1,154000.0,Bachelor,F,4,84828,engineering,reaches_CEO,5,0,False
115765,0,80000.0,Master,M,12,192056,HR,reaches_CEO,4,11,True
141844,0,303000.0,Bachelor,F,2,190566,marketing,reaches_CEO,5,0,False
17837,0,60000.0,PhD,M,19,176367,engineering,reaches_CEO,3,4,True
49605,0,295000.0,Bachelor,M,1,25934,engineering,reaches_CEO,5,0,False
30273,1,142000.0,Bachelor,F,1,103421,engineering,reaches_CEO,5,0,False
94533,1,86000.0,Bachelor,M,1,129287,HR,reaches_CEO,5,0,False
25844,1,113000.0,Master,M,4,170922,sales,reaches_CEO,5,0,False
82493,0,307000.0,High_School,M,2,159906,sales,reaches_CEO,5,0,False
72770,1,319000.0,Bachelor,M,2,122145,engineering,reaches_CEO,5,0,False
72430,1,331000.0,High_School,M,2,14299,engineering,reaches_CEO,5,0,False
71115,0,307000.0,Master,M,2,92567,engineering,reaches_CEO,4,8,True
49905,0,217000.0,Bachelor,M,5,121419,engineering,reaches_CEO,5,0,False
65953,1,125000.0,Bachelor,F,3,132399,sales,reaches_CEO,5,0,False
9347,0,209000.0,Master,F,5,158056,engineering,reaches_CEO,5,0,False
182184,0,178000.0,High_School,F,5,113124,sales,reaches_CEO,5,0,False
92794,0,107000.0,PhD,F,4,21086,HR,reaches_CEO,5,0,False
165853,0,266000.0,PhD,F,8,18295,engineering,reaches_CEO,4,10,True
21094,0,86000.0,PhD,M,7,133927,engineering,reaches_CEO,5,0,False
91547,0,135000.0,Master,F,1,64452,sales,reaches_CEO,5,0,False
151082,0,116000.0,PhD,M,2,11507,HR,reaches_CEO,5,0,False
61193,0,175000.0,Master,M,1,132283,engineering,reaches_CEO,5,0,False
8388,0,192000.0,Bachelor,M,3,113189,sales,reaches_CEO,5,0,False
65388,1,74000.0,Bachelor,M,3,127266,marketing,reaches_CEO,5,0,False
17123,0,84000.0,Master,F,1,179149,HR,reaches_CEO,5,0,False
67644,0,242000.0,PhD,F,1,149485,sales,reaches_CEO,5,0,False
120180,1,259000.0,Master,F,3,191454,marketing,reaches_CEO,5,0,False
65027,0,77000.0,Master,M,3,74818,sales,reaches_CEO,5,0,False
110915,1,257000.0,Master,M,2,169664,engineering,reaches_CEO,5,0,False
184637,0,218000.0,Master,F,4,144927,sales,reaches_CEO,5,0,False
95725,0,107000.0,High_School,M,3,43602,engineering,reaches_CEO,5,0,False
50808,0,243000.0,PhD,M,3,157064,marketing,reaches_CEO,5,0,False
151126,1,69000.0,High_School,F,4,169223,engineering,reaches_CEO,5,0,False
80030,0,193000.0,High_School,F,5,62990,sales,reaches_CEO,5,0,False
92901,1,150000.0,Master,M,2,95522,marketing,reaches_CEO,5,0,False
119121,0,116000.0,High_School,M,1,34714,sales,reaches_CEO,5,0,False
153738,0,173000.0,PhD,M,4,191495,sales,reaches_CEO,5,0,False
21600,0,338000.0,Master,M,1,52525,engineering,reaches_CEO,5,0,False
14993,0,88000.0,Master,F,2,139278,HR,reaches_CEO,5,0,False
99828,0,273000.0,Bachelor,M,2,98967,marketing,reaches_CEO,5,0,False
174241,0,81000.0,High_School,M,1,172246,sales,reaches_CEO,5,0,False
83473,0,65000.0,High_School,F,2,81421,HR,reaches_CEO,5,0,False
173414,0,70000.0,Bachelor,F,1,171461,HR,reaches_CEO,5,0,False
97274,0,95000.0,Master,F,7,151696,HR,reaches_CEO,5,0,False
102759,0,229000.0,PhD,M,8,142104,engineering,reaches_CEO,5,0,False
198763,1,237000.0,Bachelor,F,6,55431,sales,reaches_CEO,5,0,False
165982,0,203000.0,Bachelor,F,3,132399,sales,reaches_CEO,5,0,False
129778,0,85000.0,Master,M,2,59566,HR,reaches_CEO,4,12,True
103884,0,136000.0,PhD,F,6,39785,HR,reaches_CEO,4,5,True
66355,0,207000.0,Bachelor,M,1,150408,engineering,reaches_CEO,5,0,False
31643,0,70000.0,Bachelor,F,1,61517,HR,reaches_CEO,5,0,False
37878,1,230000.0,PhD,F,2,113566,engineering,reaches_CEO,5,0,False
116962,0,257000.0,Bachelor,F,3,142850,sales,reaches_CEO,5,0,False
63827,0,136000.0,High_School,M,2,39417,engineering,reaches_CEO,5,0,False
63048,0,76000.0,Master,M,2,23565,sales,reaches_CEO,5,0,False
147567,0,174000.0,Master,F,6,74170,sales,reaches_CEO,5,0,False
65137,0,180000.0,PhD,F,1,193920,sales,reaches_CEO,5,0,False
60489,0,293000.0,Bachelor,M,8,24489,marketing,reaches_CEO,4,17,True
71152,0,85000.0,PhD,M,10,21604,HR,reaches_CEO,4,10,True
39231,0,66000.0,PhD,F,5,24681,HR,reaches_CEO,4,13,True
92769,1,246000.0,Bachelor,M,5,154891,engineering,reaches_CEO,5,0,False
103443,0,140000.0,Master,M,18,97647,marketing,reaches_CEO,3,5,True
184149,0,184000.0,PhD,F,4,7966,sales,reaches_CEO,5,0,False
177772,1,208000.0,Master,M,3,134556,marketing,reaches_CEO,4,8,True
127000,0,76000.0,High_School,M,4,61517,HR,reaches_CEO,5,0,False
77728,0,77000.0,Master,M,5,7095,HR,reaches_CEO,5,0,False
88014,0,322000.0,PhD,M,2,138432,sales,reaches_CEO,5,0,False
129050,0,201000.0,Bachelor,M,1,142685,sales,reaches_CEO,5,0,False
185829,1,70000.0,PhD,F,3,197896,HR,reaches_CEO,5,0,False
1331,1,275000.0,PhD,F,3,98520,marketing,reaches_CEO,5,0,False
114137,1,206000.0,Bachelor,M,24,107658,marketing,reaches_CEO,3,7,True
83765,1,82000.0,Bachelor,F,6,142630,HR,reaches_CEO,5,0,False
106405,0,62000.0,PhD,M,5,5889,HR,reaches_CEO,5,0,False
89118,1,179000.0,Bachelor,F,1,20828,marketing,reaches_CEO,5,0,False
109727,0,91000.0,PhD,M,5,742,HR,reaches_CEO,5,0,False
69273,0,207000.0,Master,M,2,195165,engineering,reaches_CEO,5,0,False
173992,0,105000.0,Bachelor,F,5,78215,sales,reaches_CEO,5,0,False
14106,1,340000.0,Master,F,2,47863,engineering,reaches_CEO,5,0,False
94528,0,256000.0,Master,F,3,113245,sales,reaches_CEO,5,0,False
30864,0,255000.0,PhD,M,4,11275,marketing,reaches_CEO,5,0,False
98921,1,224000.0,PhD,M,7,161727,engineering,reaches_CEO,5,0,False
114182,0,257000.0,Bachelor,M,3,76135,marketing,reaches_CEO,5,0,False
123829,1,61000.0,PhD,M,3,1791,HR,reaches_CEO,5,0,False
26680,0,61000.0,Bachelor,F,3,110089,HR,reaches_CEO,5,0,False
82260,0,161000.0,PhD,M,2,4440,marketing,reaches_CEO,5,0,False
46080,0,86000.0,PhD,M,1,23737,HR,reaches_CEO,5,0,False
59835,1,144000.0,PhD,F,2,52920,sales,reaches_CEO,5,0,False
87035,0,205000.0,Master,M,3,18939,sales,reaches_CEO,5,0,False
32977,0,319000.0,PhD,M,2,27781,marketing,reaches_CEO,5,0,False
51681,0,70000.0,Master,F,5,112750,engineering,reaches_CEO,5,0,False
130327,1,256000.0,High_School,M,3,161727,engineering,reaches_CEO,5,0,False
124911,0,165000.0,High_School,M,4,195795,sales,reaches_CEO,5,0,False
15830,1,344000.0,PhD,F,8,79934,engineering,reaches_CEO,5,0,False
8840,0,83000.0,Master,F,5,53826,HR,reaches_CEO,5,0,False
126234,0,364000.0,PhD,F,2,30488,marketing,reaches_CEO,5,0,False
176788,1,378000.0,PhD,M,4,15277,engineering,reaches_CEO,5,0,False
40084,0,87000.0,Master,M,4,199950,HR,reaches_CEO,5,0,False
56687,0,223000.0,Master,M,3,173939,marketing,reaches_CEO,5,0,False
1947,1,149000.0,High_School,M,2,68201,sales,reaches_CEO,5,0,False
43257,1,81000.0,Master,M,4,129778,HR,reaches_CEO,5,0,False
123804,0,132000.0,Master,F,2,75045,marketing,reaches_CEO,5,0,False
157624,0,356000.0,High_School,F,3,46957,sales,reaches_CEO,5,0,False
88639,0,212000.0,Bachelor,M,1,199184,sales,reaches_CEO,5,0,False
119991,1,109000.0,PhD,M,7,184512,engineering,reaches_CEO,4,10,True
151348,1,118000.0,Bachelor,M,3,148984,sales,reaches_CEO,5,0,False
8599,0,244000.0,PhD,F,5,132026,marketing,reaches_CEO,5,0,False
55909,0,187000.0,Bachelor,M,2,113124,sales,reaches_CEO,5,0,False
68116,0,198000.0,Master,F,6,177166,engineering,reaches_CEO,5,0,False
180460,0,98000.0,Bachelor,F,4,51121,HR,reaches_CEO,5,0,False
1545,0,278000.0,Master,F,2,122762,sales,reaches_CEO,5,0,False
59143,0,128000.0,PhD,F,2,69379,sales,reaches_CEO,5,0,False
1128,1,342000.0,Bachelor,M,2,12214,sales,reaches_CEO,5,0,False
31668,0,321000.0,PhD,M,4,109102,sales,reaches_CEO,5,0,False
113301,1,191000.0,PhD,M,3,190249,marketing,reaches_CEO,5,0,False
156228,0,127000.0,Master,F,1,55653,sales,reaches_CEO,5,0,False
168821,0,152000.0,High_School,M,5,87733,sales,reaches_CEO,5,0,False
1872,1,187000.0,Master,M,9,154285,engineering,reaches_CEO,4,10,True
76060,1,180000.0,PhD,F,3,129410,sales,reaches_CEO,5,0,False
123483,0,358000.0,High_School,M,5,145710,engineering,reaches_CEO,5,0,False
147948,0,69000.0,Master,M,3,96664,marketing,reaches_CEO,5,0,False
141705,1,166000.0,PhD,M,3,46997,sales,reaches_CEO,5,0,False
72921,0,182000.0,PhD,M,3,164326,sales,reaches_CEO,5,0,False
112600,0,315000.0,Bachelor,F,1,119658,engineering,reaches_CEO,5,0,False
160380,1,99000.0,High_School,M,2,90065,engineering,reaches_CEO,5,0,False
180198,0,60000.0,Bachelor,M,4,47748,HR,reaches_CEO,5,0,False
169175,0,166000.0,Bachelor,F,6,175365,marketing,reaches_CEO,5,0,False
126246,0,117000.0,PhD,M,8,184998,sales,reaches_CEO,5,0,False
47879,1,143000.0,PhD,M,2,69943,sales,reaches_CEO,5,0,False
122128,1,138000.0,PhD,F,1,72965,sales,reaches_CEO,5,0,False
33333,0,115000.0,Master,F,6,126515,HR,reaches_CEO,5,0,False
12300,0,215000.0,Bachelor,F,5,198879,sales,reaches_CEO,5,0,False
32146,1,303000.0,PhD,M,3,21470,marketing,reaches_CEO,5,0,False
145854,0,104000.0,High_School,M,4,99139,sales,reaches_CEO,5,0,False
82615,0,86000.0,High_School,M,2,161727,engineering,reaches_CEO,5,0,False
14971,0,70000.0,Master,F,5,139278,HR,reaches_CEO,5,0,False
98326,1,103000.0,Bachelor,M,2,134048,sales,reaches_CEO,5,0,False
139119,1,168000.0,High_School,M,3,25934,engineering,reaches_CEO,5,0,False
133832,1,239000.0,Master,F,3,79,sales,reaches_CEO,5,0,False
4621,0,269000.0,PhD,M,1,142367,sales,reaches_CEO,5,0,False
173624,0,336000.0,Bachelor,M,4,52525,engineering,reaches_CEO,5,0,False
196199,1,249000.0,Master,M,1,115694,engineering,reaches_CEO,5,0,False
83596,0,159000.0,PhD,M,2,59705,sales,reaches_CEO,5,0,False
18137,0,294000.0,PhD,M,1,154292,engineering,reaches_CEO,5,0,False
58062,1,172000.0,High_School,M,2,32159,sales,reaches_CEO,5,0,False
1039,1,80000.0,PhD,M,6,88370,HR,reaches_CEO,5,0,False
92585,1,153000.0,Bachelor,M,10,114137,marketing,reaches_CEO,4,12,True
142380,0,228000.0,Master,F,4,103448,sales,reaches_CEO,5,0,False
158438,0,100000.0,Bachelor,M,2,115591,sales,reaches_CEO,5,0,False
129600,1,174000.0,Master,M,2,126368,sales,reaches_CEO,5,0,False
70778,1,151000.0,PhD,F,4,172250,marketing,reaches_CEO,5,0,False
199298,1,237000.0,Bachelor,M,1,101484,engineering,reaches_CEO,5,0,False
24047,1,261000.0,Master,M,1,53012,marketing,reaches_CEO,5,0,False
188542,0,230000.0,Master,M,5,59939,marketing,reaches_CEO,5,0,False
53934,0,224000.0,Master,F,4,177805,marketing,reaches_CEO,5,0,False
89053,1,152000.0,Master,M,12,97647,marketing,reaches_CEO,3,3,True
187952,0,217000.0,Master,F,2,180854,sales,reaches_CEO,5,0,False
133638,0,194000.0,High_School,M,1,30749,engineering,reaches_CEO,5,0,False
70665,0,162000.0,PhD,M,1,157966,marketing,reaches_CEO,5,0,False
26526,0,66000.0,Bachelor,F,1,47260,HR,reaches_CEO,5,0,False
27355,0,197000.0,High_School,F,4,46957,sales,reaches_CEO,5,0,False
46117,0,180000.0,PhD,F,1,129410,sales,reaches_CEO,5,0,False
19977,0,228000.0,PhD,M,2,1651,engineering,reaches_CEO,5,0,False
119595,1,103000.0,Master,F,3,8711,marketing,reaches_CEO,5,0,False
157493,1,126000.0,Master,F,3,129778,HR,reaches_CEO,5,0,False
119979,0,168000.0,PhD,M,8,62161,marketing,reaches_CEO,5,0,False
177810,1,313000.0,Bachelor,F,5,154703,engineering,reaches_CEO,5,0,False
171457,0,114000.0,Master,F,4,26468,engineering,reaches_CEO,5,0,False
11464,1,160000.0,Bachelor,M,2,26757,marketing,reaches_CEO,5,0,False
86450,0,252000.0,PhD,M,2,40904,engineering,reaches_CEO,5,0,False
73112,0,104000.0,Bachelor,M,1,113124,sales,reaches_CEO,5,0,False
129454,0,357000.0,PhD,M,2,30749,engineering,reaches_CEO,5,0,False
106398,0,236000.0,Master,M,4,119576,engineering,reaches_CEO,5,0,False
80966,1,218000.0,Bachelor,M,1,133420,sales,reaches_CEO,5,0,False
125781,1,101000.0,High_School,F,6,61517,HR,reaches_CEO,5,0,False
47935,0,81000.0,Master,M,6,22887,HR,reaches_CEO,5,0,False
12377,0,266000.0,Bachelor,F,7,53390,sales,reaches_CEO,5,0,False
54315,1,259000.0,Master,M,6,78493,sales,reaches_CEO,4,13,True
76432,0,376000.0,Bachelor,F,1,159838,marketing,reaches_CEO,5,0,False
104960,0,224000.0,Master,M,2,115856,sales,reaches_CEO,5,0,False
10773,0,261000.0,PhD,M,8,113589,engineering,reaches_CEO,4,12,True
24784,0,99000.0,Master,M,5,194904,HR,reaches_CEO,5,0,False
157952,0,106000.0,Master,F,1,22977,HR,reaches_CEO,5,0,False
171037,1,328000.0,PhD,M,5,12877,engineering,reaches_CEO,5,0,False
6734,1,289000.0,PhD,F,1,116180,engineering,reaches_CEO,5,0,False
149245,0,91000.0,Master,M,14,91869,marketing,reaches_CEO,4,14,True
153383,0,266000.0,High_School,M,8,177805,marketing,reaches_CEO,5,0,False
70675,0,272000.0,Master,F,2,125755,marketing,reaches_CEO,5,0,False
193097,0,101000.0,Bachelor,F,5,4110,sales,reaches_CEO,5,0,False
172170,0,223000.0,Master,M,4,76641,engineering,reaches_CEO,5,0,False
72165,1,206000.0,Bachelor,M,5,7212,marketing,reaches_CEO,5,0,False
125775,0,231000.0,Bachelor,M,8,91869,marketing,reaches_CEO,4,8,True
183797,0,169000.0,Bachelor,M,3,135848,marketing,reaches_CEO,5,0,False
191399,0,150000.0,Master,F,7,14470,sales,reaches_CEO,5,0,False
129287,0,62000.0,High_School,M,14,99397,HR,reaches_CEO,4,11,True
95489,0,91000.0,PhD,M,5,43420,sales,reaches_CEO,5,0,False
64190,1,258000.0,Master,F,10,157492,sales,reaches_CEO,4,8,True
146080,0,172000.0,Master,M,4,167877,sales,reaches_CEO,5,0,False
60856,0,217000.0,Master,M,5,8711,marketing,reaches_CEO,5,0,False
99125,0,94000.0,Master,M,3,109254,sales,reaches_CEO,5,0,False
93547,0,158000.0,High_School,M,2,168797,marketing,reaches_CEO,5,0,False
182028,1,354000.0,Bachelor,M,2,184512,engineering,reaches_CEO,4,15,True
160091,1,304000.0,Bachelor,F,3,90237,sales,reaches_CEO,5,0,False
135846,0,254000.0,PhD,M,10,77851,sales,reaches_CEO,4,7,True
53268,0,153000.0,Master,M,4,158888,sales,reaches_CEO,5,0,False
59939,1,71000.0,PhD,M,9,91869,marketing,reaches_CEO,4,10,True
198814,0,389000.0,Bachelor,M,5,181566,marketing,reaches_CEO,4,11,True
157492,0,293000.0,Master,F,10,34280,sales,reaches_CEO,3,10,True
73649,0,261000.0,Master,M,11,167941,sales,reaches_CEO,4,8,True
60036,1,164000.0,PhD,M,6,40904,engineering,reaches_CEO,5,0,False
132192,0,105000.0,Master,M,6,89619,HR,reaches_CEO,4,10,True
97160,0,74000.0,PhD,F,1,8711,marketing,reaches_CEO,5,0,False
138490,0,254000.0,Master,M,4,15277,engineering,reaches_CEO,5,0,False
14299,0,331000.0,Master,M,4,194121,engineering,reaches_CEO,4,13,True
69200,0,246000.0,Master,M,9,79285,sales,reaches_CEO,4,10,True
40973,1,203000.0,High_School,M,2,108164,sales,reaches_CEO,5,0,False
58140,1,215000.0,Bachelor,M,2,4259,engineering,reaches_CEO,5,0,False
2347,1,196000.0,Master,M,1,124014,sales,reaches_CEO,5,0,False
53250,0,62000.0,Bachelor,M,3,150290,HR,reaches_CEO,5,0,False
11698,1,304000.0,High_School,F,1,75242,engineering,reaches_CEO,5,0,False
153560,1,369000.0,Master,M,1,12649,engineering,reaches_CEO,5,0,False
124209,0,113000.0,PhD,M,4,19806,sales,reaches_CEO,5,0,False
110230,0,245000.0,High_School,M,7,1808,engineering,reaches_CEO,5,0,False
175690,1,316000.0,Bachelor,F,2,192369,sales,reaches_CEO,5,0,False
9706,0,62000.0,Master,M,8,78493,sales,reaches_CEO,4,5,True
85984,0,117000.0,Master,F,2,116119,marketing,reaches_CEO,5,0,False
129848,1,163000.0,Bachelor,M,1,132399,sales,reaches_CEO,5,0,False
60194,0,259000.0,PhD,M,4,189222,engineering,reaches_CEO,5,0,False
103177,1,313000.0,Master,M,3,76073,engineering,reaches_CEO,5,0,False
55883,1,219000.0,PhD,M,12,49002,engineering,reaches_CEO,4,16,True
33203,0,170000.0,Master,M,5,144928,sales,reaches_CEO,5,0,False
6736,0,106000.0,Master,F,4,191495,sales,reaches_CEO,5,0,False
199396,1,137000.0,Master,M,2,182116,sales,reaches_CEO,5,0,False
145740,1,220000.0,PhD,M,1,64452,sales,reaches_CEO,5,0,False
95727,0,258000.0,High_School,M,3,119576,engineering,reaches_CEO,5,0,False
85725,0,93000.0,High_School,M,6,42096,sales,reaches_CEO,5,0,False
193824,0,107000.0,Master,F,4,34977,sales,reaches_CEO,5,0,False
158243,0,181000.0,Master,F,6,79807,engineering,reaches_CEO,5,0,False
70685,1,241000.0,PhD,M,2,37220,engineering,reaches_CEO,5,0,False
152271,0,62000.0,Master,M,4,129778,HR,reaches_CEO,5,0,False
89868,0,375000.0,Bachelor,M,1,1872,engineering,reaches_CEO,5,0,False
75189,0,63000.0,PhD,F,3,126515,HR,reaches_CEO,5,0,False
151364,0,148000.0,PhD,M,4,41080,sales,reaches_CEO,5,0,False
133219,0,251000.0,Bachelor,F,3,61038,sales,reaches_CEO,5,0,False
84048,0,217000.0,Master,M,3,73034,engineering,reaches_CEO,5,0,False
12512,1,360000.0,High_School,M,3,59862,engineering,reaches_CEO,5,0,False
130649,0,266000.0,PhD,M,2,111082,sales,reaches_CEO,5,0,False
154891,0,135000.0,Master,F,8,146629,engineering,reaches_CEO,4,12,True
136304,0,186000.0,Bachelor,M,1,145710,engineering,reaches_CEO,5,0,False
9117,1,199000.0,PhD,M,7,141317,sales,reaches_CEO,5,0,False
96940,1,334000.0,PhD,M,3,79934,engineering,reaches_CEO,5,0,False
102797,1,232000.0,PhD,M,1,178314,marketing,reaches_CEO,5,0,False
149485,0,230000.0,Bachelor,M,14,172989,sales,reaches_CEO,4,9,True
165390,0,102000.0,Bachelor,M,6,184236,HR,reaches_CEO,5,0,False
158660,0,200000.0,Master,M,3,198424,marketing,reaches_CEO,5,0,False
34163,0,231000.0,Bachelor,F,11,65451,sales,reaches_CEO,4,7,True
29960,1,266000.0,Bachelor,M,11,118233,marketing,reaches_CEO,4,14,True
48874,0,277000.0,PhD,M,2,178954,engineering,reaches_CEO,5,0,False
162564,0,218000.0,Bachelor,M,1,40904,engineering,reaches_CEO,5,0,False
86951,1,277000.0,Master,M,3,132399,sales,reaches_CEO,5,0,False
177182,0,239000.0,High_School,M,1,47863,engineering,reaches_CEO,5,0,False
29605,0,67000.0,Master,F,4,158888,sales,reaches_CEO,5,0,False
153170,0,177000.0,High_School,M,3,121419,engineering,reaches_CEO,5,0,False
182041,1,170000.0,Bachelor,M,2,119991,engineering,reaches_CEO,5,0,False
168580,0,325000.0,High_School,F,6,101981,sales,reaches_CEO,5,0,False
182828,1,276000.0,Bachelor,F,5,5282,sales,reaches_CEO,5,0,False
70894,1,163000.0,Bachelor,M,2,169231,sales,reaches_CEO,5,0,False
144164,1,393000.0,High_School,M,4,87330,engineering,reaches_CEO,5,0,False
37070,0,238000.0,Master,F,4,193763,engineering,reaches_CEO,5,0,False
182038,1,354000.0,Bachelor,M,7,79285,sales,reaches_CEO,4,12,True
157881,1,177000.0,High_School,F,8,62043,engineering,reaches_CEO,5,0,False
150158,0,297000.0,High_School,M,4,87847,sales,reaches_CEO,5,0,False
69577,1,277000.0,PhD,F,7,105395,engineering,reaches_CEO,5,0,False
62219,1,119000.0,Bachelor,M,1,85426,HR,reaches_CEO,5,0,False
92575,1,140000.0,Bachelor,M,2,14299,engineering,reaches_CEO,5,0,False
49075,0,311000.0,PhD,M,4,173939,marketing,reaches_CEO,5,0,False
76291,1,268000.0,Bachelor,M,6,144928,sales,reaches_CEO,5,0,False
104957,0,263000.0,PhD,M,1,95522,marketing,reaches_CEO,5,0,False
143602,0,185000.0,PhD,F,2,47472,engineering,reaches_CEO,5,0,False
100276,0,227000.0,PhD,M,3,77844,sales,reaches_CEO,5,0,False
68756,0,156000.0,High_School,F,1,101484,engineering,reaches_CEO,5,0,False
119617,1,312000.0,Bachelor,M,1,92845,engineering,reaches_CEO,5,0,False
120904,0,97000.0,High_School,M,4,72965,sales,reaches_CEO,5,0,False
95101,0,167000.0,Master,F,2,136147,sales,reaches_CEO,5,0,False
20000,1,209000.0,Bachelor,M,9,142685,sales,reaches_CEO,5,0,False
155385,1,232000.0,High_School,M,1,154292,engineering,reaches_CEO,5,0,False
174929,0,182000.0,PhD,M,5,102712,sales,reaches_CEO,5,0,False
31943,0,230000.0,Bachelor,F,5,134944,sales,reaches_CEO,5,0,False
17850,1,68000.0,Master,F,6,88007,sales,reaches_CEO,5,0,False
59252,0,394000.0,PhD,M,3,101819,engineering,reaches_CEO,5,0,False
29579,0,72000.0,High_School,F,2,4384,HR,reaches_CEO,5,0,False
109254,0,213000.0,PhD,M,4,191418,sales,reaches_CEO,4,14,True
65097,0,277000.0,Master,F,3,191083,marketing,reaches_CEO,5,0,False
104684,1,282000.0,Master,M,5,75198,marketing,reaches_CEO,5,0,False
166271,1,331000.0,Master,F,3,101484,engineering,reaches_CEO,5,0,False
134671,1,149000.0,High_School,M,10,114472,sales,reaches_CEO,4,11,True
66992,0,264000.0,Master,F,1,149245,marketing,reaches_CEO,5,0,False
97780,1,241000.0,High_School,M,2,167650,engineering,reaches_CEO,5,0,False
119481,1,213000.0,Master,M,8,79693,engineering,reaches_CEO,3,7,True
4345,0,192000.0,High_School,F,4,107547,sales,reaches_CEO,5,0,False
165078,1,178000.0,PhD,F,2,168797,marketing,reaches_CEO,5,0,False
120628,1,85000.0,PhD,M,6,23737,HR,reaches_CEO,5,0,False
92365,0,104000.0,Master,F,3,140838,HR,reaches_CEO,5,0,False
184984,0,257000.0,Master,F,4,25367,marketing,reaches_CEO,5,0,False
53258,1,98000.0,PhD,F,1,132192,HR,reaches_CEO,5,0,False
153047,0,84000.0,Master,F,4,21086,HR,reaches_CEO,5,0,False
35305,0,232000.0,PhD,M,6,90639,marketing,reaches_CEO,5,0,False
61450,0,337000.0,PhD,M,7,95841,engineering,reaches_CEO,5,0,False
96645,0,214000.0,PhD,F,5,116180,engineering,reaches_CEO,5,0,False
184691,1,229000.0,Master,M,1,153412,marketing,reaches_CEO,5,0,False
46471,0,70000.0,Bachelor,F,1,123263,HR,reaches_CEO,5,0,False
176421,0,65000.0,High_School,M,4,110508,engineering,reaches_CEO,5,0,False
62501,0,206000.0,Bachelor,F,8,113245,sales,reaches_CEO,5,0,False
117479,0,341000.0,Master,M,1,84828,engineering,reaches_CEO,5,0,False
151748,1,224000.0,PhD,F,1,81490,sales,reaches_CEO,5,0,False
130585,0,230000.0,PhD,M,6,3235,sales,reaches_CEO,4,5,True
16648,0,71000.0,High_School,F,1,171940,marketing,reaches_CEO,5,0,False
3235,0,277000.0,PhD,M,4,84011,sales,reaches_CEO,3,7,True
22887,0,152000.0,Master,F,10,24015,HR,reaches_CEO,4,13,True
176688,0,91000.0,Master,M,7,17291,sales,reaches_CEO,5,0,False
171489,0,180000.0,High_School,M,2,156010,engineering,reaches_CEO,5,0,False
84669,1,355000.0,Master,M,3,141079,engineering,reaches_CEO,5,0,False
49675,0,394000.0,High_School,M,4,73893,sales,reaches_CEO,5,0,False
186342,0,90000.0,Bachelor,F,1,27718,HR,reaches_CEO,5,0,False
43334,0,317000.0,PhD,F,3,173939,marketing,reaches_CEO,5,0,False
188950,0,110000.0,Bachelor,M,3,87929,sales,reaches_CEO,5,0,False
59650,0,99000.0,Bachelor,F,6,8812,HR,reaches_CEO,5,0,False
196007,1,159000.0,PhD,F,7,55476,marketing,reaches_CEO,5,0,False
20979,0,259000.0,High_School,F,1,70547,marketing,reaches_CEO,5,0,False
64501,1,233000.0,Bachelor,M,3,187183,marketing,reaches_CEO,5,0,False
18283,1,232000.0,High_School,F,6,142850,sales,reaches_CEO,5,0,False
191825,0,127000.0,High_School,M,2,98967,marketing,reaches_CEO,5,0,False
91523,0,155000.0,PhD,M,2,160261,marketing,reaches_CEO,5,0,False
107612,0,96000.0,Master,F,3,63077,sales,reaches_CEO,5,0,False
87221,0,142000.0,PhD,F,3,46957,sales,reaches_CEO,5,0,False
286,0,330000.0,Bachelor,M,3,113189,sales,reaches_CEO,5,0,False
194950,0,255000.0,High_School,M,4,133927,engineering,reaches_CEO,5,0,False
55335,0,82000.0,PhD,F,2,183283,HR,reaches_CEO,5,0,False
153586,0,213000.0,Bachelor,F,2,148646,engineering,reaches_CEO,5,0,False
24103,0,195000.0,Master,F,4,149245,marketing,reaches_CEO,5,0,False
147934,1,79000.0,Bachelor,F,2,43704,HR,reaches_CEO,5,0,False
64557,0,230000.0,High_School,M,3,144219,engineering,reaches_CEO,5,0,False
8593,0,71000.0,Master,M,4,193518,sales,reaches_CEO,5,0,False
111625,0,109000.0,Master,M,4,85791,sales,reaches_CEO,5,0,False
87947,1,102000.0,PhD,M,3,118769,engineering,reaches_CEO,5,0,False
149436,1,281000.0,Bachelor,M,2,114572,marketing,reaches_CEO,5,0,False
190103,0,290000.0,Master,F,2,21470,marketing,reaches_CEO,5,0,False
102763,0,126000.0,Bachelor,F,4,177495,HR,reaches_CEO,5,0,False
108926,1,163000.0,Master,M,3,4421,sales,reaches_CEO,5,0,False
171876,0,176000.0,Bachelor,F,3,133420,sales,reaches_CEO,5,0,False
131612,0,113000.0,Master,M,1,73489,sales,reaches_CEO,5,0,False
164638,1,202000.0,Master,M,2,47755,sales,reaches_CEO,4,7,True
58976,0,264000.0,Master,M,3,48730,marketing,reaches_CEO,5,0,False
187993,0,177000.0,Bachelor,M,1,168951,sales,reaches_CEO,5,0,False
110004,1,371000.0,PhD,M,4,64750,engineering,reaches_CEO,5,0,False
104754,0,68000.0,Master,M,3,71152,HR,reaches_CEO,5,0,False
64708,0,72000.0,Master,F,2,193818,HR,reaches_CEO,5,0,False
65758,1,144000.0,High_School,M,5,34134,sales,reaches_CEO,5,0,False
7966,0,293000.0,Master,M,7,49727,sales,reaches_CEO,4,10,True
66832,0,94000.0,Master,M,2,111082,sales,reaches_CEO,5,0,False
160388,0,150000.0,Master,F,6,19806,sales,reaches_CEO,5,0,False
85815,0,289000.0,Master,F,3,148260,marketing,reaches_CEO,5,0,False
142795,0,262000.0,PhD,F,5,112643,sales,reaches_CEO,5,0,False
140972,0,95000.0,PhD,F,2,151696,HR,reaches_CEO,5,0,False
194252,0,197000.0,PhD,F,3,132283,engineering,reaches_CEO,5,0,False
94326,1,166000.0,Bachelor,M,3,76641,engineering,reaches_CEO,5,0,False
89239,0,383000.0,PhD,M,6,23100,engineering,reaches_CEO,5,0,False
154603,0,152000.0,High_School,M,2,175365,marketing,reaches_CEO,5,0,False
165666,0,128000.0,PhD,M,1,111363,sales,reaches_CEO,5,0,False
154613,0,354000.0,Master,M,1,79735,engineering,reaches_CEO,5,0,False
3531,1,195000.0,Master,M,1,73982,sales,reaches_CEO,5,0,False
17119,0,176000.0,PhD,M,7,165853,engineering,reaches_CEO,5,0,False
153410,0,73000.0,Bachelor,F,2,23737,HR,reaches_CEO,5,0,False
65208,0,267000.0,High_School,F,5,182777,marketing,reaches_CEO,5,0,False
50927,0,313000.0,Master,M,6,68998,marketing,reaches_CEO,5,0,False
156742,0,278000.0,High_School,M,2,81644,engineering,reaches_CEO,5,0,False
190824,0,106000.0,PhD,M,3,88007,sales,reaches_CEO,5,0,False
53510,0,254000.0,PhD,F,1,177166,engineering,reaches_CEO,5,0,False
179459,1,144000.0,Master,M,9,37154,marketing,reaches_CEO,4,5,True
100942,0,153000.0,PhD,F,16,36075,sales,reaches_CEO,3,6,True
25857,1,391000.0,PhD,M,2,122197,engineering,reaches_CEO,5,0,False
109784,0,63000.0,Master,F,4,97422,HR,reaches_CEO,5,0,False
127121,1,147000.0,Master,M,4,113618,marketing,reaches_CEO,5,0,False
60691,0,365000.0,PhD,M,1,113124,sales,reaches_CEO,5,0,False
44381,0,65000.0,PhD,F,7,22887,HR,reaches_CEO,5,0,False
172344,1,281000.0,PhD,M,3,29410,engineering,reaches_CEO,5,0,False
157931,0,298000.0,High_School,M,6,61403,engineering,reaches_CEO,4,11,True
92008,1,207000.0,Master,M,1,45803,sales,reaches_CEO,5,0,False
152562,0,150000.0,Master,M,5,167877,sales,reaches_CEO,5,0,False
170206,1,153000.0,Master,M,1,75198,marketing,reaches_CEO,5,0,False
188292,0,69000.0,High_School,M,1,189148,HR,reaches_CEO,5,0,False
181629,1,270000.0,Master,M,2,144211,engineering,reaches_CEO,5,0,False
7941,0,202000.0,Bachelor,F,3,27704,sales,reaches_CEO,5,0,False
162465,1,145000.0,PhD,F,2,5222,sales,reaches_CEO,5,0,False
180006,0,120000.0,Bachelor,M,6,24681,HR,reaches_CEO,4,12,True
146794,0,296000.0,Master,M,3,77766,marketing,reaches_CEO,5,0,False
161458,0,260000.0,Master,F,1,69200,sales,reaches_CEO,5,0,False
1950,0,101000.0,PhD,F,5,10786,HR,reaches_CEO,5,0,False
194628,0,62000.0,PhD,F,3,119231,HR,reaches_CEO,5,0,False
39346,1,150000.0,Master,M,1,171940,marketing,reaches_CEO,5,0,False
148195,1,122000.0,PhD,M,6,103912,sales,reaches_CEO,5,0,False
165480,0,177000.0,PhD,M,7,187183,marketing,reaches_CEO,5,0,False
189794,0,296000.0,Bachelor,M,1,18627,marketing,reaches_CEO,5,0,False
87607,0,204000.0,High_School,F,4,29960,marketing,reaches_CEO,5,0,False
167639,0,69000.0,Master,F,1,189742,HR,reaches_CEO,5,0,False
143926,0,123000.0,Bachelor,M,2,64750,engineering,reaches_CEO,5,0,False
18366,0,218000.0,Bachelor,M,6,170076,engineering,reaches_CEO,5,0,False
126097,0,139000.0,PhD,M,3,9706,sales,reaches_CEO,5,0,False
24807,0,132000.0,Master,M,1,158777,marketing,reaches_CEO,5,0,False
150515,0,63000.0,PhD,F,5,132192,HR,reaches_CEO,5,0,False
88019,0,302000.0,High_School,F,3,102632,marketing,reaches_CEO,5,0,False
152837,0,353000.0,Bachelor,M,4,19424,engineering,reaches_CEO,5,0,False
110763,1,284000.0,Master,F,6,69379,sales,reaches_CEO,5,0,False
156710,1,194000.0,PhD,M,4,132309,sales,reaches_CEO,5,0,False
192309,0,72000.0,Bachelor,M,2,169833,HR,reaches_CEO,5,0,False
81770,0,238000.0,PhD,M,5,122197,engineering,reaches_CEO,5,0,False
124402,0,275000.0,Bachelor,M,7,118769,engineering,reaches_CEO,5,0,False
145140,1,315000.0,High_School,M,2,67931,engineering,reaches_CEO,5,0,False
140960,1,105000.0,Bachelor,M,1,120381,sales,reaches_CEO,5,0,False
48690,1,299000.0,Bachelor,F,5,92713,sales,reaches_CEO,4,10,True
82466,0,347000.0,High_School,M,4,172889,sales,reaches_CEO,5,0,False
131734,0,78000.0,Master,M,2,1610,engineering,reaches_CEO,5,0,False
29408,0,109000.0,Master,F,3,5889,HR,reaches_CEO,5,0,False
95413,0,160000.0,Master,F,3,197832,marketing,reaches_CEO,5,0,False
87826,1,227000.0,High_School,M,2,198875,engineering,reaches_CEO,5,0,False
115744,1,226000.0,High_School,M,3,126257,engineering,reaches_CEO,5,0,False
129830,0,243000.0,PhD,F,1,159098,engineering,reaches_CEO,5,0,False
55665,1,318000.0,High_School,M,8,57316,sales,reaches_CEO,5,0,False
165554,0,195000.0,High_School,F,2,148795,engineering,reaches_CEO,5,0,False
128748,1,278000.0,Bachelor,F,2,62081,sales,reaches_CEO,5,0,False
41945,0,328000.0,PhD,M,16,84011,sales,reaches_CEO,3,4,True
101075,0,103000.0,Bachelor,F,6,88936,sales,reaches_CEO,5,0,False
143678,1,126000.0,Master,M,6,188118,sales,reaches_CEO,5,0,False
25568,0,312000.0,Bachelor,M,6,87884,engineering,reaches_CEO,5,0,False
148273,0,76000.0,Master,M,3,22887,HR,reaches_CEO,5,0,False
78,1,348000.0,PhD,M,2,168342,engineering,reaches_CEO,5,0,False
131703,0,103000.0,Bachelor,M,7,102026,sales,reaches_CEO,5,0,False
30765,1,108000.0,Bachelor,M,1,19524,marketing,reaches_CEO,5,0,False
54833,0,281000.0,PhD,M,5,140393,engineering,reaches_CEO,5,0,False
63479,0,165000.0,PhD,M,8,103912,sales,reaches_CEO,5,0,False
53390,0,253000.0,Master,M,7,8665,sales,reaches_CEO,4,18,True
193010,1,69000.0,Master,M,2,44056,HR,reaches_CEO,5,0,False
129885,0,175000.0,PhD,M,3,73106,engineering,reaches_CEO,5,0,False
83356,0,125000.0,Master,F,20,84011,sales,reaches_CEO,3,4,True
31899,0,330000.0,High_School,M,4,5875,marketing,reaches_CEO,5,0,False
184968,0,283000.0,PhD,M,2,190249,marketing,reaches_CEO,5,0,False
107223,1,264000.0,Master,F,4,136313,engineering,reaches_CEO,5,0,False
120467,0,75000.0,High_School,F,5,59327,HR,reaches_CEO,5,0,False
102727,0,165000.0,Bachelor,F,7,114137,marketing,reaches_CEO,4,8,True
18476,0,85000.0,PhD,M,5,140542,sales,reaches_CEO,5,0,False
125223,0,226000.0,PhD,M,2,180854,sales,reaches_CEO,5,0,False
151707,0,219000.0,High_School,M,3,199184,sales,reaches_CEO,5,0,False
27815,0,189000.0,PhD,M,4,88936,sales,reaches_CEO,5,0,False
79248,0,235000.0,Master,M,1,81490,sales,reaches_CEO,5,0,False
155570,1,166000.0,PhD,F,3,71532,marketing,reaches_CEO,4,9,True
111020,0,71000.0,Bachelor,M,6,28979,sales,reaches_CEO,5,0,False
40976,1,328000.0,High_School,M,2,77670,sales,reaches_CEO,5,0,False
89605,0,231000.0,High_School,M,1,113578,marketing,reaches_CEO,5,0,False
57938,1,221000.0,Master,M,2,192589,engineering,reaches_CEO,4,13,True
112848,1,283000.0,PhD,M,2,91002,marketing,reaches_CEO,5,0,False
86412,0,231000.0,Bachelor,M,4,146473,marketing,reaches_CEO,5,0,False
21766,1,155000.0,High_School,M,2,70406,marketing,reaches_CEO,5,0,False
6081,0,393000.0,Bachelor,M,4,115591,sales,reaches_CEO,5,0,False
16722,0,218000.0,Bachelor,M,2,74170,sales,reaches_CEO,5,0,False
157742,1,196000.0,Bachelor,F,1,158888,sales,reaches_CEO,5,0,False
121174,0,269000.0,PhD,M,4,180930,sales,reaches_CEO,5,0,False
78494,0,230000.0,Bachelor,M,4,4110,sales,reaches_CEO,5,0,False
18239,1,365000.0,Master,F,1,177166,engineering,reaches_CEO,5,0,False
159566,0,216000.0,Bachelor,M,4,92585,marketing,reaches_CEO,5,0,False
49601,0,233000.0,Bachelor,M,3,134536,engineering,reaches_CEO,5,0,False
20569,0,223000.0,Bachelor,F,4,7212,marketing,reaches_CEO,5,0,False
41815,0,134000.0,High_School,M,2,180924,marketing,reaches_CEO,5,0,False
97430,0,248000.0,Master,M,6,153412,marketing,reaches_CEO,5,0,False
100979,0,84000.0,PhD,M,8,55972,HR,reaches_CEO,5,0,False
72243,0,144000.0,PhD,M,6,162476,engineering,reaches_CEO,3,6,True
180970,0,157000.0,Master,M,1,182028,engineering,reaches_CEO,5,0,False
45994,0,184000.0,PhD,M,3,199282,marketing,reaches_CEO,5,0,False
17211,1,68000.0,Bachelor,M,12,185138,HR,reaches_CEO,4,13,True
81594,0,111000.0,High_School,F,2,182028,engineering,reaches_CEO,5,0,False
167860,0,217000.0,Bachelor,F,3,197832,marketing,reaches_CEO,5,0,False
172182,0,286000.0,Master,F,7,50761,marketing,reaches_CEO,5,0,False
188118,0,194000.0,Bachelor,M,6,114472,sales,reaches_CEO,4,15,True
31320,0,265000.0,PhD,M,3,179929,sales,reaches_CEO,5,0,False
163763,0,83000.0,PhD,F,4,142630,HR,reaches_CEO,5,0,False
2483,0,72000.0,Master,M,1,169849,HR,reaches_CEO,5,0,False
73466,0,175000.0,PhD,M,1,10922,sales,reaches_CEO,5,0,False
61788,0,91000.0,High_School,M,3,69345,sales,reaches_CEO,5,0,False
5889,0,91000.0,High_School,M,5,21604,HR,reaches_CEO,4,13,True
148260,1,286000.0,Master,F,2,89053,marketing,reaches_CEO,4,12,True
29394,0,178000.0,Bachelor,M,5,113566,engineering,reaches_CEO,5,0,False
7993,1,256000.0,Master,F,2,131620,sales,reaches_CEO,5,0,False
163387,1,350000.0,Master,M,2,1651,engineering,reaches_CEO,5,0,False
159286,0,116000.0,Master,M,2,140393,engineering,reaches_CEO,5,0,False
41891,0,169000.0,High_School,F,5,164326,sales,reaches_CEO,5,0,False
117796,0,188000.0,Bachelor,M,2,41175,engineering,reaches_CEO,5,0,False
22546,0,89000.0,Bachelor,F,2,46997,sales,reaches_CEO,5,0,False
188856,0,165000.0,Bachelor,M,3,147106,sales,reaches_CEO,5,0,False
19060,1,187000.0,PhD,M,5,4110,sales,reaches_CEO,5,0,False
162734,0,115000.0,PhD,F,4,155570,marketing,reaches_CEO,5,0,False
7583,0,356000.0,Bachelor,F,2,10773,engineering,reaches_CEO,5,0,False
163606,1,84000.0,Bachelor,M,3,47260,HR,reaches_CEO,5,0,False
63275,1,258000.0,Master,M,4,1610,engineering,reaches_CEO,5,0,False
58027,0,352000.0,PhD,M,3,123387,sales,reaches_CEO,5,0,False
40917,0,226000.0,PhD,M,3,108428,engineering,reaches_CEO,5,0,False
53071,0,267000.0,PhD,M,2,48352,engineering,reaches_CEO,5,0,False
192863,0,71000.0,Bachelor,F,3,150189,HR,reaches_CEO,5,0,False
45791,1,249000.0,PhD,F,4,160169,sales,reaches_CEO,5,0,False
195252,0,173000.0,Master,F,6,192145,sales,reaches_CEO,5,0,False
64162,0,162000.0,PhD,F,3,43420,sales,reaches_CEO,5,0,False
173016,0,246000.0,PhD,F,4,45803,sales,reaches_CEO,5,0,False
83809,1,332000.0,Master,M,2,18312,engineering,reaches_CEO,5,0,False
19073,0,123000.0,High_School,M,4,62043,engineering,reaches_CEO,5,0,False
130161,0,211000.0,High_School,M,3,144976,sales,reaches_CEO,5,0,False
105752,0,305000.0,Master,M,3,59555,marketing,reaches_CEO,5,0,False
136744,0,188000.0,Bachelor,F,1,83032,marketing,reaches_CEO,5,0,False
140462,0,175000.0,Bachelor,F,3,5875,marketing,reaches_CEO,5,0,False
95440,0,329000.0,Master,F,2,48352,engineering,reaches_CEO,5,0,False
165298,1,231000.0,PhD,M,1,149245,marketing,reaches_CEO,5,0,False
44989,0,274000.0,High_School,M,1,154292,engineering,reaches_CEO,5,0,False
19219,0,190000.0,Master,M,3,179929,sales,reaches_CEO,5,0,False
135868,1,236000.0,Master,M,3,134944,sales,reaches_CEO,5,0,False
16781,0,133000.0,Master,M,9,134728,marketing,reaches_CEO,5,0,False
161548,1,105000.0,High_School,M,1,78516,sales,reaches_CEO,5,0,False
134060,0,94000.0,Master,M,2,102043,marketing,reaches_CEO,5,0,False
81180,0,200000.0,Master,M,4,19806,sales,reaches_CEO,5,0,False
181350,0,177000.0,Master,F,2,22090,marketing,reaches_CEO,5,0,False
114186,1,338000.0,Bachelor,M,2,98931,marketing,reaches_CEO,5,0,False
167237,1,176000.0,Master,F,3,84828,engineering,reaches_CEO,5,0,False
188846,0,283000.0,Master,M,1,129626,marketing,reaches_CEO,5,0,False
162107,0,169000.0,Bachelor,F,3,54808,sales,reaches_CEO,5,0,False
59956,0,80000.0,Master,F,4,53856,HR,reaches_CEO,5,0,False
100107,0,72000.0,Master,M,7,166928,engineering,reaches_CEO,5,0,False
20957,0,67000.0,PhD,F,4,14226,HR,reaches_CEO,5,0,False
47423,0,337000.0,PhD,M,1,161132,marketing,reaches_CEO,5,0,False
132283,1,123000.0,PhD,M,11,49002,engineering,reaches_CEO,4,16,True
26757,0,273000.0,Master,M,14,23830,marketing,reaches_CEO,4,9,True
58608,0,68000.0,Bachelor,F,7,199950,HR,reaches_CEO,5,0,False
77365,1,195000.0,PhD,M,5,89523,sales,reaches_CEO,5,0,False
100287,0,84000.0,Bachelor,F,9,22887,HR,reaches_CEO,5,0,False
18815,1,263000.0,Master,F,5,5374,sales,reaches_CEO,5,0,False
128473,1,122000.0,PhD,F,1,135846,sales,reaches_CEO,5,0,False
147106,0,142000.0,PhD,M,3,164851,sales,reaches_CEO,4,11,True
190367,0,147000.0,Bachelor,M,6,129734,engineering,reaches_CEO,5,0,False
81810,0,141000.0,High_School,M,5,7212,marketing,reaches_CEO,5,0,False
122601,0,323000.0,Bachelor,F,6,107493,engineering,reaches_CEO,5,0,False
34540,0,140000.0,Bachelor,M,4,168905,engineering,reaches_CEO,5,0,False
183040,0,209000.0,High_School,M,6,111082,sales,reaches_CEO,5,0,False
67800,0,359000.0,PhD,M,1,161727,engineering,reaches_CEO,5,0,False
131516,1,280000.0,High_School,M,2,85791,sales,reaches_CEO,5,0,False
116915,0,104000.0,Bachelor,F,1,77670,sales,reaches_CEO,5,0,False
28833,0,159000.0,PhD,F,3,55481,engineering,reaches_CEO,5,0,False
198875,0,75000.0,PhD,M,9,87379,engineering,reaches_CEO,4,13,True
56219,1,265000.0,PhD,M,6,61038,sales,reaches_CEO,5,0,False
147498,0,88000.0,PhD,M,3,85426,HR,reaches_CEO,5,0,False
179482,1,62000.0,PhD,F,1,24287,HR,reaches_CEO,5,0,False
61849,0,116000.0,High_School,M,1,160511,marketing,reaches_CEO,5,0,False
12197,1,210000.0,High_School,M,4,170922,sales,reaches_CEO,5,0,False
88667,0,210000.0,High_School,M,4,7349,marketing,reaches_CEO,5,0,False
122286,1,193000.0,Master,F,4,175434,sales,reaches_CEO,5,0,False
79705,1,387000.0,PhD,M,1,181772,sales,reaches_CEO,5,0,False
135532,0,229000.0,Master,M,4,154891,engineering,reaches_CEO,5,0,False
15326,0,190000.0,PhD,M,1,150300,marketing,reaches_CEO,5,0,False
92094,1,129000.0,Bachelor,M,2,191485,sales,reaches_CEO,5,0,False
102381,0,117000.0,PhD,M,1,132026,marketing,reaches_CEO,5,0,False
190143,0,222000.0,Master,F,2,95169,sales,reaches_CEO,5,0,False
192639,1,127000.0,Bachelor,M,5,157064,marketing,reaches_CEO,5,0,False
164806,0,301000.0,PhD,M,1,79237,marketing,reaches_CEO,5,0,False
20060,1,215000.0,Master,M,5,159098,engineering,reaches_CEO,5,0,False
156449,0,60000.0,Master,M,1,71987,HR,reaches_CEO,5,0,False
180442,0,66000.0,Master,F,5,172947,marketing,reaches_CEO,5,0,False
130279,0,74000.0,Master,F,5,132192,HR,reaches_CEO,5,0,False
78723,0,191000.0,Master,M,4,138432,sales,reaches_CEO,5,0,False
104582,0,175000.0,PhD,M,4,143317,sales,reaches_CEO,5,0,False
191693,0,135000.0,PhD,M,3,22090,marketing,reaches_CEO,5,0,False
196444,0,164000.0,Master,M,3,133927,engineering,reaches_CEO,5,0,False
175841,0,310000.0,Bachelor,M,1,170076,engineering,reaches_CEO,5,0,False
62205,0,66000.0,Master,F,5,197896,HR,reaches_CEO,5,0,False
117092,0,222000.0,Master,M,5,170076,engineering,reaches_CEO,5,0,False
183561,0,180000.0,Bachelor,F,4,30488,marketing,reaches_CEO,5,0,False
8507,0,247000.0,Bachelor,M,1,157064,marketing,reaches_CEO,5,0,False
78762,0,221000.0,Bachelor,M,3,198424,marketing,reaches_CEO,5,0,False
172618,1,226000.0,High_School,M,6,94507,engineering,reaches_CEO,5,0,False
35816,0,177000.0,High_School,M,3,154703,engineering,reaches_CEO,5,0,False
4259,0,341000.0,Master,M,3,193330,engineering,reaches_CEO,4,8,True
187211,0,76000.0,PhD,F,2,140838,HR,reaches_CEO,5,0,False
113087,0,219000.0,PhD,M,4,102712,sales,reaches_CEO,5,0,False
90274,0,172000.0,Master,M,2,51293,sales,reaches_CEO,5,0,False
116425,0,101000.0,High_School,M,5,169833,HR,reaches_CEO,5,0,False
81143,1,114000.0,Bachelor,M,2,71757,marketing,reaches_CEO,5,0,False
109611,0,224000.0,PhD,M,5,161727,engineering,reaches_CEO,5,0,False
184921,0,74000.0,PhD,M,2,191454,marketing,reaches_CEO,5,0,False
106322,0,158000.0,Bachelor,M,1,41721,marketing,reaches_CEO,5,0,False
55414,1,125000.0,Master,M,5,87884,engineering,reaches_CEO,5,0,False
117583,1,331000.0,PhD,M,6,95841,engineering,reaches_CEO,5,0,False
119156,0,183000.0,PhD,M,1,182777,marketing,reaches_CEO,5,0,False
29829,1,133000.0,Master,M,2,9239,sales,reaches_CEO,5,0,False
86253,1,63000.0,PhD,F,4,193818,HR,reaches_CEO,5,0,False
22367,0,303000.0,Bachelor,F,2,48912,engineering,reaches_CEO,5,0,False
83872,1,290000.0,Master,F,3,148865,sales,reaches_CEO,5,0,False
73839,1,245000.0,Bachelor,M,4,136861,sales,reaches_CEO,5,0,False
2325,0,330000.0,PhD,M,1,73034,engineering,reaches_CEO,5,0,False
23192,0,120000.0,PhD,F,4,31063,HR,reaches_CEO,5,0,False
138363,1,182000.0,High_School,M,1,190060,sales,reaches_CEO,5,0,False
96141,0,375000.0,Master,M,4,54997,sales,reaches_CEO,5,0,False
10971,0,140000.0,Bachelor,F,4,98419,marketing,reaches_CEO,5,0,False
15741,0,74000.0,PhD,F,1,9400,HR,reaches_CEO,5,0,False
39646,0,162000.0,Master,M,5,73106,engineering,reaches_CEO,5,0,False
165761,0,218000.0,PhD,M,2,14241,marketing,reaches_CEO,5,0,False
23854,0,224000.0,Master,M,2,182531,sales,reaches_CEO,5,0,False
120816,0,241000.0,Bachelor,M,1,55883,engineering,reaches_CEO,5,0,False
170238,1,291000.0,Bachelor,M,1,75246,engineering,reaches_CEO,5,0,False
123299,0,250000.0,Master,F,7,198531,sales,reaches_CEO,5,0,False
105698,0,91000.0,High_School,M,2,172948,HR,reaches_CEO,5,0,False
91869,0,387000.0,PhD,M,15,40920,marketing,reaches_CEO,3,9,True
72711,0,235000.0,Master,M,1,198240,sales,reaches_CEO,5,0,False
175366,0,190000.0,Master,M,8,8663,sales,reaches_CEO,5,0,False
108016,1,83000.0,Master,F,2,16445,HR,reaches_CEO,5,0,False
3497,0,235000.0,PhD,M,6,140542,sales,reaches_CEO,5,0,False
88767,1,265000.0,Master,M,5,8198,engineering,reaches_CEO,5,0,False
46800,1,106000.0,PhD,M,3,59939,marketing,reaches_CEO,5,0,False
125153,1,302000.0,PhD,M,1,90,engineering,reaches_CEO,5,0,False
197272,1,114000.0,Bachelor,M,5,198778,engineering,reaches_CEO,5,0,False
26945,0,334000.0,PhD,M,1,170076,engineering,reaches_CEO,5,0,False
78412,0,267000.0,Bachelor,M,4,178954,engineering,reaches_CEO,5,0,False
36983,0,262000.0,Master,M,5,170076,engineering,reaches_CEO,5,0,False
121233,0,289000.0,High_School,F,21,176424,marketing,reaches_CEO,3,4,True
140343,0,167000.0,Master,M,1,4110,sales,reaches_CEO,5,0,False
141073,0,117000.0,Bachelor,F,3,129287,HR,reaches_CEO,5,0,False
11121,0,311000.0,Bachelor,M,1,114572,marketing,reaches_CEO,5,0,False
188300,0,150000.0,Bachelor,M,1,105542,marketing,reaches_CEO,5,0,False
8505,1,183000.0,PhD,M,7,109671,marketing,reaches_CEO,5,0,False
160775,0,138000.0,Master,F,5,69345,sales,reaches_CEO,5,0,False
36630,0,121000.0,Bachelor,M,9,26757,marketing,reaches_CEO,5,0,False
59470,1,255000.0,Master,M,2,8663,sales,reaches_CEO,5,0,False
118078,0,82000.0,High_School,M,4,52319,sales,reaches_CEO,5,0,False
39248,0,67000.0,Master,F,2,11507,HR,reaches_CEO,5,0,False
143359,0,133000.0,Bachelor,M,1,175434,sales,reaches_CEO,5,0,False
41286,0,282000.0,Bachelor,M,5,144211,engineering,reaches_CEO,5,0,False
66873,1,265000.0,PhD,M,6,8198,engineering,reaches_CEO,5,0,False
3732,0,105000.0,Bachelor,F,2,169833,HR,reaches_CEO,5,0,False
84050,0,149000.0,Bachelor,M,6,73846,sales,reaches_CEO,5,0,False
139938,1,213000.0,Master,M,2,779,marketing,reaches_CEO,5,0,False
47570,0,96000.0,Bachelor,F,4,71757,marketing,reaches_CEO,5,0,False
148126,0,66000.0,Master,M,1,104539,HR,reaches_CEO,5,0,False
165201,0,286000.0,Master,M,6,29547,engineering,reaches_CEO,5,0,False
196516,0,77000.0,Master,M,4,66420,HR,reaches_CEO,5,0,False
62879,0,235000.0,Master,F,2,191495,sales,reaches_CEO,5,0,False
155850,1,229000.0,High_School,M,5,65883,marketing,reaches_CEO,5,0,False
124324,0,229000.0,PhD,M,2,181421,sales,reaches_CEO,5,0,False
61499,0,192000.0,Master,M,1,48877,marketing,reaches_CEO,5,0,False
110550,0,299000.0,Master,F,3,95841,engineering,reaches_CEO,5,0,False
151549,0,66000.0,Master,M,9,135848,marketing,reaches_CEO,5,0,False
199294,0,187000.0,PhD,F,6,192132,marketing,reaches_CEO,5,0,False
196223,1,199000.0,PhD,F,5,171499,engineering,reaches_CEO,5,0,False
39397,1,237000.0,Bachelor,M,2,27704,sales,reaches_CEO,5,0,False
22262,0,343000.0,Master,M,6,157064,marketing,reaches_CEO,5,0,False
148572,0,360000.0,High_School,M,2,134671,sales,reaches_CEO,5,0,False
50180,0,154000.0,Bachelor,M,2,191351,marketing,reaches_CEO,5,0,False
183869,0,396000.0,Bachelor,M,4,185673,engineering,reaches_CEO,3,10,True
33474,0,88000.0,Master,F,3,81421,HR,reaches_CEO,5,0,False
97136,1,78000.0,Master,F,4,134658,sales,reaches_CEO,5,0,False
44612,1,88000.0,Master,F,2,47748,HR,reaches_CEO,5,0,False
142244,0,72000.0,High_School,M,6,183283,HR,reaches_CEO,5,0,False
191736,0,87000.0,PhD,M,4,85426,HR,reaches_CEO,5,0,False
112312,0,214000.0,PhD,M,1,102684,sales,reaches_CEO,5,0,False
22855,0,144000.0,High_School,F,4,167877,sales,reaches_CEO,5,0,False
87707,0,150000.0,Bachelor,M,9,32248,sales,reaches_CEO,4,10,True
68656,0,133000.0,PhD,M,1,175365,marketing,reaches_CEO,5,0,False
98328,1,107000.0,Bachelor,M,3,143050,marketing,reaches_CEO,5,0,False
33671,0,64000.0,High_School,M,4,191073,sales,reaches_CEO,5,0,False
196896,0,174000.0,PhD,F,1,91124,sales,reaches_CEO,5,0,False
63785,0,373000.0,PhD,F,5,49002,engineering,reaches_CEO,4,11,True
74952,0,156000.0,PhD,F,4,77844,sales,reaches_CEO,5,0,False
41186,0,89000.0,Master,M,5,47748,HR,reaches_CEO,5,0,False
175880,0,190000.0,PhD,F,3,190249,marketing,reaches_CEO,5,0,False
31832,0,222000.0,Master,M,4,174122,engineering,reaches_CEO,5,0,False
38995,0,300000.0,Bachelor,M,1,84828,engineering,reaches_CEO,5,0,False
58972,0,115000.0,Bachelor,M,2,7095,HR,reaches_CEO,5,0,False
113746,1,143000.0,PhD,M,4,90834,sales,reaches_CEO,5,0,False
80108,0,252000.0,Bachelor,M,4,95609,sales,reaches_CEO,5,0,False
184021,1,277000.0,Bachelor,F,4,75198,marketing,reaches_CEO,5,0,False
107282,0,77000.0,PhD,F,2,53677,HR,reaches_CEO,5,0,False
77783,0,126000.0,PhD,F,1,64087,HR,reaches_CEO,5,0,False
177184,0,267000.0,Bachelor,F,1,169271,marketing,reaches_CEO,5,0,False
169662,1,180000.0,Master,M,6,181996,engineering,reaches_CEO,5,0,False
160044,1,387000.0,PhD,M,4,148865,sales,reaches_CEO,5,0,False
84805,0,191000.0,PhD,F,1,90639,marketing,reaches_CEO,5,0,False
157303,0,132000.0,High_School,M,6,56451,sales,reaches_CEO,5,0,False
52383,0,220000.0,High_School,F,1,78874,sales,reaches_CEO,5,0,False
163550,0,215000.0,High_School,M,1,165853,engineering,reaches_CEO,5,0,False
136948,1,213000.0,Master,F,4,147642,sales,reaches_CEO,5,0,False
174723,0,202000.0,Bachelor,F,1,90639,marketing,reaches_CEO,5,0,False
72775,0,97000.0,PhD,M,3,197896,HR,reaches_CEO,5,0,False
22716,0,278000.0,Master,M,3,134536,engineering,reaches_CEO,5,0,False
153404,1,123000.0,Master,F,6,51121,HR,reaches_CEO,5,0,False
12168,0,170000.0,Master,M,3,181886,sales,reaches_CEO,5,0,False
54203,1,358000.0,Master,M,1,39417,engineering,reaches_CEO,5,0,False
181266,1,84000.0,Master,F,5,169833,HR,reaches_CEO,5,0,False
170830,0,74000.0,Master,F,1,118506,HR,reaches_CEO,5,0,False
165293,1,200000.0,Bachelor,M,2,123358,sales,reaches_CEO,5,0,False
35057,0,298000.0,Bachelor,M,6,149135,engineering,reaches_CEO,5,0,False
1216,0,238000.0,Bachelor,F,4,130585,sales,reaches_CEO,5,0,False
40920,0,369000.0,Master,M,24,110464,marketing,reaches_CEO,2,4,True
186283,1,366000.0,High_School,M,3,132307,engineering,reaches_CEO,4,13,True
54760,0,89000.0,High_School,F,1,164501,HR,reaches_CEO,5,0,False
60003,0,76000.0,Bachelor,F,7,33665,HR,reaches_CEO,5,0,False
99722,0,267000.0,PhD,M,2,150722,marketing,reaches_CEO,5,0,False
112323,1,291000.0,PhD,M,4,69463,marketing,reaches_CEO,5,0,False
133745,0,166000.0,Master,M,3,191649,sales,reaches_CEO,5,0,False
84045,0,360000.0,Bachelor,F,6,148984,sales,reaches_CEO,5,0,False
191514,1,91000.0,High_School,M,2,112302,engineering,reaches_CEO,5,0,False
87500,0,76000.0,Bachelor,M,2,123358,sales,reaches_CEO,5,0,False
911,1,323000.0,High_School,M,3,25934,engineering,reaches_CEO,5,0,False
5250,0,88000.0,PhD,F,3,754,HR,reaches_CEO,5,0,False
193369,1,125000.0,PhD,M,1,144928,sales,reaches_CEO,5,0,False
69737,1,259000.0,Bachelor,F,4,144976,sales,reaches_CEO,5,0,False
186127,1,277000.0,Bachelor,M,1,120638,engineering,reaches_CEO,5,0,False
138483,1,204000.0,Bachelor,M,3,164547,sales,reaches_CEO,5,0,False
23531,0,118000.0,Master,F,1,51293,sales,reaches_CEO,5,0,False
140092,1,360000.0,Master,M,2,176415,engineering,reaches_CEO,5,0,False
120945,0,216000.0,Master,F,7,79237,marketing,reaches_CEO,5,0,False
133858,0,103000.0,PhD,M,2,184512,engineering,reaches_CEO,4,3,True
171810,0,267000.0,High_School,M,5,141079,engineering,reaches_CEO,5,0,False
190578,0,80000.0,Master,M,2,4384,HR,reaches_CEO,5,0,False
80462,0,290000.0,PhD,M,2,165668,engineering,reaches_CEO,5,0,False
37730,0,154000.0,High_School,M,1,165717,sales,reaches_CEO,5,0,False
100584,1,309000.0,High_School,M,5,198875,engineering,reaches_CEO,5,0,False
191305,0,296000.0,Master,M,5,7255,engineering,reaches_CEO,5,0,False
98402,0,80000.0,PhD,F,3,97422,HR,reaches_CEO,5,0,False
159730,0,287000.0,Bachelor,F,5,76073,engineering,reaches_CEO,5,0,False
183316,1,139000.0,Bachelor,F,4,174800,marketing,reaches_CEO,5,0,False
90901,1,135000.0,Master,M,7,137369,sales,reaches_CEO,5,0,False
37921,1,164000.0,Bachelor,M,3,102043,marketing,reaches_CEO,5,0,False
123785,0,69000.0,Master,F,1,32572,marketing,reaches_CEO,5,0,False
61966,0,218000.0,Bachelor,M,1,169271,marketing,reaches_CEO,5,0,False
45473,0,289000.0,Master,F,4,168951,sales,reaches_CEO,5,0,False
168620,0,207000.0,Bachelor,M,4,80128,sales,reaches_CEO,5,0,False
20891,1,282000.0,Master,M,3,73034,engineering,reaches_CEO,5,0,False
148007,0,61000.0,Master,M,6,168942,HR,reaches_CEO,5,0,False
11732,0,379000.0,Bachelor,M,1,146404,marketing,reaches_CEO,5,0,False
66692,0,154000.0,PhD,M,5,66090,sales,reaches_CEO,4,5,True
98210,0,61000.0,PhD,F,3,27718,HR,reaches_CEO,5,0,False
152732,0,228000.0,Bachelor,F,3,123387,sales,reaches_CEO,5,0,False
47686,0,125000.0,Bachelor,F,5,186086,engineering,reaches_CEO,5,0,False
131562,1,167000.0,Bachelor,F,4,94030,sales,reaches_CEO,5,0,False
74649,1,81000.0,Master,M,2,189890,engineering,reaches_CEO,5,0,False
70771,0,61000.0,Master,M,2,196490,HR,reaches_CEO,5,0,False
87786,1,212000.0,PhD,M,8,4394,marketing,reaches_CEO,5,0,False
87847,1,84000.0,PhD,M,5,91117,sales,reaches_CEO,4,10,True
95279,0,286000.0,High_School,M,5,196058,marketing,reaches_CEO,5,0,False
168159,1,173000.0,Master,F,3,162035,sales,reaches_CEO,5,0,False
180475,1,333000.0,PhD,M,4,133927,engineering,reaches_CEO,5,0,False
121833,0,99000.0,Master,F,5,51121,HR,reaches_CEO,5,0,False
36528,0,86000.0,Bachelor,M,4,132026,marketing,reaches_CEO,5,0,False
169711,0,279000.0,Bachelor,M,3,169231,sales,reaches_CEO,5,0,False
100930,0,212000.0,Master,M,2,81860,engineering,reaches_CEO,5,0,False
144480,0,283000.0,Master,M,3,23120,marketing,reaches_CEO,5,0,False
183475,0,224000.0,High_School,M,3,113566,engineering,reaches_CEO,5,0,False
145461,1,115000.0,Master,F,2,154891,engineering,reaches_CEO,5,0,False
165266,0,89000.0,Bachelor,M,5,185285,HR,reaches_CEO,5,0,False
151958,0,90000.0,Master,F,6,64858,HR,reaches_CEO,5,0,False
114821,0,353000.0,Bachelor,M,2,148236,sales,reaches_CEO,5,0,False
33336,0,213000.0,High_School,M,3,45803,sales,reaches_CEO,5,0,False
192962,1,344000.0,PhD,M,3,81111,engineering,reaches_CEO,5,0,False
168312,1,277000.0,Bachelor,M,3,16785,engineering,reaches_CEO,5,0,False
143664,0,271000.0,High_School,F,2,190065,marketing,reaches_CEO,5,0,False
169959,0,185000.0,High_School,M,1,76641,engineering,reaches_CEO,5,0,False
23677,0,284000.0,PhD,M,2,26505,marketing,reaches_CEO,5,0,False
45535,1,262000.0,High_School,F,2,41335,engineering,reaches_CEO,5,0,False
119231,0,106000.0,PhD,F,10,165426,HR,reaches_CEO,4,10,True
190595,0,90000.0,PhD,M,3,97422,HR,reaches_CEO,5,0,False
64862,0,91000.0,Bachelor,M,1,112245,sales,reaches_CEO,5,0,False
162450,0,61000.0,Bachelor,M,7,53826,HR,reaches_CEO,5,0,False
123427,0,223000.0,High_School,M,2,8663,sales,reaches_CEO,5,0,False
20533,0,191000.0,High_School,M,1,194078,marketing,reaches_CEO,5,0,False
153255,1,365000.0,PhD,F,7,134536,engineering,reaches_CEO,5,0,False
124290,0,308000.0,High_School,M,4,30749,engineering,reaches_CEO,5,0,False
46479,0,187000.0,PhD,F,6,157931,engineering,reaches_CEO,5,0,False
52567,0,192000.0,Bachelor,F,1,160511,marketing,reaches_CEO,5,0,False
64802,1,157000.0,PhD,F,2,779,marketing,reaches_CEO,5,0,False
198978,0,236000.0,Master,F,3,79735,engineering,reaches_CEO,5,0,False
10289,1,190000.0,Bachelor,M,1,140061,sales,reaches_CEO,5,0,False
63387,0,256000.0,High_School,M,2,170922,sales,reaches_CEO,5,0,False
195165,0,178000.0,PhD,F,8,113589,engineering,reaches_CEO,4,13,True
116119,0,302000.0,PhD,F,13,125912,marketing,reaches_CEO,4,9,True
106595,0,92000.0,PhD,M,3,90237,sales,reaches_CEO,5,0,False
104735,0,343000.0,Bachelor,M,7,131525,sales,reaches_CEO,5,0,False
158777,0,76000.0,Bachelor,F,9,71532,marketing,reaches_CEO,4,18,True
141381,0,116000.0,Bachelor,M,3,51121,HR,reaches_CEO,5,0,False
126117,1,318000.0,Master,M,3,68532,engineering,reaches_CEO,5,0,False
164081,0,141000.0,Master,M,6,132360,sales,reaches_CEO,5,0,False
52124,1,302000.0,Bachelor,M,9,11275,marketing,reaches_CEO,5,0,False
86494,0,77000.0,PhD,M,3,112302,engineering,reaches_CEO,5,0,False
60413,1,309000.0,High_School,M,6,91002,marketing,reaches_CEO,5,0,False
139877,0,326000.0,Master,M,5,123358,sales,reaches_CEO,5,0,False
65292,1,68000.0,High_School,M,4,189890,engineering,reaches_CEO,5,0,False
171251,1,93000.0,Bachelor,M,2,94447,HR,reaches_CEO,5,0,False
91117,0,248000.0,Master,M,17,34051,sales,reaches_CEO,3,4,True
127834,0,93000.0,Bachelor,F,4,80043,HR,reaches_CEO,5,0,False
86345,0,259000.0,Master,M,4,76641,engineering,reaches_CEO,5,0,False
77091,0,327000.0,Master,M,3,73106,engineering,reaches_CEO,5,0,False
45374,0,214000.0,Bachelor,M,1,7349,marketing,reaches_CEO,5,0,False
21693,0,85000.0,PhD,M,4,46178,engineering,reaches_CEO,5,0,False
146510,0,87000.0,High_School,M,3,179459,marketing,reaches_CEO,5,0,False
60205,0,323000.0,Bachelor,M,5,90065,engineering,reaches_CEO,5,0,False
153732,0,76000.0,PhD,M,1,4384,HR,reaches_CEO,5,0,False
102003,0,63000.0,Master,M,3,129000,marketing,reaches_CEO,5,0,False
151098,0,105000.0,Bachelor,F,2,7095,HR,reaches_CEO,5,0,False
22595,0,179000.0,Master,F,5,144401,sales,reaches_CEO,5,0,False
14563,0,188000.0,Master,F,5,8711,marketing,reaches_CEO,5,0,False
92765,0,278000.0,PhD,M,6,42270,engineering,reaches_CEO,4,10,True
72346,1,82000.0,PhD,M,1,77766,marketing,reaches_CEO,5,0,False
21082,1,116000.0,High_School,F,1,147016,sales,reaches_CEO,5,0,False
52586,0,259000.0,PhD,M,1,196058,marketing,reaches_CEO,5,0,False
49784,1,217000.0,High_School,M,2,187053,engineering,reaches_CEO,5,0,False
87929,0,99000.0,Bachelor,M,13,2308,sales,reaches_CEO,4,20,True
123129,0,159000.0,Bachelor,M,2,127266,marketing,reaches_CEO,5,0,False
112786,1,168000.0,High_School,M,4,153412,marketing,reaches_CEO,5,0,False
14470,0,69000.0,High_School,M,11,191418,sales,reaches_CEO,4,12,True
162063,1,90000.0,Bachelor,M,1,159098,engineering,reaches_CEO,5,0,False
43011,1,122000.0,Bachelor,M,1,8856,marketing,reaches_CEO,5,0,False
65305,0,306000.0,Bachelor,M,5,132187,engineering,reaches_CEO,5,0,False
59766,0,85000.0,PhD,M,1,64087,HR,reaches_CEO,5,0,False
107838,1,316000.0,Bachelor,F,3,99139,sales,reaches_CEO,5,0,False
36890,1,238000.0,High_School,F,7,128966,sales,reaches_CEO,5,0,False
153655,0,81000.0,PhD,F,9,184236,HR,reaches_CEO,5,0,False
111054,1,223000.0,PhD,M,3,112302,engineering,reaches_CEO,5,0,False
125860,1,108000.0,Master,M,3,182116,sales,reaches_CEO,5,0,False
188492,0,330000.0,Master,M,1,127275,engineering,reaches_CEO,5,0,False
7323,0,217000.0,Master,F,1,67151,engineering,reaches_CEO,5,0,False
64025,0,364000.0,High_School,M,2,62043,engineering,reaches_CEO,5,0,False
76239,0,242000.0,Master,F,3,150408,engineering,reaches_CEO,5,0,False
160856,1,262000.0,Master,M,5,94030,sales,reaches_CEO,5,0,False
28037,1,274000.0,Master,F,2,132683,engineering,reaches_CEO,5,0,False
135101,0,241000.0,High_School,M,1,91002,marketing,reaches_CEO,5,0,False
74097,0,258000.0,Bachelor,M,1,9239,sales,reaches_CEO,5,0,False
151279,0,198000.0,PhD,M,3,132026,marketing,reaches_CEO,5,0,False
129000,0,295000.0,Master,F,14,6027,marketing,reaches_CEO,4,8,True
154231,0,313000.0,Bachelor,M,2,115349,sales,reaches_CEO,5,0,False
196660,0,238000.0,High_School,M,14,94454,sales,reaches_CEO,4,10,True
125056,0,220000.0,Master,M,2,7212,marketing,reaches_CEO,5,0,False
56188,0,89000.0,Bachelor,F,6,102632,marketing,reaches_CEO,5,0,False
80728,1,231000.0,PhD,M,7,39726,engineering,reaches_CEO,4,9,True
111317,0,105000.0,Bachelor,F,3,125114,HR,reaches_CEO,5,0,False
171536,1,255000.0,PhD,F,2,179569,sales,reaches_CEO,5,0,False
35379,0,203000.0,Bachelor,M,2,187183,marketing,reaches_CEO,5,0,False
189124,1,195000.0,Bachelor,M,1,29410,engineering,reaches_CEO,5,0,False
118769,0,198000.0,Bachelor,F,9,119832,engineering,reaches_CEO,4,14,True
126636,0,75000.0,PhD,M,5,51121,HR,reaches_CEO,5,0,False
43748,0,322000.0,PhD,F,5,128511,engineering,reaches_CEO,5,0,False
43704,1,96000.0,Bachelor,M,2,39785,HR,reaches_CEO,4,8,True
113287,1,193000.0,Master,F,3,137776,engineering,reaches_CEO,5,0,False
34247,0,279000.0,PhD,M,7,78215,sales,reaches_CEO,5,0,False
98372,0,177000.0,Master,M,7,66453,engineering,reaches_CEO,5,0,False
178356,0,286000.0,Bachelor,F,2,103981,marketing,reaches_CEO,5,0,False
102068,0,177000.0,Bachelor,M,5,52796,sales,reaches_CEO,5,0,False
27272,0,275000.0,Bachelor,F,1,59939,marketing,reaches_CEO,5,0,False
132307,0,203000.0,Bachelor,F,11,185673,engineering,reaches_CEO,3,5,True
185578,0,338000.0,Bachelor,F,7,154170,engineering,reaches_CEO,5,0,False
15156,0,156000.0,PhD,F,2,73649,sales,reaches_CEO,5,0,False
85321,0,333000.0,Master,M,5,127769,engineering,reaches_CEO,5,0,False
1205,0,112000.0,Master,M,3,70819,engineering,reaches_CEO,5,0,False
105960,0,61000.0,Bachelor,M,5,172541,HR,reaches_CEO,5,0,False
87733,0,136000.0,Bachelor,M,2,198366,sales,reaches_CEO,4,14,True
24164,0,200000.0,Bachelor,F,3,34977,sales,reaches_CEO,5,0,False
11275,0,119000.0,Master,M,12,87344,marketing,reaches_CEO,4,14,True
112302,0,133000.0,Bachelor,F,10,71595,engineering,reaches_CEO,4,10,True
71424,1,115000.0,Master,M,3,16510,sales,reaches_CEO,5,0,False
70460,0,60000.0,Bachelor,F,3,118506,HR,reaches_CEO,5,0,False
72230,0,277000.0,PhD,M,5,84828,engineering,reaches_CEO,5,0,False
65847,1,170000.0,Master,M,7,43420,sales,reaches_CEO,5,0,False
41970,0,262000.0,Bachelor,M,2,136313,engineering,reaches_CEO,5,0,False
101841,0,171000.0,High_School,F,2,168951,sales,reaches_CEO,5,0,False
151566,0,115000.0,Master,M,2,131620,sales,reaches_CEO,5,0,False
161246,0,89000.0,Master,F,6,139278,HR,reaches_CEO,5,0,False
137031,0,76000.0,Bachelor,M,3,151696,HR,reaches_CEO,5,0,False
134659,1,201000.0,Master,M,3,198403,sales,reaches_CEO,5,0,False
39771,0,309000.0,PhD,M,1,193763,engineering,reaches_CEO,5,0,False
32572,0,129000.0,PhD,F,3,125912,marketing,reaches_CEO,4,10,True
161195,1,169000.0,PhD,M,4,79934,engineering,reaches_CEO,5,0,False
101819,0,384000.0,Master,M,9,87379,engineering,reaches_CEO,4,14,True
40475,1,237000.0,PhD,M,20,56068,sales,reaches_CEO,3,2,True
195709,1,311000.0,PhD,M,3,113618,marketing,reaches_CEO,5,0,False
143620,0,136000.0,High_School,F,4,128966,sales,reaches_CEO,5,0,False
132846,1,111000.0,Bachelor,M,1,103421,engineering,reaches_CEO,5,0,False
173370,0,147000.0,Master,F,1,180854,sales,reaches_CEO,5,0,False
87072,0,101000.0,Bachelor,F,3,43937,HR,reaches_CEO,5,0,False
67187,1,157000.0,High_School,M,3,5743,sales,reaches_CEO,5,0,False
55169,1,315000.0,Bachelor,M,1,71130,engineering,reaches_CEO,5,0,False
15040,0,80000.0,Master,F,1,252,HR,reaches_CEO,5,0,False
71129,1,226000.0,PhD,M,2,191649,sales,reaches_CEO,5,0,False
8113,0,66000.0,PhD,F,2,43937,HR,reaches_CEO,5,0,False
61811,0,305000.0,PhD,F,2,78493,sales,reaches_CEO,4,17,True
58737,1,308000.0,PhD,M,3,84828,engineering,reaches_CEO,5,0,False
72094,0,213000.0,High_School,M,7,79193,sales,reaches_CEO,5,0,False
77364,0,62000.0,PhD,M,2,164501,HR,reaches_CEO,5,0,False
59265,0,320000.0,Master,M,4,184998,sales,reaches_CEO,5,0,False
170204,0,74000.0,PhD,F,1,64087,HR,reaches_CEO,5,0,False
9597,0,160000.0,Master,M,1,98520,marketing,reaches_CEO,5,0,False
51225,0,216000.0,Master,M,6,111974,engineering,reaches_CEO,5,0,False
195578,0,267000.0,PhD,M,7,189222,engineering,reaches_CEO,5,0,False
147005,0,388000.0,Master,M,3,73034,engineering,reaches_CEO,5,0,False
128372,0,303000.0,PhD,M,3,149135,engineering,reaches_CEO,5,0,False
129185,0,63000.0,PhD,M,2,181787,marketing,reaches_CEO,5,0,False
55763,0,195000.0,High_School,M,5,52796,sales,reaches_CEO,5,0,False
62456,0,184000.0,Bachelor,F,3,37124,sales,reaches_CEO,5,0,False
62143,1,78000.0,Master,M,3,102712,sales,reaches_CEO,5,0,False
115402,0,283000.0,Bachelor,M,3,73034,engineering,reaches_CEO,5,0,False
99593,1,117000.0,High_School,F,1,172250,marketing,reaches_CEO,5,0,False
7481,0,85000.0,Bachelor,M,6,64858,HR,reaches_CEO,5,0,False
127586,0,222000.0,High_School,F,3,113245,sales,reaches_CEO,5,0,False
151730,1,316000.0,High_School,M,2,52525,engineering,reaches_CEO,5,0,False
136195,0,288000.0,Master,F,4,190060,sales,reaches_CEO,5,0,False
37375,0,133000.0,High_School,M,4,98520,marketing,reaches_CEO,5,0,False
21942,0,84000.0,Bachelor,F,4,27018,HR,reaches_CEO,5,0,False
74606,0,162000.0,Bachelor,M,3,87929,sales,reaches_CEO,5,0,False
38760,1,230000.0,PhD,M,3,154170,engineering,reaches_CEO,5,0,False
75979,0,246000.0,Master,M,3,19424,engineering,reaches_CEO,5,0,False
163975,1,118000.0,Master,M,4,111974,engineering,reaches_CEO,5,0,False
163651,0,191000.0,Bachelor,M,4,190065,marketing,reaches_CEO,5,0,False
1780,1,134000.0,PhD,F,3,179212,marketing,reaches_CEO,5,0,False
172328,0,105000.0,Bachelor,M,1,64087,HR,reaches_CEO,5,0,False
56667,0,158000.0,High_School,F,2,150408,engineering,reaches_CEO,5,0,False
19210,1,129000.0,PhD,M,3,26183,sales,reaches_CEO,5,0,False
158730,1,63000.0,Bachelor,F,1,88370,HR,reaches_CEO,5,0,False
30874,1,265000.0,Bachelor,M,2,150300,marketing,reaches_CEO,5,0,False
10287,1,388000.0,Bachelor,F,9,55481,engineering,reaches_CEO,5,0,False
163846,0,61000.0,High_School,M,4,181781,HR,reaches_CEO,5,0,False
42880,0,352000.0,Bachelor,M,1,1651,engineering,reaches_CEO,5,0,False
3552,1,82000.0,Master,M,2,160261,marketing,reaches_CEO,5,0,False
179929,1,141000.0,Bachelor,M,11,114472,sales,reaches_CEO,4,10,True
17285,0,192000.0,PhD,M,2,193518,sales,reaches_CEO,5,0,False
192109,0,92000.0,High_School,M,7,102712,sales,reaches_CEO,5,0,False
91002,1,276000.0,High_School,M,11,24489,marketing,reaches_CEO,4,16,True
22993,1,114000.0,High_School,M,1,70819,engineering,reaches_CEO,5,0,False
28623,0,64000.0,Bachelor,F,1,51923,HR,reaches_CEO,5,0,False
73489,0,80000.0,Bachelor,M,5,198366,sales,reaches_CEO,4,11,True
33715,1,242000.0,PhD,F,3,92765,engineering,reaches_CEO,5,0,False
26541,0,231000.0,High_School,F,4,198531,sales,reaches_CEO,5,0,False
138178,0,64000.0,PhD,F,2,9400,HR,reaches_CEO,5,0,False
168797,1,229000.0,PhD,M,6,6027,marketing,reaches_CEO,4,13,True
123202,1,249000.0,High_School,M,5,143317,sales,reaches_CEO,5,0,False
169909,0,97000.0,PhD,M,6,10922,sales,reaches_CEO,5,0,False
59515,1,112000.0,PhD,M,2,63832,marketing,reaches_CEO,5,0,False
20935,0,213000.0,Master,M,3,179569,sales,reaches_CEO,5,0,False
37434,0,205000.0,Master,M,8,171907,sales,reaches_CEO,4,14,True
28135,0,146000.0,Master,M,4,127544,sales,reaches_CEO,5,0,False
46220,1,150000.0,High_School,M,3,61038,sales,reaches_CEO,5,0,False
9987,0,94000.0,PhD,M,1,4394,marketing,reaches_CEO,5,0,False
4500,0,116000.0,Master,F,3,60373,marketing,reaches_CEO,5,0,False
78225,1,183000.0,PhD,F,2,11275,marketing,reaches_CEO,5,0,False
51757,0,67000.0,Master,F,5,127769,engineering,reaches_CEO,5,0,False
84032,1,69000.0,Master,M,4,90834,sales,reaches_CEO,5,0,False
31418,0,363000.0,PhD,M,3,133420,sales,reaches_CEO,5,0,False
148382,0,100000.0,Bachelor,M,7,178797,sales,reaches_CEO,5,0,False
105941,0,194000.0,High_School,M,3,134944,sales,reaches_CEO,5,0,False
178817,0,125000.0,Bachelor,M,2,191649,sales,reaches_CEO,5,0,False
181310,0,194000.0,PhD,M,6,139032,sales,reaches_CEO,3,4,True
60127,0,68000.0,Master,M,1,150189,HR,reaches_CEO,5,0,False
80029,0,347000.0,PhD,F,7,57938,engineering,reaches_CEO,5,0,False
56960,0,232000.0,High_School,F,4,8856,marketing,reaches_CEO,5,0,False
8260,0,247000.0,Bachelor,M,4,84193,marketing,reaches_CEO,5,0,False
70036,1,237000.0,PhD,M,7,175361,sales,reaches_CEO,5,0,False
13175,0,366000.0,High_School,F,1,137776,engineering,reaches_CEO,5,0,False
29656,0,94000.0,Bachelor,M,1,123358,sales,reaches_CEO,5,0,False
85190,0,341000.0,PhD,M,2,136147,sales,reaches_CEO,5,0,False
113474,0,145000.0,PhD,F,3,198648,marketing,reaches_CEO,5,0,False
34068,1,164000.0,High_School,F,1,90639,marketing,reaches_CEO,5,0,False
92409,0,224000.0,PhD,F,3,73846,sales,reaches_CEO,5,0,False
58215,0,322000.0,PhD,M,3,87929,sales,reaches_CEO,5,0,False
59363,1,82000.0,PhD,F,3,94447,HR,reaches_CEO,5,0,False
19085,1,89000.0,PhD,M,6,64087,HR,reaches_CEO,5,0,False
155528,1,104000.0,Master,F,1,192369,sales,reaches_CEO,5,0,False
164637,0,247000.0,Bachelor,M,4,73893,sales,reaches_CEO,5,0,False
59534,0,203000.0,Master,M,5,134048,sales,reaches_CEO,5,0,False
29489,0,77000.0,Master,M,3,11507,HR,reaches_CEO,5,0,False
104934,0,207000.0,Bachelor,M,5,191454,marketing,reaches_CEO,5,0,False
197520,0,207000.0,High_School,M,1,98967,marketing,reaches_CEO,5,0,False
63732,0,181000.0,Master,M,1,64452,sales,reaches_CEO,5,0,False
107396,0,96000.0,Bachelor,F,3,146111,HR,reaches_CEO,5,0,False
146806,0,91000.0,PhD,M,4,189742,HR,reaches_CEO,5,0,False
15795,0,173000.0,Master,M,4,55858,engineering,reaches_CEO,5,0,False
12301,1,197000.0,Master,M,1,192145,sales,reaches_CEO,5,0,False
139907,1,64000.0,High_School,M,4,5889,HR,reaches_CEO,5,0,False
132026,0,121000.0,Master,M,6,167223,marketing,reaches_CEO,4,12,True
58227,1,317000.0,PhD,F,5,158056,engineering,reaches_CEO,5,0,False
77381,1,364000.0,Bachelor,F,2,189222,engineering,reaches_CEO,5,0,False
93646,0,194000.0,Master,M,2,102102,sales,reaches_CEO,5,0,False
53577,0,61000.0,High_School,M,8,12214,sales,reaches_CEO,5,0,False
47472,0,304000.0,Master,M,4,7558,engineering,reaches_CEO,4,13,True
53,1,175000.0,Master,M,6,170076,engineering,reaches_CEO,5,0,False
4472,0,144000.0,Bachelor,M,3,159906,sales,reaches_CEO,5,0,False
25479,0,179000.0,Master,M,2,75242,engineering,reaches_CEO,5,0,False
73468,0,208000.0,High_School,F,6,20901,engineering,reaches_CEO,5,0,False
94773,1,67000.0,Bachelor,F,1,178147,HR,reaches_CEO,5,0,False
163589,0,170000.0,Bachelor,M,2,61811,sales,reaches_CEO,5,0,False
26208,1,121000.0,PhD,M,2,182028,engineering,reaches_CEO,5,0,False
34426,0,233000.0,Bachelor,F,1,166591,sales,reaches_CEO,5,0,False
152986,1,90000.0,PhD,F,2,172321,sales,reaches_CEO,5,0,False
88051,0,235000.0,PhD,M,4,170076,engineering,reaches_CEO,5,0,False
23099,0,199000.0,Bachelor,F,2,85791,sales,reaches_CEO,5,0,False
138798,0,101000.0,Master,F,1,123258,marketing,reaches_CEO,5,0,False
85770,1,333000.0,Bachelor,M,1,182116,sales,reaches_CEO,5,0,False
67248,0,78000.0,Master,F,1,169849,HR,reaches_CEO,5,0,False
193134,1,196000.0,Bachelor,F,2,87733,sales,reaches_CEO,5,0,False
50665,0,204000.0,Master,M,3,71889,HR,reaches_CEO,3,4,True
186963,0,281000.0,PhD,F,5,55476,marketing,reaches_CEO,5,0,False
131788,0,268000.0,High_School,M,3,190778,marketing,reaches_CEO,5,0,False
87891,1,240000.0,PhD,M,4,11275,marketing,reaches_CEO,5,0,False
1832,0,131000.0,Master,M,1,100373,HR,reaches_CEO,5,0,False
171270,1,264000.0,High_School,F,5,138948,marketing,reaches_CEO,5,0,False
120552,0,271000.0,Master,M,1,183045,engineering,reaches_CEO,5,0,False
70042,0,256000.0,Master,M,2,168342,engineering,reaches_CEO,5,0,False
106818,0,355000.0,PhD,F,3,190566,marketing,reaches_CEO,5,0,False
93459,0,83000.0,High_School,F,6,100373,HR,reaches_CEO,5,0,False
127623,1,91000.0,High_School,M,3,72243,engineering,reaches_CEO,4,10,True
85219,0,100000.0,Master,M,4,81421,HR,reaches_CEO,5,0,False
31694,0,158000.0,PhD,M,2,186086,engineering,reaches_CEO,5,0,False
157703,1,250000.0,Master,F,2,5374,sales,reaches_CEO,5,0,False
66172,0,319000.0,Master,M,2,147715,sales,reaches_CEO,5,0,False
3833,1,253000.0,Master,M,3,190778,marketing,reaches_CEO,5,0,False
55374,1,392000.0,Bachelor,M,5,113124,sales,reaches_CEO,5,0,False
96486,0,202000.0,High_School,F,2,20901,engineering,reaches_CEO,5,0,False
5687,0,180000.0,PhD,F,1,34134,sales,reaches_CEO,5,0,False
98500,0,101000.0,Master,M,2,191351,marketing,reaches_CEO,5,0,False
173241,0,272000.0,High_School,F,2,159098,engineering,reaches_CEO,5,0,False
29337,1,399000.0,Bachelor,F,3,15277,engineering,reaches_CEO,5,0,False
7255,1,118000.0,Bachelor,M,4,167482,engineering,reaches_CEO,4,17,True
7106,0,268000.0,Master,F,4,54997,sales,reaches_CEO,5,0,False
74216,0,101000.0,High_School,M,4,197206,marketing,reaches_CEO,5,0,False
154041,0,284000.0,Bachelor,M,15,11277,sales,reaches_CEO,2,4,True
199649,1,200000.0,Bachelor,M,3,92403,sales,reaches_CEO,5,0,False
6536,0,256000.0,PhD,M,4,162889,marketing,reaches_CEO,4,13,True
52714,0,255000.0,Master,M,1,41335,engineering,reaches_CEO,5,0,False
99139,0,230000.0,PhD,M,4,3917,sales,reaches_CEO,4,11,True
134503,0,146000.0,Bachelor,M,5,30749,engineering,reaches_CEO,5,0,False
5086,0,212000.0,Master,F,1,78516,sales,reaches_CEO,5,0,False
41707,0,64000.0,Bachelor,M,2,146111,HR,reaches_CEO,5,0,False
172279,0,108000.0,Master,F,6,102498,HR,reaches_CEO,5,0,False
49594,0,66000.0,Bachelor,M,1,39231,HR,reaches_CEO,5,0,False
181237,0,300000.0,PhD,M,8,179212,marketing,reaches_CEO,5,0,False
46033,0,96000.0,Bachelor,M,1,34977,sales,reaches_CEO,5,0,False
96359,1,96000.0,Master,M,1,142850,sales,reaches_CEO,5,0,False
38165,0,90000.0,PhD,M,8,73254,HR,reaches_CEO,5,0,False
157811,0,146000.0,High_School,M,4,128065,engineering,reaches_CEO,5,0,False
71222,0,353000.0,Master,M,2,87613,engineering,reaches_CEO,5,0,False
137369,1,274000.0,Master,F,3,41945,sales,reaches_CEO,4,10,True
56904,0,207000.0,PhD,M,2,65883,marketing,reaches_CEO,5,0,False
197749,1,87000.0,Bachelor,F,2,191351,marketing,reaches_CEO,5,0,False
71376,0,63000.0,High_School,F,4,71987,HR,reaches_CEO,5,0,False
87280,1,153000.0,High_School,M,3,74264,marketing,reaches_CEO,5,0,False
102043,0,189000.0,Bachelor,F,5,89053,marketing,reaches_CEO,4,12,True
27875,0,183000.0,Master,M,1,94030,sales,reaches_CEO,5,0,False
173485,0,334000.0,Bachelor,M,2,154292,engineering,reaches_CEO,5,0,False
90715,0,199000.0,High_School,F,2,26757,marketing,reaches_CEO,5,0,False
195457,0,212000.0,PhD,F,5,159906,sales,reaches_CEO,5,0,False
145844,1,184000.0,High_School,M,3,5374,sales,reaches_CEO,5,0,False
98147,1,182000.0,PhD,M,1,199282,marketing,reaches_CEO,5,0,False
22458,0,87000.0,High_School,M,3,194904,HR,reaches_CEO,5,0,False
130002,0,360000.0,Bachelor,M,7,119991,engineering,reaches_CEO,5,0,False
395,0,360000.0,PhD,M,1,7255,engineering,reaches_CEO,5,0,False
70424,1,182000.0,PhD,F,7,118329,sales,reaches_CEO,5,0,False
8337,1,173000.0,High_School,F,2,16073,marketing,reaches_CEO,5,0,False
175117,1,219000.0,PhD,M,1,102043,marketing,reaches_CEO,5,0,False
42239,1,245000.0,Bachelor,M,2,103014,engineering,reaches_CEO,5,0,False
184024,0,143000.0,Bachelor,M,2,180924,marketing,reaches_CEO,5,0,False
159618,0,88000.0,Bachelor,M,8,184885,HR,reaches_CEO,5,0,False
150495,0,160000.0,High_School,M,5,59555,marketing,reaches_CEO,5,0,False
35624,0,292000.0,Master,M,2,88936,sales,reaches_CEO,5,0,False
100675,0,124000.0,Bachelor,M,1,8711,marketing,reaches_CEO,5,0,False
50459,1,69000.0,PhD,M,6,30488,marketing,reaches_CEO,5,0,False
839,0,182000.0,Bachelor,F,2,37124,sales,reaches_CEO,5,0,False
90445,1,156000.0,Bachelor,M,3,71115,engineering,reaches_CEO,5,0,False
60675,0,332000.0,PhD,M,5,166928,engineering,reaches_CEO,5,0,False
166121,0,100000.0,PhD,F,3,742,HR,reaches_CEO,5,0,False
108555,1,185000.0,Bachelor,M,9,185976,engineering,reaches_CEO,5,0,False
115641,1,178000.0,PhD,M,4,25805,sales,reaches_CEO,5,0,False
41239,0,129000.0,Bachelor,F,6,29960,marketing,reaches_CEO,5,0,False
197654,1,165000.0,Master,M,1,112302,engineering,reaches_CEO,5,0,False
82858,1,199000.0,Bachelor,M,3,55476,marketing,reaches_CEO,5,0,False
154502,0,220000.0,Master,M,3,141079,engineering,reaches_CEO,5,0,False
120381,1,262000.0,Master,M,6,164851,sales,reaches_CEO,4,6,True
83665,0,120000.0,Bachelor,M,4,175558,engineering,reaches_CEO,5,0,False
29712,0,213000.0,PhD,F,12,47553,engineering,reaches_CEO,4,11,True
5692,1,117000.0,Master,M,13,149778,marketing,reaches_CEO,3,6,True
124742,0,171000.0,Master,M,6,22090,marketing,reaches_CEO,5,0,False
75744,0,239000.0,Bachelor,M,3,153291,sales,reaches_CEO,5,0,False
45598,0,131000.0,Bachelor,M,3,8663,sales,reaches_CEO,5,0,False
169811,0,111000.0,High_School,F,1,64858,HR,reaches_CEO,5,0,False
186571,0,76000.0,Bachelor,F,1,139278,HR,reaches_CEO,5,0,False
129279,1,144000.0,Master,M,1,88936,sales,reaches_CEO,5,0,False
45802,0,224000.0,PhD,M,1,195795,sales,reaches_CEO,5,0,False
44455,0,214000.0,PhD,M,5,169574,marketing,reaches_CEO,5,0,False
51039,1,87000.0,Bachelor,M,1,181781,HR,reaches_CEO,5,0,False
164748,1,186000.0,PhD,M,5,134048,sales,reaches_CEO,5,0,False
103448,1,274000.0,PhD,M,14,198366,sales,reaches_CEO,4,12,True
193518,1,206000.0,PhD,M,13,78493,sales,reaches_CEO,4,20,True
160494,0,170000.0,PhD,M,4,172250,marketing,reaches_CEO,5,0,False
105936,1,176000.0,Master,M,2,10357,marketing,reaches_CEO,5,0,False
187074,0,186000.0,PhD,F,2,175558,engineering,reaches_CEO,5,0,False
3797,0,243000.0,PhD,M,3,43420,sales,reaches_CEO,5,0,False
195107,0,90000.0,Bachelor,F,2,15768,HR,reaches_CEO,5,0,False
123358,1,203000.0,PhD,F,6,167941,sales,reaches_CEO,4,16,True
66352,1,146000.0,High_School,F,2,191073,sales,reaches_CEO,5,0,False
167387,0,79000.0,Bachelor,M,2,61517,HR,reaches_CEO,5,0,False
96741,0,163000.0,PhD,M,3,99139,sales,reaches_CEO,5,0,False
198170,0,113000.0,Bachelor,F,1,177772,marketing,reaches_CEO,5,0,False
108356,0,180000.0,Bachelor,M,6,99121,marketing,reaches_CEO,5,0,False
54110,0,363000.0,Master,M,1,55883,engineering,reaches_CEO,5,0,False
43618,1,214000.0,Bachelor,F,2,103014,engineering,reaches_CEO,5,0,False
130500,0,184000.0,PhD,M,6,82698,sales,reaches_CEO,5,0,False
62363,1,232000.0,Master,M,2,147103,engineering,reaches_CEO,5,0,False
80251,0,140000.0,PhD,F,6,148865,sales,reaches_CEO,5,0,False
141728,1,203000.0,PhD,M,3,81111,engineering,reaches_CEO,5,0,False
73604,0,391000.0,PhD,M,2,99139,sales,reaches_CEO,5,0,False
83871,0,86000.0,Master,F,6,101901,engineering,reaches_CEO,5,0,False
26410,1,215000.0,Bachelor,M,3,61988,engineering,reaches_CEO,5,0,False
145161,1,324000.0,Master,M,9,69728,engineering,reaches_CEO,3,8,True
63363,0,194000.0,High_School,M,2,73846,sales,reaches_CEO,5,0,False
24489,1,259000.0,Master,M,7,176424,marketing,reaches_CEO,3,4,True
53246,0,165000.0,PhD,M,4,136468,sales,reaches_CEO,5,0,False
192710,1,344000.0,Master,M,5,148795,engineering,reaches_CEO,5,0,False
86835,0,318000.0,Bachelor,F,7,141079,engineering,reaches_CEO,5,0,False
152405,0,119000.0,Bachelor,F,2,189038,engineering,reaches_CEO,5,0,False
156377,0,125000.0,Bachelor,F,8,19424,engineering,reaches_CEO,5,0,False
160569,1,146000.0,Master,F,1,174800,marketing,reaches_CEO,5,0,False
23316,1,124000.0,PhD,F,4,147642,sales,reaches_CEO,5,0,False
8182,0,229000.0,PhD,F,7,181310,sales,reaches_CEO,4,13,True
184543,1,242000.0,Master,F,4,110091,engineering,reaches_CEO,5,0,False
107318,0,88000.0,PhD,F,6,43937,HR,reaches_CEO,5,0,False
188692,0,86000.0,Master,M,3,73254,HR,reaches_CEO,5,0,False
44997,1,140000.0,Bachelor,F,5,132309,sales,reaches_CEO,5,0,False
174692,0,231000.0,Bachelor,F,5,78516,sales,reaches_CEO,5,0,False
50844,0,157000.0,High_School,F,9,87733,sales,reaches_CEO,5,0,False
169518,1,378000.0,Master,M,3,98558,engineering,reaches_CEO,5,0,False
162518,1,83000.0,PhD,M,13,32510,sales,reaches_CEO,4,12,True
132091,0,194000.0,PhD,F,4,77670,sales,reaches_CEO,5,0,False
168951,0,294000.0,PhD,M,5,120639,sales,reaches_CEO,4,11,True
198032,1,158000.0,Master,F,14,183175,sales,reaches_CEO,4,5,True
70820,0,351000.0,Master,M,1,51288,engineering,reaches_CEO,5,0,False
140278,0,204000.0,Bachelor,M,3,84230,marketing,reaches_CEO,5,0,False
21741,0,214000.0,Master,M,1,180925,sales,reaches_CEO,5,0,False
52281,0,236000.0,Bachelor,F,9,192414,sales,reaches_CEO,5,0,False
108397,0,206000.0,Master,M,6,10357,marketing,reaches_CEO,5,0,False
195743,1,351000.0,High_School,M,4,152960,sales,reaches_CEO,5,0,False
59572,1,291000.0,Bachelor,M,6,25934,engineering,reaches_CEO,5,0,False
185138,0,127000.0,PhD,M,3,152500,HR,reaches_CEO,3,5,True
171325,0,108000.0,Master,F,1,178147,HR,reaches_CEO,5,0,False
64931,1,85000.0,PhD,M,3,171940,marketing,reaches_CEO,5,0,False
164036,0,185000.0,PhD,M,5,97878,sales,reaches_CEO,5,0,False
97144,0,213000.0,Master,M,3,115591,sales,reaches_CEO,5,0,False
6321,1,217000.0,Bachelor,M,4,186086,engineering,reaches_CEO,5,0,False
197214,0,156000.0,PhD,F,2,191649,sales,reaches_CEO,5,0,False
174251,0,187000.0,Master,M,3,151838,sales,reaches_CEO,5,0,False
15465,0,216000.0,Bachelor,F,4,76435,sales,reaches_CEO,5,0,False
113491,0,97000.0,High_School,M,3,142630,HR,reaches_CEO,5,0,False
176941,0,130000.0,Bachelor,F,4,198814,marketing,reaches_CEO,5,0,False
191158,0,211000.0,High_School,M,1,48690,sales,reaches_CEO,5,0,False
72157,0,275000.0,Bachelor,M,4,142685,sales,reaches_CEO,5,0,False
29939,0,255000.0,Bachelor,M,3,160618,sales,reaches_CEO,5,0,False
63845,0,77000.0,Master,M,1,182996,sales,reaches_CEO,5,0,False
43677,0,73000.0,Bachelor,F,2,129287,HR,reaches_CEO,5,0,False
131737,1,398000.0,Bachelor,M,1,190065,marketing,reaches_CEO,5,0,False
96233,1,155000.0,Bachelor,M,3,79237,marketing,reaches_CEO,5,0,False
15273,1,144000.0,Bachelor,F,3,124014,sales,reaches_CEO,5,0,False
23017,0,120000.0,PhD,F,6,87929,sales,reaches_CEO,5,0,False
95646,0,95000.0,High_School,F,5,66420,HR,reaches_CEO,5,0,False
162106,0,147000.0,Bachelor,F,3,144928,sales,reaches_CEO,5,0,False
185976,0,311000.0,High_School,F,2,119832,engineering,reaches_CEO,4,13,True
195416,0,85000.0,Bachelor,M,3,141317,sales,reaches_CEO,5,0,False
18350,0,74000.0,Master,M,4,190566,marketing,reaches_CEO,5,0,False
41830,0,146000.0,Master,M,4,73982,sales,reaches_CEO,5,0,False
66580,1,226000.0,Master,M,1,35499,sales,reaches_CEO,5,0,False
113643,0,81000.0,PhD,M,4,14241,marketing,reaches_CEO,5,0,False
46921,0,73000.0,Bachelor,M,1,178147,HR,reaches_CEO,5,0,False
79693,1,241000.0,PhD,M,19,51535,engineering,reaches_CEO,2,4,True
22091,0,86000.0,Bachelor,M,3,75705,HR,reaches_CEO,5,0,False
171939,0,164000.0,PhD,M,8,181219,marketing,reaches_CEO,5,0,False
143353,0,259000.0,Master,M,1,128447,engineering,reaches_CEO,5,0,False
11782,0,148000.0,PhD,M,1,191485,sales,reaches_CEO,5,0,False
70548,1,75000.0,Bachelor,F,1,116289,engineering,reaches_CEO,5,0,False
75485,1,107000.0,PhD,M,4,70547,marketing,reaches_CEO,5,0,False
6703,1,192000.0,High_School,M,6,64750,engineering,reaches_CEO,5,0,False
54668,1,130000.0,Master,F,7,135846,sales,reaches_CEO,5,0,False
132887,0,75000.0,High_School,F,2,23737,HR,reaches_CEO,5,0,False
2729,1,167000.0,High_School,M,5,64750,engineering,reaches_CEO,5,0,False
152076,0,295000.0,PhD,M,14,69728,engineering,reaches_CEO,3,6,True
148984,0,189000.0,High_School,M,2,3917,sales,reaches_CEO,4,12,True
96508,0,240000.0,Master,M,5,149970,marketing,reaches_CEO,5,0,False
124820,0,281000.0,Master,M,5,54997,sales,reaches_CEO,5,0,False
120707,0,120000.0,Bachelor,M,3,5374,sales,reaches_CEO,5,0,False
58531,0,260000.0,Master,M,3,119774,sales,reaches_CEO,5,0,False
79682,0,346000.0,PhD,F,3,168564,sales,reaches_CEO,5,0,False
114237,0,70000.0,Master,M,4,10786,HR,reaches_CEO,5,0,False
97009,0,218000.0,PhD,M,6,73663,marketing,reaches_CEO,5,0,False
107132,0,67000.0,PhD,F,7,123263,HR,reaches_CEO,5,0,False
161056,0,396000.0,High_School,M,6,1651,engineering,reaches_CEO,5,0,False
14728,0,265000.0,Master,F,2,147249,engineering,reaches_CEO,5,0,False
160566,0,221000.0,Master,M,5,71757,marketing,reaches_CEO,5,0,False
196157,1,197000.0,Bachelor,F,3,193518,sales,reaches_CEO,5,0,False
151646,0,273000.0,Master,M,3,128447,engineering,reaches_CEO,5,0,False
91881,0,183000.0,Bachelor,F,1,68998,marketing,reaches_CEO,5,0,False
12623,1,66000.0,PhD,M,4,115591,sales,reaches_CEO,5,0,False
68826,1,208000.0,Master,M,5,181996,engineering,reaches_CEO,5,0,False
79354,0,143000.0,Bachelor,M,2,175361,sales,reaches_CEO,5,0,False
21197,1,173000.0,Bachelor,F,5,68532,engineering,reaches_CEO,5,0,False
47934,0,67000.0,Master,F,7,154375,HR,reaches_CEO,5,0,False
125247,0,154000.0,Master,M,2,87330,engineering,reaches_CEO,5,0,False
170929,0,80000.0,PhD,F,6,104759,HR,reaches_CEO,5,0,False
191509,0,148000.0,Bachelor,M,1,192369,sales,reaches_CEO,5,0,False
198366,1,193000.0,PhD,F,12,142146,sales,reaches_CEO,3,7,True
73939,0,176000.0,PhD,F,1,182556,sales,reaches_CEO,5,0,False
176578,1,214000.0,Master,M,2,131063,marketing,reaches_CEO,5,0,False
78873,1,88000.0,PhD,M,8,172321,sales,reaches_CEO,5,0,False
185285,0,103000.0,PhD,F,7,198893,HR,reaches_CEO,4,14,True
163430,0,115000.0,Master,F,3,110089,HR,reaches_CEO,5,0,False
125742,0,272000.0,Master,M,1,8711,marketing,reaches_CEO,5,0,False
198054,0,280000.0,Master,M,8,7255,engineering,reaches_CEO,5,0,False
139032,1,346000.0,PhD,F,32,11277,sales,reaches_CEO,2,5,True
109394,0,287000.0,Bachelor,M,1,160511,marketing,reaches_CEO,5,0,False
46411,0,131000.0,Master,M,9,144976,sales,reaches_CEO,5,0,False
33176,1,166000.0,PhD,F,4,82657,sales,reaches_CEO,5,0,False
130209,0,190000.0,Bachelor,F,2,50761,marketing,reaches_CEO,5,0,False
37584,1,190000.0,High_School,F,4,5374,sales,reaches_CEO,5,0,False
125194,1,243000.0,High_School,M,6,144401,sales,reaches_CEO,5,0,False
17962,0,126000.0,High_School,M,5,173939,marketing,reaches_CEO,5,0,False
187898,1,234000.0,Bachelor,M,1,108428,engineering,reaches_CEO,5,0,False
142508,0,332000.0,High_School,M,5,55883,engineering,reaches_CEO,5,0,False
106356,0,149000.0,Bachelor,F,2,183824,engineering,reaches_CEO,5,0,False
118865,1,65000.0,Master,F,4,64190,sales,reaches_CEO,5,0,False
95841,1,379000.0,Master,M,13,183869,engineering,reaches_CEO,4,10,True
78077,0,99000.0,Master,M,5,98520,marketing,reaches_CEO,5,0,False
158125,0,188000.0,Master,F,4,142367,sales,reaches_CEO,5,0,False
148418,1,317000.0,PhD,F,4,167482,engineering,reaches_CEO,4,15,True
160515,0,99000.0,High_School,M,3,14465,HR,reaches_CEO,5,0,False
157572,1,64000.0,Bachelor,F,1,115765,HR,reaches_CEO,5,0,False
115586,1,126000.0,High_School,M,5,168742,sales,reaches_CEO,5,0,False
152081,0,275000.0,Bachelor,F,3,12214,sales,reaches_CEO,5,0,False
98972,0,260000.0,PhD,M,3,111508,marketing,reaches_CEO,5,0,False
131133,0,123000.0,PhD,M,4,55653,sales,reaches_CEO,5,0,False
48877,0,62000.0,High_School,F,10,37154,marketing,reaches_CEO,4,6,True
6320,0,125000.0,Bachelor,F,4,146473,marketing,reaches_CEO,5,0,False
7724,0,71000.0,High_School,M,2,14465,HR,reaches_CEO,5,0,False
100827,0,343000.0,Bachelor,M,1,187053,engineering,reaches_CEO,5,0,False
61028,0,225000.0,PhD,M,3,79807,engineering,reaches_CEO,5,0,False
136319,0,132000.0,High_School,M,6,52313,sales,reaches_CEO,5,0,False
119898,0,114000.0,High_School,F,9,4421,sales,reaches_CEO,5,0,False
18939,1,244000.0,Bachelor,M,3,167941,sales,reaches_CEO,4,10,True
66872,1,136000.0,Bachelor,M,2,144976,sales,reaches_CEO,5,0,False
65883,1,198000.0,PhD,M,12,103443,marketing,reaches_CEO,4,15,True
105247,0,295000.0,Master,M,3,103912,sales,reaches_CEO,5,0,False
178081,0,76000.0,PhD,M,5,151696,HR,reaches_CEO,5,0,False
54902,1,194000.0,PhD,M,3,64452,sales,reaches_CEO,5,0,False
19524,0,199000.0,Master,F,9,167223,marketing,reaches_CEO,4,6,True
110405,1,178000.0,Bachelor,M,2,112643,sales,reaches_CEO,5,0,False
191396,1,251000.0,Bachelor,M,4,71757,marketing,reaches_CEO,5,0,False
99934,0,372000.0,Bachelor,M,3,110091,engineering,reaches_CEO,5,0,False
135268,1,149000.0,Bachelor,F,2,32572,marketing,reaches_CEO,5,0,False
56766,0,201000.0,High_School,F,5,182038,sales,reaches_CEO,5,0,False
69345,1,176000.0,Master,M,5,163049,sales,reaches_CEO,4,12,True
109695,0,289000.0,PhD,M,7,175365,marketing,reaches_CEO,5,0,False
171335,1,153000.0,PhD,F,2,183065,engineering,reaches_CEO,5,0,False
186344,1,290000.0,Master,F,1,132283,engineering,reaches_CEO,5,0,False
4394,0,109000.0,High_School,M,13,118233,marketing,reaches_CEO,4,15,True
32652,0,254000.0,PhD,M,6,168342,engineering,reaches_CEO,5,0,False
144626,0,161000.0,Bachelor,M,3,180037,sales,reaches_CEO,5,0,False
18664,0,233000.0,Master,M,1,41721,marketing,reaches_CEO,5,0,False
199715,1,67000.0,Master,F,2,22977,HR,reaches_CEO,5,0,False
147789,0,373000.0,PhD,M,1,141079,engineering,reaches_CEO,5,0,False
94683,1,137000.0,Master,M,7,124893,marketing,reaches_CEO,4,8,True
91661,1,199000.0,PhD,M,6,3260,engineering,reaches_CEO,5,0,False
112262,0,91000.0,Bachelor,F,2,196490,HR,reaches_CEO,5,0,False
173269,0,205000.0,PhD,F,6,116119,marketing,reaches_CEO,5,0,False
138772,1,217000.0,Bachelor,F,9,94362,sales,reaches_CEO,4,14,True
179228,0,94000.0,Bachelor,F,3,97040,HR,reaches_CEO,5,0,False
114214,1,350000.0,Bachelor,M,1,193763,engineering,reaches_CEO,5,0,False
72187,0,154000.0,High_School,F,2,132360,sales,reaches_CEO,5,0,False
45701,0,212000.0,Bachelor,M,5,154703,engineering,reaches_CEO,5,0,False
110344,0,295000.0,Bachelor,M,7,190065,marketing,reaches_CEO,5,0,False
83497,1,217000.0,Master,M,3,128065,engineering,reaches_CEO,5,0,False
135790,1,81000.0,PhD,M,3,162518,sales,reaches_CEO,5,0,False
181311,0,203000.0,Bachelor,M,10,17395,sales,reaches_CEO,4,13,True
169849,0,118000.0,High_School,M,10,192056,HR,reaches_CEO,4,6,True
39558,0,62000.0,Master,F,4,197896,HR,reaches_CEO,5,0,False
27035,1,108000.0,Bachelor,M,3,76135,marketing,reaches_CEO,5,0,False
74316,0,169000.0,Bachelor,F,4,57316,sales,reaches_CEO,5,0,False
52119,0,124000.0,High_School,M,2,162196,engineering,reaches_CEO,5,0,False
71907,1,173000.0,PhD,M,2,69200,sales,reaches_CEO,5,0,False
76696,0,138000.0,Bachelor,F,3,18939,sales,reaches_CEO,5,0,False
140158,0,169000.0,Bachelor,M,1,113124,sales,reaches_CEO,5,0,False
176804,1,155000.0,PhD,M,20,139032,sales,reaches_CEO,3,3,True
101408,1,157000.0,High_School,M,3,195795,sales,reaches_CEO,5,0,False
99121,0,137000.0,PhD,M,5,146600,marketing,reaches_CEO,4,7,True
191108,1,309000.0,Bachelor,F,6,147106,sales,reaches_CEO,5,0,False
93597,0,114000.0,High_School,M,6,73982,sales,reaches_CEO,5,0,False
106730,0,181000.0,High_School,M,1,193452,sales,reaches_CEO,5,0,False
114479,0,216000.0,Master,M,3,22145,sales,reaches_CEO,5,0,False
25241,0,149000.0,PhD,M,1,52525,engineering,reaches_CEO,5,0,False
84020,1,173000.0,High_School,M,5,57185,engineering,reaches_CEO,5,0,False
195545,0,381000.0,PhD,M,2,148260,marketing,reaches_CEO,5,0,False
55515,0,93000.0,PhD,M,4,190778,marketing,reaches_CEO,5,0,False
38081,0,241000.0,High_School,F,5,22145,sales,reaches_CEO,5,0,False
59876,1,345000.0,PhD,M,5,150408,engineering,reaches_CEO,5,0,False
616,0,218000.0,Bachelor,M,2,168797,marketing,reaches_CEO,5,0,False
150437,1,236000.0,High_School,M,1,53390,sales,reaches_CEO,5,0,False
63717,0,266000.0,Master,M,1,75045,marketing,reaches_CEO,5,0,False
190566,1,67000.0,PhD,M,8,168545,marketing,reaches_CEO,4,13,True
147332,0,75000.0,Bachelor,M,6,146111,HR,reaches_CEO,5,0,False
100586,0,104000.0,High_School,M,1,82463,marketing,reaches_CEO,5,0,False
115008,1,66000.0,PhD,M,1,130135,HR,reaches_CEO,5,0,False
123154,0,79000.0,PhD,F,14,116660,HR,reaches_CEO,4,10,True
82728,0,71000.0,Master,F,9,169833,HR,reaches_CEO,5,0,False
53109,1,231000.0,Master,M,8,130489,sales,reaches_CEO,4,11,True
18837,1,330000.0,Bachelor,M,4,1050,engineering,reaches_CEO,5,0,False
86534,0,265000.0,Master,F,2,1808,engineering,reaches_CEO,5,0,False
4513,0,151000.0,Master,F,6,172321,sales,reaches_CEO,5,0,False
31260,0,226000.0,Bachelor,F,1,115591,sales,reaches_CEO,5,0,False
57757,0,178000.0,PhD,M,6,119964,marketing,reaches_CEO,5,0,False
103815,0,234000.0,High_School,M,2,109671,marketing,reaches_CEO,5,0,False
110089,0,104000.0,Bachelor,M,12,41533,HR,reaches_CEO,4,10,True
56494,1,89000.0,Master,M,3,75246,engineering,reaches_CEO,5,0,False
46272,0,186000.0,Master,M,3,57316,sales,reaches_CEO,5,0,False
73169,0,210000.0,Master,M,2,173939,marketing,reaches_CEO,5,0,False
115907,1,181000.0,PhD,F,17,97647,marketing,reaches_CEO,3,3,True
137326,0,82000.0,PhD,F,4,178147,HR,reaches_CEO,5,0,False
86444,0,93000.0,Bachelor,M,3,164501,HR,reaches_CEO,5,0,False
6498,0,309000.0,PhD,M,2,148646,engineering,reaches_CEO,5,0,False
162557,1,66000.0,PhD,M,6,123358,sales,reaches_CEO,5,0,False
124716,0,177000.0,Bachelor,M,3,52923,sales,reaches_CEO,5,0,False
85539,0,151000.0,PhD,M,7,158609,sales,reaches_CEO,5,0,False
165717,0,137000.0,Bachelor,M,2,157492,sales,reaches_CEO,4,6,True
124721,0,174000.0,PhD,F,1,191351,marketing,reaches_CEO,5,0,False
22709,0,196000.0,Bachelor,M,1,147106,sales,reaches_CEO,5,0,False
97028,0,212000.0,PhD,M,1,30468,engineering,reaches_CEO,5,0,False
20440,1,293000.0,Bachelor,F,5,1808,engineering,reaches_CEO,5,0,False
192414,0,151000.0,Master,F,9,47755,sales,reaches_CEO,4,9,True
109103,1,246000.0,Bachelor,F,1,125775,marketing,reaches_CEO,5,0,False
77998,0,150000.0,High_School,M,2,76073,engineering,reaches_CEO,5,0,False
1908,0,80000.0,Bachelor,F,5,64858,HR,reaches_CEO,5,0,False
123362,0,268000.0,High_School,F,4,48120,engineering,reaches_CEO,5,0,False
42577,0,240000.0,Bachelor,M,3,34714,sales,reaches_CEO,5,0,False
14636,0,170000.0,High_School,F,1,96420,sales,reaches_CEO,5,0,False
65470,1,303000.0,Master,M,3,81860,engineering,reaches_CEO,5,0,False
185561,0,155000.0,PhD,M,2,29960,marketing,reaches_CEO,5,0,False
99258,0,181000.0,Bachelor,M,2,148260,marketing,reaches_CEO,5,0,False
171156,0,105000.0,High_School,F,4,21086,HR,reaches_CEO,5,0,False
94977,0,379000.0,Bachelor,M,2,142926,engineering,reaches_CEO,5,0,False
78785,0,220000.0,PhD,M,4,187183,marketing,reaches_CEO,5,0,False
136968,0,186000.0,Master,F,5,184998,sales,reaches_CEO,5,0,False
136042,0,80000.0,High_School,M,1,4421,sales,reaches_CEO,5,0,False
40173,0,234000.0,Master,F,1,139180,marketing,reaches_CEO,5,0,False
46893,0,292000.0,Bachelor,M,2,148418,engineering,reaches_CEO,5,0,False
36817,0,187000.0,Master,M,1,134982,sales,reaches_CEO,5,0,False
81253,0,253000.0,Bachelor,M,5,181886,sales,reaches_CEO,5,0,False
5111,0,63000.0,Master,F,5,64087,HR,reaches_CEO,5,0,False
172267,1,159000.0,Master,M,5,8182,sales,reaches_CEO,5,0,False
105725,0,171000.0,Master,M,7,95609,sales,reaches_CEO,5,0,False
42511,0,80000.0,Master,M,7,97919,HR,reaches_CEO,5,0,False
47439,1,178000.0,Master,M,4,156010,engineering,reaches_CEO,5,0,False
18200,1,92000.0,High_School,M,1,64724,marketing,reaches_CEO,5,0,False
123961,1,193000.0,PhD,M,4,50761,marketing,reaches_CEO,5,0,False
198275,1,169000.0,Master,F,1,173939,marketing,reaches_CEO,5,0,False
179819,0,66000.0,PhD,M,5,177495,HR,reaches_CEO,5,0,False
175418,0,326000.0,Master,F,6,15277,engineering,reaches_CEO,5,0,False
29334,0,207000.0,Bachelor,F,1,92210,sales,reaches_CEO,5,0,False
94187,1,369000.0,PhD,M,1,148236,sales,reaches_CEO,5,0,False
6222,0,217000.0,PhD,M,5,4421,sales,reaches_CEO,5,0,False
149192,0,395000.0,Master,F,8,41335,engineering,reaches_CEO,5,0,False
184936,0,330000.0,Master,M,5,160261,marketing,reaches_CEO,5,0,False
163041,0,161000.0,High_School,F,5,21470,marketing,reaches_CEO,5,0,False
9211,0,68000.0,Bachelor,M,8,55972,HR,reaches_CEO,5,0,False
130504,0,355000.0,Bachelor,F,3,167921,engineering,reaches_CEO,5,0,False
126988,1,295000.0,Bachelor,M,4,135846,sales,reaches_CEO,5,0,False
1701,0,89000.0,Master,F,4,181781,HR,reaches_CEO,5,0,False
187618,1,152000.0,Master,F,1,111974,engineering,reaches_CEO,5,0,False
185261,0,92000.0,PhD,F,3,80240,HR,reaches_CEO,5,0,False
175641,1,246000.0,Master,F,2,159906,sales,reaches_CEO,5,0,False
119581,1,77000.0,High_School,F,2,122567,engineering,reaches_CEO,5,0,False
47066,0,125000.0,Master,M,7,88936,sales,reaches_CEO,5,0,False
148236,0,70000.0,Bachelor,F,5,2308,sales,reaches_CEO,4,14,True
21047,1,206000.0,PhD,M,2,149970,marketing,reaches_CEO,5,0,False
90065,1,322000.0,PhD,M,13,194121,engineering,reaches_CEO,4,10,True
156818,0,183000.0,PhD,M,1,63832,marketing,reaches_CEO,5,0,False
109335,0,182000.0,Bachelor,M,1,26468,engineering,reaches_CEO,5,0,False
94956,0,372000.0,Bachelor,M,6,162196,engineering,reaches_CEO,5,0,False
196675,0,217000.0,Master,M,5,199184,sales,reaches_CEO,5,0,False
180212,0,229000.0,High_School,M,2,53390,sales,reaches_CEO,5,0,False
160580,0,198000.0,High_School,M,1,189890,engineering,reaches_CEO,5,0,False
60475,0,151000.0,Master,M,2,71945,engineering,reaches_CEO,5,0,False
59398,0,303000.0,PhD,M,2,24071,engineering,reaches_CEO,5,0,False
48832,0,259000.0,PhD,F,5,45803,sales,reaches_CEO,5,0,False
28583,0,225000.0,Bachelor,F,1,63077,sales,reaches_CEO,5,0,False
73080,0,260000.0,Master,M,4,198879,sales,reaches_CEO,5,0,False
134744,0,276000.0,PhD,M,1,20901,engineering,reaches_CEO,5,0,False
174779,0,63000.0,PhD,M,2,181311,sales,reaches_CEO,5,0,False
54393,0,109000.0,High_School,M,1,51331,HR,reaches_CEO,5,0,False
121453,0,61000.0,PhD,F,2,94447,HR,reaches_CEO,5,0,False
171327,0,266000.0,Master,F,2,156927,marketing,reaches_CEO,5,0,False
130532,0,81000.0,Bachelor,M,4,187183,marketing,reaches_CEO,5,0,False
61773,0,92000.0,PhD,F,5,197896,HR,reaches_CEO,5,0,False
61191,0,188000.0,Master,M,5,68821,engineering,reaches_CEO,5,0,False
22228,1,62000.0,PhD,M,6,40904,engineering,reaches_CEO,5,0,False
28697,0,365000.0,PhD,F,23,79693,engineering,reaches_CEO,3,5,True
5798,0,188000.0,Bachelor,F,3,172321,sales,reaches_CEO,5,0,False
29493,1,173000.0,Bachelor,M,5,180925,sales,reaches_CEO,5,0,False
139973,0,293000.0,High_School,F,1,78997,engineering,reaches_CEO,5,0,False
74631,0,339000.0,Bachelor,M,6,175558,engineering,reaches_CEO,5,0,False
180037,0,102000.0,Master,M,2,167941,sales,reaches_CEO,4,16,True
128966,1,281000.0,High_School,F,9,107049,sales,reaches_CEO,4,10,True
129469,0,300000.0,High_School,M,1,84828,engineering,reaches_CEO,5,0,False
118484,0,148000.0,Bachelor,M,2,10773,engineering,reaches_CEO,5,0,False
14429,0,340000.0,PhD,M,2,198531,sales,reaches_CEO,5,0,False
122567,1,89000.0,Master,M,4,42270,engineering,reaches_CEO,4,10,True
162812,0,150000.0,PhD,M,6,129000,marketing,reaches_CEO,5,0,False
76542,0,126000.0,Bachelor,M,9,122567,engineering,reaches_CEO,5,0,False
17582,0,186000.0,Master,F,5,102727,marketing,reaches_CEO,5,0,False
115796,0,126000.0,Bachelor,M,5,87733,sales,reaches_CEO,5,0,False
131779,1,135000.0,Bachelor,M,3,167877,sales,reaches_CEO,5,0,False
195238,1,128000.0,Master,M,1,157064,marketing,reaches_CEO,5,0,False
134556,0,89000.0,PhD,F,24,138045,marketing,reaches_CEO,3,5,True
44544,0,66000.0,Master,M,3,41991,sales,reaches_CEO,5,0,False
193524,0,199000.0,Master,M,4,192369,sales,reaches_CEO,5,0,False
147425,0,78000.0,Master,M,3,252,HR,reaches_CEO,5,0,False
50864,1,210000.0,High_School,M,3,66453,engineering,reaches_CEO,5,0,False
123388,0,107000.0,Bachelor,M,4,177495,HR,reaches_CEO,5,0,False
193851,1,230000.0,Master,F,2,113618,marketing,reaches_CEO,5,0,False
124114,0,145000.0,High_School,M,3,24979,marketing,reaches_CEO,5,0,False
187756,0,364000.0,PhD,F,1,188118,sales,reaches_CEO,5,0,False
56196,0,123000.0,Bachelor,M,3,78215,sales,reaches_CEO,5,0,False
108614,1,95000.0,Bachelor,M,4,84193,marketing,reaches_CEO,5,0,False
119418,0,151000.0,Bachelor,M,1,12649,engineering,reaches_CEO,5,0,False
79602,1,220000.0,High_School,M,2,113618,marketing,reaches_CEO,5,0,False
55566,0,206000.0,High_School,M,4,103421,engineering,reaches_CEO,5,0,False
62520,1,316000.0,Bachelor,M,2,102102,sales,reaches_CEO,5,0,False
120383,1,189000.0,Master,M,3,169223,engineering,reaches_CEO,5,0,False
65366,0,246000.0,Bachelor,M,2,8198,engineering,reaches_CEO,5,0,False
169574,1,373000.0,PhD,M,6,114137,marketing,reaches_CEO,4,9,True
182939,0,83000.0,Bachelor,F,2,101901,engineering,reaches_CEO,5,0,False
66859,0,76000.0,Master,M,3,116289,engineering,reaches_CEO,5,0,False
124854,1,122000.0,Master,M,2,160618,sales,reaches_CEO,5,0,False
33933,0,196000.0,High_School,F,4,55431,sales,reaches_CEO,5,0,False
111453,0,209000.0,Master,M,3,95522,marketing,reaches_CEO,5,0,False
132015,0,61000.0,Bachelor,M,3,139278,HR,reaches_CEO,5,0,False
26100,0,266000.0,PhD,M,5,127266,marketing,reaches_CEO,5,0,False
183109,0,308000.0,PhD,F,1,50679,sales,reaches_CEO,5,0,False
69943,0,257000.0,Bachelor,M,11,154897,sales,reaches_CEO,4,9,True
183551,0,86000.0,PhD,F,1,123502,HR,reaches_CEO,5,0,False
130431,0,361000.0,PhD,M,2,61811,sales,reaches_CEO,5,0,False
133331,1,146000.0,Bachelor,F,2,175434,sales,reaches_CEO,5,0,False
53608,0,111000.0,Bachelor,M,3,146404,marketing,reaches_CEO,5,0,False
69074,0,68000.0,Master,M,1,9400,HR,reaches_CEO,5,0,False
175757,0,156000.0,PhD,F,6,160618,sales,reaches_CEO,5,0,False
91979,0,87000.0,Master,F,4,116660,HR,reaches_CEO,4,9,True
2230,0,209000.0,High_School,M,5,151005,marketing,reaches_CEO,5,0,False
60592,1,182000.0,High_School,F,7,130449,sales,reaches_CEO,5,0,False
97376,1,294000.0,High_School,M,1,190566,marketing,reaches_CEO,5,0,False
169921,0,284000.0,Master,M,2,118769,engineering,reaches_CEO,5,0,False
160428,1,247000.0,PhD,F,3,148418,engineering,reaches_CEO,5,0,False
80855,0,189000.0,Master,M,1,108164,sales,reaches_CEO,5,0,False
5129,0,92000.0,Bachelor,F,5,184236,HR,reaches_CEO,5,0,False
193355,0,99000.0,Master,F,5,8812,HR,reaches_CEO,5,0,False
34597,0,328000.0,Master,F,9,8193,engineering,reaches_CEO,5,0,False
140491,1,285000.0,Master,M,4,191289,engineering,reaches_CEO,5,0,False
117535,0,154000.0,Master,M,5,76135,marketing,reaches_CEO,5,0,False
193866,0,241000.0,PhD,M,5,189038,engineering,reaches_CEO,5,0,False
57969,0,148000.0,Bachelor,M,2,5282,sales,reaches_CEO,5,0,False
158557,0,134000.0,PhD,F,1,129287,HR,reaches_CEO,5,0,False
29733,1,144000.0,Master,F,14,50665,HR,reaches_CEO,4,11,True
66249,1,299000.0,High_School,M,3,1872,engineering,reaches_CEO,5,0,False
95390,0,286000.0,Master,M,8,12214,sales,reaches_CEO,5,0,False
167321,0,104000.0,High_School,F,4,95169,sales,reaches_CEO,5,0,False
90337,0,84000.0,PhD,F,2,188118,sales,reaches_CEO,5,0,False
118554,0,250000.0,Bachelor,M,3,46957,sales,reaches_CEO,5,0,False
118960,0,316000.0,High_School,M,3,62990,sales,reaches_CEO,5,0,False
173137,0,97000.0,High_School,M,3,754,HR,reaches_CEO,5,0,False
190009,1,67000.0,Bachelor,F,3,742,HR,reaches_CEO,5,0,False
191705,0,124000.0,PhD,F,7,32405,HR,reaches_CEO,5,0,False
155801,1,321000.0,High_School,M,6,41335,engineering,reaches_CEO,5,0,False
186118,0,195000.0,Bachelor,M,1,82463,marketing,reaches_CEO,5,0,False
62305,0,236000.0,PhD,F,9,185976,engineering,reaches_CEO,5,0,False
188336,0,78000.0,Master,F,1,61517,HR,reaches_CEO,5,0,False
160158,1,119000.0,High_School,F,2,144928,sales,reaches_CEO,5,0,False
179108,1,187000.0,PhD,F,3,64724,marketing,reaches_CEO,5,0,False
64458,1,129000.0,Bachelor,M,1,149135,engineering,reaches_CEO,5,0,False
147779,1,140000.0,PhD,F,1,164501,HR,reaches_CEO,5,0,False
136706,0,366000.0,PhD,M,2,127769,engineering,reaches_CEO,5,0,False
134683,1,62000.0,High_School,F,1,23737,HR,reaches_CEO,5,0,False
104205,0,110000.0,High_School,F,4,68998,marketing,reaches_CEO,5,0,False
89627,1,264000.0,Bachelor,M,1,39417,engineering,reaches_CEO,5,0,False
10301,1,115000.0,Master,M,1,134982,sales,reaches_CEO,5,0,False
195917,0,87000.0,Bachelor,M,5,90065,engineering,reaches_CEO,5,0,False
168669,1,222000.0,Bachelor,F,1,60373,marketing,reaches_CEO,5,0,False
89420,0,185000.0,PhD,F,3,142367,sales,reaches_CEO,5,0,False
133795,0,251000.0,PhD,M,11,51535,engineering,reaches_CEO,2,3,True
79923,0,132000.0,PhD,M,2,69379,sales,reaches_CEO,5,0,False
60801,0,63000.0,Master,M,7,8812,HR,reaches_CEO,5,0,False
179009,0,71000.0,Bachelor,M,2,84230,marketing,reaches_CEO,5,0,False
14465,0,101000.0,Master,F,9,116660,HR,reaches_CEO,4,11,True
39333,0,182000.0,High_School,M,1,89837,marketing,reaches_CEO,5,0,False
133595,1,95000.0,Master,F,1,90639,marketing,reaches_CEO,5,0,False
68912,0,166000.0,Bachelor,M,1,148236,sales,reaches_CEO,5,0,False
42714,0,298000.0,High_School,M,6,145126,sales,reaches_CEO,5,0,False
156179,1,190000.0,Master,F,4,181772,sales,reaches_CEO,5,0,False
167941,0,278000.0,Master,M,16,34051,sales,reaches_CEO,3,9,True
101095,1,235000.0,PhD,M,1,41991,sales,reaches_CEO,5,0,False
166420,0,86000.0,PhD,M,5,132399,sales,reaches_CEO,5,0,False
178762,0,210000.0,Master,M,2,118769,engineering,reaches_CEO,5,0,False
80100,0,194000.0,PhD,F,3,168564,sales,reaches_CEO,5,0,False
117728,0,160000.0,Master,M,3,46957,sales,reaches_CEO,5,0,False
93482,0,293000.0,Master,M,1,8663,sales,reaches_CEO,5,0,False
71547,0,258000.0,PhD,M,2,164638,sales,reaches_CEO,5,0,False
172336,0,171000.0,PhD,M,5,178954,engineering,reaches_CEO,5,0,False
183056,0,217000.0,Master,M,4,73893,sales,reaches_CEO,5,0,False
73145,0,195000.0,Bachelor,M,2,185976,engineering,reaches_CEO,5,0,False
178320,0,117000.0,Bachelor,F,5,185285,HR,reaches_CEO,5,0,False
138229,0,60000.0,Master,F,1,123263,HR,reaches_CEO,5,0,False
121813,0,298000.0,PhD,M,2,112302,engineering,reaches_CEO,5,0,False
19127,0,253000.0,Bachelor,F,6,92403,sales,reaches_CEO,5,0,False
186341,0,64000.0,PhD,M,8,91979,HR,reaches_CEO,5,0,False
189254,0,308000.0,Bachelor,M,1,147249,engineering,reaches_CEO,5,0,False
88597,0,202000.0,Master,M,8,132399,sales,reaches_CEO,5,0,False
103100,0,202000.0,Bachelor,M,2,158777,marketing,reaches_CEO,5,0,False
159671,1,286000.0,Master,F,1,62990,sales,reaches_CEO,5,0,False
87704,0,247000.0,Master,M,6,132283,engineering,reaches_CEO,5,0,False
85453,1,145000.0,High_School,F,1,87762,sales,reaches_CEO,5,0,False
190713,0,187000.0,Bachelor,F,6,54997,sales,reaches_CEO,5,0,False
140936,0,223000.0,Master,M,5,33266,marketing,reaches_CEO,5,0,False
57999,0,239000.0,Bachelor,M,7,180925,sales,reaches_CEO,5,0,False
35391,0,151000.0,High_School,M,1,192414,sales,reaches_CEO,5,0,False
33896,0,63000.0,Bachelor,M,6,55636,HR,reaches_CEO,5,0,False
189422,0,358000.0,PhD,F,4,67931,engineering,reaches_CEO,5,0,False
36765,0,76000.0,PhD,M,4,10786,HR,reaches_CEO,5,0,False
54865,0,149000.0,PhD,M,6,98558,engineering,reaches_CEO,5,0,False
107750,0,203000.0,PhD,M,1,180924,marketing,reaches_CEO,5,0,False
48120,1,398000.0,Master,M,3,140317,engineering,reaches_CEO,4,12,True
192011,0,281000.0,PhD,M,8,128065,engineering,reaches_CEO,5,0,False
3742,0,126000.0,Bachelor,F,2,69379,sales,reaches_CEO,5,0,False
38388,1,394000.0,PhD,F,3,127623,engineering,reaches_CEO,5,0,False
192318,0,83000.0,Master,F,2,180006,HR,reaches_CEO,5,0,False
97894,0,347000.0,Master,F,3,102632,marketing,reaches_CEO,5,0,False
69362,0,102000.0,Bachelor,F,2,198403,sales,reaches_CEO,5,0,False
24437,0,261000.0,Bachelor,M,7,98520,marketing,reaches_CEO,5,0,False
144705,0,84000.0,Bachelor,M,4,61038,sales,reaches_CEO,5,0,False
66021,0,88000.0,Master,M,3,95841,engineering,reaches_CEO,5,0,False
169379,0,123000.0,PhD,M,3,113566,engineering,reaches_CEO,5,0,False
159482,1,175000.0,Bachelor,M,5,148032,sales,reaches_CEO,5,0,False
70453,1,325000.0,Bachelor,F,5,63785,engineering,reaches_CEO,5,0,False
105851,0,212000.0,Master,F,7,135848,marketing,reaches_CEO,5,0,False
27116,1,123000.0,PhD,M,4,78215,sales,reaches_CEO,5,0,False
97482,1,127000.0,PhD,M,3,21377,sales,reaches_CEO,5,0,False
132825,0,252000.0,Master,M,4,115591,sales,reaches_CEO,5,0,False
198920,1,158000.0,Bachelor,F,6,69943,sales,reaches_CEO,5,0,False
53433,0,263000.0,Master,M,2,147249,engineering,reaches_CEO,5,0,False
141083,0,304000.0,Bachelor,M,1,156010,engineering,reaches_CEO,5,0,False
180225,0,380000.0,High_School,M,1,127623,engineering,reaches_CEO,5,0,False
95030,0,202000.0,PhD,F,1,72965,sales,reaches_CEO,5,0,False
10342,1,314000.0,High_School,M,5,102815,sales,reaches_CEO,5,0,False
30093,0,174000.0,High_School,M,2,189627,sales,reaches_CEO,5,0,False
153656,0,177000.0,Master,M,1,189627,sales,reaches_CEO,5,0,False
98419,1,72000.0,PhD,F,13,69550,marketing,reaches_CEO,4,11,True
39828,0,276000.0,Bachelor,F,4,115591,sales,reaches_CEO,5,0,False
159550,1,79000.0,Bachelor,M,1,132192,HR,reaches_CEO,5,0,False
22354,0,333000.0,Master,M,2,41175,engineering,reaches_CEO,5,0,False
115552,0,163000.0,High_School,F,7,191083,marketing,reaches_CEO,5,0,False
11247,1,176000.0,High_School,M,5,160476,sales,reaches_CEO,5,0,False
41134,0,276000.0,High_School,M,3,80728,engineering,reaches_CEO,5,0,False
139474,1,240000.0,High_School,F,2,196637,engineering,reaches_CEO,5,0,False
169833,0,124000.0,PhD,F,14,59566,HR,reaches_CEO,4,15,True
46674,0,87000.0,PhD,F,3,159638,HR,reaches_CEO,5,0,False
38743,1,273000.0,Master,M,1,48742,engineering,reaches_CEO,5,0,False
194904,1,108000.0,Bachelor,F,12,21604,HR,reaches_CEO,4,17,True
101254,0,275000.0,Master,F,1,116774,engineering,reaches_CEO,5,0,False
97863,0,108000.0,PhD,F,1,61517,HR,reaches_CEO,5,0,False
36666,0,103000.0,Bachelor,F,3,64858,HR,reaches_CEO,5,0,False
191624,0,62000.0,Master,M,4,12214,sales,reaches_CEO,5,0,False
130359,0,257000.0,Master,F,2,172889,sales,reaches_CEO,5,0,False
89748,0,108000.0,Master,M,5,127266,marketing,reaches_CEO,5,0,False
150248,0,175000.0,Master,M,4,61038,sales,reaches_CEO,5,0,False
174597,0,73000.0,Bachelor,F,3,154381,sales,reaches_CEO,5,0,False
126891,0,210000.0,Master,F,2,74066,engineering,reaches_CEO,5,0,False
181206,0,61000.0,High_School,F,2,146111,HR,reaches_CEO,5,0,False
129133,0,63000.0,Master,M,3,5743,sales,reaches_CEO,5,0,False
99259,1,305000.0,PhD,F,7,145710,engineering,reaches_CEO,5,0,False
29647,1,158000.0,PhD,M,5,89523,sales,reaches_CEO,5,0,False
103251,1,137000.0,High_School,M,1,76641,engineering,reaches_CEO,5,0,False
107184,1,222000.0,Bachelor,M,5,92845,engineering,reaches_CEO,5,0,False
113600,0,126000.0,PhD,M,2,112643,sales,reaches_CEO,5,0,False
132068,1,65000.0,Bachelor,M,2,79193,sales,reaches_CEO,5,0,False
66261,0,348000.0,PhD,M,4,1872,engineering,reaches_CEO,5,0,False
183620,0,232000.0,Bachelor,F,6,5282,sales,reaches_CEO,5,0,False
178023,0,89000.0,PhD,M,1,108164,sales,reaches_CEO,5,0,False
48871,1,308000.0,PhD,M,1,94507,engineering,reaches_CEO,5,0,False
66783,1,133000.0,Bachelor,M,3,20901,engineering,reaches_CEO,5,0,False
130598,0,143000.0,Bachelor,M,2,136468,sales,reaches_CEO,5,0,False
143686,1,280000.0,Bachelor,F,4,16073,marketing,reaches_CEO,5,0,False
76641,0,399000.0,Master,F,8,154285,engineering,reaches_CEO,4,10,True
95403,0,184000.0,Master,M,3,114572,marketing,reaches_CEO,5,0,False
61959,1,295000.0,PhD,M,3,116119,marketing,reaches_CEO,5,0,False
152890,0,149000.0,PhD,M,4,198648,marketing,reaches_CEO,5,0,False
125924,0,321000.0,PhD,F,7,155437,engineering,reaches_CEO,5,0,False
67884,0,119000.0,Master,M,4,39231,HR,reaches_CEO,5,0,False
179998,0,70000.0,High_School,M,2,252,HR,reaches_CEO,5,0,False
137811,0,209000.0,PhD,M,7,132399,sales,reaches_CEO,5,0,False
5729,1,71000.0,PhD,M,3,100373,HR,reaches_CEO,5,0,False
22090,0,63000.0,Master,M,10,156036,marketing,reaches_CEO,4,10,True
178070,1,287000.0,Master,M,2,49729,sales,reaches_CEO,5,0,False
35649,0,127000.0,PhD,M,2,71130,engineering,reaches_CEO,5,0,False
72447,1,147000.0,Bachelor,M,4,87330,engineering,reaches_CEO,5,0,False
93361,0,215000.0,Bachelor,F,7,171499,engineering,reaches_CEO,5,0,False
132309,0,113000.0,High_School,M,5,163049,sales,reaches_CEO,4,12,True
153607,0,227000.0,Bachelor,F,5,69943,sales,reaches_CEO,5,0,False
130018,0,254000.0,PhD,M,3,88007,sales,reaches_CEO,5,0,False
167961,0,230000.0,PhD,F,1,87707,sales,reaches_CEO,5,0,False
158234,0,111000.0,PhD,F,1,178954,engineering,reaches_CEO,5,0,False
171668,1,294000.0,High_School,F,2,147016,sales,reaches_CEO,5,0,False
188953,0,92000.0,Bachelor,F,5,101901,engineering,reaches_CEO,5,0,False
63178,0,249000.0,PhD,F,3,177772,marketing,reaches_CEO,5,0,False
62043,0,86000.0,PhD,M,4,189937,engineering,reaches_CEO,4,12,True
34370,0,173000.0,High_School,F,3,91345,sales,reaches_CEO,5,0,False
63832,0,210000.0,PhD,M,8,167223,marketing,reaches_CEO,4,7,True
185729,0,161000.0,Master,M,1,177489,marketing,reaches_CEO,5,0,False
24163,0,332000.0,Bachelor,F,5,74170,sales,reaches_CEO,5,0,False
40069,1,288000.0,Bachelor,M,2,140542,sales,reaches_CEO,5,0,False
97040,1,115000.0,Master,F,7,95935,HR,reaches_CEO,4,2,True
123521,1,202000.0,Bachelor,M,2,94611,engineering,reaches_CEO,5,0,False
83007,1,67000.0,PhD,F,2,159638,HR,reaches_CEO,5,0,False
146023,0,97000.0,Master,F,8,68998,marketing,reaches_CEO,5,0,False
27975,0,113000.0,Bachelor,M,5,123358,sales,reaches_CEO,5,0,False
181264,1,164000.0,Master,M,7,7349,marketing,reaches_CEO,5,0,False
80043,0,75000.0,Bachelor,F,6,99397,HR,reaches_CEO,4,15,True
89619,0,73000.0,PhD,M,5,26053,HR,reaches_CEO,3,7,True
136660,0,136000.0,PhD,M,7,171499,engineering,reaches_CEO,5,0,False
146600,0,190000.0,Bachelor,M,14,107658,marketing,reaches_CEO,3,5,True
117826,0,122000.0,Bachelor,F,7,147783,sales,reaches_CEO,5,0,False
168331,0,286000.0,Master,F,4,111082,sales,reaches_CEO,5,0,False
188863,1,203000.0,Master,M,9,178314,marketing,reaches_CEO,5,0,False
25090,0,74000.0,Bachelor,F,5,194904,HR,reaches_CEO,5,0,False
191612,0,139000.0,PhD,F,4,115694,engineering,reaches_CEO,5,0,False
197716,0,245000.0,High_School,M,4,73489,sales,reaches_CEO,5,0,False
31813,0,85000.0,Master,F,4,169849,HR,reaches_CEO,5,0,False
166881,1,261000.0,Master,M,4,14470,sales,reaches_CEO,5,0,False
146830,0,87000.0,Bachelor,F,1,104539,HR,reaches_CEO,5,0,False
75093,0,74000.0,PhD,F,3,100373,HR,reaches_CEO,5,0,False
185656,1,228000.0,PhD,M,4,132283,engineering,reaches_CEO,5,0,False
129631,0,331000.0,Bachelor,M,1,157064,marketing,reaches_CEO,5,0,False
132683,0,234000.0,Master,M,8,146629,engineering,reaches_CEO,4,13,True
110844,1,88000.0,Master,M,4,153291,sales,reaches_CEO,5,0,False
35099,1,98000.0,High_School,M,3,122197,engineering,reaches_CEO,5,0,False
131,0,241000.0,PhD,F,7,133420,sales,reaches_CEO,5,0,False
58431,0,267000.0,Bachelor,F,3,55431,sales,reaches_CEO,5,0,False
5506,0,296000.0,Bachelor,M,2,130204,marketing,reaches_CEO,5,0,False
193566,0,229000.0,Master,M,1,167877,sales,reaches_CEO,5,0,False
26800,0,181000.0,Bachelor,M,3,25805,sales,reaches_CEO,5,0,False
122197,1,184000.0,High_School,M,3,145161,engineering,reaches_CEO,4,12,True
1540,0,100000.0,Bachelor,F,5,196660,sales,reaches_CEO,5,0,False
178733,0,196000.0,Master,M,1,75198,marketing,reaches_CEO,5,0,False
135956,1,182000.0,Bachelor,M,5,148984,sales,reaches_CEO,5,0,False
43371,1,81000.0,High_School,M,3,113245,sales,reaches_CEO,5,0,False
35401,1,228000.0,PhD,M,3,160511,marketing,reaches_CEO,5,0,False
59347,0,112000.0,Bachelor,M,7,75705,HR,reaches_CEO,5,0,False
152323,0,166000.0,Bachelor,M,4,193452,sales,reaches_CEO,5,0,False
181704,0,238000.0,PhD,M,4,94039,sales,reaches_CEO,5,0,False
120829,1,61000.0,Master,F,2,113578,marketing,reaches_CEO,5,0,False
159580,0,182000.0,Master,M,2,62161,marketing,reaches_CEO,5,0,False
88784,0,115000.0,Bachelor,F,4,135804,HR,reaches_CEO,5,0,False
108709,1,177000.0,PhD,M,1,30640,engineering,reaches_CEO,5,0,False
77345,1,113000.0,Master,M,1,53374,sales,reaches_CEO,5,0,False
173342,0,363000.0,Master,M,3,51288,engineering,reaches_CEO,5,0,False
52319,0,300000.0,Bachelor,M,3,154897,sales,reaches_CEO,4,14,True
153890,0,283000.0,Bachelor,F,2,146473,marketing,reaches_CEO,5,0,False
156169,0,198000.0,Bachelor,M,1,4110,sales,reaches_CEO,5,0,False
7295,0,112000.0,Master,F,3,80043,HR,reaches_CEO,5,0,False
159926,1,253000.0,Bachelor,F,7,153551,sales,reaches_CEO,5,0,False
161003,0,167000.0,PhD,M,3,23120,marketing,reaches_CEO,5,0,False
102093,0,243000.0,PhD,M,3,148032,sales,reaches_CEO,5,0,False
56391,0,117000.0,Master,F,2,123502,HR,reaches_CEO,5,0,False
134812,0,66000.0,PhD,F,1,5889,HR,reaches_CEO,5,0,False
148120,0,67000.0,Bachelor,M,7,754,HR,reaches_CEO,5,0,False
166097,1,154000.0,High_School,M,1,182556,sales,reaches_CEO,5,0,False
155605,0,121000.0,High_School,M,4,146404,marketing,reaches_CEO,5,0,False
76894,0,268000.0,Master,M,3,161727,engineering,reaches_CEO,5,0,False
172196,1,61000.0,PhD,M,1,96060,HR,reaches_CEO,5,0,False
133734,0,222000.0,PhD,M,8,77866,marketing,reaches_CEO,5,0,False
76028,0,83000.0,Master,F,1,14226,HR,reaches_CEO,5,0,False
172626,0,117000.0,Bachelor,M,6,48742,engineering,reaches_CEO,5,0,False
32940,0,216000.0,Master,M,1,121419,engineering,reaches_CEO,5,0,False
55286,0,166000.0,High_School,M,2,133420,sales,reaches_CEO,5,0,False
151838,0,161000.0,Master,M,8,3917,sales,reaches_CEO,4,9,True
65239,0,85000.0,Master,F,4,21470,marketing,reaches_CEO,5,0,False
156964,0,83000.0,High_School,M,1,198648,marketing,reaches_CEO,5,0,False
160175,0,61000.0,Master,F,4,54315,sales,reaches_CEO,5,0,False
178602,0,370000.0,Bachelor,F,7,37220,engineering,reaches_CEO,5,0,False
129381,0,211000.0,PhD,M,8,142146,sales,reaches_CEO,3,2,True
68808,0,260000.0,Master,M,2,5374,sales,reaches_CEO,5,0,False
86864,0,191000.0,High_School,F,2,53374,sales,reaches_CEO,5,0,False
41730,0,129000.0,PhD,M,4,55972,HR,reaches_CEO,5,0,False
107735,0,144000.0,Master,M,3,136861,sales,reaches_CEO,5,0,False
28676,0,99000.0,Bachelor,M,2,191485,sales,reaches_CEO,5,0,False
49853,1,66000.0,Bachelor,M,4,31063,HR,reaches_CEO,5,0,False
30935,0,133000.0,PhD,F,1,53374,sales,reaches_CEO,5,0,False
82123,0,368000.0,Bachelor,M,3,87330,engineering,reaches_CEO,5,0,False
82830,0,62000.0,High_School,M,6,88370,HR,reaches_CEO,5,0,False
122834,0,63000.0,Bachelor,F,3,53826,HR,reaches_CEO,5,0,False
85495,1,102000.0,PhD,F,4,64087,HR,reaches_CEO,5,0,False
9152,1,191000.0,High_School,M,1,198403,sales,reaches_CEO,5,0,False
90973,0,312000.0,Bachelor,M,3,155437,engineering,reaches_CEO,5,0,False
53283,0,287000.0,PhD,F,5,198403,sales,reaches_CEO,5,0,False
177448,1,301000.0,PhD,F,3,95841,engineering,reaches_CEO,5,0,False
35707,0,182000.0,Master,M,1,130449,sales,reaches_CEO,5,0,False
29010,0,293000.0,High_School,M,3,159906,sales,reaches_CEO,5,0,False
123051,0,69000.0,High_School,F,2,66420,HR,reaches_CEO,5,0,False
30238,0,263000.0,Master,F,5,149970,marketing,reaches_CEO,5,0,False
198765,0,175000.0,Master,M,3,79807,engineering,reaches_CEO,5,0,False
25805,1,195000.0,Bachelor,F,13,8665,sales,reaches_CEO,4,5,True
37286,0,211000.0,Master,M,5,148418,engineering,reaches_CEO,5,0,False
170431,0,327000.0,Master,M,2,5692,marketing,reaches_CEO,4,5,True
160647,0,310000.0,Bachelor,F,5,62081,sales,reaches_CEO,5,0,False
87762,1,385000.0,PhD,M,5,154897,sales,reaches_CEO,4,11,True
78516,0,79000.0,PhD,M,8,164851,sales,reaches_CEO,4,13,True
37124,0,158000.0,Bachelor,F,10,120639,sales,reaches_CEO,4,10,True
61753,0,72000.0,Bachelor,M,4,8812,HR,reaches_CEO,5,0,False
133420,1,253000.0,PhD,F,9,120639,sales,reaches_CEO,4,10,True
17423,1,207000.0,Master,M,2,23565,sales,reaches_CEO,5,0,False
56726,0,265000.0,Bachelor,M,3,19806,sales,reaches_CEO,5,0,False
196259,1,113000.0,High_School,M,1,173939,marketing,reaches_CEO,5,0,False
110263,1,214000.0,High_School,M,1,184998,sales,reaches_CEO,5,0,False
30786,0,74000.0,PhD,F,3,141211,HR,reaches_CEO,5,0,False
128544,0,62000.0,High_School,M,5,122762,sales,reaches_CEO,5,0,False
131696,0,258000.0,PhD,M,3,170922,sales,reaches_CEO,5,0,False
181199,0,251000.0,Master,F,5,51288,engineering,reaches_CEO,5,0,False
172522,0,158000.0,PhD,F,2,93223,engineering,reaches_CEO,5,0,False
81163,0,92000.0,Bachelor,M,1,71987,HR,reaches_CEO,5,0,False
535,1,360000.0,PhD,M,3,71945,engineering,reaches_CEO,5,0,False
57140,1,198000.0,Bachelor,M,6,162381,engineering,reaches_CEO,5,0,False
137748,0,104000.0,Bachelor,M,6,175548,HR,reaches_CEO,5,0,False
46328,0,181000.0,High_School,F,5,158777,marketing,reaches_CEO,5,0,False
110588,1,184000.0,Master,M,1,101819,engineering,reaches_CEO,5,0,False
15818,1,144000.0,Master,F,4,111508,marketing,reaches_CEO,5,0,False
123732,0,93000.0,PhD,F,3,87707,sales,reaches_CEO,5,0,False
2256,0,69000.0,PhD,M,2,66591,sales,reaches_CEO,5,0,False
103394,0,83000.0,PhD,M,7,39231,HR,reaches_CEO,5,0,False
87805,1,207000.0,PhD,F,2,148795,engineering,reaches_CEO,5,0,False
149056,0,241000.0,Bachelor,M,4,126257,engineering,reaches_CEO,5,0,False
52425,1,208000.0,Master,F,2,8711,marketing,reaches_CEO,5,0,False
85426,0,63000.0,PhD,M,3,24015,HR,reaches_CEO,4,13,True
82045,0,268000.0,PhD,M,4,94683,marketing,reaches_CEO,5,0,False
28516,0,196000.0,Master,M,1,181219,marketing,reaches_CEO,5,0,False
180032,0,95000.0,Bachelor,M,2,29712,engineering,reaches_CEO,5,0,False
43468,1,62000.0,High_School,M,2,52525,engineering,reaches_CEO,5,0,False
24843,1,164000.0,High_School,M,6,102043,marketing,reaches_CEO,5,0,False
186086,1,260000.0,Master,M,2,184512,engineering,reaches_CEO,4,15,True
122414,0,83000.0,PhD,F,2,9400,HR,reaches_CEO,5,0,False
187369,0,248000.0,Master,M,4,103448,sales,reaches_CEO,5,0,False
4863,0,327000.0,PhD,F,2,152791,sales,reaches_CEO,5,0,False
184453,0,223000.0,Bachelor,M,4,135846,sales,reaches_CEO,5,0,False
65690,1,286000.0,Bachelor,M,5,35499,sales,reaches_CEO,5,0,False
19642,0,228000.0,Master,F,4,144928,sales,reaches_CEO,5,0,False
136617,0,123000.0,Master,M,3,51121,HR,reaches_CEO,5,0,False
116180,1,228000.0,Master,F,7,113589,engineering,reaches_CEO,4,16,True
72326,0,207000.0,Master,M,4,133927,engineering,reaches_CEO,5,0,False
163843,0,259000.0,High_School,M,2,152791,sales,reaches_CEO,5,0,False
93194,1,113000.0,Bachelor,M,1,48912,engineering,reaches_CEO,5,0,False
46178,1,126000.0,Bachelor,M,5,42270,engineering,reaches_CEO,4,11,True
22846,0,106000.0,Master,M,3,20828,marketing,reaches_CEO,5,0,False
79007,0,236000.0,PhD,F,4,52796,sales,reaches_CEO,5,0,False
150204,1,292000.0,Bachelor,M,4,116180,engineering,reaches_CEO,5,0,False
155992,1,152000.0,Bachelor,M,3,128966,sales,reaches_CEO,5,0,False
84737,1,222000.0,PhD,M,2,103912,sales,reaches_CEO,5,0,False
15756,0,326000.0,Master,M,1,160476,sales,reaches_CEO,5,0,False
138954,0,209000.0,PhD,M,3,123358,sales,reaches_CEO,5,0,False
155903,1,106000.0,Master,M,4,189890,engineering,reaches_CEO,5,0,False
142295,0,194000.0,Bachelor,M,5,147642,sales,reaches_CEO,5,0,False
60038,0,242000.0,PhD,M,2,47472,engineering,reaches_CEO,5,0,False
124044,0,212000.0,Master,F,6,26183,sales,reaches_CEO,5,0,False
61331,0,184000.0,High_School,F,3,25934,engineering,reaches_CEO,5,0,False
92210,1,283000.0,Bachelor,M,14,78493,sales,reaches_CEO,4,10,True
91860,0,266000.0,High_School,M,4,194078,marketing,reaches_CEO,5,0,False
159129,0,80000.0,PhD,F,6,142630,HR,reaches_CEO,5,0,False
73716,0,132000.0,Master,F,2,65856,sales,reaches_CEO,5,0,False
150098,1,150000.0,Master,M,1,190249,marketing,reaches_CEO,5,0,False
65682,0,378000.0,PhD,F,2,167650,engineering,reaches_CEO,5,0,False
175388,0,186000.0,High_School,F,6,34714,sales,reaches_CEO,5,0,False
104399,0,170000.0,PhD,M,5,190060,sales,reaches_CEO,5,0,False
103421,1,237000.0,PhD,F,9,5342,engineering,reaches_CEO,4,19,True
27441,1,173000.0,Master,M,8,80128,sales,reaches_CEO,5,0,False
192998,0,127000.0,Bachelor,F,9,88303,sales,reaches_CEO,5,0,False
99387,0,84000.0,Master,F,3,144401,sales,reaches_CEO,5,0,False
23051,0,133000.0,Master,M,4,69379,sales,reaches_CEO,5,0,False
171970,1,93000.0,PhD,M,3,108164,sales,reaches_CEO,5,0,False
171579,0,323000.0,Bachelor,M,2,121527,marketing,reaches_CEO,5,0,False
69892,1,317000.0,Bachelor,M,2,140393,engineering,reaches_CEO,5,0,False
169744,0,65000.0,Bachelor,M,2,55636,HR,reaches_CEO,5,0,False
151188,0,352000.0,High_School,M,8,68532,engineering,reaches_CEO,5,0,False
45967,0,208000.0,Master,M,3,136468,sales,reaches_CEO,5,0,False
31169,1,61000.0,Master,M,2,4384,HR,reaches_CEO,5,0,False
69184,0,100000.0,Bachelor,F,5,171461,HR,reaches_CEO,5,0,False
131100,1,142000.0,Master,F,4,140061,sales,reaches_CEO,5,0,False
174535,0,235000.0,PhD,M,2,148032,sales,reaches_CEO,5,0,False
106642,1,212000.0,Bachelor,M,6,48912,engineering,reaches_CEO,5,0,False
142367,0,62000.0,PhD,M,6,181201,sales,reaches_CEO,4,12,True
196953,0,288000.0,Bachelor,M,2,76135,marketing,reaches_CEO,5,0,False
31200,0,188000.0,PhD,M,2,58522,engineering,reaches_CEO,5,0,False
92048,0,138000.0,High_School,M,5,135848,marketing,reaches_CEO,5,0,False
60851,0,84000.0,Master,M,3,167188,HR,reaches_CEO,5,0,False
73152,0,274000.0,Bachelor,M,3,92765,engineering,reaches_CEO,5,0,False
136437,0,153000.0,Master,F,4,7212,marketing,reaches_CEO,5,0,False
54341,1,181000.0,High_School,F,3,160169,sales,reaches_CEO,5,0,False
84609,1,213000.0,Bachelor,M,4,198240,sales,reaches_CEO,5,0,False
18455,1,179000.0,PhD,M,2,157966,marketing,reaches_CEO,5,0,False
78222,1,328000.0,Bachelor,F,3,67931,engineering,reaches_CEO,5,0,False
33901,1,86000.0,High_School,F,1,175365,marketing,reaches_CEO,5,0,False
83551,0,307000.0,High_School,M,5,110878,engineering,reaches_CEO,5,0,False
49953,0,200000.0,High_School,F,3,144401,sales,reaches_CEO,5,0,False
146678,0,118000.0,Master,M,3,183045,engineering,reaches_CEO,5,0,False
100280,1,173000.0,PhD,F,2,71945,engineering,reaches_CEO,5,0,False
75583,1,238000.0,High_School,F,2,92403,sales,reaches_CEO,5,0,False
23442,0,212000.0,Master,M,3,144401,sales,reaches_CEO,5,0,False
198093,0,216000.0,Bachelor,M,2,98931,marketing,reaches_CEO,5,0,False
116774,0,128000.0,High_School,M,11,71595,engineering,reaches_CEO,4,10,True
59823,0,164000.0,Master,F,5,52319,sales,reaches_CEO,5,0,False
154030,0,89000.0,PhD,F,5,131063,marketing,reaches_CEO,5,0,False
141265,1,204000.0,Bachelor,M,3,39417,engineering,reaches_CEO,5,0,False
166591,1,136000.0,Bachelor,M,8,17395,sales,reaches_CEO,4,11,True
119513,1,131000.0,Master,M,3,75198,marketing,reaches_CEO,5,0,False
107299,0,202000.0,Master,F,2,147783,sales,reaches_CEO,5,0,False
160003,0,237000.0,High_School,M,3,137369,sales,reaches_CEO,5,0,False
173732,1,118000.0,Bachelor,M,5,101981,sales,reaches_CEO,5,0,False
184361,0,203000.0,PhD,M,2,172947,marketing,reaches_CEO,5,0,False
135446,0,63000.0,PhD,F,4,184885,HR,reaches_CEO,5,0,False
37220,0,195000.0,Bachelor,M,9,7558,engineering,reaches_CEO,4,10,True
177495,0,113000.0,Master,M,10,39785,HR,reaches_CEO,4,11,True
149807,0,315000.0,PhD,M,3,81644,engineering,reaches_CEO,5,0,False
22938,0,206000.0,PhD,F,3,124186,marketing,reaches_CEO,5,0,False
106167,1,237000.0,Master,F,5,52920,sales,reaches_CEO,5,0,False
198996,1,102000.0,Master,M,1,30468,engineering,reaches_CEO,5,0,False
74818,1,69000.0,PhD,M,6,181310,sales,reaches_CEO,4,9,True
39199,1,82000.0,Master,F,7,194904,HR,reaches_CEO,5,0,False
29231,1,259000.0,Bachelor,M,2,175434,sales,reaches_CEO,5,0,False
196521,0,210000.0,PhD,M,4,146473,marketing,reaches_CEO,5,0,False
175310,0,74000.0,Master,M,2,75705,HR,reaches_CEO,5,0,False
197361,0,135000.0,Bachelor,M,5,169271,marketing,reaches_CEO,5,0,False
31544,0,267000.0,Master,M,1,179212,marketing,reaches_CEO,5,0,False
4553,0,109000.0,Bachelor,M,4,174092,sales,reaches_CEO,5,0,False
127727,1,332000.0,Master,M,1,58365,marketing,reaches_CEO,5,0,False
137131,0,340000.0,PhD,F,3,191351,marketing,reaches_CEO,5,0,False
79438,1,376000.0,Bachelor,M,1,122567,engineering,reaches_CEO,5,0,False
139383,1,373000.0,PhD,F,1,30468,engineering,reaches_CEO,5,0,False
158450,1,233000.0,High_School,M,5,138772,sales,reaches_CEO,5,0,False
23250,1,130000.0,Master,M,9,162381,engineering,reaches_CEO,5,0,False
115856,0,157000.0,Master,F,5,3235,sales,reaches_CEO,4,14,True
195222,0,147000.0,High_School,M,3,26505,marketing,reaches_CEO,5,0,False
60373,0,190000.0,Master,F,2,155485,marketing,reaches_CEO,4,9,True
63908,0,135000.0,Master,F,1,7255,engineering,reaches_CEO,5,0,False
52260,0,86000.0,Bachelor,M,1,52923,sales,reaches_CEO,5,0,False
185623,0,112000.0,Master,M,7,22090,marketing,reaches_CEO,5,0,False
52993,1,178000.0,High_School,M,1,71585,sales,reaches_CEO,5,0,False
65539,1,128000.0,High_School,M,6,71945,engineering,reaches_CEO,5,0,False
188629,0,202000.0,PhD,M,3,61811,sales,reaches_CEO,5,0,False
144947,1,93000.0,High_School,F,1,154375,HR,reaches_CEO,5,0,False
166255,1,263000.0,Bachelor,F,1,69200,sales,reaches_CEO,5,0,False
110950,0,284000.0,Bachelor,M,4,165717,sales,reaches_CEO,5,0,False
143748,0,185000.0,Bachelor,F,4,148032,sales,reaches_CEO,5,0,False
42085,0,262000.0,Master,M,5,134536,engineering,reaches_CEO,5,0,False
29547,1,80000.0,Bachelor,F,6,47553,engineering,reaches_CEO,4,12,True
12305,0,278000.0,Bachelor,M,3,132026,marketing,reaches_CEO,5,0,False
21692,0,212000.0,PhD,M,6,166729,marketing,reaches_CEO,5,0,False
159339,1,261000.0,Master,M,1,53374,sales,reaches_CEO,5,0,False
25031,1,130000.0,PhD,M,1,145710,engineering,reaches_CEO,5,0,False
174429,1,145000.0,PhD,M,6,126257,engineering,reaches_CEO,5,0,False
78694,0,242000.0,High_School,M,1,160511,marketing,reaches_CEO,5,0,False
157111,0,187000.0,Bachelor,M,2,5282,sales,reaches_CEO,5,0,False
196442,1,183000.0,PhD,M,1,65856,sales,reaches_CEO,5,0,False
71889,0,325000.0,Master,M,24,93708,HR,reaches_CEO,2,8,True
56468,1,138000.0,Master,M,7,52920,sales,reaches_CEO,5,0,False
95617,0,62000.0,Master,M,3,73254,HR,reaches_CEO,5,0,False
73011,0,66000.0,Bachelor,F,1,47748,HR,reaches_CEO,5,0,False
197082,1,248000.0,PhD,M,3,55431,sales,reaches_CEO,5,0,False
74904,0,302000.0,High_School,F,3,53374,sales,reaches_CEO,5,0,False
127433,0,72000.0,High_School,F,1,142630,HR,reaches_CEO,5,0,False
148249,1,100000.0,High_School,M,7,198240,sales,reaches_CEO,5,0,False
17304,0,185000.0,Master,F,5,68998,marketing,reaches_CEO,5,0,False
46442,0,87000.0,Bachelor,M,1,59327,HR,reaches_CEO,5,0,False
147249,1,336000.0,Master,F,3,27660,engineering,reaches_CEO,4,18,True
77636,1,324000.0,Bachelor,M,1,93223,engineering,reaches_CEO,5,0,False
24962,0,192000.0,High_School,F,3,146404,marketing,reaches_CEO,5,0,False
90925,0,126000.0,PhD,F,7,132187,engineering,reaches_CEO,5,0,False
71316,0,315000.0,Bachelor,M,1,160511,marketing,reaches_CEO,5,0,False
183701,0,178000.0,Bachelor,F,2,158888,sales,reaches_CEO,5,0,False
23729,0,84000.0,Master,F,2,61443,HR,reaches_CEO,5,0,False
100944,0,89000.0,PhD,F,4,27018,HR,reaches_CEO,5,0,False
4815,0,136000.0,PhD,M,2,182038,sales,reaches_CEO,5,0,False
192129,1,293000.0,Master,F,1,167650,engineering,reaches_CEO,5,0,False
19233,0,286000.0,Bachelor,M,5,7349,marketing,reaches_CEO,5,0,False
57283,1,278000.0,High_School,M,1,123358,sales,reaches_CEO,5,0,False
156026,0,100000.0,Bachelor,M,2,142850,sales,reaches_CEO,5,0,False
164074,1,206000.0,Bachelor,M,6,116180,engineering,reaches_CEO,5,0,False
33727,0,233000.0,Master,M,4,199184,sales,reaches_CEO,5,0,False
4736,1,207000.0,Bachelor,M,7,79735,engineering,reaches_CEO,5,0,False
70024,0,72000.0,PhD,F,3,160289,sales,reaches_CEO,5,0,False
140107,1,171000.0,Bachelor,F,3,154170,engineering,reaches_CEO,5,0,False
142895,1,264000.0,Bachelor,M,1,29547,engineering,reaches_CEO,5,0,False
195220,0,135000.0,PhD,M,3,122145,engineering,reaches_CEO,5,0,False
190316,1,279000.0,Master,F,3,103421,engineering,reaches_CEO,5,0,False
59566,1,156000.0,PhD,F,8,125855,HR,reaches_CEO,3,6,True
57148,0,207000.0,Bachelor,M,3,168905,engineering,reaches_CEO,5,0,False
53826,1,68000.0,Bachelor,F,6,185138,HR,reaches_CEO,4,14,True
101952,0,253000.0,PhD,M,2,41991,sales,reaches_CEO,5,0,False
181248,0,251000.0,Bachelor,F,3,48912,engineering,reaches_CEO,5,0,False
168672,0,171000.0,Master,M,1,10773,engineering,reaches_CEO,5,0,False
45022,0,185000.0,Master,M,3,154703,engineering,reaches_CEO,5,0,False
93720,1,110000.0,PhD,M,7,102712,sales,reaches_CEO,5,0,False
19152,1,289000.0,Master,M,1,79934,engineering,reaches_CEO,5,0,False
155485,0,381000.0,PhD,M,15,40920,marketing,reaches_CEO,3,6,True
180411,0,139000.0,Bachelor,M,7,49729,sales,reaches_CEO,5,0,False
15132,0,283000.0,Bachelor,M,2,180854,sales,reaches_CEO,5,0,False
176953,1,283000.0,High_School,F,2,41721,marketing,reaches_CEO,5,0,False
7531,1,131000.0,PhD,M,7,152500,HR,reaches_CEO,3,2,True
183625,0,103000.0,PhD,M,1,30640,engineering,reaches_CEO,5,0,False
16527,0,87000.0,High_School,F,3,43937,HR,reaches_CEO,5,0,False
64637,0,300000.0,Bachelor,F,3,34163,sales,reaches_CEO,5,0,False
68085,1,177000.0,PhD,F,1,158777,marketing,reaches_CEO,5,0,False
19354,0,117000.0,PhD,F,8,166928,engineering,reaches_CEO,5,0,False
106586,1,237000.0,Master,M,8,70547,marketing,reaches_CEO,5,0,False
153748,0,196000.0,Master,M,5,85791,sales,reaches_CEO,5,0,False
153174,0,256000.0,High_School,M,2,75045,marketing,reaches_CEO,5,0,False
81391,1,199000.0,PhD,M,3,101981,sales,reaches_CEO,5,0,False
60304,1,273000.0,Master,M,4,50679,sales,reaches_CEO,5,0,False
165665,0,176000.0,Master,F,2,138432,sales,reaches_CEO,5,0,False
188562,0,71000.0,Master,F,6,184885,HR,reaches_CEO,5,0,False
133710,0,361000.0,PhD,M,1,128447,engineering,reaches_CEO,5,0,False
59028,0,328000.0,PhD,M,6,169231,sales,reaches_CEO,5,0,False
22557,1,240000.0,PhD,F,1,155570,marketing,reaches_CEO,5,0,False
149778,1,177000.0,Bachelor,M,10,110464,marketing,reaches_CEO,2,4,True
37154,0,344000.0,PhD,M,6,138045,marketing,reaches_CEO,3,8,True
17538,1,195000.0,High_School,M,1,60373,marketing,reaches_CEO,5,0,False
66489,0,365000.0,Bachelor,M,3,108428,engineering,reaches_CEO,5,0,False
18725,0,130000.0,PhD,M,1,130585,sales,reaches_CEO,5,0,False
49994,0,91000.0,Bachelor,F,2,150290,HR,reaches_CEO,5,0,False
147454,1,181000.0,PhD,M,1,4421,sales,reaches_CEO,5,0,False
156985,1,211000.0,PhD,M,3,189222,engineering,reaches_CEO,5,0,False
147796,0,79000.0,Bachelor,F,1,32405,HR,reaches_CEO,5,0,False
132397,0,160000.0,PhD,M,6,70547,marketing,reaches_CEO,5,0,False
139857,0,115000.0,Bachelor,M,3,84193,marketing,reaches_CEO,5,0,False
58186,1,199000.0,High_School,M,3,79735,engineering,reaches_CEO,5,0,False
108269,0,273000.0,High_School,F,7,102632,marketing,reaches_CEO,5,0,False
107617,1,107000.0,PhD,F,2,21377,sales,reaches_CEO,5,0,False
86202,0,157000.0,Bachelor,M,4,81811,sales,reaches_CEO,5,0,False
118671,0,286000.0,Bachelor,F,1,74170,sales,reaches_CEO,5,0,False
182098,0,98000.0,Bachelor,F,8,196490,HR,reaches_CEO,5,0,False
131390,1,159000.0,Bachelor,F,3,123258,marketing,reaches_CEO,5,0,False
97597,0,125000.0,PhD,F,6,197206,marketing,reaches_CEO,5,0,False
76682,0,256000.0,Bachelor,M,2,120381,sales,reaches_CEO,5,0,False
117458,0,172000.0,Master,M,1,198814,marketing,reaches_CEO,5,0,False
145759,0,85000.0,PhD,M,4,21086,HR,reaches_CEO,5,0,False
119126,0,75000.0,PhD,M,1,178147,HR,reaches_CEO,5,0,False
119894,0,192000.0,Master,F,5,61811,sales,reaches_CEO,5,0,False
47612,0,241000.0,High_School,M,3,77844,sales,reaches_CEO,5,0,False
25916,0,133000.0,Master,M,2,32938,engineering,reaches_CEO,5,0,False
134431,0,100000.0,Master,F,6,67178,HR,reaches_CEO,5,0,False
24015,0,134000.0,PhD,F,20,125855,HR,reaches_CEO,3,7,True
124186,1,263000.0,Master,M,11,103443,marketing,reaches_CEO,4,9,True
65126,1,236000.0,Master,M,13,125912,marketing,reaches_CEO,4,8,True
65093,0,94000.0,Bachelor,M,6,138432,sales,reaches_CEO,5,0,False
34852,0,247000.0,Master,F,2,32159,sales,reaches_CEO,5,0,False
89472,0,100000.0,High_School,M,5,30488,marketing,reaches_CEO,5,0,False
29065,1,97000.0,PhD,F,6,89523,sales,reaches_CEO,5,0,False
65729,0,259000.0,Master,M,4,65883,marketing,reaches_CEO,5,0,False
190304,1,77000.0,Bachelor,F,2,55972,HR,reaches_CEO,5,0,False
159996,0,133000.0,Bachelor,M,4,94362,sales,reaches_CEO,4,13,True
128292,0,210000.0,High_School,F,3,43858,engineering,reaches_CEO,5,0,False
110811,0,136000.0,PhD,M,2,168905,engineering,reaches_CEO,5,0,False
132187,1,231000.0,Master,M,9,146629,engineering,reaches_CEO,4,9,True
135032,0,70000.0,Master,F,1,23737,HR,reaches_CEO,5,0,False
134358,1,331000.0,Master,F,1,71945,engineering,reaches_CEO,5,0,False
134774,1,320000.0,Master,M,1,79193,sales,reaches_CEO,5,0,False
102347,0,206000.0,Master,M,9,75198,marketing,reaches_CEO,5,0,False
95522,0,269000.0,High_School,F,13,91869,marketing,reaches_CEO,4,16,True
5438,0,269000.0,PhD,M,1,103448,sales,reaches_CEO,5,0,False
141053,0,230000.0,Master,F,5,10922,sales,reaches_CEO,5,0,False
66558,0,118000.0,PhD,F,1,52920,sales,reaches_CEO,5,0,False
158575,0,132000.0,PhD,F,2,190065,marketing,reaches_CEO,5,0,False
117021,0,214000.0,Master,M,8,183045,engineering,reaches_CEO,5,0,False
36624,1,339000.0,Bachelor,M,1,92765,engineering,reaches_CEO,5,0,False
65743,0,277000.0,PhD,F,2,92403,sales,reaches_CEO,5,0,False
35392,0,308000.0,High_School,F,2,81111,engineering,reaches_CEO,5,0,False
95679,0,108000.0,High_School,F,2,182996,sales,reaches_CEO,5,0,False
188979,0,369000.0,High_School,M,5,94611,engineering,reaches_CEO,5,0,False
24686,0,261000.0,PhD,M,5,26183,sales,reaches_CEO,5,0,False
2721,0,118000.0,Master,M,2,111508,marketing,reaches_CEO,5,0,False
177090,0,225000.0,Bachelor,F,4,98558,engineering,reaches_CEO,5,0,False
49176,0,234000.0,PhD,M,4,35499,sales,reaches_CEO,5,0,False
197373,0,217000.0,Bachelor,M,3,175361,sales,reaches_CEO,5,0,False
102217,0,217000.0,PhD,M,5,123000,sales,reaches_CEO,5,0,False
194090,1,331000.0,PhD,M,9,47863,engineering,reaches_CEO,5,0,False
20386,0,81000.0,Bachelor,M,4,96060,HR,reaches_CEO,5,0,False
159048,0,133000.0,Master,M,3,87707,sales,reaches_CEO,5,0,False
197970,1,273000.0,High_School,F,2,15277,engineering,reaches_CEO,5,0,False
174477,0,316000.0,Master,M,5,59353,engineering,reaches_CEO,5,0,False
192742,0,290000.0,High_School,M,5,84828,engineering,reaches_CEO,5,0,False
51780,0,316000.0,PhD,F,6,79934,engineering,reaches_CEO,5,0,False
33323,1,81000.0,Bachelor,F,1,59327,HR,reaches_CEO,5,0,False
55428,1,164000.0,PhD,F,3,127544,sales,reaches_CEO,5,0,False
160885,0,162000.0,Master,F,1,67522,sales,reaches_CEO,5,0,False
8153,0,112000.0,PhD,F,1,142630,HR,reaches_CEO,5,0,False
85643,0,174000.0,Bachelor,M,6,34977,sales,reaches_CEO,5,0,False
135095,0,349000.0,Master,M,1,123387,sales,reaches_CEO,5,0,False
164356,0,79000.0,Master,M,2,14465,HR,reaches_CEO,5,0,False
180151,0,250000.0,Master,M,3,129734,engineering,reaches_CEO,5,0,False
141647,1,271000.0,Bachelor,M,1,109254,sales,reaches_CEO,5,0,False
42366,0,193000.0,Master,M,6,52920,sales,reaches_CEO,5,0,False
107116,0,192000.0,PhD,M,1,197206,marketing,reaches_CEO,5,0,False
22726,0,65000.0,High_School,F,3,107694,HR,reaches_CEO,5,0,False
127045,1,136000.0,Bachelor,M,1,193763,engineering,reaches_CEO,5,0,False
21274,0,235000.0,Master,F,6,71115,engineering,reaches_CEO,5,0,False
124364,1,184000.0,Master,F,3,156927,marketing,reaches_CEO,5,0,False
65334,0,202000.0,Master,M,1,103014,engineering,reaches_CEO,5,0,False
103501,0,203000.0,High_School,F,5,159906,sales,reaches_CEO,5,0,False
31251,1,85000.0,PhD,M,8,57185,engineering,reaches_CEO,5,0,False
194744,0,303000.0,PhD,M,2,78516,sales,reaches_CEO,5,0,False
87419,0,126000.0,Bachelor,F,3,5374,sales,reaches_CEO,5,0,False
18478,0,127000.0,Bachelor,M,7,154381,sales,reaches_CEO,5,0,False
122893,0,218000.0,PhD,M,5,74170,sales,reaches_CEO,5,0,False
111133,1,280000.0,PhD,M,2,57938,engineering,reaches_CEO,5,0,False
55105,1,213000.0,Master,M,6,3260,engineering,reaches_CEO,5,0,False
20707,0,181000.0,High_School,M,1,138772,sales,reaches_CEO,5,0,False
6275,0,325000.0,Bachelor,M,2,129734,engineering,reaches_CEO,5,0,False
31140,0,243000.0,Master,M,8,37124,sales,reaches_CEO,5,0,False
169615,0,117000.0,Bachelor,M,2,112750,engineering,reaches_CEO,5,0,False
145071,1,112000.0,PhD,F,2,53390,sales,reaches_CEO,5,0,False
59062,0,315000.0,Bachelor,M,3,166928,engineering,reaches_CEO,5,0,False
15732,0,184000.0,Bachelor,M,3,177772,marketing,reaches_CEO,5,0,False
26639,0,195000.0,Bachelor,F,5,77866,marketing,reaches_CEO,5,0,False
64050,0,137000.0,PhD,F,2,169231,sales,reaches_CEO,5,0,False
55188,0,68000.0,PhD,F,3,119302,HR,reaches_CEO,5,0,False
27662,0,365000.0,High_School,M,2,87929,sales,reaches_CEO,5,0,False
5993,1,100000.0,Bachelor,F,1,196490,HR,reaches_CEO,5,0,False
125755,1,223000.0,Master,M,11,158490,marketing,reaches_CEO,4,9,True
77952,0,153000.0,Master,M,6,118329,sales,reaches_CEO,5,0,False
24499,0,204000.0,PhD,F,2,51288,engineering,reaches_CEO,5,0,False
137984,1,178000.0,High_School,M,3,78215,sales,reaches_CEO,5,0,False
141840,0,118000.0,PhD,M,3,48352,engineering,reaches_CEO,5,0,False
13036,0,97000.0,High_School,M,2,123154,HR,reaches_CEO,5,0,False
92551,0,213000.0,Master,F,5,5282,sales,reaches_CEO,5,0,False
148774,0,224000.0,PhD,M,6,6335,sales,reaches_CEO,5,0,False
189423,0,299000.0,PhD,M,1,147783,sales,reaches_CEO,5,0,False
85469,0,63000.0,Bachelor,M,7,172541,HR,reaches_CEO,5,0,False
34992,0,72000.0,Master,F,1,88370,HR,reaches_CEO,5,0,False
109344,0,306000.0,PhD,M,3,98931,marketing,reaches_CEO,5,0,False
194994,1,141000.0,Master,M,8,133858,engineering,reaches_CEO,5,0,False
86935,1,160000.0,Bachelor,F,3,140061,sales,reaches_CEO,5,0,False
95598,1,261000.0,High_School,M,6,79193,sales,reaches_CEO,5,0,False
183175,1,169000.0,PhD,M,10,197876,sales,reaches_CEO,3,6,True
122297,0,252000.0,Bachelor,M,1,41335,engineering,reaches_CEO,5,0,False
68643,0,86000.0,High_School,F,2,9400,HR,reaches_CEO,5,0,False
132002,0,244000.0,Master,M,7,103421,engineering,reaches_CEO,5,0,False
55102,1,194000.0,Master,M,1,28979,sales,reaches_CEO,5,0,False
77277,1,182000.0,Master,F,2,124014,sales,reaches_CEO,5,0,False
85096,0,252000.0,Master,F,3,122197,engineering,reaches_CEO,5,0,False
131488,0,279000.0,High_School,M,6,66453,engineering,reaches_CEO,5,0,False
195795,0,217000.0,PhD,F,3,59535,sales,reaches_CEO,4,9,True
169355,1,285000.0,Master,M,2,156010,engineering,reaches_CEO,5,0,False
11020,1,358000.0,High_School,F,4,193518,sales,reaches_CEO,5,0,False
149768,0,238000.0,PhD,M,4,102632,marketing,reaches_CEO,5,0,False
178459,1,190000.0,High_School,M,2,136147,sales,reaches_CEO,5,0,False
16501,0,162000.0,Master,M,2,136468,sales,reaches_CEO,5,0,False
70216,1,207000.0,Bachelor,M,3,147819,sales,reaches_CEO,5,0,False
140393,1,182000.0,Master,F,2,117030,engineering,reaches_CEO,4,11,True
125605,1,365000.0,PhD,F,2,118769,engineering,reaches_CEO,5,0,False
47923,1,371000.0,High_School,M,3,149135,engineering,reaches_CEO,5,0,False
126754,0,350000.0,Master,F,4,1050,engineering,reaches_CEO,5,0,False
65245,1,60000.0,PhD,M,5,78874,sales,reaches_CEO,5,0,False
74363,0,144000.0,Master,M,5,82463,marketing,reaches_CEO,5,0,False
26893,1,73000.0,Bachelor,M,1,144927,sales,reaches_CEO,5,0,False
118685,0,190000.0,PhD,F,1,162035,sales,reaches_CEO,5,0,False
192080,0,154000.0,PhD,M,3,185982,sales,reaches_CEO,5,0,False
109284,0,85000.0,High_School,F,2,44056,HR,reaches_CEO,5,0,False
169469,0,155000.0,High_School,F,3,145126,sales,reaches_CEO,5,0,False
25456,1,81000.0,PhD,F,2,7095,HR,reaches_CEO,5,0,False
111387,0,63000.0,High_School,F,5,175548,HR,reaches_CEO,5,0,False
25606,0,85000.0,Bachelor,F,1,130135,HR,reaches_CEO,5,0,False
191718,1,214000.0,PhD,M,1,103981,marketing,reaches_CEO,5,0,False
187248,1,291000.0,Master,M,3,54315,sales,reaches_CEO,5,0,False
195435,0,183000.0,PhD,M,4,184998,sales,reaches_CEO,5,0,False
68841,1,137000.0,Bachelor,M,3,137776,engineering,reaches_CEO,5,0,False
53553,0,148000.0,Bachelor,M,5,181421,sales,reaches_CEO,5,0,False
60797,0,234000.0,Bachelor,F,8,7966,sales,reaches_CEO,5,0,False
124988,0,65000.0,Master,F,3,139278,HR,reaches_CEO,5,0,False
147715,1,199000.0,PhD,M,11,24691,sales,reaches_CEO,4,9,True
167482,0,144000.0,Master,M,5,133795,engineering,reaches_CEO,3,4,True
32368,0,83000.0,Bachelor,F,3,16445,HR,reaches_CEO,5,0,False
142247,1,333000.0,Bachelor,M,4,65856,sales,reaches_CEO,5,0,False
115437,0,92000.0,PhD,F,3,140838,HR,reaches_CEO,5,0,False
63383,1,126000.0,High_School,F,5,21470,marketing,reaches_CEO,5,0,False
14296,0,66000.0,Bachelor,M,3,125114,HR,reaches_CEO,5,0,False
107773,1,263000.0,High_School,M,2,185976,engineering,reaches_CEO,5,0,False
192885,0,227000.0,Master,M,5,30640,engineering,reaches_CEO,5,0,False
59992,0,195000.0,High_School,M,1,79237,marketing,reaches_CEO,5,0,False
117191,1,62000.0,Master,F,4,80240,HR,reaches_CEO,5,0,False
123258,0,328000.0,Master,M,12,69550,marketing,reaches_CEO,4,11,True
114734,0,121000.0,Bachelor,M,2,22090,marketing,reaches_CEO,5,0,False
178759,0,60000.0,High_School,M,3,113245,sales,reaches_CEO,5,0,False
115671,0,158000.0,PhD,F,1,175434,sales,reaches_CEO,5,0,False
139278,0,63000.0,High_School,M,9,171266,HR,reaches_CEO,4,19,True
139359,0,71000.0,Bachelor,M,1,62298,HR,reaches_CEO,5,0,False
187110,0,376000.0,High_School,M,4,155570,marketing,reaches_CEO,5,0,False
45588,0,272000.0,Master,M,2,54136,marketing,reaches_CEO,5,0,False
59476,0,308000.0,PhD,M,1,18312,engineering,reaches_CEO,5,0,False
102549,1,109000.0,PhD,F,7,91979,HR,reaches_CEO,5,0,False
103062,0,263000.0,Master,M,7,58365,marketing,reaches_CEO,5,0,False
78341,0,66000.0,Master,F,3,25934,engineering,reaches_CEO,5,0,False
111661,0,309000.0,Bachelor,M,4,42096,sales,reaches_CEO,5,0,False
84535,0,68000.0,High_School,F,2,68222,HR,reaches_CEO,5,0,False
184941,0,295000.0,Bachelor,M,2,1610,engineering,reaches_CEO,5,0,False
126409,0,138000.0,PhD,M,1,173939,marketing,reaches_CEO,5,0,False
141900,1,237000.0,High_School,F,1,140542,sales,reaches_CEO,5,0,False
98489,0,105000.0,Master,M,4,55972,HR,reaches_CEO,5,0,False
161983,1,175000.0,High_School,M,2,159838,marketing,reaches_CEO,5,0,False
73359,1,150000.0,Bachelor,M,2,142850,sales,reaches_CEO,5,0,False
188821,1,85000.0,PhD,F,2,182996,sales,reaches_CEO,5,0,False
160531,1,69000.0,Bachelor,F,3,175548,HR,reaches_CEO,5,0,False
143329,1,368000.0,Bachelor,M,3,168905,engineering,reaches_CEO,5,0,False
126833,1,70000.0,Master,F,5,88779,sales,reaches_CEO,5,0,False
80189,1,277000.0,Master,M,3,79,sales,reaches_CEO,5,0,False
11793,0,135000.0,Bachelor,M,2,127623,engineering,reaches_CEO,5,0,False
172518,0,147000.0,Master,M,2,149696,sales,reaches_CEO,5,0,False
26159,0,296000.0,PhD,M,3,133858,engineering,reaches_CEO,5,0,False
12638,0,202000.0,Master,F,7,132309,sales,reaches_CEO,5,0,False
131525,0,261000.0,PhD,F,14,172989,sales,reaches_CEO,4,13,True
127766,1,216000.0,High_School,M,2,41991,sales,reaches_CEO,5,0,False
4942,0,184000.0,Bachelor,F,7,74818,sales,reaches_CEO,5,0,False
74430,0,273000.0,PhD,M,2,160261,marketing,reaches_CEO,5,0,False
77846,1,174000.0,PhD,F,6,57316,sales,reaches_CEO,5,0,False
748,0,116000.0,High_School,M,1,2644,sales,reaches_CEO,5,0,False
107047,0,269000.0,PhD,M,1,10357,marketing,reaches_CEO,5,0,False
195263,1,158000.0,High_School,M,3,53374,sales,reaches_CEO,5,0,False
28558,0,94000.0,PhD,F,1,51121,HR,reaches_CEO,5,0,False
44755,0,386000.0,Master,M,3,126330,engineering,reaches_CEO,5,0,False
145245,0,194000.0,Bachelor,F,8,154381,sales,reaches_CEO,5,0,False
135240,0,236000.0,High_School,F,1,21377,sales,reaches_CEO,5,0,False
136903,0,263000.0,PhD,M,2,149970,marketing,reaches_CEO,5,0,False
79276,1,107000.0,Master,M,2,115694,engineering,reaches_CEO,5,0,False
197581,0,77000.0,PhD,F,1,94447,HR,reaches_CEO,5,0,False
166450,0,120000.0,PhD,F,3,32159,sales,reaches_CEO,5,0,False
192881,0,77000.0,Master,M,3,129287,HR,reaches_CEO,5,0,False
182384,0,256000.0,PhD,F,2,142685,sales,reaches_CEO,5,0,False
181058,1,64000.0,High_School,M,1,29508,HR,reaches_CEO,5,0,False
104414,0,199000.0,Master,F,4,190566,marketing,reaches_CEO,5,0,False
181430,0,70000.0,High_School,M,2,127623,engineering,reaches_CEO,5,0,False
199601,0,235000.0,Master,M,1,32572,marketing,reaches_CEO,5,0,False
52071,0,303000.0,Bachelor,M,7,105395,engineering,reaches_CEO,5,0,False
41769,0,156000.0,Master,F,3,175361,sales,reaches_CEO,5,0,False
21589,1,66000.0,PhD,M,1,166591,sales,reaches_CEO,5,0,False
104417,0,268000.0,High_School,F,4,157064,marketing,reaches_CEO,5,0,False
189030,1,336000.0,Bachelor,M,5,74818,sales,reaches_CEO,5,0,False
5500,0,255000.0,High_School,M,5,157931,engineering,reaches_CEO,5,0,False
15768,0,64000.0,Bachelor,M,10,77857,HR,reaches_CEO,4,12,True
197706,1,239000.0,PhD,M,1,128065,engineering,reaches_CEO,5,0,False
130794,0,95000.0,PhD,F,3,184236,HR,reaches_CEO,5,0,False
32791,1,61000.0,Master,M,6,77613,sales,reaches_CEO,5,0,False
144370,1,203000.0,Master,F,3,32938,engineering,reaches_CEO,5,0,False
74799,1,166000.0,Bachelor,M,7,101819,engineering,reaches_CEO,5,0,False
80162,0,84000.0,Master,F,1,53677,HR,reaches_CEO,5,0,False
29561,0,102000.0,High_School,F,2,33665,HR,reaches_CEO,5,0,False
27078,0,147000.0,Bachelor,M,4,61038,sales,reaches_CEO,5,0,False
172541,0,71000.0,High_School,F,12,138823,HR,reaches_CEO,4,14,True
81901,0,143000.0,High_School,M,2,65126,marketing,reaches_CEO,5,0,False
115534,0,165000.0,High_School,M,5,3260,engineering,reaches_CEO,5,0,False
44715,0,148000.0,PhD,F,4,160261,marketing,reaches_CEO,5,0,False
94665,0,261000.0,Bachelor,M,3,74818,sales,reaches_CEO,5,0,False
21327,1,83000.0,Master,F,4,119576,engineering,reaches_CEO,5,0,False
79133,1,351000.0,Master,F,3,75242,engineering,reaches_CEO,5,0,False
183023,1,110000.0,PhD,M,1,16510,sales,reaches_CEO,5,0,False
54014,0,157000.0,Bachelor,F,3,68201,sales,reaches_CEO,5,0,False
40362,1,286000.0,Master,M,1,35499,sales,reaches_CEO,5,0,False
182595,1,196000.0,Master,F,2,123103,engineering,reaches_CEO,5,0,False
74264,1,260000.0,Bachelor,M,2,82419,marketing,reaches_CEO,4,11,True
121283,0,325000.0,PhD,M,7,134982,sales,reaches_CEO,5,0,False
19364,0,182000.0,Master,F,2,180854,sales,reaches_CEO,5,0,False
133427,0,104000.0,PhD,M,8,165442,sales,reaches_CEO,5,0,False
78268,0,241000.0,Master,M,3,12649,engineering,reaches_CEO,5,0,False
105585,0,396000.0,PhD,F,1,130834,engineering,reaches_CEO,5,0,False
151281,0,88000.0,Bachelor,F,2,171461,HR,reaches_CEO,5,0,False
27561,0,311000.0,Master,M,2,182996,sales,reaches_CEO,5,0,False
101981,1,202000.0,PhD,F,7,134865,sales,reaches_CEO,4,9,True
104423,0,214000.0,High_School,M,3,198879,sales,reaches_CEO,5,0,False
46049,1,206000.0,Master,F,8,73846,sales,reaches_CEO,5,0,False
165151,0,183000.0,Bachelor,F,1,192369,sales,reaches_CEO,5,0,False
27781,0,153000.0,Master,M,2,121233,marketing,reaches_CEO,4,11,True
170450,0,259000.0,PhD,M,4,78516,sales,reaches_CEO,5,0,False
20201,0,331000.0,Master,M,2,78516,sales,reaches_CEO,5,0,False
61940,0,302000.0,PhD,M,5,30468,engineering,reaches_CEO,5,0,False
184362,0,73000.0,Master,F,3,151696,HR,reaches_CEO,5,0,False
110020,1,175000.0,Bachelor,M,1,148236,sales,reaches_CEO,5,0,False
3909,0,180000.0,Bachelor,F,4,113189,sales,reaches_CEO,5,0,False
104760,0,200000.0,PhD,F,2,69903,engineering,reaches_CEO,5,0,False
82339,0,151000.0,High_School,F,3,165442,sales,reaches_CEO,5,0,False
24926,1,262000.0,High_School,M,7,90834,sales,reaches_CEO,5,0,False
44732,0,288000.0,Master,F,1,142685,sales,reaches_CEO,5,0,False
167453,0,350000.0,High_School,M,5,129626,marketing,reaches_CEO,5,0,False
95567,1,193000.0,PhD,M,3,144927,sales,reaches_CEO,5,0,False
122493,0,245000.0,PhD,M,5,150194,engineering,reaches_CEO,5,0,False
133230,1,183000.0,Master,M,1,102632,marketing,reaches_CEO,5,0,False
9245,0,244000.0,PhD,F,1,59705,sales,reaches_CEO,5,0,False
64087,0,126000.0,PhD,M,4,45969,HR,reaches_CEO,4,15,True
168037,0,146000.0,Bachelor,M,2,78997,engineering,reaches_CEO,5,0,False
105942,0,195000.0,Bachelor,F,1,108164,sales,reaches_CEO,5,0,False
69804,0,155000.0,PhD,M,1,95609,sales,reaches_CEO,5,0,False
19812,1,221000.0,Bachelor,M,3,132360,sales,reaches_CEO,5,0,False
32653,1,284000.0,Bachelor,F,8,186283,engineering,reaches_CEO,5,0,False
99871,0,96000.0,Bachelor,F,6,32405,HR,reaches_CEO,5,0,False
99231,0,75000.0,Bachelor,M,6,192369,sales,reaches_CEO,5,0,False
19232,0,214000.0,Master,F,2,69200,sales,reaches_CEO,5,0,False
83656,1,258000.0,Master,F,6,181311,sales,reaches_CEO,5,0,False
186323,1,162000.0,PhD,M,1,109102,sales,reaches_CEO,5,0,False
155579,0,117000.0,High_School,F,5,135848,marketing,reaches_CEO,5,0,False
82060,1,263000.0,PhD,M,1,54808,sales,reaches_CEO,5,0,False
42915,0,200000.0,PhD,F,3,189038,engineering,reaches_CEO,5,0,False
9658,0,60000.0,Master,F,2,189742,HR,reaches_CEO,5,0,False
147117,1,128000.0,Master,F,1,64087,HR,reaches_CEO,5,0,False
184247,0,381000.0,Master,M,4,185976,engineering,reaches_CEO,5,0,False
108496,0,137000.0,High_School,F,7,162035,sales,reaches_CEO,5,0,False
66505,0,307000.0,Bachelor,F,6,51738,engineering,reaches_CEO,5,0,False
53759,0,132000.0,Master,M,2,148260,marketing,reaches_CEO,5,0,False
23195,0,144000.0,Master,F,1,102026,sales,reaches_CEO,5,0,False
122671,0,74000.0,Bachelor,F,1,53826,HR,reaches_CEO,5,0,False
89670,0,157000.0,PhD,M,2,32159,sales,reaches_CEO,5,0,False
11522,0,225000.0,Master,M,1,26183,sales,reaches_CEO,5,0,False
53770,1,322000.0,Bachelor,M,3,162381,engineering,reaches_CEO,5,0,False
130873,0,170000.0,High_School,F,1,108164,sales,reaches_CEO,5,0,False
24776,0,104000.0,High_School,F,8,129410,sales,reaches_CEO,5,0,False
1109,0,392000.0,Master,M,4,170076,engineering,reaches_CEO,5,0,False
171351,0,194000.0,Bachelor,M,17,79693,engineering,reaches_CEO,3,5,True
54811,0,75000.0,PhD,M,5,185285,HR,reaches_CEO,5,0,False
884,0,180000.0,PhD,M,2,155570,marketing,reaches_CEO,5,0,False
168368,0,261000.0,Master,F,2,62043,engineering,reaches_CEO,5,0,False
114547,0,174000.0,Master,M,7,14470,sales,reaches_CEO,5,0,False
14677,0,261000.0,PhD,M,4,168951,sales,reaches_CEO,5,0,False
97878,0,68000.0,Master,M,8,94362,sales,reaches_CEO,4,5,True
40332,0,90000.0,Bachelor,M,7,11507,HR,reaches_CEO,5,0,False
67824,0,186000.0,High_School,M,4,88936,sales,reaches_CEO,5,0,False
20795,0,115000.0,High_School,M,3,58365,marketing,reaches_CEO,5,0,False
166729,1,140000.0,PhD,M,14,125912,marketing,reaches_CEO,4,12,True
61038,1,313000.0,Master,M,13,65451,sales,reaches_CEO,4,11,True
101484,0,115000.0,PhD,M,4,91654,engineering,reaches_CEO,4,21,True
27704,0,281000.0,PhD,F,10,171907,sales,reaches_CEO,4,16,True
198240,0,155000.0,Master,F,9,94454,sales,reaches_CEO,4,10,True
99116,0,89000.0,PhD,M,4,177166,engineering,reaches_CEO,5,0,False
39717,0,347000.0,PhD,F,8,119576,engineering,reaches_CEO,5,0,False
195502,1,95000.0,Bachelor,M,5,76135,marketing,reaches_CEO,5,0,False
638,0,124000.0,Master,M,2,94683,marketing,reaches_CEO,5,0,False
169360,0,63000.0,High_School,F,5,14465,HR,reaches_CEO,5,0,False
5342,0,292000.0,PhD,M,3,133795,engineering,reaches_CEO,3,5,True
1841,0,191000.0,PhD,F,2,73489,sales,reaches_CEO,5,0,False
164051,0,142000.0,Bachelor,F,2,57316,sales,reaches_CEO,5,0,False
113997,0,61000.0,PhD,M,6,189148,HR,reaches_CEO,5,0,False
82725,0,348000.0,Bachelor,F,3,128447,engineering,reaches_CEO,5,0,False
129762,0,158000.0,Master,M,5,123103,engineering,reaches_CEO,5,0,False
32724,0,253000.0,Master,M,3,76310,engineering,reaches_CEO,5,0,False
119658,0,374000.0,PhD,M,11,61403,engineering,reaches_CEO,4,12,True
72374,0,237000.0,PhD,M,4,32159,sales,reaches_CEO,5,0,False
97606,1,127000.0,Master,M,2,138432,sales,reaches_CEO,5,0,False
170772,0,299000.0,PhD,F,7,87929,sales,reaches_CEO,5,0,False
71125,0,347000.0,Master,F,5,57185,engineering,reaches_CEO,5,0,False
109308,0,210000.0,Master,F,21,110464,marketing,reaches_CEO,2,2,True
9757,0,79000.0,PhD,F,1,95609,sales,reaches_CEO,5,0,False
147003,1,310000.0,Master,M,3,63077,sales,reaches_CEO,5,0,False
127400,0,133000.0,Master,F,5,78516,sales,reaches_CEO,5,0,False
17193,0,339000.0,High_School,M,2,47863,engineering,reaches_CEO,5,0,False
72343,0,194000.0,Master,F,3,182028,engineering,reaches_CEO,5,0,False
2978,0,89000.0,Bachelor,F,3,130135,HR,reaches_CEO,5,0,False
63182,1,139000.0,Bachelor,M,2,27704,sales,reaches_CEO,5,0,False
197533,0,244000.0,Bachelor,F,4,145126,sales,reaches_CEO,5,0,False
105597,1,140000.0,Bachelor,M,4,133927,engineering,reaches_CEO,5,0,False
27660,1,378000.0,Master,M,3,69728,engineering,reaches_CEO,3,4,True
674,0,152000.0,Master,M,3,190249,marketing,reaches_CEO,5,0,False
113618,0,275000.0,Master,F,12,103443,marketing,reaches_CEO,4,13,True
196450,0,196000.0,High_School,M,2,7255,engineering,reaches_CEO,5,0,False
154261,1,224000.0,Bachelor,M,1,92585,marketing,reaches_CEO,5,0,False
118172,0,233000.0,Master,M,3,146220,marketing,reaches_CEO,5,0,False
108774,0,220000.0,High_School,M,3,161132,marketing,reaches_CEO,5,0,False
176985,1,107000.0,High_School,F,1,148032,sales,reaches_CEO,5,0,False
56157,1,294000.0,PhD,F,3,5743,sales,reaches_CEO,5,0,False
14797,0,318000.0,High_School,M,2,171940,marketing,reaches_CEO,5,0,False
140214,0,291000.0,PhD,F,3,47618,marketing,reaches_CEO,5,0,False
199826,0,147000.0,High_School,M,3,192414,sales,reaches_CEO,5,0,False
173667,0,169000.0,High_School,F,5,185982,sales,reaches_CEO,5,0,False
143209,1,149000.0,High_School,M,5,55653,sales,reaches_CEO,5,0,False
170407,0,242000.0,Bachelor,F,2,179212,marketing,reaches_CEO,5,0,False
64373,0,259000.0,High_School,M,5,74170,sales,reaches_CEO,5,0,False
92060,0,259000.0,Bachelor,M,1,136861,sales,reaches_CEO,5,0,False
55816,0,177000.0,PhD,M,4,55476,marketing,reaches_CEO,5,0,False
154170,0,278000.0,PhD,F,12,27660,engineering,reaches_CEO,4,11,True
8889,0,92000.0,High_School,M,4,21086,HR,reaches_CEO,5,0,False
181606,0,264000.0,Bachelor,M,8,69463,marketing,reaches_CEO,5,0,False
30488,0,309000.0,PhD,M,6,115539,marketing,reaches_CEO,4,12,True
96221,0,244000.0,PhD,M,2,46957,sales,reaches_CEO,5,0,False
87200,0,67000.0,Master,F,1,66420,HR,reaches_CEO,5,0,False
150189,0,108000.0,High_School,F,9,138823,HR,reaches_CEO,4,14,True
192551,0,219000.0,PhD,M,1,78874,sales,reaches_CEO,5,0,False
112340,1,189000.0,High_School,F,4,74170,sales,reaches_CEO,5,0,False
85445,1,66000.0,High_School,F,5,123263,HR,reaches_CEO,5,0,False
94030,0,209000.0,Bachelor,M,12,78493,sales,reaches_CEO,4,12,True
167384,0,225000.0,Master,M,3,161132,marketing,reaches_CEO,5,0,False
46339,0,253000.0,PhD,F,7,41175,engineering,reaches_CEO,5,0,False
124365,0,194000.0,Master,M,4,77613,sales,reaches_CEO,5,0,False
50317,1,93000.0,PhD,M,2,102102,sales,reaches_CEO,5,0,False
136610,0,177000.0,Master,M,1,182996,sales,reaches_CEO,5,0,False
29894,1,181000.0,Bachelor,M,2,71115,engineering,reaches_CEO,5,0,False
82037,0,296000.0,High_School,M,1,68532,engineering,reaches_CEO,5,0,False
169962,0,118000.0,Bachelor,M,4,171940,marketing,reaches_CEO,5,0,False
103686,1,114000.0,PhD,F,1,52319,sales,reaches_CEO,5,0,False
163228,0,285000.0,Master,F,5,130585,sales,reaches_CEO,5,0,False
144516,1,166000.0,PhD,M,3,76135,marketing,reaches_CEO,5,0,False
168294,1,109000.0,PhD,F,8,121527,marketing,reaches_CEO,5,0,False
85845,0,82000.0,PhD,M,1,17211,HR,reaches_CEO,5,0,False
143655,0,69000.0,Bachelor,F,5,123154,HR,reaches_CEO,5,0,False
141046,0,360000.0,Bachelor,M,1,1050,engineering,reaches_CEO,5,0,False
186928,1,204000.0,High_School,M,2,109102,sales,reaches_CEO,5,0,False
175333,1,172000.0,Bachelor,M,3,61811,sales,reaches_CEO,5,0,False
110260,1,107000.0,PhD,M,20,125855,HR,reaches_CEO,3,6,True
167743,0,216000.0,PhD,M,2,109102,sales,reaches_CEO,5,0,False
42972,0,164000.0,Bachelor,M,1,181772,sales,reaches_CEO,5,0,False
184296,1,196000.0,Bachelor,M,3,111363,sales,reaches_CEO,5,0,False
54715,1,233000.0,Master,M,2,174122,engineering,reaches_CEO,5,0,False
169294,1,180000.0,Master,M,1,60489,marketing,reaches_CEO,5,0,False
130978,0,131000.0,High_School,M,1,81811,sales,reaches_CEO,5,0,False
104759,0,75000.0,Master,F,11,20378,HR,reaches_CEO,4,10,True
33263,0,306000.0,PhD,M,2,57938,engineering,reaches_CEO,5,0,False
94447,0,155000.0,Master,M,8,39785,HR,reaches_CEO,4,11,True
40512,0,275000.0,High_School,F,3,32572,marketing,reaches_CEO,5,0,False
52249,0,386000.0,Master,F,5,167389,sales,reaches_CEO,5,0,False
44252,0,106000.0,High_School,F,3,146473,marketing,reaches_CEO,5,0,False
138908,1,83000.0,PhD,M,1,134048,sales,reaches_CEO,5,0,False
128657,1,70000.0,Master,M,3,9239,sales,reaches_CEO,5,0,False
154716,0,97000.0,Master,M,5,73254,HR,reaches_CEO,5,0,False
2067,0,167000.0,Bachelor,M,5,8193,engineering,reaches_CEO,5,0,False
146072,0,276000.0,PhD,M,4,122145,engineering,reaches_CEO,5,0,False
140241,0,213000.0,PhD,M,1,126330,engineering,reaches_CEO,5,0,False
93668,0,225000.0,Bachelor,M,2,198403,sales,reaches_CEO,5,0,False
150161,0,220000.0,PhD,F,3,69379,sales,reaches_CEO,5,0,False
168572,0,83000.0,High_School,F,3,14226,HR,reaches_CEO,5,0,False
199471,0,248000.0,High_School,M,2,103014,engineering,reaches_CEO,5,0,False
86025,0,99000.0,High_School,M,3,133420,sales,reaches_CEO,5,0,False
44056,0,60000.0,PhD,F,10,16178,HR,reaches_CEO,4,9,True
50632,1,183000.0,Bachelor,M,1,81644,engineering,reaches_CEO,5,0,False
70108,0,281000.0,Master,M,8,119576,engineering,reaches_CEO,5,0,False
110625,0,101000.0,Master,M,1,71152,HR,reaches_CEO,5,0,False
91017,1,196000.0,Master,F,1,157064,marketing,reaches_CEO,5,0,False
162223,0,178000.0,Bachelor,M,4,28979,sales,reaches_CEO,5,0,False
29882,0,242000.0,Master,M,3,94039,sales,reaches_CEO,5,0,False
62578,1,174000.0,Bachelor,F,5,198032,sales,reaches_CEO,5,0,False
168295,1,272000.0,Master,M,1,168905,engineering,reaches_CEO,5,0,False
123192,0,178000.0,Master,F,3,95473,sales,reaches_CEO,5,0,False
33843,0,137000.0,High_School,M,7,64087,HR,reaches_CEO,5,0,False
34631,1,228000.0,Bachelor,M,2,37220,engineering,reaches_CEO,5,0,False
86076,1,250000.0,PhD,F,9,136147,sales,reaches_CEO,5,0,False
71537,1,297000.0,High_School,F,2,64190,sales,reaches_CEO,5,0,False
86905,0,302000.0,Bachelor,M,5,147103,engineering,reaches_CEO,5,0,False
114271,1,114000.0,Master,F,5,185285,HR,reaches_CEO,5,0,False
27307,1,313000.0,Bachelor,F,4,192414,sales,reaches_CEO,5,0,False
62299,1,292000.0,Bachelor,M,2,42096,sales,reaches_CEO,5,0,False
25569,0,223000.0,High_School,M,1,170431,marketing,reaches_CEO,5,0,False
75246,0,190000.0,Master,M,13,140317,engineering,reaches_CEO,4,12,True
15959,0,216000.0,PhD,M,7,48742,engineering,reaches_CEO,5,0,False
72347,0,152000.0,Bachelor,F,1,159838,marketing,reaches_CEO,5,0,False
51566,0,207000.0,Master,F,2,168905,engineering,reaches_CEO,5,0,False
77495,0,251000.0,Bachelor,F,1,87884,engineering,reaches_CEO,5,0,False
59366,0,294000.0,PhD,M,5,142850,sales,reaches_CEO,5,0,False
23619,0,310000.0,Bachelor,M,2,10773,engineering,reaches_CEO,5,0,False
71223,1,280000.0,PhD,M,1,47472,engineering,reaches_CEO,5,0,False
35850,1,141000.0,Master,F,1,130834,engineering,reaches_CEO,5,0,False
199543,0,123000.0,Bachelor,F,2,68222,HR,reaches_CEO,5,0,False
34438,0,164000.0,High_School,M,1,178314,marketing,reaches_CEO,5,0,False
68967,0,168000.0,Master,M,3,17291,sales,reaches_CEO,5,0,False
91527,0,199000.0,Bachelor,M,2,113578,marketing,reaches_CEO,5,0,False
137063,1,298000.0,Master,M,5,181996,engineering,reaches_CEO,5,0,False
56686,1,113000.0,Bachelor,F,1,172321,sales,reaches_CEO,5,0,False
84370,0,112000.0,Bachelor,M,1,150189,HR,reaches_CEO,5,0,False
163989,0,60000.0,Bachelor,M,3,14226,HR,reaches_CEO,5,0,False
28202,0,302000.0,Bachelor,M,3,115856,sales,reaches_CEO,5,0,False
133204,1,211000.0,PhD,F,4,114572,marketing,reaches_CEO,5,0,False
130384,0,152000.0,PhD,M,5,109671,marketing,reaches_CEO,5,0,False
136313,0,172000.0,PhD,F,4,8207,engineering,reaches_CEO,4,6,True
161284,1,394000.0,Bachelor,M,10,109804,engineering,reaches_CEO,3,3,True
71255,0,125000.0,PhD,F,2,102498,HR,reaches_CEO,5,0,False
13667,0,153000.0,Bachelor,M,2,58365,marketing,reaches_CEO,5,0,False
162967,1,141000.0,Master,M,3,67522,sales,reaches_CEO,5,0,False
183570,0,195000.0,High_School,M,2,59705,sales,reaches_CEO,5,0,False
145137,0,249000.0,Bachelor,M,5,171499,engineering,reaches_CEO,5,0,False
128251,0,118000.0,Master,M,3,47618,marketing,reaches_CEO,5,0,False
36466,1,183000.0,Bachelor,M,4,51293,sales,reaches_CEO,5,0,False
175346,1,186000.0,Master,M,1,134982,sales,reaches_CEO,5,0,False
106535,1,86000.0,PhD,M,2,149135,engineering,reaches_CEO,5,0,False
47260,0,71000.0,Bachelor,M,5,24015,HR,reaches_CEO,4,12,True
122145,1,196000.0,PhD,M,2,72243,engineering,reaches_CEO,4,15,True
167987,0,197000.0,Master,M,3,142104,engineering,reaches_CEO,5,0,False
21703,0,282000.0,Bachelor,M,2,50679,sales,reaches_CEO,5,0,False
108116,0,61000.0,Bachelor,F,2,104759,HR,reaches_CEO,5,0,False
132680,1,186000.0,Bachelor,M,3,199282,marketing,reaches_CEO,5,0,False
128599,0,134000.0,Bachelor,M,4,61811,sales,reaches_CEO,5,0,False
34660,0,89000.0,PhD,M,3,17211,HR,reaches_CEO,5,0,False
43171,0,83000.0,PhD,M,1,29960,marketing,reaches_CEO,5,0,False
130173,1,208000.0,PhD,M,7,127266,marketing,reaches_CEO,5,0,False
192398,1,87000.0,High_School,F,2,184885,HR,reaches_CEO,5,0,False
70256,1,266000.0,PhD,M,4,94039,sales,reaches_CEO,5,0,False
151693,0,298000.0,High_School,M,3,168951,sales,reaches_CEO,5,0,False
135213,0,71000.0,Bachelor,M,6,62081,sales,reaches_CEO,5,0,False
95144,0,177000.0,PhD,M,2,74264,marketing,reaches_CEO,5,0,False
62107,1,113000.0,PhD,M,5,5282,sales,reaches_CEO,5,0,False
21841,0,115000.0,Bachelor,F,4,104539,HR,reaches_CEO,5,0,False
31511,0,148000.0,Bachelor,M,6,95841,engineering,reaches_CEO,5,0,False
46167,1,131000.0,Master,M,2,145126,sales,reaches_CEO,5,0,False
177089,0,252000.0,Bachelor,M,1,164439,marketing,reaches_CEO,5,0,False
42374,1,170000.0,PhD,M,3,122567,engineering,reaches_CEO,5,0,False
171461,0,77000.0,Bachelor,M,8,138823,HR,reaches_CEO,4,14,True
197083,0,301000.0,PhD,M,2,138432,sales,reaches_CEO,5,0,False
146220,0,228000.0,PhD,M,2,196484,marketing,reaches_CEO,4,9,True
81111,0,313000.0,PhD,M,9,18295,engineering,reaches_CEO,4,10,True
178939,0,271000.0,Bachelor,M,2,61988,engineering,reaches_CEO,5,0,False
110153,0,220000.0,Master,M,4,8711,marketing,reaches_CEO,5,0,False
10213,0,245000.0,Master,F,1,5222,sales,reaches_CEO,5,0,False
139999,1,201000.0,Master,M,4,26183,sales,reaches_CEO,5,0,False
6281,0,299000.0,Master,F,3,191495,sales,reaches_CEO,5,0,False
32992,0,163000.0,Master,F,5,110878,engineering,reaches_CEO,5,0,False
57761,0,253000.0,Bachelor,M,4,116750,engineering,reaches_CEO,5,0,False
91242,0,162000.0,Master,F,1,69345,sales,reaches_CEO,5,0,False
176022,0,115000.0,Bachelor,M,4,14470,sales,reaches_CEO,5,0,False
119589,0,245000.0,Bachelor,M,8,119576,engineering,reaches_CEO,5,0,False
172621,0,335000.0,Bachelor,F,2,7349,marketing,reaches_CEO,5,0,False
138973,0,67000.0,Bachelor,M,3,754,HR,reaches_CEO,5,0,False
78359,0,246000.0,PhD,F,3,30488,marketing,reaches_CEO,5,0,False
29255,0,142000.0,Master,F,6,62990,sales,reaches_CEO,5,0,False
149886,0,211000.0,Master,F,2,161132,marketing,reaches_CEO,5,0,False
6819,0,327000.0,Bachelor,F,3,4110,sales,reaches_CEO,5,0,False
160304,0,85000.0,Master,M,5,123502,HR,reaches_CEO,5,0,False
2382,0,207000.0,PhD,F,1,111974,engineering,reaches_CEO,5,0,False
165096,0,198000.0,High_School,M,7,191073,sales,reaches_CEO,5,0,False
106915,0,254000.0,Bachelor,M,1,70819,engineering,reaches_CEO,5,0,False
82419,1,61000.0,PhD,F,21,74062,marketing,reaches_CEO,3,4,True
133302,0,93000.0,PhD,M,4,129287,HR,reaches_CEO,5,0,False
29283,0,169000.0,High_School,M,5,132309,sales,reaches_CEO,5,0,False
113279,0,255000.0,Bachelor,M,1,150194,engineering,reaches_CEO,5,0,False
51923,0,65000.0,PhD,F,13,41533,HR,reaches_CEO,4,11,True
24343,0,90000.0,Bachelor,M,2,102727,marketing,reaches_CEO,5,0,False
169223,0,316000.0,Bachelor,M,12,5342,engineering,reaches_CEO,4,12,True
184311,0,326000.0,High_School,M,4,127275,engineering,reaches_CEO,5,0,False
54837,1,353000.0,High_School,M,2,191073,sales,reaches_CEO,5,0,False
94209,1,231000.0,PhD,F,5,146220,marketing,reaches_CEO,5,0,False
198788,0,189000.0,PhD,F,4,68201,sales,reaches_CEO,5,0,False
54952,1,99000.0,PhD,F,6,127544,sales,reaches_CEO,5,0,False
64666,1,203000.0,Bachelor,F,1,108164,sales,reaches_CEO,5,0,False
189418,0,197000.0,PhD,F,4,19806,sales,reaches_CEO,5,0,False
18285,1,79000.0,Bachelor,F,1,29508,HR,reaches_CEO,5,0,False
2806,0,193000.0,Master,M,1,126368,sales,reaches_CEO,5,0,False
7723,1,120000.0,Master,M,5,60489,marketing,reaches_CEO,5,0,False
84230,0,127000.0,PhD,M,4,5692,marketing,reaches_CEO,4,16,True
34531,0,178000.0,Master,M,7,116180,engineering,reaches_CEO,5,0,False
164547,1,218000.0,Master,F,7,32510,sales,reaches_CEO,4,7,True
199239,0,128000.0,Master,F,1,148236,sales,reaches_CEO,5,0,False
145328,0,220000.0,Bachelor,M,3,121527,marketing,reaches_CEO,5,0,False
137121,0,137000.0,Bachelor,M,7,185982,sales,reaches_CEO,5,0,False
73254,0,129000.0,Bachelor,M,9,192056,HR,reaches_CEO,4,14,True
185171,1,99000.0,Bachelor,M,3,99121,marketing,reaches_CEO,5,0,False
59217,1,72000.0,Master,M,4,4384,HR,reaches_CEO,5,0,False
99441,0,326000.0,PhD,M,6,101819,engineering,reaches_CEO,5,0,False
78004,0,75000.0,Master,M,4,148984,sales,reaches_CEO,5,0,False
185591,0,99000.0,PhD,M,1,55883,engineering,reaches_CEO,5,0,False
48379,1,237000.0,Master,F,4,70406,marketing,reaches_CEO,5,0,False
47799,1,120000.0,Bachelor,F,4,76073,engineering,reaches_CEO,5,0,False
49793,0,274000.0,PhD,M,2,115694,engineering,reaches_CEO,5,0,False
72376,0,100000.0,PhD,M,2,75860,engineering,reaches_CEO,5,0,False
150690,1,195000.0,Master,M,1,73649,sales,reaches_CEO,5,0,False
90033,0,279000.0,Bachelor,M,5,79,sales,reaches_CEO,5,0,False
147642,0,88000.0,Master,M,9,100942,sales,reaches_CEO,4,11,True
143478,1,207000.0,Bachelor,M,4,35499,sales,reaches_CEO,5,0,False
142920,1,163000.0,Master,F,1,168905,engineering,reaches_CEO,5,0,False
170452,0,83000.0,PhD,F,1,104539,HR,reaches_CEO,5,0,False
30132,0,62000.0,PhD,M,3,65856,sales,reaches_CEO,5,0,False
192065,1,174000.0,PhD,M,1,142685,sales,reaches_CEO,5,0,False
67320,1,221000.0,PhD,M,3,102815,sales,reaches_CEO,5,0,False
169087,0,147000.0,Master,F,1,119964,marketing,reaches_CEO,5,0,False
174189,0,157000.0,Master,M,1,47863,engineering,reaches_CEO,5,0,False
134398,1,161000.0,Master,M,3,160289,sales,reaches_CEO,5,0,False
146471,1,117000.0,PhD,M,5,168905,engineering,reaches_CEO,5,0,False
73936,1,246000.0,Bachelor,F,5,64750,engineering,reaches_CEO,5,0,False
94934,1,148000.0,High_School,F,2,123258,marketing,reaches_CEO,5,0,False
192056,0,131000.0,Master,M,20,71889,HR,reaches_CEO,3,9,True
119890,1,293000.0,PhD,F,2,64190,sales,reaches_CEO,5,0,False
121347,1,278000.0,High_School,F,3,29712,engineering,reaches_CEO,5,0,False
30595,1,230000.0,Master,F,3,110878,engineering,reaches_CEO,5,0,False
56382,0,296000.0,Bachelor,F,2,93223,engineering,reaches_CEO,5,0,False
78059,0,399000.0,PhD,M,9,110091,engineering,reaches_CEO,5,0,False
74778,1,184000.0,Bachelor,M,2,180930,sales,reaches_CEO,5,0,False
48364,0,77000.0,PhD,M,3,41175,engineering,reaches_CEO,5,0,False
48884,0,102000.0,PhD,M,2,132399,sales,reaches_CEO,5,0,False
58850,0,304000.0,Master,M,6,171499,engineering,reaches_CEO,5,0,False
55481,1,332000.0,PhD,M,11,72243,engineering,reaches_CEO,4,11,True
137595,0,243000.0,Bachelor,M,6,82463,marketing,reaches_CEO,5,0,False
88893,0,266000.0,Master,M,2,85791,sales,reaches_CEO,5,0,False
159843,0,93000.0,PhD,F,4,85426,HR,reaches_CEO,5,0,False
45328,0,231000.0,PhD,F,6,147715,sales,reaches_CEO,5,0,False
78924,0,187000.0,High_School,M,5,182531,sales,reaches_CEO,5,0,False
169654,1,199000.0,High_School,M,2,32159,sales,reaches_CEO,5,0,False
112428,0,242000.0,Bachelor,M,4,162381,engineering,reaches_CEO,5,0,False
11390,0,240000.0,Master,M,5,68532,engineering,reaches_CEO,5,0,False
101713,0,188000.0,High_School,M,5,110091,engineering,reaches_CEO,5,0,False
168961,1,152000.0,Bachelor,F,3,149696,sales,reaches_CEO,5,0,False
168415,0,71000.0,Bachelor,F,12,39785,HR,reaches_CEO,4,11,True
38684,0,154000.0,Bachelor,M,2,194078,marketing,reaches_CEO,5,0,False
124014,0,230000.0,Master,M,11,79285,sales,reaches_CEO,4,15,True
176278,1,332000.0,Bachelor,F,1,150300,marketing,reaches_CEO,5,0,False
21503,0,324000.0,High_School,M,2,89837,marketing,reaches_CEO,5,0,False
54078,0,143000.0,Master,M,2,94507,engineering,reaches_CEO,5,0,False
92755,0,67000.0,High_School,F,2,173939,marketing,reaches_CEO,5,0,False
165320,1,308000.0,Bachelor,M,1,80728,engineering,reaches_CEO,5,0,False
80911,0,99000.0,Master,M,1,140393,engineering,reaches_CEO,5,0,False
1651,0,325000.0,Bachelor,M,4,146629,engineering,reaches_CEO,4,12,True
24805,1,183000.0,Master,M,5,138948,marketing,reaches_CEO,5,0,False
147937,0,240000.0,Master,M,6,77766,marketing,reaches_CEO,5,0,False
112653,0,74000.0,High_School,F,1,21086,HR,reaches_CEO,5,0,False
27452,1,127000.0,PhD,F,5,85717,sales,reaches_CEO,5,0,False
124812,1,346000.0,PhD,M,4,184998,sales,reaches_CEO,5,0,False
134295,0,213000.0,PhD,F,2,147016,sales,reaches_CEO,5,0,False
133387,1,200000.0,Bachelor,M,1,144401,sales,reaches_CEO,5,0,False
174603,0,189000.0,PhD,M,5,182777,marketing,reaches_CEO,5,0,False
165884,1,139000.0,PhD,M,1,125775,marketing,reaches_CEO,5,0,False
113298,1,204000.0,High_School,M,1,56451,sales,reaches_CEO,5,0,False
171793,1,64000.0,Bachelor,F,4,180006,HR,reaches_CEO,5,0,False
134982,0,238000.0,Bachelor,M,9,66119,sales,reaches_CEO,4,13,True
118612,0,77000.0,PhD,M,1,172717,HR,reaches_CEO,5,0,False
53025,0,163000.0,Master,M,6,55653,sales,reaches_CEO,5,0,False
194373,0,371000.0,PhD,M,2,134048,sales,reaches_CEO,5,0,False
82056,1,315000.0,PhD,M,2,9239,sales,reaches_CEO,5,0,False
130736,1,74000.0,High_School,F,3,81421,HR,reaches_CEO,5,0,False
172250,0,136000.0,PhD,F,7,115907,marketing,reaches_CEO,4,9,True
17970,0,394000.0,High_School,M,4,171499,engineering,reaches_CEO,5,0,False
135214,1,63000.0,Master,F,4,39231,HR,reaches_CEO,5,0,False
98045,1,323000.0,High_School,M,3,126368,sales,reaches_CEO,5,0,False
5721,0,239000.0,Bachelor,M,4,12214,sales,reaches_CEO,5,0,False
109596,0,107000.0,Master,F,3,110878,engineering,reaches_CEO,5,0,False
127601,1,125000.0,High_School,F,6,53826,HR,reaches_CEO,5,0,False
62081,0,104000.0,PhD,M,9,3917,sales,reaches_CEO,4,12,True
118110,0,189000.0,PhD,M,7,78874,sales,reaches_CEO,5,0,False
90237,1,91000.0,High_School,M,3,193088,sales,reaches_CEO,4,10,True
21181,0,300000.0,Bachelor,M,3,5875,marketing,reaches_CEO,5,0,False
27881,0,67000.0,Master,F,4,5889,HR,reaches_CEO,5,0,False
63501,0,294000.0,Bachelor,F,4,23120,marketing,reaches_CEO,5,0,False
21073,1,215000.0,Bachelor,M,4,67151,engineering,reaches_CEO,5,0,False
13342,0,96000.0,Bachelor,F,2,96420,sales,reaches_CEO,5,0,False
100991,1,192000.0,High_School,F,2,10922,sales,reaches_CEO,5,0,False
92050,0,226000.0,High_School,F,5,84193,marketing,reaches_CEO,5,0,False
105629,1,164000.0,Master,M,1,167921,engineering,reaches_CEO,5,0,False
82904,0,122000.0,PhD,M,1,153291,sales,reaches_CEO,5,0,False
100654,0,71000.0,Bachelor,F,1,184236,HR,reaches_CEO,5,0,False
29908,0,104000.0,Bachelor,F,7,73489,sales,reaches_CEO,5,0,False
171973,0,250000.0,Master,M,2,119964,marketing,reaches_CEO,5,0,False
69344,0,375000.0,Master,M,3,62043,engineering,reaches_CEO,5,0,False
136468,1,356000.0,Master,M,6,167941,sales,reaches_CEO,4,13,True
154109,1,162000.0,Master,F,5,75860,engineering,reaches_CEO,5,0,False
150837,0,197000.0,Bachelor,M,4,76073,engineering,reaches_CEO,5,0,False
47952,0,287000.0,Master,M,1,191649,sales,reaches_CEO,5,0,False
10979,1,296000.0,Bachelor,M,1,162381,engineering,reaches_CEO,5,0,False
79328,1,183000.0,PhD,M,1,138432,sales,reaches_CEO,5,0,False
149927,1,103000.0,Bachelor,F,2,28979,sales,reaches_CEO,5,0,False
26989,0,396000.0,Bachelor,M,2,159098,engineering,reaches_CEO,5,0,False
195911,0,224000.0,PhD,F,3,103912,sales,reaches_CEO,5,0,False
53777,0,254000.0,PhD,M,5,66306,engineering,reaches_CEO,5,0,False
181787,1,126000.0,Master,M,11,23830,marketing,reaches_CEO,4,8,True
2422,0,135000.0,Bachelor,M,4,4440,marketing,reaches_CEO,5,0,False
382,0,212000.0,Bachelor,M,2,166653,engineering,reaches_CEO,5,0,False
154534,0,329000.0,Master,M,1,107493,engineering,reaches_CEO,5,0,False
181122,0,278000.0,Bachelor,F,4,102632,marketing,reaches_CEO,5,0,False
28460,0,305000.0,Bachelor,M,8,10773,engineering,reaches_CEO,5,0,False
178037,0,219000.0,Bachelor,M,3,138432,sales,reaches_CEO,5,0,False
123916,0,220000.0,Master,M,1,193621,sales,reaches_CEO,5,0,False
166896,0,62000.0,Bachelor,M,3,39231,HR,reaches_CEO,5,0,False
6798,0,245000.0,PhD,F,2,45803,sales,reaches_CEO,5,0,False
95164,0,226000.0,Bachelor,F,1,103421,engineering,reaches_CEO,5,0,False
196824,1,372000.0,Bachelor,M,1,132283,engineering,reaches_CEO,5,0,False
40677,0,291000.0,Bachelor,M,3,112750,engineering,reaches_CEO,5,0,False
143558,0,268000.0,Master,M,1,94683,marketing,reaches_CEO,5,0,False
98882,0,76000.0,Bachelor,M,1,123154,HR,reaches_CEO,5,0,False
3693,0,180000.0,PhD,M,3,132683,engineering,reaches_CEO,5,0,False
187360,0,83000.0,PhD,F,1,181781,HR,reaches_CEO,5,0,False
114572,0,192000.0,Bachelor,M,10,5692,marketing,reaches_CEO,4,16,True
13299,1,72000.0,Bachelor,M,7,110089,HR,reaches_CEO,5,0,False
167059,0,76000.0,PhD,M,1,75705,HR,reaches_CEO,5,0,False
66998,0,250000.0,PhD,M,1,135848,marketing,reaches_CEO,5,0,False
121527,0,397000.0,PhD,M,3,139507,marketing,reaches_CEO,4,15,True
123780,0,80000.0,Master,M,1,779,marketing,reaches_CEO,5,0,False
197004,1,258000.0,Master,M,3,140393,engineering,reaches_CEO,5,0,False
58290,0,90000.0,PhD,M,1,180925,sales,reaches_CEO,5,0,False
170121,1,144000.0,Bachelor,M,5,95169,sales,reaches_CEO,5,0,False
18483,1,89000.0,PhD,F,2,164439,marketing,reaches_CEO,5,0,False
179945,0,99000.0,Bachelor,F,3,183283,HR,reaches_CEO,5,0,False
112750,0,296000.0,Master,F,8,39726,engineering,reaches_CEO,4,13,True
143015,0,213000.0,Master,M,4,84828,engineering,reaches_CEO,5,0,False
61053,1,153000.0,High_School,M,5,182556,sales,reaches_CEO,5,0,False
66455,0,74000.0,PhD,M,8,180006,HR,reaches_CEO,5,0,False
12603,1,161000.0,Master,M,5,25367,marketing,reaches_CEO,5,0,False
41316,1,289000.0,High_School,F,1,9239,sales,reaches_CEO,5,0,False
190818,1,113000.0,PhD,F,7,140393,engineering,reaches_CEO,5,0,False
53856,0,138000.0,Master,M,3,16178,HR,reaches_CEO,4,9,True
14978,1,247000.0,Master,F,3,119774,sales,reaches_CEO,5,0,False
94955,1,271000.0,High_School,F,1,73106,engineering,reaches_CEO,5,0,False
9965,0,93000.0,PhD,M,6,41721,marketing,reaches_CEO,5,0,False
191454,0,222000.0,Bachelor,M,7,191391,marketing,reaches_CEO,4,8,True
36350,1,133000.0,Master,M,1,102043,marketing,reaches_CEO,5,0,False
193288,0,110000.0,Master,M,1,134536,engineering,reaches_CEO,5,0,False
61175,0,118000.0,PhD,M,4,122762,sales,reaches_CEO,5,0,False
31680,1,142000.0,PhD,M,4,73663,marketing,reaches_CEO,5,0,False
6110,0,117000.0,Bachelor,M,1,77613,sales,reaches_CEO,5,0,False
59529,0,88000.0,High_School,M,2,82463,marketing,reaches_CEO,5,0,False
37903,0,67000.0,Master,M,2,145710,engineering,reaches_CEO,5,0,False
6158,0,265000.0,High_School,M,1,93223,engineering,reaches_CEO,5,0,False
32510,1,285000.0,Master,M,23,197876,sales,reaches_CEO,3,7,True
105246,1,315000.0,High_School,M,2,190249,marketing,reaches_CEO,5,0,False
167389,1,167000.0,PhD,M,2,181201,sales,reaches_CEO,4,12,True
98316,0,211000.0,Bachelor,M,3,191495,sales,reaches_CEO,5,0,False
196987,0,123000.0,Bachelor,F,1,87762,sales,reaches_CEO,5,0,False
152219,1,185000.0,PhD,F,5,70819,engineering,reaches_CEO,5,0,False
157372,1,197000.0,Bachelor,M,4,87707,sales,reaches_CEO,5,0,False
8856,1,201000.0,Master,M,4,134556,marketing,reaches_CEO,4,10,True
114011,1,122000.0,Master,F,14,28697,engineering,reaches_CEO,4,11,True
146537,0,63000.0,PhD,F,9,199950,HR,reaches_CEO,5,0,False
3396,1,285000.0,Bachelor,M,2,148795,engineering,reaches_CEO,5,0,False
84909,0,271000.0,Bachelor,F,7,112245,sales,reaches_CEO,5,0,False
41619,0,88000.0,Bachelor,F,1,17211,HR,reaches_CEO,5,0,False
181380,0,76000.0,Bachelor,M,1,142104,engineering,reaches_CEO,5,0,False
88649,0,292000.0,High_School,M,5,71945,engineering,reaches_CEO,5,0,False
93964,1,208000.0,PhD,M,1,150194,engineering,reaches_CEO,5,0,False
174847,1,225000.0,PhD,F,4,53390,sales,reaches_CEO,5,0,False
177003,0,79000.0,Bachelor,M,6,55972,HR,reaches_CEO,5,0,False
51984,1,117000.0,Bachelor,M,3,162035,sales,reaches_CEO,5,0,False
180885,1,230000.0,PhD,F,2,147715,sales,reaches_CEO,5,0,False
191409,0,65000.0,PhD,M,2,182996,sales,reaches_CEO,5,0,False
20077,0,81000.0,Master,F,3,15768,HR,reaches_CEO,5,0,False
135854,0,72000.0,High_School,M,1,32159,sales,reaches_CEO,5,0,False
78365,0,345000.0,Master,F,2,142104,engineering,reaches_CEO,5,0,False
121816,0,247000.0,PhD,F,5,148984,sales,reaches_CEO,5,0,False
97456,0,117000.0,High_School,F,1,14299,engineering,reaches_CEO,5,0,False
61079,0,211000.0,High_School,F,5,88936,sales,reaches_CEO,5,0,False
142146,1,380000.0,PhD,F,34,11277,sales,reaches_CEO,2,6,True
193302,1,286000.0,High_School,M,2,132283,engineering,reaches_CEO,5,0,False
9794,1,162000.0,Bachelor,M,3,32572,marketing,reaches_CEO,5,0,False
58032,0,229000.0,PhD,M,1,81860,engineering,reaches_CEO,5,0,False
79322,1,180000.0,PhD,F,2,52920,sales,reaches_CEO,5,0,False
102527,0,125000.0,High_School,F,2,118329,sales,reaches_CEO,5,0,False
175825,0,146000.0,Bachelor,M,4,76135,marketing,reaches_CEO,5,0,False
174793,0,82000.0,PhD,F,5,110089,HR,reaches_CEO,5,0,False
29759,0,128000.0,Bachelor,F,7,189742,HR,reaches_CEO,5,0,False
96313,0,228000.0,Bachelor,M,4,33266,marketing,reaches_CEO,5,0,False
50523,0,343000.0,Master,M,5,174122,engineering,reaches_CEO,5,0,False
118357,0,302000.0,High_School,M,4,69379,sales,reaches_CEO,5,0,False
115421,0,219000.0,PhD,M,3,113618,marketing,reaches_CEO,5,0,False
184133,1,114000.0,Bachelor,M,3,41721,marketing,reaches_CEO,5,0,False
195445,0,197000.0,PhD,M,6,118329,sales,reaches_CEO,5,0,False
187949,0,182000.0,High_School,M,3,94039,sales,reaches_CEO,5,0,False
111539,0,189000.0,Bachelor,M,1,1050,engineering,reaches_CEO,5,0,False
127693,0,179000.0,Master,M,1,159838,marketing,reaches_CEO,5,0,False
89390,1,205000.0,PhD,F,4,123358,sales,reaches_CEO,5,0,False
79780,0,337000.0,Bachelor,M,6,95841,engineering,reaches_CEO,5,0,False
102382,0,207000.0,High_School,M,1,7966,sales,reaches_CEO,5,0,False
171129,1,273000.0,Master,F,4,94039,sales,reaches_CEO,5,0,False
152549,1,148000.0,PhD,M,9,10357,marketing,reaches_CEO,5,0,False
13970,1,284000.0,PhD,F,2,46178,engineering,reaches_CEO,5,0,False
42512,0,226000.0,Bachelor,F,2,168951,sales,reaches_CEO,5,0,False
54201,1,131000.0,Bachelor,F,3,8182,sales,reaches_CEO,5,0,False
115888,1,194000.0,Bachelor,M,2,127623,engineering,reaches_CEO,5,0,False
31916,0,261000.0,Bachelor,M,2,132309,sales,reaches_CEO,5,0,False
148795,1,224000.0,Master,M,13,49002,engineering,reaches_CEO,4,11,True
18289,1,278000.0,PhD,M,5,59862,engineering,reaches_CEO,5,0,False
18840,0,314000.0,Bachelor,F,5,143317,sales,reaches_CEO,5,0,False
184363,0,90000.0,High_School,M,3,110089,HR,reaches_CEO,5,0,False
118732,1,91000.0,PhD,M,3,132683,engineering,reaches_CEO,5,0,False
117402,0,162000.0,PhD,M,2,136468,sales,reaches_CEO,5,0,False
110085,0,210000.0,PhD,M,2,165853,engineering,reaches_CEO,5,0,False
178999,1,327000.0,Bachelor,M,7,176415,engineering,reaches_CEO,5,0,False
157864,1,99000.0,High_School,F,1,71152,HR,reaches_CEO,5,0,False
66300,0,159000.0,PhD,M,1,182556,sales,reaches_CEO,5,0,False
91762,0,293000.0,High_School,F,2,148418,engineering,reaches_CEO,5,0,False
146317,1,272000.0,High_School,F,3,141317,sales,reaches_CEO,5,0,False
21787,0,211000.0,Bachelor,M,1,153291,sales,reaches_CEO,5,0,False
172321,0,103000.0,Master,M,5,145667,sales,reaches_CEO,4,11,True
135412,0,92000.0,Bachelor,F,3,151696,HR,reaches_CEO,5,0,False
162752,0,80000.0,Master,M,3,57185,engineering,reaches_CEO,5,0,False
181185,0,215000.0,High_School,M,2,55653,sales,reaches_CEO,5,0,False
47905,1,319000.0,Master,M,7,65856,sales,reaches_CEO,5,0,False
131063,0,70000.0,Master,M,5,5692,marketing,reaches_CEO,4,8,True
33751,0,288000.0,Bachelor,M,2,126257,engineering,reaches_CEO,5,0,False
63656,1,168000.0,PhD,M,4,92765,engineering,reaches_CEO,5,0,False
116813,1,84000.0,High_School,M,3,7095,HR,reaches_CEO,5,0,False
169527,0,272000.0,Bachelor,M,7,188118,sales,reaches_CEO,5,0,False
89,0,83000.0,Bachelor,F,6,189742,HR,reaches_CEO,5,0,False
21192,0,307000.0,Bachelor,M,4,133927,engineering,reaches_CEO,5,0,False
197467,0,131000.0,PhD,F,1,26505,marketing,reaches_CEO,5,0,False
82199,1,177000.0,High_School,M,3,5282,sales,reaches_CEO,5,0,False
46649,1,361000.0,PhD,M,3,98558,engineering,reaches_CEO,5,0,False
39869,0,320000.0,PhD,M,2,92845,engineering,reaches_CEO,5,0,False
123610,1,178000.0,High_School,F,3,114572,marketing,reaches_CEO,5,0,False
18291,1,226000.0,PhD,M,1,147103,engineering,reaches_CEO,5,0,False
156652,1,249000.0,Bachelor,M,2,19424,engineering,reaches_CEO,5,0,False
87853,0,222000.0,High_School,M,5,12649,engineering,reaches_CEO,5,0,False
13852,0,88000.0,Master,M,4,175548,HR,reaches_CEO,5,0,False
137914,1,234000.0,Master,M,2,87929,sales,reaches_CEO,5,0,False
26173,0,128000.0,Bachelor,F,1,66453,engineering,reaches_CEO,5,0,False
86962,0,346000.0,High_School,M,3,191485,sales,reaches_CEO,5,0,False
123000,1,115000.0,PhD,F,11,94454,sales,reaches_CEO,4,8,True
157380,0,62000.0,High_School,M,2,181781,HR,reaches_CEO,5,0,False
98861,1,372000.0,Bachelor,M,7,112750,engineering,reaches_CEO,5,0,False
73846,0,116000.0,PhD,F,10,171907,sales,reaches_CEO,4,13,True
139507,1,71000.0,PhD,M,7,97647,marketing,reaches_CEO,3,4,True
23744,0,208000.0,Master,M,2,779,marketing,reaches_CEO,5,0,False
51738,1,354000.0,Bachelor,F,12,183869,engineering,reaches_CEO,4,13,True
54004,0,287000.0,Bachelor,M,3,134982,sales,reaches_CEO,5,0,False
49810,0,179000.0,Bachelor,M,4,61811,sales,reaches_CEO,5,0,False
49849,0,127000.0,PhD,F,2,129778,HR,reaches_CEO,5,0,False
4434,0,76000.0,Master,M,2,117376,HR,reaches_CEO,5,0,False
82819,1,220000.0,PhD,M,4,96420,sales,reaches_CEO,5,0,False
43182,1,204000.0,Master,F,2,52525,engineering,reaches_CEO,5,0,False
32660,0,94000.0,PhD,M,4,187183,marketing,reaches_CEO,5,0,False
33390,0,215000.0,Bachelor,M,2,119774,sales,reaches_CEO,5,0,False
91265,1,211000.0,Master,F,5,69463,marketing,reaches_CEO,5,0,False
11032,0,168000.0,Master,M,2,63832,marketing,reaches_CEO,5,0,False
17923,1,158000.0,PhD,M,3,59939,marketing,reaches_CEO,5,0,False
35198,1,248000.0,High_School,M,1,8856,marketing,reaches_CEO,5,0,False
47450,0,65000.0,Master,M,1,66420,HR,reaches_CEO,5,0,False
44711,1,138000.0,PhD,F,6,142367,sales,reaches_CEO,5,0,False
47175,1,118000.0,Bachelor,F,2,198403,sales,reaches_CEO,5,0,False
11117,0,283000.0,Master,F,2,137369,sales,reaches_CEO,5,0,False
146404,0,142000.0,PhD,M,5,143437,marketing,reaches_CEO,4,9,True
63396,0,71000.0,PhD,M,2,102498,HR,reaches_CEO,5,0,False
28954,0,75000.0,Bachelor,F,2,181311,sales,reaches_CEO,5,0,False
142868,0,134000.0,Bachelor,F,2,53390,sales,reaches_CEO,5,0,False
125881,0,86000.0,Bachelor,M,8,160618,sales,reaches_CEO,5,0,False
142086,0,79000.0,Bachelor,F,2,139278,HR,reaches_CEO,5,0,False
31133,1,76000.0,High_School,F,1,54136,marketing,reaches_CEO,5,0,False
100532,0,177000.0,PhD,M,3,21470,marketing,reaches_CEO,5,0,False
140263,0,110000.0,PhD,M,5,110089,HR,reaches_CEO,5,0,False
162105,0,242000.0,High_School,M,5,71130,engineering,reaches_CEO,5,0,False
24071,0,225000.0,Bachelor,M,11,119832,engineering,reaches_CEO,4,9,True
89895,0,205000.0,PhD,F,7,73982,sales,reaches_CEO,5,0,False
198893,0,88000.0,PhD,M,12,124994,HR,reaches_CEO,3,2,True
107622,0,65000.0,Master,M,5,21086,HR,reaches_CEO,5,0,False
166301,0,82000.0,Master,M,6,34163,sales,reaches_CEO,5,0,False
52971,0,92000.0,PhD,F,1,172717,HR,reaches_CEO,5,0,False
156720,0,85000.0,High_School,F,1,88370,HR,reaches_CEO,5,0,False
86774,0,175000.0,Bachelor,M,2,50679,sales,reaches_CEO,5,0,False
21660,0,76000.0,Bachelor,M,3,96060,HR,reaches_CEO,5,0,False
46640,0,240000.0,Bachelor,M,1,157064,marketing,reaches_CEO,5,0,False
11088,0,203000.0,PhD,M,1,6335,sales,reaches_CEO,5,0,False
27576,0,111000.0,High_School,M,3,84230,marketing,reaches_CEO,5,0,False
48737,1,60000.0,PhD,M,1,4384,HR,reaches_CEO,5,0,False
39417,1,222000.0,Bachelor,M,8,140317,engineering,reaches_CEO,4,15,True
28383,0,370000.0,Bachelor,F,2,45803,sales,reaches_CEO,5,0,False
84828,1,171000.0,PhD,F,13,33814,engineering,reaches_CEO,4,18,True
103853,0,185000.0,Master,M,9,60609,sales,reaches_CEO,5,0,False
172039,0,240000.0,PhD,M,1,92403,sales,reaches_CEO,5,0,False
183101,0,177000.0,PhD,M,2,150300,marketing,reaches_CEO,5,0,False
105954,0,205000.0,High_School,F,1,150408,engineering,reaches_CEO,5,0,False
27012,0,98000.0,Master,M,3,51121,HR,reaches_CEO,5,0,False
106478,0,220000.0,Master,M,6,162518,sales,reaches_CEO,5,0,False
3530,0,296000.0,PhD,F,3,112302,engineering,reaches_CEO,5,0,False
104746,0,167000.0,Master,M,6,69345,sales,reaches_CEO,5,0,False
119009,0,219000.0,Master,M,6,198531,sales,reaches_CEO,5,0,False
65794,1,272000.0,PhD,M,3,98558,engineering,reaches_CEO,5,0,False
42617,0,104000.0,Bachelor,F,3,175361,sales,reaches_CEO,5,0,False
129745,0,81000.0,PhD,F,1,47748,HR,reaches_CEO,5,0,False
72878,0,155000.0,Bachelor,F,4,79237,marketing,reaches_CEO,5,0,False
103553,1,205000.0,PhD,M,3,95522,marketing,reaches_CEO,5,0,False
197832,0,235000.0,Master,F,4,139507,marketing,reaches_CEO,4,14,True
107159,1,377000.0,Master,M,1,25934,engineering,reaches_CEO,5,0,False
47002,0,132000.0,Master,M,2,132360,sales,reaches_CEO,5,0,False
100555,0,61000.0,High_School,F,2,5875,marketing,reaches_CEO,5,0,False
35806,0,84000.0,Master,F,6,184885,HR,reaches_CEO,5,0,False
7862,0,75000.0,Bachelor,F,1,161727,engineering,reaches_CEO,5,0,False
128243,0,167000.0,PhD,M,6,115591,sales,reaches_CEO,5,0,False
123605,0,281000.0,Bachelor,F,4,87733,sales,reaches_CEO,5,0,False
181692,0,119000.0,Bachelor,M,1,107547,sales,reaches_CEO,5,0,False
175783,0,289000.0,Master,M,1,53390,sales,reaches_CEO,5,0,False
77857,1,217000.0,Bachelor,M,17,152500,HR,reaches_CEO,3,5,True
69544,0,164000.0,PhD,F,6,64190,sales,reaches_CEO,5,0,False
173361,0,137000.0,Master,F,2,12679,sales,reaches_CEO,5,0,False
90716,1,358000.0,PhD,F,1,116774,engineering,reaches_CEO,5,0,False
73893,1,280000.0,Bachelor,M,10,134865,sales,reaches_CEO,4,11,True
149932,0,166000.0,Master,M,1,125755,marketing,reaches_CEO,5,0,False
166259,0,299000.0,PhD,M,6,55883,engineering,reaches_CEO,5,0,False
119302,0,67000.0,Master,F,9,25036,HR,reaches_CEO,4,8,True
153072,0,99000.0,PhD,M,3,67178,HR,reaches_CEO,5,0,False
4624,0,146000.0,Bachelor,M,1,159996,sales,reaches_CEO,5,0,False
174247,0,163000.0,PhD,M,3,11275,marketing,reaches_CEO,5,0,False
23343,1,101000.0,Bachelor,F,7,129410,sales,reaches_CEO,5,0,False
24175,0,97000.0,PhD,M,4,158888,sales,reaches_CEO,5,0,False
108134,1,244000.0,High_School,M,2,132399,sales,reaches_CEO,5,0,False
1546,0,322000.0,Master,M,1,189890,engineering,reaches_CEO,5,0,False
49053,0,335000.0,Bachelor,M,4,51738,engineering,reaches_CEO,5,0,False
187544,0,184000.0,PhD,M,5,161132,marketing,reaches_CEO,5,0,False
22798,0,282000.0,Master,M,3,98520,marketing,reaches_CEO,5,0,False
140728,0,143000.0,High_School,M,7,94030,sales,reaches_CEO,5,0,False
179332,1,86000.0,Master,M,4,113189,sales,reaches_CEO,5,0,False
35139,0,107000.0,High_School,M,4,80043,HR,reaches_CEO,5,0,False
54183,0,216000.0,PhD,M,3,82463,marketing,reaches_CEO,5,0,False
145316,0,88000.0,High_School,F,5,115593,HR,reaches_CEO,5,0,False
83435,0,137000.0,Bachelor,M,4,168791,engineering,reaches_CEO,5,0,False
87112,1,301000.0,Bachelor,M,4,128065,engineering,reaches_CEO,5,0,False
132606,0,79000.0,High_School,M,5,142276,HR,reaches_CEO,5,0,False
174092,0,188000.0,Master,F,13,3235,sales,reaches_CEO,4,5,True
125638,0,260000.0,Master,F,1,21470,marketing,reaches_CEO,5,0,False
143920,0,221000.0,PhD,F,3,18627,marketing,reaches_CEO,5,0,False
17223,1,66000.0,High_School,M,3,69345,sales,reaches_CEO,5,0,False
25609,0,79000.0,PhD,M,3,199950,HR,reaches_CEO,5,0,False
32677,0,85000.0,Bachelor,F,2,119302,HR,reaches_CEO,5,0,False
152392,0,161000.0,High_School,M,2,77844,sales,reaches_CEO,5,0,False
132092,0,205000.0,Master,M,6,22090,marketing,reaches_CEO,5,0,False
113124,0,157000.0,Master,M,9,65451,sales,reaches_CEO,4,18,True
52027,0,149000.0,Bachelor,F,5,199184,sales,reaches_CEO,5,0,False
72098,0,66000.0,PhD,M,2,193818,HR,reaches_CEO,5,0,False
87344,0,338000.0,PhD,F,17,138045,marketing,reaches_CEO,3,5,True
166233,0,237000.0,PhD,F,3,69943,sales,reaches_CEO,5,0,False
187014,1,268000.0,Bachelor,M,2,150194,engineering,reaches_CEO,5,0,False
30749,0,322000.0,PhD,F,9,28697,engineering,reaches_CEO,4,9,True
88929,1,310000.0,Bachelor,M,2,122145,engineering,reaches_CEO,5,0,False
122614,0,136000.0,Bachelor,F,6,4394,marketing,reaches_CEO,5,0,False
46230,1,62000.0,PhD,M,3,138948,marketing,reaches_CEO,5,0,False
29227,0,180000.0,High_School,F,4,98931,marketing,reaches_CEO,5,0,False
58497,0,120000.0,High_School,F,6,187183,marketing,reaches_CEO,5,0,False
66386,0,320000.0,PhD,M,3,91002,marketing,reaches_CEO,5,0,False
135188,1,110000.0,Bachelor,M,5,182777,marketing,reaches_CEO,5,0,False
46957,1,110000.0,PhD,F,11,89002,sales,reaches_CEO,4,12,True
118585,0,138000.0,Master,F,2,160289,sales,reaches_CEO,5,0,False
95637,0,203000.0,Master,M,2,92845,engineering,reaches_CEO,5,0,False
181177,0,337000.0,Master,M,5,174122,engineering,reaches_CEO,5,0,False
170358,0,325000.0,Bachelor,F,5,98967,marketing,reaches_CEO,5,0,False
69128,0,61000.0,High_School,F,2,84230,marketing,reaches_CEO,5,0,False
73177,0,255000.0,High_School,M,4,60373,marketing,reaches_CEO,5,0,False
171123,0,151000.0,Bachelor,M,5,182996,sales,reaches_CEO,5,0,False
12209,0,257000.0,PhD,F,2,24979,marketing,reaches_CEO,5,0,False
123306,0,182000.0,High_School,M,1,98967,marketing,reaches_CEO,5,0,False
73389,1,197000.0,Bachelor,F,1,134048,sales,reaches_CEO,5,0,False
48189,0,243000.0,High_School,M,1,123258,marketing,reaches_CEO,5,0,False
199003,0,141000.0,Master,M,2,191485,sales,reaches_CEO,5,0,False
128692,0,145000.0,Master,M,1,191485,sales,reaches_CEO,5,0,False
105689,0,96000.0,High_School,M,2,85426,HR,reaches_CEO,5,0,False
55125,0,96000.0,Bachelor,M,3,189627,sales,reaches_CEO,5,0,False
82380,0,257000.0,PhD,M,3,57938,engineering,reaches_CEO,5,0,False
100009,1,132000.0,Bachelor,M,1,167389,sales,reaches_CEO,5,0,False
59824,1,245000.0,PhD,F,7,125775,marketing,reaches_CEO,5,0,False
107621,0,77000.0,Master,M,3,59555,marketing,reaches_CEO,5,0,False
119714,0,86000.0,PhD,F,9,147715,sales,reaches_CEO,5,0,False
156294,0,86000.0,Bachelor,M,2,61517,HR,reaches_CEO,5,0,False
50399,0,251000.0,PhD,F,3,81490,sales,reaches_CEO,5,0,False
141803,0,129000.0,Bachelor,M,2,185982,sales,reaches_CEO,5,0,False
139005,0,227000.0,PhD,M,1,39417,engineering,reaches_CEO,5,0,False
39659,1,356000.0,Master,F,3,16510,sales,reaches_CEO,5,0,False
133979,0,265000.0,High_School,M,1,195795,sales,reaches_CEO,5,0,False
196288,0,175000.0,PhD,M,4,134671,sales,reaches_CEO,5,0,False
120853,0,199000.0,High_School,M,5,41991,sales,reaches_CEO,5,0,False
49992,0,78000.0,PhD,F,4,104759,HR,reaches_CEO,5,0,False
81945,0,295000.0,High_School,M,3,193518,sales,reaches_CEO,5,0,False
26114,0,394000.0,PhD,M,3,79934,engineering,reaches_CEO,5,0,False
144219,0,312000.0,Bachelor,M,10,146629,engineering,reaches_CEO,4,14,True
60863,0,321000.0,Master,M,3,160511,marketing,reaches_CEO,5,0,False
115490,0,263000.0,PhD,M,4,77844,sales,reaches_CEO,5,0,False
43136,0,376000.0,PhD,M,2,185982,sales,reaches_CEO,5,0,False
57358,0,230000.0,Master,M,3,150408,engineering,reaches_CEO,5,0,False
121887,1,293000.0,PhD,M,4,78874,sales,reaches_CEO,5,0,False
154508,0,266000.0,PhD,M,1,56451,sales,reaches_CEO,5,0,False
128447,0,131000.0,PhD,M,13,193330,engineering,reaches_CEO,4,10,True
109442,0,87000.0,Master,M,4,129410,sales,reaches_CEO,5,0,False
70785,0,132000.0,PhD,M,2,87847,sales,reaches_CEO,5,0,False
59139,1,88000.0,Master,M,7,129410,sales,reaches_CEO,5,0,False
181835,1,74000.0,Master,M,3,88370,HR,reaches_CEO,5,0,False
22879,0,349000.0,Master,M,3,121419,engineering,reaches_CEO,5,0,False
145405,0,86000.0,PhD,M,1,59353,engineering,reaches_CEO,5,0,False
181954,0,265000.0,Bachelor,M,3,112245,sales,reaches_CEO,5,0,False
170059,0,124000.0,PhD,M,4,189148,HR,reaches_CEO,5,0,False
94039,1,217000.0,Master,M,6,107049,sales,reaches_CEO,4,10,True
65449,1,302000.0,High_School,M,4,121419,engineering,reaches_CEO,5,0,False
45133,0,252000.0,PhD,F,3,5875,marketing,reaches_CEO,5,0,False
116428,0,179000.0,Master,M,2,145710,engineering,reaches_CEO,5,0,False
187885,0,163000.0,Bachelor,F,1,110508,engineering,reaches_CEO,5,0,False
19015,1,264000.0,High_School,F,3,122567,engineering,reaches_CEO,5,0,False
121082,1,103000.0,PhD,M,1,168564,sales,reaches_CEO,5,0,False
53545,0,94000.0,PhD,M,5,184885,HR,reaches_CEO,5,0,False
185542,0,114000.0,Master,F,1,181772,sales,reaches_CEO,5,0,False
9186,0,67000.0,Master,M,4,31063,HR,reaches_CEO,5,0,False
192620,0,147000.0,PhD,M,5,113189,sales,reaches_CEO,5,0,False
115029,0,254000.0,PhD,F,6,187183,marketing,reaches_CEO,5,0,False
152926,1,219000.0,PhD,M,4,87762,sales,reaches_CEO,5,0,False
168342,1,251000.0,Master,M,6,92567,engineering,reaches_CEO,4,9,True
170466,0,61000.0,Bachelor,M,1,27704,sales,reaches_CEO,5,0,False
180535,0,209000.0,High_School,F,1,147783,sales,reaches_CEO,5,0,False
180313,0,142000.0,High_School,F,1,6536,marketing,reaches_CEO,5,0,False
55451,0,277000.0,Master,F,4,27393,sales,reaches_CEO,5,0,False
56547,0,74000.0,Master,F,5,97422,HR,reaches_CEO,5,0,False
176262,0,76000.0,High_School,F,5,64087,HR,reaches_CEO,5,0,False
49203,0,68000.0,PhD,F,3,754,HR,reaches_CEO,5,0,False
150928,0,268000.0,PhD,M,5,94611,engineering,reaches_CEO,5,0,False
165291,1,66000.0,PhD,M,2,183283,HR,reaches_CEO,5,0,False
2515,0,237000.0,Master,M,3,88303,sales,reaches_CEO,5,0,False
156147,0,247000.0,High_School,F,5,78874,sales,reaches_CEO,5,0,False
30701,0,133000.0,PhD,M,1,65126,marketing,reaches_CEO,5,0,False
187262,0,193000.0,Bachelor,F,4,69345,sales,reaches_CEO,5,0,False
156949,0,264000.0,PhD,F,4,48352,engineering,reaches_CEO,5,0,False
70138,1,215000.0,High_School,M,3,1651,engineering,reaches_CEO,5,0,False
9216,0,67000.0,PhD,F,1,158777,marketing,reaches_CEO,5,0,False
116205,1,164000.0,Master,F,2,109671,marketing,reaches_CEO,5,0,False
56068,1,239000.0,Master,M,32,11277,sales,reaches_CEO,2,3,True
144038,1,175000.0,Bachelor,F,4,52313,sales,reaches_CEO,5,0,False
116832,0,192000.0,High_School,F,5,158609,sales,reaches_CEO,5,0,False
155590,0,234000.0,Master,M,3,114572,marketing,reaches_CEO,5,0,False
152662,0,155000.0,Master,M,1,84230,marketing,reaches_CEO,5,0,False
37803,0,150000.0,PhD,M,3,103421,engineering,reaches_CEO,5,0,False
176062,0,92000.0,PhD,F,3,179149,HR,reaches_CEO,5,0,False
150107,0,292000.0,Bachelor,F,4,113618,marketing,reaches_CEO,5,0,False
70050,0,211000.0,Bachelor,M,6,195795,sales,reaches_CEO,5,0,False
82824,0,243000.0,High_School,F,4,70819,engineering,reaches_CEO,5,0,False
24979,1,200000.0,PhD,M,4,146600,marketing,reaches_CEO,4,10,True
190057,0,81000.0,High_School,F,1,104539,HR,reaches_CEO,5,0,False
57366,0,304000.0,Master,M,7,115591,sales,reaches_CEO,5,0,False
162035,0,189000.0,Bachelor,M,13,134865,sales,reaches_CEO,4,13,True
136347,1,343000.0,Master,F,5,47472,engineering,reaches_CEO,5,0,False
17100,0,224000.0,PhD,M,2,175593,sales,reaches_CEO,5,0,False
13689,0,189000.0,Master,F,4,74818,sales,reaches_CEO,5,0,False
96020,1,105000.0,Master,M,1,126515,HR,reaches_CEO,5,0,False
89962,0,244000.0,Bachelor,F,5,160169,sales,reaches_CEO,5,0,False
158840,1,268000.0,Master,M,7,179569,sales,reaches_CEO,5,0,False
48471,0,139000.0,Master,M,5,168742,sales,reaches_CEO,5,0,False
53374,0,124000.0,Master,F,14,157492,sales,reaches_CEO,4,9,True
177361,0,113000.0,Bachelor,M,8,75198,marketing,reaches_CEO,5,0,False
38792,0,62000.0,Master,F,2,41808,HR,reaches_CEO,5,0,False
193370,0,265000.0,Master,M,2,71757,marketing,reaches_CEO,5,0,False
153412,1,296000.0,PhD,M,3,139507,marketing,reaches_CEO,4,12,True
10898,1,159000.0,Master,M,7,55481,engineering,reaches_CEO,5,0,False
28774,1,259000.0,PhD,F,6,68998,marketing,reaches_CEO,5,0,False
64768,0,74000.0,Bachelor,F,4,75198,marketing,reaches_CEO,5,0,False
51257,0,217000.0,Bachelor,M,7,88007,sales,reaches_CEO,5,0,False
92114,0,68000.0,PhD,F,1,62298,HR,reaches_CEO,5,0,False
119353,0,234000.0,Master,M,4,51738,engineering,reaches_CEO,5,0,False
79193,1,61000.0,Master,F,13,91117,sales,reaches_CEO,4,11,True
118083,0,178000.0,Master,M,1,48352,engineering,reaches_CEO,5,0,False
11507,0,87000.0,Master,F,8,20378,HR,reaches_CEO,4,18,True
188845,0,105000.0,PhD,F,2,131525,sales,reaches_CEO,5,0,False
14017,1,337000.0,High_School,F,5,85791,sales,reaches_CEO,5,0,False
118175,0,61000.0,High_School,F,4,51121,HR,reaches_CEO,5,0,False
164008,1,144000.0,Bachelor,M,1,5282,sales,reaches_CEO,5,0,False
177475,0,74000.0,Bachelor,F,3,51331,HR,reaches_CEO,5,0,False
114207,1,85000.0,Bachelor,F,2,12649,engineering,reaches_CEO,5,0,False
86127,0,76000.0,PhD,F,4,80240,HR,reaches_CEO,5,0,False
16189,0,274000.0,PhD,M,6,188118,sales,reaches_CEO,5,0,False
97261,0,156000.0,Bachelor,F,4,132399,sales,reaches_CEO,5,0,False
113578,0,142000.0,Bachelor,M,5,125912,marketing,reaches_CEO,4,17,True
127554,1,171000.0,High_School,F,1,83032,marketing,reaches_CEO,5,0,False
133469,0,71000.0,Bachelor,M,2,146111,HR,reaches_CEO,5,0,False
110756,1,233000.0,Master,M,1,75860,engineering,reaches_CEO,5,0,False
68126,0,126000.0,Bachelor,F,9,101981,sales,reaches_CEO,5,0,False
23162,0,240000.0,High_School,M,3,95522,marketing,reaches_CEO,5,0,False
1198,0,73000.0,Bachelor,F,4,75705,HR,reaches_CEO,5,0,False
77359,0,316000.0,Bachelor,M,7,19424,engineering,reaches_CEO,5,0,False
8488,0,102000.0,High_School,M,3,52525,engineering,reaches_CEO,5,0,False
24402,1,367000.0,PhD,F,2,26468,engineering,reaches_CEO,5,0,False
66639,0,116000.0,Bachelor,M,1,191495,sales,reaches_CEO,5,0,False
146771,1,184000.0,Bachelor,F,2,144927,sales,reaches_CEO,5,0,False
34714,1,275000.0,Master,M,6,32248,sales,reaches_CEO,4,16,True
67665,0,69000.0,Master,F,1,197896,HR,reaches_CEO,5,0,False
79854,0,347000.0,Bachelor,M,2,66306,engineering,reaches_CEO,5,0,False
68281,0,112000.0,Master,F,3,134944,sales,reaches_CEO,5,0,False
16801,1,316000.0,Master,M,7,192145,sales,reaches_CEO,5,0,False
12649,0,302000.0,High_School,F,14,17837,engineering,reaches_CEO,4,15,True
199950,0,66000.0,PhD,F,6,41533,HR,reaches_CEO,4,9,True
185403,0,119000.0,Master,M,1,124014,sales,reaches_CEO,5,0,False
147783,0,81000.0,Bachelor,M,11,65522,sales,reaches_CEO,4,11,True
117671,0,252000.0,Master,F,2,190065,marketing,reaches_CEO,5,0,False
177824,0,133000.0,Bachelor,M,4,198778,engineering,reaches_CEO,5,0,False
116326,0,249000.0,Bachelor,M,5,149485,sales,reaches_CEO,5,0,False
114636,0,85000.0,Bachelor,F,1,66692,sales,reaches_CEO,5,0,False
10631,0,74000.0,Bachelor,M,9,59939,marketing,reaches_CEO,5,0,False
91241,1,306000.0,Bachelor,F,2,81860,engineering,reaches_CEO,5,0,False
75537,1,212000.0,High_School,M,1,168905,engineering,reaches_CEO,5,0,False
166390,1,282000.0,Bachelor,M,4,160169,sales,reaches_CEO,5,0,False
81005,0,171000.0,Master,M,9,149696,sales,reaches_CEO,5,0,False
164204,0,65000.0,High_School,M,2,11275,marketing,reaches_CEO,5,0,False
117812,0,65000.0,PhD,F,3,47260,HR,reaches_CEO,5,0,False
130987,0,304000.0,Bachelor,F,3,136468,sales,reaches_CEO,5,0,False
50559,0,257000.0,Bachelor,M,3,23565,sales,reaches_CEO,5,0,False
22394,0,71000.0,Master,M,3,125775,marketing,reaches_CEO,5,0,False
62171,0,245000.0,High_School,F,3,54808,sales,reaches_CEO,5,0,False
152254,1,366000.0,Master,M,6,92845,engineering,reaches_CEO,5,0,False
110298,0,223000.0,High_School,M,4,133858,engineering,reaches_CEO,5,0,False
73516,1,369000.0,Master,M,4,102632,marketing,reaches_CEO,5,0,False
32297,0,110000.0,Master,F,3,141211,HR,reaches_CEO,5,0,False
57580,1,161000.0,Master,F,1,134982,sales,reaches_CEO,5,0,False
58926,0,167000.0,Bachelor,M,2,70547,marketing,reaches_CEO,5,0,False
49128,0,264000.0,Bachelor,M,1,74066,engineering,reaches_CEO,5,0,False
186640,0,83000.0,Master,F,1,94030,sales,reaches_CEO,5,0,False
65830,0,78000.0,High_School,M,1,11507,HR,reaches_CEO,5,0,False
89960,0,67000.0,PhD,F,1,71152,HR,reaches_CEO,5,0,False
192954,0,60000.0,Bachelor,M,5,4384,HR,reaches_CEO,5,0,False
86053,0,227000.0,Bachelor,F,3,4110,sales,reaches_CEO,5,0,False
2255,0,86000.0,High_School,M,1,179149,HR,reaches_CEO,5,0,False
168742,0,363000.0,Bachelor,M,7,59535,sales,reaches_CEO,4,12,True
75799,1,200000.0,Bachelor,M,3,67522,sales,reaches_CEO,5,0,False
36763,0,196000.0,Bachelor,M,1,119658,engineering,reaches_CEO,5,0,False
80240,0,102000.0,Master,F,11,50665,HR,reaches_CEO,4,8,True
182661,1,170000.0,Bachelor,F,7,12214,sales,reaches_CEO,5,0,False
44733,1,113000.0,Master,F,2,191454,marketing,reaches_CEO,5,0,False
188360,1,72000.0,Master,M,1,105542,marketing,reaches_CEO,5,0,False
101588,0,131000.0,High_School,M,2,6536,marketing,reaches_CEO,5,0,False
71560,0,109000.0,High_School,F,1,136313,engineering,reaches_CEO,5,0,False
56479,0,184000.0,High_School,F,4,159996,sales,reaches_CEO,5,0,False
105910,0,228000.0,Master,M,1,151005,marketing,reaches_CEO,5,0,False
189661,0,146000.0,PhD,M,2,90,engineering,reaches_CEO,5,0,False
12357,0,175000.0,Master,M,6,112245,sales,reaches_CEO,5,0,False
119560,0,302000.0,Master,M,3,48912,engineering,reaches_CEO,5,0,False
120379,0,71000.0,Bachelor,F,5,130342,HR,reaches_CEO,5,0,False
91375,0,318000.0,PhD,F,4,150722,marketing,reaches_CEO,5,0,False
52390,0,266000.0,Bachelor,M,1,78215,sales,reaches_CEO,5,0,False
120938,0,272000.0,Master,M,4,32938,engineering,reaches_CEO,5,0,False
140022,0,329000.0,Master,M,3,6335,sales,reaches_CEO,5,0,False
53127,1,110000.0,Master,M,4,96420,sales,reaches_CEO,5,0,False
129852,0,352000.0,High_School,M,2,81111,engineering,reaches_CEO,5,0,False
91170,0,76000.0,Master,M,7,17211,HR,reaches_CEO,5,0,False
171996,0,388000.0,Master,M,7,24071,engineering,reaches_CEO,5,0,False
50166,0,147000.0,High_School,F,5,158609,sales,reaches_CEO,5,0,False
148957,0,233000.0,Master,M,6,179459,marketing,reaches_CEO,5,0,False
189066,1,259000.0,Master,M,3,148260,marketing,reaches_CEO,5,0,False
173043,1,172000.0,PhD,M,3,5282,sales,reaches_CEO,5,0,False
163145,0,97000.0,Bachelor,M,3,87733,sales,reaches_CEO,5,0,False
181455,0,130000.0,Bachelor,M,4,61811,sales,reaches_CEO,5,0,False
155653,0,310000.0,PhD,M,3,194078,marketing,reaches_CEO,5,0,False
192684,0,66000.0,Master,F,4,754,HR,reaches_CEO,5,0,False
81177,0,95000.0,PhD,M,3,130342,HR,reaches_CEO,5,0,False
43756,0,209000.0,PhD,M,1,48742,engineering,reaches_CEO,5,0,False
38044,1,61000.0,Bachelor,F,1,168742,sales,reaches_CEO,5,0,False
31412,1,154000.0,High_School,M,1,6536,marketing,reaches_CEO,5,0,False
179244,0,395000.0,PhD,M,5,166928,engineering,reaches_CEO,5,0,False
92706,1,315000.0,High_School,F,3,4394,marketing,reaches_CEO,5,0,False
185942,0,210000.0,Master,M,4,120381,sales,reaches_CEO,5,0,False
49428,1,247000.0,PhD,M,2,112245,sales,reaches_CEO,5,0,False
186885,0,119000.0,PhD,M,5,114011,engineering,reaches_CEO,5,0,False
114086,1,256000.0,High_School,M,2,9706,sales,reaches_CEO,5,0,False
83242,1,305000.0,Bachelor,M,1,188118,sales,reaches_CEO,5,0,False
125888,1,226000.0,Master,M,3,5282,sales,reaches_CEO,5,0,False
172577,0,71000.0,PhD,F,2,15768,HR,reaches_CEO,5,0,False
66160,0,226000.0,Master,F,3,79285,sales,reaches_CEO,4,5,True
62121,0,103000.0,PhD,M,1,14299,engineering,reaches_CEO,5,0,False
63642,1,70000.0,High_School,F,3,142630,HR,reaches_CEO,5,0,False
131240,0,321000.0,Bachelor,M,6,61811,sales,reaches_CEO,5,0,False
181410,1,290000.0,High_School,F,5,181772,sales,reaches_CEO,5,0,False
95087,0,202000.0,PhD,F,4,123258,marketing,reaches_CEO,5,0,False
114794,0,240000.0,High_School,M,3,26468,engineering,reaches_CEO,5,0,False
19305,0,315000.0,Bachelor,M,2,166928,engineering,reaches_CEO,5,0,False
77661,1,201000.0,PhD,F,6,128966,sales,reaches_CEO,5,0,False
21586,0,297000.0,PhD,M,4,76435,sales,reaches_CEO,5,0,False
149246,0,147000.0,High_School,M,1,87847,sales,reaches_CEO,5,0,False
76973,0,234000.0,High_School,M,6,147249,engineering,reaches_CEO,5,0,False
154802,0,133000.0,PhD,M,4,148236,sales,reaches_CEO,5,0,False
108763,0,204000.0,Bachelor,F,4,121419,engineering,reaches_CEO,5,0,False
184203,1,189000.0,Bachelor,M,3,168742,sales,reaches_CEO,5,0,False
179122,0,325000.0,PhD,F,3,71585,sales,reaches_CEO,5,0,False
50007,0,246000.0,Bachelor,M,4,109254,sales,reaches_CEO,5,0,False
188783,0,96000.0,Bachelor,M,6,193818,HR,reaches_CEO,5,0,False
153475,1,87000.0,PhD,M,5,183065,engineering,reaches_CEO,5,0,False
104855,0,352000.0,Master,M,3,154891,engineering,reaches_CEO,5,0,False
175382,0,383000.0,Bachelor,M,2,108428,engineering,reaches_CEO,5,0,False
143395,0,160000.0,Master,M,5,37434,sales,reaches_CEO,5,0,False
62806,0,122000.0,Master,M,2,132399,sales,reaches_CEO,5,0,False
109002,0,350000.0,PhD,F,6,12649,engineering,reaches_CEO,5,0,False
197012,1,296000.0,Bachelor,M,7,144219,engineering,reaches_CEO,5,0,False
157446,1,265000.0,Bachelor,M,6,129626,marketing,reaches_CEO,5,0,False
178159,1,290000.0,Bachelor,M,4,46957,sales,reaches_CEO,5,0,False
146559,0,60000.0,PhD,M,2,129287,HR,reaches_CEO,5,0,False
181559,0,249000.0,Master,M,4,169574,marketing,reaches_CEO,5,0,False
101030,0,237000.0,Bachelor,M,3,131063,marketing,reaches_CEO,5,0,False
120769,0,350000.0,Master,F,2,131620,sales,reaches_CEO,5,0,False
2314,1,120000.0,Master,F,7,166928,engineering,reaches_CEO,5,0,False
101827,0,106000.0,PhD,F,4,150290,HR,reaches_CEO,5,0,False
25895,1,71000.0,High_School,F,1,39388,sales,reaches_CEO,5,0,False
121819,0,121000.0,Master,F,2,123502,HR,reaches_CEO,5,0,False
133729,0,76000.0,PhD,M,3,11507,HR,reaches_CEO,5,0,False
147388,0,157000.0,Master,M,1,116774,engineering,reaches_CEO,5,0,False
156238,1,96000.0,Bachelor,M,3,45803,sales,reaches_CEO,5,0,False
10748,0,311000.0,High_School,M,5,168905,engineering,reaches_CEO,5,0,False
42144,0,116000.0,Bachelor,F,3,41808,HR,reaches_CEO,5,0,False
198879,0,157000.0,PhD,M,7,83356,sales,reaches_CEO,4,13,True
39290,0,74000.0,High_School,F,1,126515,HR,reaches_CEO,5,0,False
150809,0,80000.0,PhD,F,8,61517,HR,reaches_CEO,5,0,False
194736,0,379000.0,Bachelor,F,1,91002,marketing,reaches_CEO,5,0,False
196713,0,86000.0,PhD,F,2,115593,HR,reaches_CEO,5,0,False
137109,0,93000.0,Bachelor,F,4,22887,HR,reaches_CEO,5,0,False
164113,0,66000.0,High_School,F,5,17211,HR,reaches_CEO,5,0,False
107770,0,88000.0,PhD,M,6,68222,HR,reaches_CEO,5,0,False
9239,0,169000.0,Bachelor,M,11,47127,sales,reaches_CEO,4,14,True
120257,0,68000.0,Master,F,5,123263,HR,reaches_CEO,5,0,False
78775,1,112000.0,Master,M,2,29712,engineering,reaches_CEO,5,0,False
189690,1,114000.0,PhD,M,3,193452,sales,reaches_CEO,5,0,False
15411,0,236000.0,PhD,M,2,77670,sales,reaches_CEO,5,0,False
28088,1,202000.0,High_School,F,5,111363,sales,reaches_CEO,5,0,False
19143,1,314000.0,Master,M,2,129734,engineering,reaches_CEO,5,0,False
58585,1,264000.0,PhD,F,6,148260,marketing,reaches_CEO,5,0,False
81562,0,185000.0,PhD,F,4,67931,engineering,reaches_CEO,5,0,False
77344,0,377000.0,PhD,M,3,158056,engineering,reaches_CEO,5,0,False
41648,0,199000.0,Master,M,5,92403,sales,reaches_CEO,5,0,False
67393,1,182000.0,Bachelor,F,2,198240,sales,reaches_CEO,5,0,False
59035,0,388000.0,High_School,F,7,180925,sales,reaches_CEO,5,0,False
183528,1,202000.0,Master,M,14,184512,engineering,reaches_CEO,4,5,True
53012,0,259000.0,Master,F,10,91869,marketing,reaches_CEO,4,7,True
149856,0,91000.0,PhD,F,3,47260,HR,reaches_CEO,5,0,False
116926,0,178000.0,PhD,M,3,182777,marketing,reaches_CEO,5,0,False
51095,0,230000.0,Master,M,1,47618,marketing,reaches_CEO,5,0,False
46097,0,163000.0,PhD,M,2,140542,sales,reaches_CEO,5,0,False
36531,1,210000.0,PhD,M,2,56316,sales,reaches_CEO,5,0,False
110979,0,75000.0,Master,F,1,123502,HR,reaches_CEO,5,0,False
92074,0,395000.0,PhD,M,4,198531,sales,reaches_CEO,5,0,False
78049,0,109000.0,High_School,F,1,11507,HR,reaches_CEO,5,0,False
85665,0,256000.0,Bachelor,M,2,138772,sales,reaches_CEO,5,0,False
93198,0,399000.0,Bachelor,M,4,156010,engineering,reaches_CEO,5,0,False
177406,0,345000.0,High_School,M,5,101484,engineering,reaches_CEO,5,0,False
170681,1,86000.0,Bachelor,F,1,62043,engineering,reaches_CEO,5,0,False
142200,0,96000.0,High_School,M,6,47748,HR,reaches_CEO,5,0,False
108912,1,125000.0,PhD,M,3,79237,marketing,reaches_CEO,5,0,False
159670,0,235000.0,Master,M,6,52920,sales,reaches_CEO,5,0,False
22903,0,296000.0,High_School,M,1,154170,engineering,reaches_CEO,5,0,False
70747,1,117000.0,Master,M,6,47863,engineering,reaches_CEO,5,0,False
162309,0,64000.0,Master,M,5,97040,HR,reaches_CEO,5,0,False
41277,1,67000.0,Bachelor,F,4,754,HR,reaches_CEO,5,0,False
78093,0,350000.0,High_School,M,4,116289,engineering,reaches_CEO,5,0,False
26466,0,61000.0,Bachelor,F,3,135804,HR,reaches_CEO,5,0,False
77684,0,197000.0,Bachelor,M,2,191083,marketing,reaches_CEO,5,0,False
182289,0,244000.0,PhD,F,4,190060,sales,reaches_CEO,5,0,False
42182,1,230000.0,PhD,F,2,192414,sales,reaches_CEO,5,0,False
60724,0,185000.0,Bachelor,M,1,123358,sales,reaches_CEO,5,0,False
189536,0,229000.0,High_School,M,1,131620,sales,reaches_CEO,5,0,False
137633,1,72000.0,High_School,F,5,7095,HR,reaches_CEO,5,0,False
77851,0,264000.0,Bachelor,M,10,36075,sales,reaches_CEO,3,3,True
67053,0,138000.0,High_School,F,5,119774,sales,reaches_CEO,5,0,False
132329,0,320000.0,Master,M,2,130204,marketing,reaches_CEO,5,0,False
9367,0,358000.0,Master,M,4,63785,engineering,reaches_CEO,5,0,False
52856,1,351000.0,Master,M,6,191083,marketing,reaches_CEO,5,0,False
102070,0,239000.0,Master,M,1,160618,sales,reaches_CEO,5,0,False
196490,0,107000.0,Bachelor,M,2,165426,HR,reaches_CEO,4,11,True
150121,0,107000.0,PhD,M,4,18627,marketing,reaches_CEO,5,0,False
60287,1,63000.0,Master,M,3,181886,sales,reaches_CEO,5,0,False
100707,1,110000.0,Bachelor,M,2,33266,marketing,reaches_CEO,5,0,False
76863,1,96000.0,Master,M,4,158609,sales,reaches_CEO,5,0,False
986,1,184000.0,High_School,M,5,37220,engineering,reaches_CEO,5,0,False
92845,1,327000.0,Bachelor,M,8,92567,engineering,reaches_CEO,4,16,True
132143,0,198000.0,High_School,M,1,175361,sales,reaches_CEO,5,0,False
145097,1,134000.0,PhD,M,5,92403,sales,reaches_CEO,5,0,False
123860,1,206000.0,Master,M,1,167877,sales,reaches_CEO,5,0,False
77556,0,79000.0,PhD,M,10,45969,HR,reaches_CEO,4,9,True
43810,0,346000.0,Bachelor,M,1,159098,engineering,reaches_CEO,5,0,False
183281,0,393000.0,High_School,M,1,169223,engineering,reaches_CEO,5,0,False
121129,0,212000.0,Bachelor,M,4,160169,sales,reaches_CEO,5,0,False
44520,0,335000.0,Master,M,1,197206,marketing,reaches_CEO,5,0,False
63570,0,82000.0,PhD,F,2,7095,HR,reaches_CEO,5,0,False
42899,0,183000.0,PhD,M,5,69903,engineering,reaches_CEO,5,0,False
34134,1,359000.0,High_School,F,14,172989,sales,reaches_CEO,4,11,True
129626,1,297000.0,Bachelor,F,4,118233,marketing,reaches_CEO,4,13,True
181946,0,224000.0,Bachelor,M,2,157064,marketing,reaches_CEO,5,0,False
145286,0,106000.0,Master,F,6,190566,marketing,reaches_CEO,5,0,False
113566,0,365000.0,Bachelor,F,9,154285,engineering,reaches_CEO,4,9,True
64893,0,180000.0,Master,M,4,160618,sales,reaches_CEO,5,0,False
60405,1,236000.0,PhD,M,4,26468,engineering,reaches_CEO,5,0,False
170732,0,93000.0,Bachelor,M,1,180930,sales,reaches_CEO,5,0,False
179879,0,260000.0,High_School,F,2,60609,sales,reaches_CEO,5,0,False
31679,0,68000.0,Bachelor,M,5,8812,HR,reaches_CEO,5,0,False
193546,0,144000.0,Master,M,1,166729,marketing,reaches_CEO,5,0,False
178617,0,135000.0,High_School,M,4,78215,sales,reaches_CEO,5,0,False
155829,0,275000.0,PhD,F,4,148984,sales,reaches_CEO,5,0,False
145975,1,338000.0,Bachelor,M,3,57938,engineering,reaches_CEO,5,0,False
58666,1,83000.0,High_School,M,6,148795,engineering,reaches_CEO,5,0,False
162303,0,372000.0,PhD,M,4,8193,engineering,reaches_CEO,5,0,False
84813,0,107000.0,High_School,M,4,59939,marketing,reaches_CEO,5,0,False
174752,0,121000.0,PhD,M,2,75242,engineering,reaches_CEO,5,0,False
153209,1,150000.0,Master,F,3,112643,sales,reaches_CEO,5,0,False
54807,0,80000.0,Master,F,4,180006,HR,reaches_CEO,5,0,False
4655,0,216000.0,PhD,M,5,92403,sales,reaches_CEO,5,0,False
74315,0,122000.0,High_School,M,1,174800,marketing,reaches_CEO,5,0,False
30087,0,234000.0,Bachelor,M,2,41991,sales,reaches_CEO,5,0,False
146498,0,248000.0,PhD,F,2,87613,engineering,reaches_CEO,5,0,False
50374,0,373000.0,PhD,M,2,52525,engineering,reaches_CEO,5,0,False
40510,0,222000.0,Master,M,3,160618,sales,reaches_CEO,5,0,False
44496,1,312000.0,PhD,M,4,103421,engineering,reaches_CEO,5,0,False
147441,1,266000.0,Master,F,2,90065,engineering,reaches_CEO,5,0,False
147381,0,245000.0,High_School,M,4,21470,marketing,reaches_CEO,5,0,False
181396,0,202000.0,Master,M,6,148418,engineering,reaches_CEO,5,0,False
18863,1,154000.0,High_School,M,3,140061,sales,reaches_CEO,5,0,False
101216,0,118000.0,Bachelor,F,3,90639,marketing,reaches_CEO,5,0,False
132705,0,65000.0,Master,M,2,39231,HR,reaches_CEO,5,0,False
138163,0,168000.0,Bachelor,F,2,144219,engineering,reaches_CEO,5,0,False
31385,1,146000.0,Master,F,6,92845,engineering,reaches_CEO,5,0,False
48742,0,226000.0,Bachelor,M,9,28697,engineering,reaches_CEO,4,10,True
136600,0,195000.0,PhD,M,7,47472,engineering,reaches_CEO,5,0,False
173162,0,172000.0,PhD,M,5,167877,sales,reaches_CEO,5,0,False
197984,0,290000.0,High_School,M,4,141079,engineering,reaches_CEO,5,0,False
132144,1,131000.0,PhD,M,2,171940,marketing,reaches_CEO,5,0,False
7254,1,346000.0,Bachelor,M,3,182028,engineering,reaches_CEO,5,0,False
179212,0,151000.0,PhD,F,4,162889,marketing,reaches_CEO,4,11,True
160099,1,140000.0,PhD,M,3,4110,sales,reaches_CEO,5,0,False
149983,1,165000.0,Master,M,3,30488,marketing,reaches_CEO,5,0,False
179569,1,336000.0,Bachelor,M,11,78493,sales,reaches_CEO,4,7,True
170195,0,142000.0,Master,M,1,75246,engineering,reaches_CEO,5,0,False
170756,0,297000.0,PhD,M,2,177166,engineering,reaches_CEO,5,0,False
185741,0,327000.0,High_School,F,5,69943,sales,reaches_CEO,5,0,False
162608,0,104000.0,PhD,M,2,79735,engineering,reaches_CEO,5,0,False
78138,1,165000.0,Bachelor,F,2,189890,engineering,reaches_CEO,5,0,False
71851,0,261000.0,High_School,F,2,67931,engineering,reaches_CEO,5,0,False
48863,0,266000.0,High_School,M,6,76435,sales,reaches_CEO,5,0,False
110878,0,303000.0,Master,M,9,119481,engineering,reaches_CEO,4,13,True
50279,0,81000.0,Master,F,1,742,HR,reaches_CEO,5,0,False
99583,0,236000.0,Master,F,1,150300,marketing,reaches_CEO,5,0,False
138107,0,168000.0,High_School,M,1,59939,marketing,reaches_CEO,5,0,False
147033,0,309000.0,Bachelor,M,2,8198,engineering,reaches_CEO,5,0,False
5615,0,224000.0,Master,F,4,41721,marketing,reaches_CEO,5,0,False
161391,1,251000.0,PhD,F,1,168797,marketing,reaches_CEO,5,0,False
125684,0,107000.0,Bachelor,F,5,29749,HR,reaches_CEO,5,0,False
110794,0,73000.0,Master,F,1,80043,HR,reaches_CEO,5,0,False
21979,0,301000.0,Bachelor,M,6,60319,sales,reaches_CEO,5,0,False
77424,0,208000.0,Bachelor,M,3,181421,sales,reaches_CEO,5,0,False
169760,0,147000.0,Master,M,1,144219,engineering,reaches_CEO,5,0,False
84491,1,161000.0,Master,M,3,138772,sales,reaches_CEO,5,0,False
195460,0,114000.0,Bachelor,M,6,153551,sales,reaches_CEO,5,0,False
159130,0,60000.0,Master,F,3,151838,sales,reaches_CEO,5,0,False
106723,0,236000.0,PhD,F,2,164326,sales,reaches_CEO,5,0,False
168426,1,139000.0,Bachelor,F,5,17291,sales,reaches_CEO,5,0,False
86074,0,94000.0,High_School,M,3,167389,sales,reaches_CEO,5,0,False
34783,0,106000.0,Master,M,1,99139,sales,reaches_CEO,5,0,False
31767,1,259000.0,Bachelor,M,2,25934,engineering,reaches_CEO,5,0,False
189297,0,174000.0,PhD,M,2,182556,sales,reaches_CEO,5,0,False
196635,0,270000.0,PhD,F,7,113578,marketing,reaches_CEO,5,0,False
25173,1,227000.0,High_School,M,1,95473,sales,reaches_CEO,5,0,False
34194,0,180000.0,Master,F,1,174092,sales,reaches_CEO,5,0,False
168905,0,345000.0,Bachelor,F,10,193330,engineering,reaches_CEO,4,23,True
58652,0,65000.0,PhD,F,2,100373,HR,reaches_CEO,5,0,False
45730,0,303000.0,Master,F,7,30468,engineering,reaches_CEO,5,0,False
163711,0,113000.0,Bachelor,M,5,159906,sales,reaches_CEO,5,0,False
34157,1,138000.0,PhD,M,2,30640,engineering,reaches_CEO,5,0,False
25003,0,155000.0,Master,F,3,111974,engineering,reaches_CEO,5,0,False
123063,0,347000.0,High_School,M,5,164326,sales,reaches_CEO,5,0,False
96546,0,184000.0,Bachelor,M,5,142685,sales,reaches_CEO,5,0,False
84991,1,73000.0,Master,M,5,14470,sales,reaches_CEO,5,0,False
114338,0,79000.0,Master,M,4,51121,HR,reaches_CEO,5,0,False
25291,0,289000.0,High_School,M,2,192369,sales,reaches_CEO,5,0,False
1127,1,349000.0,Master,M,9,23565,sales,reaches_CEO,5,0,False
30940,1,331000.0,Master,M,4,162196,engineering,reaches_CEO,5,0,False
197241,0,84000.0,High_School,F,7,9400,HR,reaches_CEO,5,0,False
74096,0,150000.0,PhD,M,8,24287,HR,reaches_CEO,5,0,False
62357,0,107000.0,Bachelor,F,3,64190,sales,reaches_CEO,5,0,False
136800,0,253000.0,Bachelor,F,4,19424,engineering,reaches_CEO,5,0,False
172403,0,77000.0,Bachelor,M,5,23565,sales,reaches_CEO,5,0,False
191873,1,172000.0,High_School,M,5,40904,engineering,reaches_CEO,5,0,False
169564,1,188000.0,PhD,M,3,57316,sales,reaches_CEO,5,0,False
31367,0,285000.0,Master,M,1,60319,sales,reaches_CEO,5,0,False
114091,1,104000.0,Master,M,6,116180,engineering,reaches_CEO,5,0,False
74575,0,108000.0,Bachelor,M,3,14470,sales,reaches_CEO,5,0,False
100779,0,228000.0,Master,M,5,147642,sales,reaches_CEO,5,0,False
120633,0,77000.0,High_School,M,7,51121,HR,reaches_CEO,5,0,False
136905,1,180000.0,Bachelor,F,18,71889,HR,reaches_CEO,3,2,True
48883,0,237000.0,PhD,M,1,179929,sales,reaches_CEO,5,0,False
139440,0,81000.0,PhD,M,2,194078,marketing,reaches_CEO,5,0,False
190184,0,142000.0,PhD,F,5,191289,engineering,reaches_CEO,5,0,False
2030,0,88000.0,PhD,F,2,91979,HR,reaches_CEO,5,0,False
188410,1,158000.0,Master,M,5,18939,sales,reaches_CEO,5,0,False
145856,0,89000.0,Master,F,3,73846,sales,reaches_CEO,5,0,False
151440,0,112000.0,High_School,M,4,191073,sales,reaches_CEO,5,0,False
126210,1,228000.0,PhD,F,4,68201,sales,reaches_CEO,5,0,False
88023,0,202000.0,Master,F,2,55431,sales,reaches_CEO,5,0,False
190801,0,277000.0,PhD,M,19,51535,engineering,reaches_CEO,2,5,True
172608,0,72000.0,PhD,M,2,742,HR,reaches_CEO,5,0,False
163627,0,290000.0,High_School,M,2,149970,marketing,reaches_CEO,5,0,False
167188,0,74000.0,PhD,M,4,89619,HR,reaches_CEO,4,6,True
65738,1,225000.0,Bachelor,M,3,90237,sales,reaches_CEO,5,0,False
123032,1,326000.0,PhD,F,2,132187,engineering,reaches_CEO,5,0,False
148380,0,65000.0,Master,F,1,43937,HR,reaches_CEO,5,0,False
34493,0,181000.0,PhD,M,1,196660,sales,reaches_CEO,5,0,False
43684,0,294000.0,Bachelor,M,6,57938,engineering,reaches_CEO,5,0,False
166866,0,297000.0,Bachelor,F,4,87330,engineering,reaches_CEO,5,0,False
41557,0,76000.0,Bachelor,F,1,129287,HR,reaches_CEO,5,0,False
51616,0,315000.0,Master,F,4,64724,marketing,reaches_CEO,5,0,False
129779,1,246000.0,PhD,M,1,139180,marketing,reaches_CEO,5,0,False
183940,0,204000.0,Master,F,5,91002,marketing,reaches_CEO,5,0,False
2957,1,333000.0,Bachelor,M,6,71130,engineering,reaches_CEO,5,0,False
116384,0,225000.0,Master,M,3,125755,marketing,reaches_CEO,5,0,False
34122,0,95000.0,PhD,F,1,129410,sales,reaches_CEO,5,0,False
140838,0,60000.0,Bachelor,M,8,95935,HR,reaches_CEO,4,11,True
123150,1,243000.0,Master,M,5,181421,sales,reaches_CEO,5,0,False
151780,0,84000.0,PhD,F,3,97919,HR,reaches_CEO,5,0,False
27235,1,146000.0,Master,M,2,147819,sales,reaches_CEO,5,0,False
3312,0,153000.0,Bachelor,F,1,69903,engineering,reaches_CEO,5,0,False
145126,0,94000.0,PhD,M,3,114472,sales,reaches_CEO,4,9,True
68048,0,98000.0,PhD,F,1,62161,marketing,reaches_CEO,5,0,False
187831,0,176000.0,PhD,M,5,134982,sales,reaches_CEO,5,0,False
174018,0,369000.0,Master,M,1,170076,engineering,reaches_CEO,5,0,False
58541,0,231000.0,High_School,M,1,183824,engineering,reaches_CEO,5,0,False
76651,0,79000.0,Master,M,7,172541,HR,reaches_CEO,5,0,False
101720,1,66000.0,PhD,F,3,64858,HR,reaches_CEO,5,0,False
115694,1,257000.0,Master,M,13,152076,engineering,reaches_CEO,4,12,True
57482,0,273000.0,Bachelor,M,5,131525,sales,reaches_CEO,5,0,False
50679,0,75000.0,Master,M,11,181310,sales,reaches_CEO,4,7,True
141010,1,140000.0,Master,M,2,133927,engineering,reaches_CEO,5,0,False
160686,0,120000.0,High_School,M,1,29733,HR,reaches_CEO,5,0,False
117773,0,318000.0,PhD,M,1,198875,engineering,reaches_CEO,5,0,False
57481,0,158000.0,Master,M,3,8711,marketing,reaches_CEO,5,0,False
161055,0,60000.0,Bachelor,F,1,47260,HR,reaches_CEO,5,0,False
38909,0,92000.0,Bachelor,M,3,100373,HR,reaches_CEO,5,0,False
149550,0,74000.0,High_School,F,2,73254,HR,reaches_CEO,5,0,False
65460,0,342000.0,PhD,M,3,136468,sales,reaches_CEO,5,0,False
1612,0,179000.0,PhD,M,6,164439,marketing,reaches_CEO,5,0,False
184160,0,386000.0,Master,F,2,51738,engineering,reaches_CEO,5,0,False
163861,0,246000.0,Master,M,4,181219,marketing,reaches_CEO,5,0,False
76815,0,321000.0,PhD,F,2,188118,sales,reaches_CEO,5,0,False
54468,0,235000.0,High_School,M,3,158777,marketing,reaches_CEO,5,0,False
39811,0,267000.0,High_School,F,1,103912,sales,reaches_CEO,5,0,False
129392,0,64000.0,PhD,M,5,146111,HR,reaches_CEO,5,0,False
17509,1,286000.0,PhD,F,8,59705,sales,reaches_CEO,5,0,False
126307,1,203000.0,Master,M,9,191289,engineering,reaches_CEO,5,0,False
188042,0,223000.0,Master,M,1,123000,sales,reaches_CEO,5,0,False
18800,1,156000.0,Master,M,4,181996,engineering,reaches_CEO,5,0,False
44589,0,70000.0,PhD,F,6,27018,HR,reaches_CEO,5,0,False
115591,0,309000.0,PhD,M,7,66119,sales,reaches_CEO,4,20,True
12970,0,106000.0,PhD,M,1,171499,engineering,reaches_CEO,5,0,False
31960,0,169000.0,Master,M,1,180037,sales,reaches_CEO,5,0,False
75234,0,93000.0,PhD,M,5,197896,HR,reaches_CEO,5,0,False
28439,0,104000.0,PhD,M,2,196637,engineering,reaches_CEO,5,0,False
130135,0,92000.0,PhD,F,9,95935,HR,reaches_CEO,4,11,True
196010,0,271000.0,Bachelor,F,5,51738,engineering,reaches_CEO,5,0,False
187556,1,323000.0,Master,F,4,30749,engineering,reaches_CEO,5,0,False
61631,0,258000.0,Master,M,1,12649,engineering,reaches_CEO,5,0,False
20901,1,328000.0,High_School,M,5,189937,engineering,reaches_CEO,4,11,True
140671,1,96000.0,High_School,M,3,38308,marketing,reaches_CEO,5,0,False
167223,0,197000.0,PhD,F,22,40920,marketing,reaches_CEO,3,6,True
171499,0,295000.0,PhD,M,14,152076,engineering,reaches_CEO,4,17,True
35838,0,77000.0,Bachelor,F,3,14226,HR,reaches_CEO,5,0,False
90167,0,232000.0,High_School,F,2,53390,sales,reaches_CEO,5,0,False
40497,1,331000.0,Master,M,1,187053,engineering,reaches_CEO,5,0,False
33274,1,289000.0,Master,M,5,183045,engineering,reaches_CEO,5,0,False
183858,1,326000.0,Master,M,3,153291,sales,reaches_CEO,5,0,False
132874,0,77000.0,PhD,F,3,53826,HR,reaches_CEO,5,0,False
190060,0,82000.0,Master,F,2,181310,sales,reaches_CEO,4,9,True
88869,1,211000.0,Bachelor,M,3,182996,sales,reaches_CEO,5,0,False
1310,1,254000.0,Master,M,3,71130,engineering,reaches_CEO,5,0,False
175846,0,230000.0,PhD,M,3,91124,sales,reaches_CEO,5,0,False
24460,0,91000.0,Master,F,1,73254,HR,reaches_CEO,5,0,False
117076,0,168000.0,High_School,M,3,70819,engineering,reaches_CEO,5,0,False
1467,0,146000.0,Bachelor,F,1,148984,sales,reaches_CEO,5,0,False
97928,0,135000.0,PhD,M,1,128966,sales,reaches_CEO,5,0,False
113834,0,138000.0,High_School,M,2,115591,sales,reaches_CEO,5,0,False
163969,0,73000.0,PhD,F,6,252,HR,reaches_CEO,5,0,False
187001,1,73000.0,Bachelor,M,1,169833,HR,reaches_CEO,5,0,False
120808,0,83000.0,PhD,F,3,198240,sales,reaches_CEO,5,0,False
126823,1,234000.0,Master,M,5,166729,marketing,reaches_CEO,5,0,False
107204,0,246000.0,Master,M,9,48730,marketing,reaches_CEO,5,0,False
43940,0,253000.0,Bachelor,M,5,51293,sales,reaches_CEO,5,0,False
15277,1,288000.0,Master,M,10,132307,engineering,reaches_CEO,4,10,True
199580,1,375000.0,Master,M,1,167921,engineering,reaches_CEO,5,0,False
51522,1,199000.0,Bachelor,M,1,88936,sales,reaches_CEO,5,0,False
13642,0,68000.0,Master,F,1,104539,HR,reaches_CEO,5,0,False
149759,0,109000.0,Master,M,4,154381,sales,reaches_CEO,5,0,False
27709,1,63000.0,Bachelor,F,3,168415,HR,reaches_CEO,5,0,False
97318,1,61000.0,Master,M,2,154375,HR,reaches_CEO,5,0,False
81490,1,260000.0,Bachelor,M,13,65174,sales,reaches_CEO,4,12,True
73961,0,140000.0,Master,F,2,29960,marketing,reaches_CEO,5,0,False
79371,0,84000.0,Master,M,2,162518,sales,reaches_CEO,5,0,False
19767,1,294000.0,Bachelor,F,3,94507,engineering,reaches_CEO,5,0,False
24366,0,250000.0,Bachelor,M,1,127769,engineering,reaches_CEO,5,0,False
20677,0,221000.0,PhD,F,3,40904,engineering,reaches_CEO,5,0,False
41014,0,248000.0,PhD,M,1,105542,marketing,reaches_CEO,5,0,False
53078,0,309000.0,PhD,M,5,187053,engineering,reaches_CEO,5,0,False
37179,1,220000.0,PhD,M,6,39417,engineering,reaches_CEO,5,0,False
4873,1,215000.0,PhD,M,1,52319,sales,reaches_CEO,5,0,False
108505,0,95000.0,PhD,M,2,57701,HR,reaches_CEO,5,0,False
45600,0,85000.0,High_School,M,1,41808,HR,reaches_CEO,5,0,False
71945,0,227000.0,PhD,M,13,183869,engineering,reaches_CEO,4,11,True
148860,1,63000.0,PhD,F,5,129778,HR,reaches_CEO,5,0,False
162976,0,78000.0,PhD,M,2,123263,HR,reaches_CEO,5,0,False
180741,0,79000.0,Master,F,4,194904,HR,reaches_CEO,5,0,False
106281,0,399000.0,PhD,F,9,196058,marketing,reaches_CEO,5,0,False
62990,0,187000.0,Master,F,3,129381,sales,reaches_CEO,4,12,True
112086,0,75000.0,High_School,M,5,160169,sales,reaches_CEO,5,0,False
61554,1,700000.0,PhD,M,7,,CEO,reaches_CEO,0,4,True
196755,0,196000.0,Master,M,6,149696,sales,reaches_CEO,5,0,False
169015,1,399000.0,PhD,F,4,91002,marketing,reaches_CEO,5,0,False
198531,1,85000.0,Bachelor,M,12,49727,sales,reaches_CEO,4,12,True
138904,0,90000.0,Master,M,1,189742,HR,reaches_CEO,5,0,False
139637,0,245000.0,High_School,F,2,95609,sales,reaches_CEO,5,0,False
171548,0,366000.0,High_School,M,4,154891,engineering,reaches_CEO,5,0,False
116647,0,84000.0,Bachelor,F,2,115856,sales,reaches_CEO,5,0,False
60602,0,139000.0,PhD,F,1,159638,HR,reaches_CEO,5,0,False
107083,0,247000.0,High_School,M,1,70819,engineering,reaches_CEO,5,0,False
199381,0,93000.0,Master,F,2,103884,HR,reaches_CEO,5,0,False
4895,1,308000.0,PhD,F,6,41335,engineering,reaches_CEO,5,0,False
82385,0,299000.0,Master,M,3,107547,sales,reaches_CEO,5,0,False
100630,0,142000.0,Master,M,1,157966,marketing,reaches_CEO,5,0,False
80565,1,107000.0,Bachelor,M,4,14465,HR,reaches_CEO,5,0,False
44614,0,269000.0,High_School,M,2,26505,marketing,reaches_CEO,5,0,False
41287,0,201000.0,PhD,M,3,159838,marketing,reaches_CEO,5,0,False
138576,0,67000.0,PhD,M,8,142850,sales,reaches_CEO,5,0,False
45866,0,110000.0,Bachelor,M,7,63077,sales,reaches_CEO,5,0,False
193726,0,157000.0,High_School,F,5,70547,marketing,reaches_CEO,5,0,False
121208,1,299000.0,Bachelor,F,3,1050,engineering,reaches_CEO,5,0,False
157865,0,150000.0,High_School,M,5,134536,engineering,reaches_CEO,5,0,False
23613,0,311000.0,Bachelor,F,3,162381,engineering,reaches_CEO,5,0,False
39178,0,63000.0,Master,F,4,39231,HR,reaches_CEO,5,0,False
195624,0,235000.0,Bachelor,F,5,91345,sales,reaches_CEO,5,0,False
123803,1,221000.0,Master,F,1,155570,marketing,reaches_CEO,5,0,False
163333,0,260000.0,PhD,F,6,8711,marketing,reaches_CEO,5,0,False
145576,0,259000.0,Master,M,1,119774,sales,reaches_CEO,5,0,False
97186,0,248000.0,PhD,M,3,128511,engineering,reaches_CEO,5,0,False
7825,0,129000.0,PhD,M,1,29960,marketing,reaches_CEO,5,0,False
147016,1,179000.0,Bachelor,M,3,32248,sales,reaches_CEO,4,7,True
127531,0,163000.0,Master,M,1,142367,sales,reaches_CEO,5,0,False
19003,0,257000.0,Bachelor,F,4,110508,engineering,reaches_CEO,5,0,False
46706,1,68000.0,Master,M,2,180854,sales,reaches_CEO,5,0,False
87510,0,97000.0,PhD,F,4,53856,HR,reaches_CEO,5,0,False
96907,1,164000.0,PhD,M,8,10773,engineering,reaches_CEO,5,0,False
164341,0,256000.0,Bachelor,M,3,199282,marketing,reaches_CEO,5,0,False
143640,0,306000.0,Master,F,4,123000,sales,reaches_CEO,5,0,False
112966,1,298000.0,Bachelor,M,1,155437,engineering,reaches_CEO,5,0,False
163350,0,267000.0,Bachelor,M,4,169231,sales,reaches_CEO,5,0,False
120187,1,214000.0,PhD,M,2,55653,sales,reaches_CEO,5,0,False
59128,0,150000.0,Master,F,3,198879,sales,reaches_CEO,5,0,False
38678,1,209000.0,Bachelor,M,3,154292,engineering,reaches_CEO,5,0,False
74784,0,117000.0,Master,M,2,182116,sales,reaches_CEO,5,0,False
76394,0,117000.0,Master,M,5,192132,marketing,reaches_CEO,5,0,False
68222,0,84000.0,Master,M,10,24681,HR,reaches_CEO,4,12,True
16409,0,272000.0,High_School,M,1,192145,sales,reaches_CEO,5,0,False
173171,1,227000.0,Master,M,7,1808,engineering,reaches_CEO,5,0,False
131187,0,185000.0,Bachelor,F,4,26505,marketing,reaches_CEO,5,0,False
87378,0,197000.0,Master,M,1,190778,marketing,reaches_CEO,5,0,False
18325,0,173000.0,Bachelor,M,1,107547,sales,reaches_CEO,5,0,False
30640,0,288000.0,Bachelor,M,11,92567,engineering,reaches_CEO,4,10,True
27275,0,81000.0,Master,F,7,70406,marketing,reaches_CEO,5,0,False
138726,0,82000.0,PhD,M,4,194904,HR,reaches_CEO,5,0,False
40726,0,196000.0,Master,F,1,182038,sales,reaches_CEO,5,0,False
195549,1,193000.0,PhD,M,1,95473,sales,reaches_CEO,5,0,False
185339,0,237000.0,High_School,M,5,186283,engineering,reaches_CEO,5,0,False
199941,0,289000.0,Bachelor,M,2,29547,engineering,reaches_CEO,5,0,False
127889,0,198000.0,Bachelor,M,6,46957,sales,reaches_CEO,5,0,False
75029,0,180000.0,High_School,M,1,5743,sales,reaches_CEO,5,0,False
130392,0,193000.0,PhD,M,2,193518,sales,reaches_CEO,5,0,False
99305,0,75000.0,Master,F,5,123502,HR,reaches_CEO,5,0,False
5756,1,399000.0,Bachelor,M,4,198814,marketing,reaches_CEO,5,0,False
78770,1,258000.0,Bachelor,M,4,63785,engineering,reaches_CEO,5,0,False
74444,0,66000.0,Master,F,2,115765,HR,reaches_CEO,5,0,False
27246,0,117000.0,Bachelor,M,5,10922,sales,reaches_CEO,5,0,False
62499,0,81000.0,Master,M,3,22887,HR,reaches_CEO,5,0,False
67485,0,63000.0,Master,F,1,80043,HR,reaches_CEO,5,0,False
151698,0,159000.0,Master,M,6,60319,sales,reaches_CEO,5,0,False
159563,1,176000.0,Master,M,4,18312,engineering,reaches_CEO,5,0,False
158291,1,101000.0,Master,M,3,175365,marketing,reaches_CEO,5,0,False
172200,1,73000.0,High_School,F,8,754,HR,reaches_CEO,5,0,False
36940,1,104000.0,PhD,M,2,4440,marketing,reaches_CEO,5,0,False
173452,0,305000.0,Bachelor,M,3,193920,sales,reaches_CEO,5,0,False
139075,0,306000.0,Master,M,4,183528,engineering,reaches_CEO,5,0,False
18960,0,69000.0,Bachelor,F,3,123000,sales,reaches_CEO,5,0,False
116289,0,312000.0,PhD,M,2,189937,engineering,reaches_CEO,4,8,True
110369,0,231000.0,High_School,M,6,149135,engineering,reaches_CEO,5,0,False
117378,1,125000.0,Bachelor,M,3,160511,marketing,reaches_CEO,5,0,False
184512,0,214000.0,Bachelor,M,18,109804,engineering,reaches_CEO,3,7,True
11959,0,250000.0,Bachelor,M,1,144927,sales,reaches_CEO,5,0,False
196024,0,317000.0,PhD,M,5,77613,sales,reaches_CEO,5,0,False
194045,1,306000.0,Master,M,6,59353,engineering,reaches_CEO,5,0,False
158970,1,98000.0,Master,M,3,98931,marketing,reaches_CEO,5,0,False
73491,0,280000.0,Bachelor,M,3,48120,engineering,reaches_CEO,5,0,False
110991,1,66000.0,PhD,F,3,66420,HR,reaches_CEO,5,0,False
50525,1,314000.0,PhD,F,7,183045,engineering,reaches_CEO,5,0,False
132399,0,150000.0,Bachelor,M,12,94362,sales,reaches_CEO,4,18,True
61489,0,99000.0,Bachelor,F,1,95522,marketing,reaches_CEO,5,0,False
144163,0,269000.0,Master,M,1,59705,sales,reaches_CEO,5,0,False
136874,1,305000.0,Master,F,5,69345,sales,reaches_CEO,5,0,False
140752,1,192000.0,PhD,M,7,110878,engineering,reaches_CEO,5,0,False
170438,0,125000.0,High_School,M,1,122145,engineering,reaches_CEO,5,0,False
125541,0,287000.0,Bachelor,F,2,128447,engineering,reaches_CEO,5,0,False
139027,0,101000.0,PhD,F,7,19524,marketing,reaches_CEO,5,0,False
132076,0,169000.0,Bachelor,M,2,169223,engineering,reaches_CEO,5,0,False
110748,1,174000.0,Bachelor,F,1,68998,marketing,reaches_CEO,5,0,False
186429,0,156000.0,Master,M,3,175434,sales,reaches_CEO,5,0,False
86473,0,205000.0,Bachelor,M,1,26468,engineering,reaches_CEO,5,0,False
106175,0,79000.0,Master,F,2,197896,HR,reaches_CEO,5,0,False
5864,0,223000.0,Bachelor,F,6,41080,sales,reaches_CEO,5,0,False
6323,0,151000.0,High_School,F,1,14241,marketing,reaches_CEO,5,0,False
41452,0,66000.0,High_School,M,2,196490,HR,reaches_CEO,5,0,False
198778,1,192000.0,High_School,M,6,167482,engineering,reaches_CEO,4,7,True
122857,1,216000.0,PhD,F,5,146404,marketing,reaches_CEO,5,0,False
140426,1,220000.0,Master,F,1,20901,engineering,reaches_CEO,5,0,False
186230,0,279000.0,High_School,M,4,16073,marketing,reaches_CEO,5,0,False
149180,1,152000.0,High_School,M,1,29410,engineering,reaches_CEO,5,0,False
161226,0,69000.0,Master,F,1,123263,HR,reaches_CEO,5,0,False
177525,0,198000.0,Master,M,2,98520,marketing,reaches_CEO,5,0,False
36453,0,319000.0,High_School,F,3,69943,sales,reaches_CEO,5,0,False
79580,0,334000.0,Bachelor,M,4,128966,sales,reaches_CEO,5,0,False
252,0,70000.0,Bachelor,F,6,41533,HR,reaches_CEO,4,10,True
64305,0,223000.0,Bachelor,F,3,53390,sales,reaches_CEO,5,0,False
146992,1,233000.0,Master,M,3,178797,sales,reaches_CEO,5,0,False
121796,0,193000.0,High_School,M,1,113124,sales,reaches_CEO,5,0,False
138556,0,247000.0,Bachelor,M,3,80128,sales,reaches_CEO,5,0,False
80764,1,227000.0,PhD,M,1,79807,engineering,reaches_CEO,5,0,False
112397,0,131000.0,Master,M,3,98967,marketing,reaches_CEO,5,0,False
49274,0,317000.0,Master,F,4,14241,marketing,reaches_CEO,5,0,False
34713,0,197000.0,Master,M,5,116289,engineering,reaches_CEO,5,0,False
42324,0,301000.0,PhD,M,2,137776,engineering,reaches_CEO,5,0,False
162323,1,277000.0,PhD,F,5,149245,marketing,reaches_CEO,5,0,False
111718,0,262000.0,PhD,M,2,181996,engineering,reaches_CEO,5,0,False
87298,0,155000.0,Bachelor,M,1,159838,marketing,reaches_CEO,5,0,False
47640,0,121000.0,High_School,M,5,152791,sales,reaches_CEO,5,0,False
131001,1,184000.0,Bachelor,M,2,54997,sales,reaches_CEO,5,0,False
180846,0,144000.0,PhD,F,2,133420,sales,reaches_CEO,5,0,False
163114,0,227000.0,High_School,M,2,92403,sales,reaches_CEO,5,0,False
115319,0,341000.0,Bachelor,M,3,183065,engineering,reaches_CEO,5,0,False
57019,0,213000.0,Master,M,1,122762,sales,reaches_CEO,5,0,False
136083,0,109000.0,PhD,M,6,75242,engineering,reaches_CEO,5,0,False
74822,1,196000.0,High_School,M,1,150300,marketing,reaches_CEO,5,0,False
111348,1,218000.0,Bachelor,M,6,148032,sales,reaches_CEO,5,0,False
175712,0,193000.0,PhD,F,3,92845,engineering,reaches_CEO,5,0,False
165426,0,100000.0,PhD,F,15,124994,HR,reaches_CEO,3,3,True
73160,0,64000.0,Bachelor,M,9,198814,marketing,reaches_CEO,5,0,False
125338,0,95000.0,Bachelor,F,5,151696,HR,reaches_CEO,5,0,False
73067,0,215000.0,Bachelor,M,3,103448,sales,reaches_CEO,5,0,False
147269,0,71000.0,PhD,F,7,32405,HR,reaches_CEO,5,0,False
33484,1,98000.0,Master,M,3,98558,engineering,reaches_CEO,5,0,False
138485,1,187000.0,PhD,F,1,24979,marketing,reaches_CEO,5,0,False
6363,0,90000.0,Master,F,1,103448,sales,reaches_CEO,5,0,False
172985,1,247000.0,Bachelor,M,3,186283,engineering,reaches_CEO,5,0,False
193088,0,247000.0,Master,M,20,96752,sales,reaches_CEO,3,6,True
40592,0,182000.0,High_School,M,5,47618,marketing,reaches_CEO,5,0,False
93572,1,171000.0,PhD,M,1,88779,sales,reaches_CEO,5,0,False
89537,0,101000.0,PhD,M,1,55858,engineering,reaches_CEO,5,0,False
87242,0,92000.0,Bachelor,M,5,166928,engineering,reaches_CEO,5,0,False
70547,0,88000.0,Master,F,14,168545,marketing,reaches_CEO,4,11,True
127769,0,141000.0,Bachelor,M,13,47553,engineering,reaches_CEO,4,12,True
92403,1,83000.0,PhD,M,12,59535,sales,reaches_CEO,4,16,True
189768,0,214000.0,PhD,F,3,105542,marketing,reaches_CEO,5,0,False
37978,0,77000.0,High_School,M,4,4440,marketing,reaches_CEO,5,0,False
88779,0,309000.0,PhD,F,14,183175,sales,reaches_CEO,4,11,True
39726,0,318000.0,Master,M,6,69728,engineering,reaches_CEO,3,7,True
179282,0,225000.0,PhD,M,5,55481,engineering,reaches_CEO,5,0,False
159547,0,94000.0,Master,M,1,119231,HR,reaches_CEO,5,0,False
78886,0,232000.0,Bachelor,M,1,198875,engineering,reaches_CEO,5,0,False
163367,0,64000.0,Master,M,1,39231,HR,reaches_CEO,5,0,False
16091,0,77000.0,PhD,F,1,8663,sales,reaches_CEO,5,0,False
32330,0,239000.0,Master,F,9,142367,sales,reaches_CEO,5,0,False
55719,0,83000.0,High_School,F,3,15768,HR,reaches_CEO,5,0,False
180461,0,86000.0,Master,M,1,193763,engineering,reaches_CEO,5,0,False
76061,0,145000.0,High_School,F,6,52313,sales,reaches_CEO,5,0,False
155031,0,187000.0,PhD,F,1,64452,sales,reaches_CEO,5,0,False
97848,0,200000.0,Bachelor,F,1,32159,sales,reaches_CEO,5,0,False
184885,1,86000.0,PhD,M,2,77857,HR,reaches_CEO,4,15,True
115738,1,174000.0,High_School,M,4,149135,engineering,reaches_CEO,5,0,False
11601,0,160000.0,PhD,M,1,4110,sales,reaches_CEO,5,0,False
87706,1,131000.0,High_School,M,5,87613,engineering,reaches_CEO,5,0,False
162311,0,91000.0,PhD,M,4,252,HR,reaches_CEO,5,0,False
118314,1,242000.0,High_School,M,3,149970,marketing,reaches_CEO,5,0,False
39876,1,100000.0,Master,F,3,87733,sales,reaches_CEO,5,0,False
196567,1,71000.0,PhD,F,1,64087,HR,reaches_CEO,5,0,False
100624,0,181000.0,Bachelor,M,4,108428,engineering,reaches_CEO,5,0,False
114251,1,99000.0,Master,M,5,18312,engineering,reaches_CEO,5,0,False
169624,0,373000.0,Master,M,1,118769,engineering,reaches_CEO,5,0,False
170337,0,73000.0,Bachelor,M,3,754,HR,reaches_CEO,5,0,False
166690,0,134000.0,Master,M,1,57938,engineering,reaches_CEO,5,0,False
12215,0,223000.0,Bachelor,M,5,76135,marketing,reaches_CEO,5,0,False
98173,0,184000.0,Master,M,2,4394,marketing,reaches_CEO,5,0,False
175752,0,89000.0,PhD,M,5,159638,HR,reaches_CEO,5,0,False
46340,1,254000.0,Bachelor,M,3,174800,marketing,reaches_CEO,5,0,False
73930,0,283000.0,PhD,F,1,114572,marketing,reaches_CEO,5,0,False
58544,0,204000.0,Master,F,5,138948,marketing,reaches_CEO,5,0,False
73663,0,226000.0,PhD,F,12,87344,marketing,reaches_CEO,4,12,True
73129,1,60000.0,Bachelor,F,5,150189,HR,reaches_CEO,5,0,False
108353,0,221000.0,High_School,M,5,39417,engineering,reaches_CEO,5,0,False
1356,0,213000.0,PhD,M,5,4110,sales,reaches_CEO,5,0,False
146074,0,248000.0,Master,M,4,126368,sales,reaches_CEO,5,0,False
58380,0,69000.0,Master,F,3,135804,HR,reaches_CEO,5,0,False
182819,1,170000.0,Master,F,7,181311,sales,reaches_CEO,5,0,False
91623,1,65000.0,Bachelor,M,5,742,HR,reaches_CEO,5,0,False
71153,0,144000.0,High_School,M,5,127266,marketing,reaches_CEO,5,0,False
136779,1,159000.0,Bachelor,M,2,199184,sales,reaches_CEO,5,0,False
168690,0,90000.0,High_School,M,1,119231,HR,reaches_CEO,5,0,False
188470,0,343000.0,Bachelor,M,4,101484,engineering,reaches_CEO,5,0,False
130555,0,179000.0,PhD,F,5,779,marketing,reaches_CEO,5,0,False
198131,0,61000.0,High_School,M,8,47260,HR,reaches_CEO,5,0,False
2658,0,240000.0,PhD,M,1,121419,engineering,reaches_CEO,5,0,False
22499,0,69000.0,Master,F,2,62298,HR,reaches_CEO,5,0,False
135256,0,276000.0,Master,M,3,131620,sales,reaches_CEO,5,0,False
161539,0,395000.0,PhD,F,2,66453,engineering,reaches_CEO,5,0,False
55537,0,266000.0,Master,M,8,51535,engineering,reaches_CEO,2,3,True
87541,0,73000.0,PhD,F,6,142630,HR,reaches_CEO,5,0,False
80791,1,244000.0,High_School,F,1,102043,marketing,reaches_CEO,5,0,False
196258,0,293000.0,Bachelor,F,6,122197,engineering,reaches_CEO,5,0,False
93177,0,254000.0,Master,M,5,99139,sales,reaches_CEO,5,0,False
154758,1,273000.0,Bachelor,M,7,66591,sales,reaches_CEO,5,0,False
133549,0,95000.0,Master,F,3,71987,HR,reaches_CEO,5,0,False
185029,0,165000.0,PhD,M,1,170076,engineering,reaches_CEO,5,0,False
80193,1,285000.0,Master,M,4,145710,engineering,reaches_CEO,5,0,False
170696,0,88000.0,High_School,M,2,56316,sales,reaches_CEO,5,0,False
17490,0,332000.0,PhD,M,5,14299,engineering,reaches_CEO,5,0,False
152764,0,182000.0,High_School,M,2,102727,marketing,reaches_CEO,5,0,False
1460,0,252000.0,Master,M,6,115591,sales,reaches_CEO,5,0,False
132597,0,159000.0,PhD,M,6,65883,marketing,reaches_CEO,5,0,False
194761,0,291000.0,Bachelor,F,4,25934,engineering,reaches_CEO,5,0,False
167088,1,131000.0,Bachelor,M,1,111508,marketing,reaches_CEO,5,0,False
121848,1,98000.0,PhD,F,2,123258,marketing,reaches_CEO,5,0,False
31499,0,71000.0,Master,F,6,149696,sales,reaches_CEO,5,0,False
121221,0,62000.0,PhD,F,6,119231,HR,reaches_CEO,5,0,False
167782,1,144000.0,Bachelor,M,5,20828,marketing,reaches_CEO,5,0,False
147940,0,82000.0,Master,M,4,10357,marketing,reaches_CEO,5,0,False
39714,0,277000.0,PhD,M,1,29712,engineering,reaches_CEO,5,0,False
197035,0,355000.0,Master,F,3,127769,engineering,reaches_CEO,5,0,False
151215,0,262000.0,Bachelor,M,6,103421,engineering,reaches_CEO,5,0,False
193265,0,68000.0,PhD,F,4,125114,HR,reaches_CEO,5,0,False
147722,1,343000.0,Bachelor,M,1,26468,engineering,reaches_CEO,5,0,False
61344,1,187000.0,Master,M,3,73034,engineering,reaches_CEO,5,0,False
36782,0,84000.0,PhD,F,5,15768,HR,reaches_CEO,5,0,False
53708,0,280000.0,PhD,F,5,175593,sales,reaches_CEO,5,0,False
17741,1,225000.0,Bachelor,M,4,110508,engineering,reaches_CEO,5,0,False
133669,0,60000.0,Bachelor,F,1,96060,HR,reaches_CEO,5,0,False
112582,0,105000.0,Bachelor,F,4,71152,HR,reaches_CEO,5,0,False
95473,0,241000.0,Master,F,14,65451,sales,reaches_CEO,4,7,True
67582,0,134000.0,High_School,M,3,77670,sales,reaches_CEO,5,0,False
128922,1,95000.0,PhD,M,4,184998,sales,reaches_CEO,5,0,False
124972,0,155000.0,Bachelor,M,8,69379,sales,reaches_CEO,5,0,False
22105,1,285000.0,Bachelor,F,1,41175,engineering,reaches_CEO,5,0,False
8997,0,251000.0,Bachelor,M,3,120638,engineering,reaches_CEO,5,0,False
165967,0,61000.0,PhD,F,1,181311,sales,reaches_CEO,5,0,False
97172,0,235000.0,High_School,M,2,20901,engineering,reaches_CEO,5,0,False
145382,0,90000.0,PhD,F,6,168942,HR,reaches_CEO,5,0,False
11937,0,194000.0,Bachelor,M,4,191073,sales,reaches_CEO,5,0,False
81987,1,292000.0,Bachelor,M,2,78215,sales,reaches_CEO,5,0,False
190241,0,71000.0,PhD,F,1,108428,engineering,reaches_CEO,5,0,False
75814,0,166000.0,Master,M,3,168742,sales,reaches_CEO,5,0,False
172126,0,98000.0,High_School,F,1,62298,HR,reaches_CEO,5,0,False
113636,0,284000.0,Bachelor,M,7,134982,sales,reaches_CEO,5,0,False
105454,0,312000.0,PhD,F,4,136313,engineering,reaches_CEO,5,0,False
133203,0,68000.0,Bachelor,M,6,9400,HR,reaches_CEO,5,0,False
191861,1,231000.0,PhD,M,1,78997,engineering,reaches_CEO,5,0,False
47268,0,104000.0,High_School,M,1,12214,sales,reaches_CEO,5,0,False
11624,0,209000.0,Master,F,6,81644,engineering,reaches_CEO,5,0,False
82146,0,83000.0,Bachelor,F,1,104539,HR,reaches_CEO,5,0,False
185422,0,71000.0,Master,M,2,134658,sales,reaches_CEO,5,0,False
85459,0,200000.0,High_School,F,2,37434,sales,reaches_CEO,5,0,False
153644,0,279000.0,Bachelor,M,2,154381,sales,reaches_CEO,5,0,False
81529,0,174000.0,Bachelor,F,3,69463,marketing,reaches_CEO,5,0,False
97702,1,226000.0,High_School,M,3,98520,marketing,reaches_CEO,5,0,False
131574,0,203000.0,High_School,F,4,138772,sales,reaches_CEO,5,0,False
140009,0,83000.0,PhD,M,4,29508,HR,reaches_CEO,5,0,False
150961,0,92000.0,Bachelor,M,1,5875,marketing,reaches_CEO,5,0,False
65181,0,270000.0,High_School,M,7,34134,sales,reaches_CEO,5,0,False
37012,0,103000.0,Master,M,1,53826,HR,reaches_CEO,5,0,False
37347,0,276000.0,Bachelor,M,1,11275,marketing,reaches_CEO,5,0,False
181131,0,217000.0,Master,M,4,125775,marketing,reaches_CEO,5,0,False
159136,0,163000.0,High_School,F,1,12679,sales,reaches_CEO,5,0,False
131233,1,131000.0,High_School,F,8,149696,sales,reaches_CEO,5,0,False
41923,0,202000.0,Bachelor,F,4,90639,marketing,reaches_CEO,5,0,False
36315,1,224000.0,PhD,M,5,179459,marketing,reaches_CEO,5,0,False
10961,0,253000.0,Bachelor,F,1,90639,marketing,reaches_CEO,5,0,False
58638,0,283000.0,High_School,M,2,28979,sales,reaches_CEO,5,0,False
126933,1,211000.0,Bachelor,M,7,8711,marketing,reaches_CEO,5,0,False
157302,0,294000.0,Master,M,2,7212,marketing,reaches_CEO,5,0,False
53892,1,77000.0,PhD,F,4,82657,sales,reaches_CEO,5,0,False
165378,0,225000.0,Bachelor,M,1,73106,engineering,reaches_CEO,5,0,False
63055,1,108000.0,High_School,M,3,52796,sales,reaches_CEO,5,0,False
48836,1,181000.0,Bachelor,F,5,52923,sales,reaches_CEO,5,0,False
54637,0,211000.0,High_School,M,5,140061,sales,reaches_CEO,5,0,False
199622,0,176000.0,PhD,M,2,76073,engineering,reaches_CEO,5,0,False
4234,0,146000.0,Bachelor,M,1,83032,marketing,reaches_CEO,5,0,False
89730,0,139000.0,Bachelor,M,6,164326,sales,reaches_CEO,5,0,False
117005,0,212000.0,Bachelor,M,5,92585,marketing,reaches_CEO,5,0,False
130037,0,121000.0,Bachelor,M,7,154292,engineering,reaches_CEO,5,0,False
104703,1,117000.0,PhD,M,3,193452,sales,reaches_CEO,5,0,False
86058,0,206000.0,PhD,M,3,136147,sales,reaches_CEO,5,0,False
79934,0,79000.0,Master,M,10,193330,engineering,reaches_CEO,4,17,True
95899,0,84000.0,Bachelor,M,3,148984,sales,reaches_CEO,5,0,False
199377,0,221000.0,Bachelor,M,7,154891,engineering,reaches_CEO,5,0,False
104922,1,179000.0,Bachelor,F,5,99139,sales,reaches_CEO,5,0,False
146242,0,146000.0,Master,F,2,42096,sales,reaches_CEO,5,0,False
12756,1,77000.0,PhD,M,4,742,HR,reaches_CEO,5,0,False
130497,1,183000.0,Bachelor,M,4,157931,engineering,reaches_CEO,5,0,False
15443,0,147000.0,Master,M,4,70406,marketing,reaches_CEO,5,0,False
56781,0,270000.0,PhD,M,2,148236,sales,reaches_CEO,5,0,False
149538,0,62000.0,Bachelor,M,3,171461,HR,reaches_CEO,5,0,False
1005,1,240000.0,Bachelor,M,4,158056,engineering,reaches_CEO,5,0,False
66780,0,107000.0,High_School,M,1,182028,engineering,reaches_CEO,5,0,False
65634,0,149000.0,Bachelor,M,2,147642,sales,reaches_CEO,5,0,False
22332,0,218000.0,Master,M,5,58365,marketing,reaches_CEO,5,0,False
50826,1,360000.0,High_School,M,1,132683,engineering,reaches_CEO,5,0,False
45745,1,130000.0,High_School,F,3,181219,marketing,reaches_CEO,5,0,False
145072,1,158000.0,Master,M,1,153291,sales,reaches_CEO,5,0,False
185292,0,103000.0,Bachelor,F,3,196490,HR,reaches_CEO,5,0,False
27916,0,361000.0,Bachelor,M,1,165853,engineering,reaches_CEO,5,0,False
141872,1,385000.0,PhD,M,1,101484,engineering,reaches_CEO,5,0,False
91854,0,288000.0,PhD,M,3,160261,marketing,reaches_CEO,5,0,False
6148,0,125000.0,Master,F,7,171940,marketing,reaches_CEO,5,0,False
130869,1,269000.0,PhD,F,2,137776,engineering,reaches_CEO,5,0,False
44607,0,301000.0,Master,M,1,129626,marketing,reaches_CEO,5,0,False
17042,1,187000.0,High_School,M,3,77766,marketing,reaches_CEO,5,0,False
192865,0,302000.0,Master,M,1,150408,engineering,reaches_CEO,5,0,False
91423,0,75000.0,PhD,F,2,65126,marketing,reaches_CEO,5,0,False
103002,1,135000.0,High_School,M,2,5743,sales,reaches_CEO,5,0,False
95573,0,125000.0,Bachelor,M,1,149696,sales,reaches_CEO,5,0,False
112112,0,309000.0,Bachelor,M,2,59353,engineering,reaches_CEO,5,0,False
35700,1,366000.0,Bachelor,F,1,134536,engineering,reaches_CEO,5,0,False
169973,0,106000.0,Master,F,5,91979,HR,reaches_CEO,5,0,False
25305,0,232000.0,PhD,M,3,10357,marketing,reaches_CEO,5,0,False
144100,0,217000.0,High_School,M,2,122762,sales,reaches_CEO,5,0,False
28546,0,279000.0,Master,M,2,102632,marketing,reaches_CEO,5,0,False
93223,1,309000.0,Master,M,8,92567,engineering,reaches_CEO,4,13,True
120584,0,175000.0,Master,M,7,133420,sales,reaches_CEO,5,0,False
111867,1,193000.0,Bachelor,F,3,47472,engineering,reaches_CEO,5,0,False
116750,0,88000.0,PhD,M,10,145161,engineering,reaches_CEO,4,8,True
72270,0,153000.0,PhD,F,6,168951,sales,reaches_CEO,5,0,False
3563,0,69000.0,Master,M,3,185982,sales,reaches_CEO,5,0,False
77866,0,197000.0,PhD,M,9,181566,marketing,reaches_CEO,4,8,True
103257,1,394000.0,Bachelor,M,6,110878,engineering,reaches_CEO,5,0,False
181996,0,311000.0,Master,M,4,113589,engineering,reaches_CEO,4,13,True
83983,0,297000.0,PhD,M,3,59862,engineering,reaches_CEO,5,0,False
31655,1,207000.0,Bachelor,F,5,73893,sales,reaches_CEO,5,0,False
46181,1,72000.0,PhD,F,4,189148,HR,reaches_CEO,5,0,False
134230,1,74000.0,High_School,F,2,140838,HR,reaches_CEO,5,0,False
79820,0,70000.0,High_School,M,2,121527,marketing,reaches_CEO,5,0,False
61182,1,184000.0,High_School,F,4,114011,engineering,reaches_CEO,5,0,False
156856,0,140000.0,Master,M,1,172250,marketing,reaches_CEO,5,0,False
78260,0,66000.0,High_School,F,2,141211,HR,reaches_CEO,5,0,False
92799,1,198000.0,PhD,M,1,196660,sales,reaches_CEO,5,0,False
56934,0,233000.0,PhD,M,1,112643,sales,reaches_CEO,5,0,False
152158,0,168000.0,High_School,M,5,27704,sales,reaches_CEO,5,0,False
185298,0,262000.0,Bachelor,M,6,27393,sales,reaches_CEO,5,0,False
17982,0,162000.0,Bachelor,M,1,91345,sales,reaches_CEO,5,0,False
5222,0,350000.0,Master,M,6,135238,sales,reaches_CEO,4,7,True
51293,0,337000.0,Master,F,4,172989,sales,reaches_CEO,4,11,True
30720,1,386000.0,PhD,M,2,48352,engineering,reaches_CEO,5,0,False
128300,0,196000.0,Master,M,4,164326,sales,reaches_CEO,5,0,False
57095,0,127000.0,Bachelor,M,3,68998,marketing,reaches_CEO,5,0,False
40184,0,89000.0,Master,M,3,90065,engineering,reaches_CEO,5,0,False
185089,0,171000.0,Master,M,1,193518,sales,reaches_CEO,5,0,False
73713,0,256000.0,PhD,M,1,77670,sales,reaches_CEO,5,0,False
179059,1,295000.0,PhD,F,4,4394,marketing,reaches_CEO,5,0,False
145710,1,337000.0,PhD,M,4,167482,engineering,reaches_CEO,4,13,True
167031,1,200000.0,Bachelor,M,3,76135,marketing,reaches_CEO,5,0,False
161105,0,78000.0,High_School,M,1,181219,marketing,reaches_CEO,5,0,False
117084,0,298000.0,PhD,F,8,92845,engineering,reaches_CEO,5,0,False
189072,0,67000.0,Master,F,3,742,HR,reaches_CEO,5,0,False
27588,0,329000.0,Master,M,6,119658,engineering,reaches_CEO,5,0,False
20652,1,223000.0,PhD,F,1,191289,engineering,reaches_CEO,5,0,False
125349,0,320000.0,Bachelor,M,5,6335,sales,reaches_CEO,5,0,False
27696,0,141000.0,Master,M,2,64724,marketing,reaches_CEO,5,0,False
172681,1,264000.0,PhD,M,6,191073,sales,reaches_CEO,5,0,False
90765,0,142000.0,High_School,M,4,53109,sales,reaches_CEO,5,0,False
166199,1,395000.0,Bachelor,F,4,46178,engineering,reaches_CEO,5,0,False
25464,0,74000.0,Bachelor,M,3,175361,sales,reaches_CEO,5,0,False
195975,0,202000.0,Master,M,1,12679,sales,reaches_CEO,5,0,False
30165,1,83000.0,PhD,F,1,110089,HR,reaches_CEO,5,0,False
157957,1,237000.0,PhD,M,1,82657,sales,reaches_CEO,5,0,False
126955,0,124000.0,PhD,M,2,188118,sales,reaches_CEO,5,0,False
86451,0,63000.0,PhD,M,3,157064,marketing,reaches_CEO,5,0,False
30450,1,277000.0,PhD,M,8,64724,marketing,reaches_CEO,5,0,False
60899,0,92000.0,Master,F,1,33665,HR,reaches_CEO,5,0,False
162381,1,186000.0,PhD,M,2,193330,engineering,reaches_CEO,4,16,True
78125,0,115000.0,Master,M,5,73663,marketing,reaches_CEO,5,0,False
20859,0,76000.0,Bachelor,F,4,77556,HR,reaches_CEO,5,0,False
178262,0,72000.0,Master,M,4,88370,HR,reaches_CEO,5,0,False
108742,1,298000.0,PhD,M,1,73489,sales,reaches_CEO,5,0,False
24950,1,85000.0,Master,F,2,59555,marketing,reaches_CEO,5,0,False
184616,1,147000.0,PhD,F,2,62081,sales,reaches_CEO,5,0,False
152785,0,168000.0,Master,F,4,17291,sales,reaches_CEO,5,0,False
176280,0,86000.0,Master,F,5,176415,engineering,reaches_CEO,5,0,False
11308,0,238000.0,PhD,M,3,132360,sales,reaches_CEO,5,0,False
38308,1,104000.0,PhD,M,8,37154,marketing,reaches_CEO,4,8,True
108754,0,65000.0,PhD,M,2,139278,HR,reaches_CEO,5,0,False
76366,0,276000.0,Bachelor,F,1,34134,sales,reaches_CEO,5,0,False
21857,1,202000.0,Master,M,3,9239,sales,reaches_CEO,5,0,False
138290,1,272000.0,Bachelor,M,1,172321,sales,reaches_CEO,5,0,False
115602,0,202000.0,PhD,F,2,173939,marketing,reaches_CEO,5,0,False
133662,0,253000.0,PhD,F,2,133927,engineering,reaches_CEO,5,0,False
151293,1,311000.0,Master,M,4,48877,marketing,reaches_CEO,5,0,False
122530,0,103000.0,High_School,M,5,189742,HR,reaches_CEO,5,0,False
47230,0,344000.0,Master,M,2,178954,engineering,reaches_CEO,5,0,False
156521,1,87000.0,PhD,F,7,96060,HR,reaches_CEO,5,0,False
179578,0,217000.0,Master,F,5,54808,sales,reaches_CEO,5,0,False
74142,1,308000.0,Bachelor,M,1,93223,engineering,reaches_CEO,5,0,False
104907,0,60000.0,PhD,F,4,39460,HR,reaches_CEO,5,0,False
157867,0,180000.0,Master,M,8,137369,sales,reaches_CEO,5,0,False
6844,0,93000.0,High_School,M,7,32405,HR,reaches_CEO,5,0,False
72222,1,351000.0,Master,F,3,191289,engineering,reaches_CEO,5,0,False
100567,0,308000.0,Bachelor,M,8,126257,engineering,reaches_CEO,5,0,False
146996,1,315000.0,PhD,M,1,107493,engineering,reaches_CEO,5,0,False
117017,0,251000.0,Master,M,2,55858,engineering,reaches_CEO,5,0,False
97563,0,165000.0,Bachelor,M,1,70819,engineering,reaches_CEO,5,0,False
66296,0,240000.0,Bachelor,M,4,175365,marketing,reaches_CEO,5,0,False
111137,0,68000.0,High_School,M,1,171461,HR,reaches_CEO,5,0,False
9820,0,264000.0,Master,M,2,8856,marketing,reaches_CEO,5,0,False
1743,0,279000.0,PhD,M,2,162035,sales,reaches_CEO,5,0,False
218,1,213000.0,PhD,M,5,129000,marketing,reaches_CEO,5,0,False
110956,0,313000.0,Bachelor,F,5,16073,marketing,reaches_CEO,5,0,False
180396,0,174000.0,PhD,M,4,1808,engineering,reaches_CEO,5,0,False
35617,1,239000.0,High_School,F,2,64750,engineering,reaches_CEO,5,0,False
79315,0,183000.0,Bachelor,F,4,159996,sales,reaches_CEO,5,0,False
144296,0,74000.0,Master,M,2,95609,sales,reaches_CEO,5,0,False
72941,0,126000.0,Bachelor,M,4,138772,sales,reaches_CEO,5,0,False
164799,0,214000.0,Master,F,3,90,engineering,reaches_CEO,5,0,False
93750,1,365000.0,Bachelor,M,2,61988,engineering,reaches_CEO,5,0,False
178799,0,64000.0,High_School,F,2,67178,HR,reaches_CEO,5,0,False
88936,1,69000.0,PhD,M,14,3235,sales,reaches_CEO,4,16,True
161508,0,155000.0,High_School,M,2,23565,sales,reaches_CEO,5,0,False
43602,1,216000.0,PhD,M,13,18295,engineering,reaches_CEO,4,10,True
6443,0,89000.0,Master,F,2,61517,HR,reaches_CEO,5,0,False
137255,0,179000.0,Bachelor,F,2,182556,sales,reaches_CEO,5,0,False
46541,0,76000.0,Master,F,8,5889,HR,reaches_CEO,5,0,False
187811,0,183000.0,Bachelor,M,1,189890,engineering,reaches_CEO,5,0,False
9400,0,75000.0,Bachelor,F,12,138823,HR,reaches_CEO,4,10,True
14733,0,179000.0,Master,F,1,136861,sales,reaches_CEO,5,0,False
196253,0,106000.0,Master,M,2,160618,sales,reaches_CEO,5,0,False
58365,0,123000.0,Master,M,3,196484,marketing,reaches_CEO,4,12,True
64496,1,172000.0,Master,M,1,144927,sales,reaches_CEO,5,0,False
13313,0,142000.0,PhD,M,3,65856,sales,reaches_CEO,5,0,False
119597,0,312000.0,PhD,F,6,57185,engineering,reaches_CEO,5,0,False
10828,0,122000.0,PhD,M,1,779,marketing,reaches_CEO,5,0,False
165952,1,228000.0,PhD,M,2,116180,engineering,reaches_CEO,5,0,False
120524,0,219000.0,High_School,F,4,5282,sales,reaches_CEO,5,0,False
11009,0,184000.0,Bachelor,M,1,59939,marketing,reaches_CEO,5,0,False
190654,1,169000.0,High_School,M,4,64724,marketing,reaches_CEO,5,0,False
18207,1,223000.0,Master,M,3,158609,sales,reaches_CEO,5,0,False
74536,0,186000.0,Bachelor,M,1,102684,sales,reaches_CEO,5,0,False
98967,0,202000.0,PhD,M,7,115539,marketing,reaches_CEO,4,13,True
19360,0,69000.0,Master,F,8,87762,sales,reaches_CEO,5,0,False
1174,0,174000.0,Master,F,3,116774,engineering,reaches_CEO,5,0,False
20568,0,179000.0,High_School,M,2,123000,sales,reaches_CEO,5,0,False
90644,0,277000.0,Bachelor,M,3,164439,marketing,reaches_CEO,5,0,False
32727,0,95000.0,PhD,M,5,151005,marketing,reaches_CEO,5,0,False
156429,0,240000.0,PhD,M,2,140061,sales,reaches_CEO,5,0,False
82775,0,318000.0,PhD,M,4,55481,engineering,reaches_CEO,5,0,False
185688,0,255000.0,Bachelor,F,1,121527,marketing,reaches_CEO,5,0,False
53670,0,196000.0,High_School,F,1,68821,engineering,reaches_CEO,5,0,False
32803,0,207000.0,Master,M,1,147819,sales,reaches_CEO,5,0,False
41336,1,272000.0,PhD,M,6,76310,engineering,reaches_CEO,5,0,False
194710,1,314000.0,Master,M,7,70406,marketing,reaches_CEO,5,0,False
39993,0,63000.0,High_School,M,5,51738,engineering,reaches_CEO,5,0,False
117940,0,148000.0,Master,M,1,160169,sales,reaches_CEO,5,0,False
3546,1,84000.0,PhD,F,1,142276,HR,reaches_CEO,5,0,False
40324,1,190000.0,Master,M,5,95169,sales,reaches_CEO,5,0,False
5893,0,207000.0,Master,M,1,93223,engineering,reaches_CEO,5,0,False
42724,0,259000.0,Master,M,1,1872,engineering,reaches_CEO,5,0,False
14482,0,176000.0,Master,M,5,55858,engineering,reaches_CEO,5,0,False
128976,0,70000.0,High_School,F,3,39460,HR,reaches_CEO,5,0,False
80810,0,184000.0,Master,F,3,41721,marketing,reaches_CEO,5,0,False
21124,1,327000.0,Master,M,3,70819,engineering,reaches_CEO,5,0,False
4123,0,60000.0,Master,M,1,80043,HR,reaches_CEO,5,0,False
178920,1,246000.0,High_School,M,3,24979,marketing,reaches_CEO,5,0,False
140451,0,117000.0,High_School,F,4,170076,engineering,reaches_CEO,5,0,False
39836,0,267000.0,Bachelor,M,4,141079,engineering,reaches_CEO,5,0,False
144338,0,71000.0,PhD,F,1,55972,HR,reaches_CEO,5,0,False
96612,1,329000.0,PhD,M,3,49729,sales,reaches_CEO,5,0,False
140244,0,298000.0,Bachelor,M,2,171499,engineering,reaches_CEO,5,0,False
154617,0,211000.0,High_School,F,5,69200,sales,reaches_CEO,5,0,False
102942,1,176000.0,Bachelor,M,1,73982,sales,reaches_CEO,5,0,False
66821,0,396000.0,High_School,M,7,52525,engineering,reaches_CEO,5,0,False
22353,0,205000.0,PhD,M,5,142850,sales,reaches_CEO,5,0,False
10747,0,132000.0,Master,F,3,37124,sales,reaches_CEO,5,0,False
107658,0,189000.0,PhD,M,27,110464,marketing,reaches_CEO,2,3,True
83119,1,207000.0,Master,M,5,103981,marketing,reaches_CEO,5,0,False
189760,0,310000.0,Master,M,4,19424,engineering,reaches_CEO,5,0,False
27966,1,208000.0,Master,F,3,7349,marketing,reaches_CEO,5,0,False
106395,0,91000.0,Bachelor,F,4,22887,HR,reaches_CEO,5,0,False
8275,0,258000.0,Bachelor,F,2,6335,sales,reaches_CEO,5,0,False
106438,0,274000.0,PhD,F,3,180037,sales,reaches_CEO,5,0,False
120003,0,305000.0,PhD,M,2,48120,engineering,reaches_CEO,5,0,False
61517,1,70000.0,PhD,M,2,110260,HR,reaches_CEO,4,20,True
6390,0,134000.0,PhD,M,4,148032,sales,reaches_CEO,5,0,False
158387,1,217000.0,PhD,M,1,40904,engineering,reaches_CEO,5,0,False
115674,0,256000.0,Bachelor,M,6,74264,marketing,reaches_CEO,5,0,False
40496,0,176000.0,PhD,M,4,116774,engineering,reaches_CEO,5,0,False
58176,0,153000.0,Master,M,3,94683,marketing,reaches_CEO,5,0,False
19577,0,311000.0,PhD,M,4,18312,engineering,reaches_CEO,5,0,False
153662,0,144000.0,Bachelor,M,2,22145,sales,reaches_CEO,5,0,False
45633,0,175000.0,Master,M,2,87929,sales,reaches_CEO,5,0,False
84962,0,181000.0,PhD,M,4,105395,engineering,reaches_CEO,5,0,False
72101,0,96000.0,PhD,F,2,184885,HR,reaches_CEO,5,0,False
55474,1,300000.0,Bachelor,F,6,102102,sales,reaches_CEO,5,0,False
18295,1,187000.0,Master,M,19,176367,engineering,reaches_CEO,3,4,True
46140,0,258000.0,Bachelor,M,2,112750,engineering,reaches_CEO,5,0,False
161770,1,144000.0,Master,F,3,122145,engineering,reaches_CEO,5,0,False
163319,1,145000.0,High_School,M,1,144401,sales,reaches_CEO,5,0,False
85651,0,339000.0,Bachelor,F,2,77766,marketing,reaches_CEO,5,0,False
194462,1,143000.0,Master,M,5,199184,sales,reaches_CEO,5,0,False
120914,0,149000.0,PhD,M,3,4440,marketing,reaches_CEO,5,0,False
25759,0,68000.0,Bachelor,M,1,187183,marketing,reaches_CEO,5,0,False
1133,0,217000.0,Bachelor,M,3,68821,engineering,reaches_CEO,5,0,False
145716,1,163000.0,Bachelor,F,7,158777,marketing,reaches_CEO,5,0,False
99765,0,174000.0,Master,M,6,134671,sales,reaches_CEO,5,0,False
21783,0,349000.0,Master,F,8,81860,engineering,reaches_CEO,5,0,False
14236,0,178000.0,Bachelor,M,2,148795,engineering,reaches_CEO,5,0,False
12922,0,127000.0,Bachelor,M,1,190249,marketing,reaches_CEO,5,0,False
127991,1,324000.0,Master,M,5,108428,engineering,reaches_CEO,5,0,False
180505,1,211000.0,Bachelor,M,5,134728,marketing,reaches_CEO,5,0,False
78874,0,177000.0,PhD,F,7,47127,sales,reaches_CEO,4,12,True
70843,0,244000.0,High_School,F,1,95522,marketing,reaches_CEO,5,0,False
101478,1,96000.0,Bachelor,F,3,29960,marketing,reaches_CEO,5,0,False
145312,0,167000.0,Bachelor,M,4,59353,engineering,reaches_CEO,5,0,False
157452,0,196000.0,Bachelor,M,2,114572,marketing,reaches_CEO,5,0,False
8198,1,395000.0,High_School,F,10,98225,engineering,reaches_CEO,4,13,True
127930,0,265000.0,Master,M,4,162518,sales,reaches_CEO,5,0,False
24391,0,70000.0,Bachelor,M,7,159638,HR,reaches_CEO,5,0,False
20689,0,68000.0,Master,M,3,115593,HR,reaches_CEO,5,0,False
73778,1,181000.0,Bachelor,M,3,199184,sales,reaches_CEO,5,0,False
50412,0,333000.0,Master,M,3,6536,marketing,reaches_CEO,5,0,False
79285,0,268000.0,PhD,F,12,34280,sales,reaches_CEO,3,7,True
139010,1,243000.0,PhD,M,1,30468,engineering,reaches_CEO,5,0,False
128960,0,269000.0,High_School,M,8,178954,engineering,reaches_CEO,5,0,False
21604,0,80000.0,Master,F,11,26053,HR,reaches_CEO,3,8,True
51988,0,391000.0,Master,M,2,128447,engineering,reaches_CEO,5,0,False
3088,0,122000.0,Master,M,1,193518,sales,reaches_CEO,5,0,False
151538,0,116000.0,Master,M,6,78874,sales,reaches_CEO,5,0,False
135966,0,70000.0,PhD,F,4,172948,HR,reaches_CEO,5,0,False
194409,0,101000.0,Bachelor,F,4,47748,HR,reaches_CEO,5,0,False
115962,0,322000.0,High_School,M,5,47618,marketing,reaches_CEO,5,0,False
162911,0,282000.0,High_School,M,2,199282,marketing,reaches_CEO,5,0,False
126414,0,224000.0,Bachelor,M,2,144976,sales,reaches_CEO,5,0,False
6331,1,167000.0,Bachelor,M,8,193920,sales,reaches_CEO,5,0,False
56941,0,260000.0,High_School,F,2,102727,marketing,reaches_CEO,5,0,False
162045,1,342000.0,Master,M,3,101484,engineering,reaches_CEO,5,0,False
25704,0,119000.0,Master,F,2,198240,sales,reaches_CEO,5,0,False
194814,0,120000.0,Master,F,3,92210,sales,reaches_CEO,5,0,False
24941,1,268000.0,Bachelor,M,4,4440,marketing,reaches_CEO,5,0,False
39678,1,307000.0,High_School,M,3,153412,marketing,reaches_CEO,5,0,False
159347,0,285000.0,Bachelor,F,6,146473,marketing,reaches_CEO,5,0,False
93924,1,379000.0,High_School,M,3,122145,engineering,reaches_CEO,5,0,False
35165,0,76000.0,Master,M,4,185285,HR,reaches_CEO,5,0,False
18741,1,116000.0,High_School,F,1,98520,marketing,reaches_CEO,5,0,False
22341,0,125000.0,Master,F,2,155570,marketing,reaches_CEO,5,0,False
22713,0,269000.0,Master,M,3,27704,sales,reaches_CEO,5,0,False
180924,0,147000.0,Bachelor,M,10,158490,marketing,reaches_CEO,4,9,True
103014,1,364000.0,PhD,M,14,183869,engineering,reaches_CEO,4,7,True
117240,0,217000.0,PhD,F,2,115856,sales,reaches_CEO,5,0,False
85897,1,267000.0,Master,F,1,71130,engineering,reaches_CEO,5,0,False
60892,0,93000.0,PhD,M,4,107694,HR,reaches_CEO,5,0,False
194836,0,367000.0,PhD,M,4,162196,engineering,reaches_CEO,5,0,False
35741,0,201000.0,Master,M,7,181886,sales,reaches_CEO,5,0,False
78889,0,254000.0,High_School,F,4,178797,sales,reaches_CEO,5,0,False
121599,0,321000.0,High_School,F,4,52923,sales,reaches_CEO,5,0,False
169869,0,242000.0,Bachelor,M,4,19806,sales,reaches_CEO,5,0,False
106828,1,125000.0,PhD,F,7,132026,marketing,reaches_CEO,5,0,False
66269,0,306000.0,PhD,F,8,189890,engineering,reaches_CEO,5,0,False
139543,0,69000.0,High_School,F,1,53677,HR,reaches_CEO,5,0,False
53778,0,118000.0,Master,M,2,38308,marketing,reaches_CEO,5,0,False
139403,1,138000.0,Master,F,3,115856,sales,reaches_CEO,5,0,False
102310,0,178000.0,Bachelor,M,2,77766,marketing,reaches_CEO,5,0,False
81074,0,114000.0,Bachelor,F,6,148984,sales,reaches_CEO,5,0,False
50100,0,184000.0,Master,M,3,153551,sales,reaches_CEO,5,0,False
70211,1,150000.0,PhD,F,1,112643,sales,reaches_CEO,5,0,False
124885,1,144000.0,Bachelor,M,3,143050,marketing,reaches_CEO,5,0,False
26728,0,165000.0,PhD,M,1,60319,sales,reaches_CEO,5,0,False
144173,0,63000.0,PhD,M,3,125114,HR,reaches_CEO,5,0,False
162089,0,83000.0,Bachelor,F,4,103912,sales,reaches_CEO,5,0,False
49166,0,186000.0,High_School,M,2,39388,sales,reaches_CEO,5,0,False
27535,1,269000.0,Bachelor,M,3,48352,engineering,reaches_CEO,5,0,False
194039,0,126000.0,Master,M,2,182028,engineering,reaches_CEO,5,0,False
193140,1,200000.0,Bachelor,F,8,10773,engineering,reaches_CEO,5,0,False
159875,0,70000.0,Bachelor,F,7,146111,HR,reaches_CEO,5,0,False
9634,0,61000.0,Bachelor,F,7,46178,engineering,reaches_CEO,5,0,False
125601,1,90000.0,Master,M,1,113124,sales,reaches_CEO,5,0,False
143794,1,164000.0,High_School,F,2,111363,sales,reaches_CEO,5,0,False
122860,0,110000.0,Master,M,5,162035,sales,reaches_CEO,5,0,False
168356,1,173000.0,High_School,F,1,127623,engineering,reaches_CEO,5,0,False
131967,0,223000.0,High_School,M,7,129000,marketing,reaches_CEO,5,0,False
106150,1,348000.0,PhD,M,4,148418,engineering,reaches_CEO,5,0,False
71693,0,337000.0,Master,M,4,70819,engineering,reaches_CEO,5,0,False
89004,0,87000.0,PhD,F,5,81490,sales,reaches_CEO,5,0,False
59555,0,102000.0,Master,F,4,156036,marketing,reaches_CEO,4,13,True
69932,0,108000.0,PhD,F,5,142630,HR,reaches_CEO,5,0,False
78773,1,163000.0,Bachelor,M,4,2644,sales,reaches_CEO,5,0,False
6871,0,290000.0,Bachelor,F,7,70547,marketing,reaches_CEO,5,0,False
108429,0,242000.0,High_School,M,1,94507,engineering,reaches_CEO,5,0,False
9433,0,172000.0,High_School,M,1,162518,sales,reaches_CEO,5,0,False
138260,0,229000.0,Master,M,4,74170,sales,reaches_CEO,5,0,False
73693,0,62000.0,Bachelor,F,7,129287,HR,reaches_CEO,5,0,False
175834,1,256000.0,High_School,M,8,53109,sales,reaches_CEO,5,0,False
68197,0,136000.0,Bachelor,M,2,127544,sales,reaches_CEO,5,0,False
43290,1,69000.0,Bachelor,F,2,14465,HR,reaches_CEO,5,0,False
51671,1,254000.0,Bachelor,F,1,94507,engineering,reaches_CEO,5,0,False
159175,0,71000.0,Master,F,2,116750,engineering,reaches_CEO,5,0,False
158908,1,297000.0,Master,M,1,127769,engineering,reaches_CEO,5,0,False
96596,0,78000.0,PhD,F,6,75198,marketing,reaches_CEO,5,0,False
158124,0,181000.0,PhD,F,8,113124,sales,reaches_CEO,5,0,False
106639,1,122000.0,Master,M,1,10357,marketing,reaches_CEO,5,0,False
170689,0,253000.0,Bachelor,M,6,76435,sales,reaches_CEO,5,0,False
122673,1,288000.0,PhD,F,6,132187,engineering,reaches_CEO,5,0,False
32632,0,153000.0,High_School,M,3,121527,marketing,reaches_CEO,5,0,False
182871,0,147000.0,Bachelor,M,1,26183,sales,reaches_CEO,5,0,False
162047,0,198000.0,Master,M,2,159098,engineering,reaches_CEO,5,0,False
99171,0,347000.0,PhD,M,1,182996,sales,reaches_CEO,5,0,False
122321,0,74000.0,Master,F,5,4384,HR,reaches_CEO,5,0,False
88294,0,260000.0,PhD,F,3,91254,marketing,reaches_CEO,5,0,False
40546,0,221000.0,PhD,M,3,54315,sales,reaches_CEO,5,0,False
75459,0,62000.0,PhD,M,3,191083,marketing,reaches_CEO,5,0,False
47366,0,171000.0,Bachelor,M,5,62161,marketing,reaches_CEO,5,0,False
56000,0,103000.0,PhD,M,1,37434,sales,reaches_CEO,5,0,False
25939,1,258000.0,Bachelor,F,3,23100,engineering,reaches_CEO,5,0,False
22617,0,359000.0,Master,M,3,29960,marketing,reaches_CEO,5,0,False
75766,0,122000.0,High_School,M,1,130834,engineering,reaches_CEO,5,0,False
87984,0,103000.0,Master,F,2,62298,HR,reaches_CEO,5,0,False
35622,0,338000.0,PhD,M,4,32938,engineering,reaches_CEO,5,0,False
110682,0,184000.0,High_School,M,1,84193,marketing,reaches_CEO,5,0,False
182581,0,216000.0,Bachelor,M,5,90834,sales,reaches_CEO,5,0,False
48105,1,350000.0,High_School,F,5,10773,engineering,reaches_CEO,5,0,False
142126,0,187000.0,PhD,F,6,180925,sales,reaches_CEO,5,0,False
174721,0,195000.0,Bachelor,F,8,182531,sales,reaches_CEO,5,0,False
127275,1,190000.0,PhD,F,9,42270,engineering,reaches_CEO,4,7,True
76575,1,261000.0,Master,M,4,186283,engineering,reaches_CEO,5,0,False
94643,0,139000.0,High_School,F,1,148032,sales,reaches_CEO,5,0,False
59142,1,274000.0,Bachelor,M,2,132187,engineering,reaches_CEO,5,0,False
134865,0,67000.0,PhD,M,15,197876,sales,reaches_CEO,3,9,True
161697,1,239000.0,Bachelor,M,1,116180,engineering,reaches_CEO,5,0,False
41808,0,139000.0,PhD,M,7,89619,HR,reaches_CEO,4,16,True
543,0,176000.0,PhD,F,2,102815,sales,reaches_CEO,5,0,False
189752,0,154000.0,High_School,M,4,30488,marketing,reaches_CEO,5,0,False
182379,1,202000.0,Master,F,3,34163,sales,reaches_CEO,5,0,False
83575,0,101000.0,Bachelor,M,2,1791,HR,reaches_CEO,5,0,False
73733,0,92000.0,Master,M,1,61443,HR,reaches_CEO,5,0,False
121155,1,223000.0,Master,F,7,16785,engineering,reaches_CEO,5,0,False
176194,0,99000.0,PhD,F,5,4110,sales,reaches_CEO,5,0,False
59705,1,247000.0,Bachelor,M,4,181201,sales,reaches_CEO,4,14,True
136244,0,287000.0,Master,M,1,198875,engineering,reaches_CEO,5,0,False
120306,0,178000.0,PhD,M,4,82657,sales,reaches_CEO,5,0,False
130595,0,251000.0,Master,M,3,30488,marketing,reaches_CEO,5,0,False
1860,0,398000.0,PhD,M,6,101484,engineering,reaches_CEO,5,0,False
54873,1,126000.0,High_School,M,7,190065,marketing,reaches_CEO,5,0,False
149658,0,95000.0,Bachelor,F,3,168742,sales,reaches_CEO,5,0,False
36390,1,280000.0,Bachelor,M,2,52525,engineering,reaches_CEO,5,0,False
32703,0,92000.0,High_School,M,6,181772,sales,reaches_CEO,5,0,False
160933,0,79000.0,Bachelor,F,1,22887,HR,reaches_CEO,5,0,False
198659,0,157000.0,Bachelor,M,2,90,engineering,reaches_CEO,5,0,False
57611,0,74000.0,PhD,M,4,193920,sales,reaches_CEO,5,0,False
78997,0,360000.0,Master,M,3,117030,engineering,reaches_CEO,4,6,True
26268,1,213000.0,PhD,M,2,70547,marketing,reaches_CEO,5,0,False
114056,0,112000.0,PhD,F,3,43858,engineering,reaches_CEO,5,0,False
93287,1,140000.0,PhD,M,2,16510,sales,reaches_CEO,5,0,False
137232,0,150000.0,Master,M,3,43420,sales,reaches_CEO,5,0,False
151234,0,210000.0,PhD,M,3,145126,sales,reaches_CEO,5,0,False
160597,1,119000.0,PhD,M,6,88303,sales,reaches_CEO,5,0,False
95006,1,286000.0,Master,F,2,182028,engineering,reaches_CEO,5,0,False
126613,1,127000.0,PhD,M,2,148795,engineering,reaches_CEO,5,0,False
65714,1,105000.0,Master,M,1,196058,marketing,reaches_CEO,5,0,False
103454,1,289000.0,PhD,M,1,94039,sales,reaches_CEO,5,0,False
46982,0,303000.0,Master,M,1,121419,engineering,reaches_CEO,5,0,False
183665,1,64000.0,PhD,M,3,155570,marketing,reaches_CEO,5,0,False
166787,0,61000.0,High_School,M,5,183283,HR,reaches_CEO,5,0,False
65406,0,333000.0,Bachelor,M,2,137369,sales,reaches_CEO,5,0,False
123502,0,73000.0,Master,F,2,39785,HR,reaches_CEO,4,13,True
76140,0,301000.0,High_School,M,2,59353,engineering,reaches_CEO,5,0,False
178797,0,233000.0,Master,F,12,47755,sales,reaches_CEO,4,8,True
134998,0,260000.0,PhD,M,1,5282,sales,reaches_CEO,5,0,False
49496,0,169000.0,Bachelor,M,5,182116,sales,reaches_CEO,5,0,False
134940,1,67000.0,Bachelor,M,1,64190,sales,reaches_CEO,5,0,False
25849,0,76000.0,Bachelor,F,3,21086,HR,reaches_CEO,5,0,False
149386,1,281000.0,High_School,F,3,147106,sales,reaches_CEO,5,0,False
120503,0,139000.0,PhD,M,1,72965,sales,reaches_CEO,5,0,False
16510,0,266000.0,High_School,F,3,77851,sales,reaches_CEO,4,12,True
72918,1,84000.0,Master,F,4,108164,sales,reaches_CEO,5,0,False
99958,0,140000.0,Master,M,5,196058,marketing,reaches_CEO,5,0,False
40507,1,182000.0,PhD,F,1,170431,marketing,reaches_CEO,5,0,False
174800,0,138000.0,Master,F,11,158490,marketing,reaches_CEO,4,6,True
67198,0,179000.0,Bachelor,M,4,54808,sales,reaches_CEO,5,0,False
85109,0,116000.0,Master,M,1,125114,HR,reaches_CEO,5,0,False
149970,0,215000.0,Master,F,7,155485,marketing,reaches_CEO,4,12,True
179506,1,229000.0,PhD,F,3,123258,marketing,reaches_CEO,5,0,False
158255,0,93000.0,PhD,M,1,8812,HR,reaches_CEO,5,0,False
62637,1,211000.0,Master,M,8,102727,marketing,reaches_CEO,5,0,False
16117,0,146000.0,Bachelor,M,4,115856,sales,reaches_CEO,5,0,False
25367,1,112000.0,PhD,F,6,191391,marketing,reaches_CEO,4,8,True
20055,0,65000.0,PhD,F,1,51923,HR,reaches_CEO,5,0,False
81173,0,89000.0,PhD,F,6,181781,HR,reaches_CEO,5,0,False
82981,0,234000.0,Bachelor,M,1,58522,engineering,reaches_CEO,5,0,False
77181,0,206000.0,Master,M,4,79,sales,reaches_CEO,5,0,False
43662,0,233000.0,Bachelor,M,7,160511,marketing,reaches_CEO,5,0,False
30190,0,199000.0,Master,M,7,79237,marketing,reaches_CEO,5,0,False
57220,0,240000.0,Master,M,3,43420,sales,reaches_CEO,5,0,False
195920,0,115000.0,Bachelor,M,4,184885,HR,reaches_CEO,5,0,False
55088,0,259000.0,Bachelor,F,7,77613,sales,reaches_CEO,5,0,False
79966,0,359000.0,Bachelor,M,9,183824,engineering,reaches_CEO,5,0,False
61722,1,217000.0,High_School,M,1,32938,engineering,reaches_CEO,5,0,False
182847,1,266000.0,PhD,M,3,195165,engineering,reaches_CEO,5,0,False
46311,0,171000.0,PhD,M,1,65883,marketing,reaches_CEO,5,0,False
13305,0,203000.0,PhD,F,7,50679,sales,reaches_CEO,5,0,False
132503,0,178000.0,PhD,F,4,135848,marketing,reaches_CEO,5,0,False
107388,0,114000.0,Bachelor,M,7,72965,sales,reaches_CEO,5,0,False
138248,1,235000.0,High_School,M,7,39417,engineering,reaches_CEO,5,0,False
108309,1,109000.0,Bachelor,F,2,160476,sales,reaches_CEO,5,0,False
165473,0,78000.0,Master,F,2,15768,HR,reaches_CEO,5,0,False
74431,0,250000.0,Master,F,4,28979,sales,reaches_CEO,5,0,False
74021,0,158000.0,High_School,F,1,164638,sales,reaches_CEO,5,0,False
86367,0,142000.0,PhD,M,1,52525,engineering,reaches_CEO,5,0,False
62875,0,199000.0,Master,M,3,53012,marketing,reaches_CEO,5,0,False
33908,0,171000.0,Master,F,3,70406,marketing,reaches_CEO,5,0,False
182416,0,66000.0,Bachelor,F,5,172717,HR,reaches_CEO,5,0,False
146602,0,149000.0,Master,F,3,123258,marketing,reaches_CEO,5,0,False
24468,0,85000.0,PhD,F,1,130135,HR,reaches_CEO,5,0,False
73476,1,261000.0,Master,F,4,55883,engineering,reaches_CEO,5,0,False
48441,0,102000.0,Bachelor,M,4,113578,marketing,reaches_CEO,5,0,False
27018,0,75000.0,PhD,F,12,89619,HR,reaches_CEO,4,8,True
46682,1,182000.0,Master,M,2,159098,engineering,reaches_CEO,5,0,False
5318,0,287000.0,High_School,M,3,181996,engineering,reaches_CEO,5,0,False
199712,1,168000.0,PhD,F,2,142685,sales,reaches_CEO,5,0,False
12196,0,303000.0,Bachelor,F,4,161132,marketing,reaches_CEO,5,0,False
193303,0,85000.0,Master,M,4,113618,marketing,reaches_CEO,5,0,False
172555,1,129000.0,High_School,F,3,71757,marketing,reaches_CEO,5,0,False
151328,1,215000.0,High_School,F,2,54997,sales,reaches_CEO,5,0,False
2921,0,311000.0,Bachelor,M,3,128065,engineering,reaches_CEO,5,0,False
178477,0,93000.0,High_School,M,2,73106,engineering,reaches_CEO,5,0,False
107216,0,129000.0,PhD,M,5,101484,engineering,reaches_CEO,5,0,False
41573,0,264000.0,Bachelor,M,4,81860,engineering,reaches_CEO,5,0,False
135588,0,203000.0,Bachelor,F,3,115856,sales,reaches_CEO,5,0,False
51195,1,183000.0,Bachelor,F,5,27781,marketing,reaches_CEO,5,0,False
198927,0,180000.0,Bachelor,M,5,157064,marketing,reaches_CEO,5,0,False
188883,1,152000.0,Master,F,1,198778,engineering,reaches_CEO,5,0,False
168126,1,180000.0,Master,M,2,187053,engineering,reaches_CEO,5,0,False
80533,0,255000.0,Bachelor,F,5,153291,sales,reaches_CEO,5,0,False
130078,0,260000.0,Master,F,1,151838,sales,reaches_CEO,5,0,False
140747,0,153000.0,High_School,M,1,147715,sales,reaches_CEO,5,0,False
180331,1,225000.0,Master,F,1,88303,sales,reaches_CEO,5,0,False
118411,1,154000.0,PhD,M,1,147249,engineering,reaches_CEO,5,0,False
49112,1,204000.0,PhD,F,1,14241,marketing,reaches_CEO,5,0,False
22955,1,384000.0,Bachelor,M,3,127275,engineering,reaches_CEO,5,0,False
36276,1,213000.0,Bachelor,M,4,71585,sales,reaches_CEO,5,0,False
64514,0,136000.0,Master,M,5,55481,engineering,reaches_CEO,5,0,False
96080,0,71000.0,Bachelor,F,1,162381,engineering,reaches_CEO,5,0,False
53905,0,60000.0,Bachelor,M,1,174009,HR,reaches_CEO,5,0,False
166893,0,192000.0,PhD,F,1,57316,sales,reaches_CEO,5,0,False
165442,1,122000.0,Bachelor,F,5,134865,sales,reaches_CEO,4,10,True
56058,0,192000.0,Bachelor,M,8,160618,sales,reaches_CEO,5,0,False
85044,0,81000.0,Bachelor,M,2,55972,HR,reaches_CEO,5,0,False
48235,0,230000.0,PhD,M,4,175558,engineering,reaches_CEO,5,0,False
73266,0,128000.0,High_School,F,5,172541,HR,reaches_CEO,5,0,False
17660,0,122000.0,Master,F,1,68222,HR,reaches_CEO,5,0,False
8838,0,125000.0,High_School,F,2,196490,HR,reaches_CEO,5,0,False
163108,0,190000.0,PhD,F,2,42096,sales,reaches_CEO,5,0,False
48566,0,105000.0,Bachelor,F,2,194904,HR,reaches_CEO,5,0,False
104253,0,183000.0,Master,M,6,94611,engineering,reaches_CEO,5,0,False
142954,0,178000.0,High_School,M,3,82698,sales,reaches_CEO,5,0,False
138307,1,263000.0,Master,M,2,157064,marketing,reaches_CEO,5,0,False
72001,0,61000.0,Bachelor,F,2,17211,HR,reaches_CEO,5,0,False
197091,0,227000.0,High_School,M,3,16510,sales,reaches_CEO,5,0,False
49210,1,203000.0,Master,F,1,53374,sales,reaches_CEO,5,0,False
110259,0,149000.0,High_School,F,5,138772,sales,reaches_CEO,5,0,False
20607,0,176000.0,High_School,M,3,126257,engineering,reaches_CEO,5,0,False
16168,0,386000.0,PhD,M,6,175434,sales,reaches_CEO,5,0,False
115593,1,70000.0,PhD,F,9,50665,HR,reaches_CEO,4,6,True
32290,0,230000.0,High_School,M,2,108164,sales,reaches_CEO,5,0,False
73790,0,61000.0,Bachelor,M,1,177495,HR,reaches_CEO,5,0,False
110499,0,260000.0,Bachelor,F,1,172321,sales,reaches_CEO,5,0,False
156662,0,107000.0,Master,M,1,167650,engineering,reaches_CEO,5,0,False
175172,0,154000.0,High_School,F,1,52923,sales,reaches_CEO,5,0,False
85698,0,70000.0,Master,M,7,43704,HR,reaches_CEO,5,0,False
64221,0,186000.0,Bachelor,M,6,34134,sales,reaches_CEO,5,0,False
140382,1,212000.0,High_School,M,6,160618,sales,reaches_CEO,5,0,False
15890,0,313000.0,Master,M,6,133927,engineering,reaches_CEO,5,0,False
895,0,96000.0,PhD,M,5,61517,HR,reaches_CEO,5,0,False
55488,1,239000.0,PhD,F,1,149245,marketing,reaches_CEO,5,0,False
12489,0,387000.0,Master,M,1,81811,sales,reaches_CEO,5,0,False
148292,0,61000.0,Bachelor,F,1,94447,HR,reaches_CEO,5,0,False
87076,0,89000.0,Bachelor,F,2,92585,marketing,reaches_CEO,5,0,False
51792,1,206000.0,PhD,F,3,198531,sales,reaches_CEO,5,0,False
158486,1,351000.0,Bachelor,F,2,102043,marketing,reaches_CEO,5,0,False
31058,0,273000.0,Master,M,6,168905,engineering,reaches_CEO,5,0,False
49543,0,327000.0,Bachelor,F,6,134944,sales,reaches_CEO,5,0,False
127516,0,303000.0,Bachelor,M,5,54997,sales,reaches_CEO,5,0,False
189739,0,181000.0,High_School,M,5,147106,sales,reaches_CEO,5,0,False
8801,0,86000.0,Master,F,1,23737,HR,reaches_CEO,5,0,False
17066,0,65000.0,Bachelor,F,4,193452,sales,reaches_CEO,5,0,False
81543,0,173000.0,Master,F,6,58365,marketing,reaches_CEO,5,0,False
161816,0,229000.0,Master,F,5,198648,marketing,reaches_CEO,5,0,False
18905,0,80000.0,Master,F,6,158777,marketing,reaches_CEO,5,0,False
91101,0,145000.0,High_School,F,3,119576,engineering,reaches_CEO,5,0,False
133922,0,64000.0,High_School,F,3,80043,HR,reaches_CEO,5,0,False
160308,1,161000.0,PhD,M,1,101981,sales,reaches_CEO,5,0,False
14274,0,147000.0,Master,M,7,92403,sales,reaches_CEO,5,0,False
74507,0,109000.0,Master,F,1,252,HR,reaches_CEO,5,0,False
27021,0,85000.0,Bachelor,M,1,146404,marketing,reaches_CEO,5,0,False
53225,0,221000.0,PhD,F,6,38308,marketing,reaches_CEO,5,0,False
81688,1,139000.0,Bachelor,F,2,87330,engineering,reaches_CEO,5,0,False
58128,0,89000.0,Master,M,5,16445,HR,reaches_CEO,5,0,False
74017,0,96000.0,PhD,M,1,29547,engineering,reaches_CEO,5,0,False
79866,1,163000.0,Master,M,6,53109,sales,reaches_CEO,5,0,False
164429,1,184000.0,Bachelor,M,1,11275,marketing,reaches_CEO,5,0,False
93093,0,67000.0,PhD,F,6,21086,HR,reaches_CEO,5,0,False
166254,1,247000.0,Master,M,5,8663,sales,reaches_CEO,5,0,False
150993,0,181000.0,Master,M,1,142685,sales,reaches_CEO,5,0,False
102498,0,70000.0,PhD,F,6,192056,HR,reaches_CEO,4,12,True
11079,1,78000.0,Bachelor,M,1,4394,marketing,reaches_CEO,5,0,False
121097,0,198000.0,High_School,F,4,63785,engineering,reaches_CEO,5,0,False
126237,0,346000.0,Bachelor,M,2,26468,engineering,reaches_CEO,5,0,False
56866,0,313000.0,Master,M,4,112643,sales,reaches_CEO,5,0,False
180036,1,241000.0,High_School,F,3,147642,sales,reaches_CEO,5,0,False
119654,1,379000.0,Bachelor,F,3,169664,engineering,reaches_CEO,5,0,False
37046,1,86000.0,Master,M,3,22145,sales,reaches_CEO,5,0,False
99459,0,293000.0,Bachelor,F,2,116180,engineering,reaches_CEO,5,0,False
124423,0,255000.0,PhD,M,2,168342,engineering,reaches_CEO,5,0,False
63578,0,243000.0,Bachelor,M,2,122762,sales,reaches_CEO,5,0,False
168653,0,263000.0,Bachelor,M,2,16073,marketing,reaches_CEO,5,0,False
168902,1,217000.0,Master,M,3,154170,engineering,reaches_CEO,5,0,False
36829,0,77000.0,Bachelor,F,1,126515,HR,reaches_CEO,5,0,False
109328,1,134000.0,Master,M,1,4259,engineering,reaches_CEO,5,0,False
190447,0,296000.0,Master,F,4,168342,engineering,reaches_CEO,5,0,False
175921,0,274000.0,Bachelor,F,9,181219,marketing,reaches_CEO,5,0,False
175589,0,294000.0,Master,M,2,182116,sales,reaches_CEO,5,0,False
172659,0,305000.0,High_School,M,2,76310,engineering,reaches_CEO,5,0,False
105382,1,185000.0,Bachelor,M,4,98520,marketing,reaches_CEO,5,0,False
111272,0,211000.0,PhD,M,3,177166,engineering,reaches_CEO,5,0,False
41916,0,203000.0,High_School,F,4,84230,marketing,reaches_CEO,5,0,False
138432,1,134000.0,PhD,M,8,41945,sales,reaches_CEO,4,11,True
125001,0,253000.0,PhD,F,6,127266,marketing,reaches_CEO,5,0,False
97401,0,84000.0,Bachelor,F,7,175548,HR,reaches_CEO,5,0,False
57714,0,322000.0,PhD,M,5,57938,engineering,reaches_CEO,5,0,False
152,0,96000.0,Master,M,2,81421,HR,reaches_CEO,5,0,False
98196,0,175000.0,High_School,M,3,102815,sales,reaches_CEO,5,0,False
39808,0,216000.0,Master,M,3,96664,marketing,reaches_CEO,5,0,False
195996,0,67000.0,Master,M,4,51121,HR,reaches_CEO,5,0,False
147795,0,65000.0,PhD,F,9,135804,HR,reaches_CEO,5,0,False
165864,0,94000.0,PhD,F,4,62298,HR,reaches_CEO,5,0,False
5675,1,136000.0,Bachelor,M,1,39417,engineering,reaches_CEO,5,0,False
57499,0,157000.0,Bachelor,M,9,129410,sales,reaches_CEO,5,0,False
31396,1,188000.0,High_School,M,6,77844,sales,reaches_CEO,5,0,False
160511,0,283000.0,PhD,M,8,121233,marketing,reaches_CEO,4,10,True
161213,1,288000.0,PhD,F,3,119658,engineering,reaches_CEO,5,0,False
117376,0,93000.0,Bachelor,M,12,192056,HR,reaches_CEO,4,7,True
81110,0,211000.0,High_School,F,2,166729,marketing,reaches_CEO,5,0,False
100774,0,106000.0,Bachelor,F,3,139278,HR,reaches_CEO,5,0,False
80132,1,243000.0,Bachelor,M,5,52525,engineering,reaches_CEO,5,0,False
95849,0,168000.0,Bachelor,M,2,193452,sales,reaches_CEO,5,0,False
27410,0,323000.0,High_School,M,2,62161,marketing,reaches_CEO,5,0,False
7153,1,222000.0,Bachelor,M,1,141079,engineering,reaches_CEO,5,0,False
177377,0,277000.0,Bachelor,F,1,37434,sales,reaches_CEO,5,0,False
148036,1,68000.0,PhD,F,7,78874,sales,reaches_CEO,5,0,False
75242,0,247000.0,Bachelor,M,5,60121,engineering,reaches_CEO,4,11,True
17060,1,89000.0,Bachelor,M,4,121527,marketing,reaches_CEO,5,0,False
87889,0,63000.0,High_School,F,2,29733,HR,reaches_CEO,5,0,False
22987,0,239000.0,PhD,F,1,87613,engineering,reaches_CEO,5,0,False
10019,1,115000.0,Bachelor,M,6,195795,sales,reaches_CEO,5,0,False
88573,1,138000.0,High_School,M,5,75045,marketing,reaches_CEO,5,0,False
76785,1,228000.0,Bachelor,F,7,67522,sales,reaches_CEO,5,0,False
71269,0,331000.0,Master,F,1,108428,engineering,reaches_CEO,5,0,False
110282,0,80000.0,Bachelor,M,3,74066,engineering,reaches_CEO,5,0,False
70406,0,229000.0,PhD,M,8,91869,marketing,reaches_CEO,4,16,True
21919,0,153000.0,PhD,F,4,41080,sales,reaches_CEO,5,0,False
102026,0,102000.0,Bachelor,M,2,40475,sales,reaches_CEO,4,10,True
133105,1,71000.0,PhD,M,8,125114,HR,reaches_CEO,5,0,False
30924,1,248000.0,PhD,M,2,95522,marketing,reaches_CEO,5,0,False
130518,0,170000.0,PhD,F,3,99121,marketing,reaches_CEO,5,0,False
178655,1,237000.0,Bachelor,M,2,29410,engineering,reaches_CEO,5,0,False
189230,0,116000.0,PhD,M,5,101819,engineering,reaches_CEO,5,0,False
26103,1,333000.0,High_School,M,6,170076,engineering,reaches_CEO,5,0,False
130937,0,112000.0,High_School,M,1,196660,sales,reaches_CEO,5,0,False
173478,1,82000.0,Master,F,6,11507,HR,reaches_CEO,5,0,False
145078,1,255000.0,High_School,M,2,74170,sales,reaches_CEO,5,0,False
120055,0,317000.0,PhD,M,7,93223,engineering,reaches_CEO,5,0,False
94873,1,257000.0,High_School,M,3,15277,engineering,reaches_CEO,5,0,False
162099,0,186000.0,High_School,F,2,37124,sales,reaches_CEO,5,0,False
121419,1,272000.0,Master,M,3,3802,engineering,reaches_CEO,4,11,True
189515,1,311000.0,Bachelor,F,7,144928,sales,reaches_CEO,5,0,False
59747,0,194000.0,PhD,F,5,79,sales,reaches_CEO,5,0,False
17718,0,122000.0,PhD,M,3,77556,HR,reaches_CEO,5,0,False
73303,1,369000.0,Master,M,6,122567,engineering,reaches_CEO,5,0,False
1808,1,280000.0,High_School,M,12,140317,engineering,reaches_CEO,4,14,True
116506,0,293000.0,High_School,F,5,76310,engineering,reaches_CEO,5,0,False
92730,1,89000.0,PhD,F,3,64452,sales,reaches_CEO,5,0,False
20694,0,208000.0,Bachelor,M,1,20828,marketing,reaches_CEO,5,0,False
189148,0,78000.0,Master,M,11,20378,HR,reaches_CEO,4,10,True
32880,0,63000.0,PhD,M,1,75705,HR,reaches_CEO,5,0,False
133528,0,225000.0,Bachelor,M,3,88303,sales,reaches_CEO,5,0,False
190024,0,270000.0,High_School,M,5,24071,engineering,reaches_CEO,5,0,False
50152,0,183000.0,PhD,M,3,171499,engineering,reaches_CEO,5,0,False
134444,1,163000.0,Master,M,5,59862,engineering,reaches_CEO,5,0,False
151268,0,199000.0,Master,M,3,56451,sales,reaches_CEO,5,0,False
48000,0,120000.0,PhD,M,1,142850,sales,reaches_CEO,5,0,False
89837,0,136000.0,High_School,M,10,37154,marketing,reaches_CEO,4,11,True
6350,0,119000.0,Bachelor,M,7,172889,sales,reaches_CEO,5,0,False
133688,0,62000.0,PhD,M,8,132192,HR,reaches_CEO,5,0,False
81380,0,134000.0,Bachelor,M,7,141317,sales,reaches_CEO,5,0,False
133978,0,60000.0,High_School,F,5,174009,HR,reaches_CEO,5,0,False
11549,0,209000.0,Master,M,1,199184,sales,reaches_CEO,5,0,False
138569,1,148000.0,PhD,F,5,43602,engineering,reaches_CEO,5,0,False
84303,0,133000.0,Master,F,1,65883,marketing,reaches_CEO,5,0,False
63783,0,62000.0,Bachelor,F,5,143473,HR,reaches_CEO,5,0,False
54836,0,281000.0,PhD,F,1,92845,engineering,reaches_CEO,5,0,False
164326,1,235000.0,Master,M,11,193088,sales,reaches_CEO,4,12,True
82621,0,64000.0,Bachelor,M,5,162381,engineering,reaches_CEO,5,0,False
61907,0,101000.0,PhD,M,3,87707,sales,reaches_CEO,5,0,False
135793,0,112000.0,High_School,F,3,99139,sales,reaches_CEO,5,0,False
162466,0,283000.0,High_School,M,1,53109,sales,reaches_CEO,5,0,False
150465,0,162000.0,Bachelor,M,2,132399,sales,reaches_CEO,5,0,False
99022,1,110000.0,PhD,M,1,193518,sales,reaches_CEO,5,0,False
194217,0,70000.0,High_School,M,3,194904,HR,reaches_CEO,5,0,False
24834,0,158000.0,PhD,M,2,95169,sales,reaches_CEO,5,0,False
149189,1,341000.0,Master,M,4,191289,engineering,reaches_CEO,5,0,False
165217,0,161000.0,High_School,M,3,5282,sales,reaches_CEO,5,0,False
119253,0,339000.0,PhD,F,3,98967,marketing,reaches_CEO,5,0,False
36581,1,211000.0,Master,F,2,1808,engineering,reaches_CEO,5,0,False
124254,0,215000.0,Bachelor,F,3,76310,engineering,reaches_CEO,5,0,False
79238,1,209000.0,Master,M,1,164439,marketing,reaches_CEO,5,0,False
76462,0,148000.0,PhD,M,2,191485,sales,reaches_CEO,5,0,False
7067,1,374000.0,Bachelor,M,7,169664,engineering,reaches_CEO,5,0,False
155902,0,264000.0,Bachelor,M,4,181886,sales,reaches_CEO,5,0,False
60442,0,213000.0,Bachelor,M,5,134658,sales,reaches_CEO,5,0,False
99680,0,173000.0,High_School,F,4,91254,marketing,reaches_CEO,5,0,False
105386,1,86000.0,Master,F,2,196490,HR,reaches_CEO,5,0,False
16420,0,304000.0,Bachelor,F,8,37434,sales,reaches_CEO,5,0,False
94016,0,386000.0,Bachelor,M,4,186086,engineering,reaches_CEO,5,0,False
185640,0,240000.0,High_School,F,4,182531,sales,reaches_CEO,5,0,False
88590,0,83000.0,PhD,F,6,125114,HR,reaches_CEO,5,0,False
42056,0,73000.0,PhD,F,5,125114,HR,reaches_CEO,5,0,False
159650,0,166000.0,PhD,M,4,69903,engineering,reaches_CEO,5,0,False
180285,0,223000.0,High_School,M,6,136147,sales,reaches_CEO,5,0,False
159051,0,80000.0,PhD,M,1,27718,HR,reaches_CEO,5,0,False
11650,0,67000.0,PhD,F,1,29508,HR,reaches_CEO,5,0,False
145829,0,107000.0,High_School,M,1,131620,sales,reaches_CEO,5,0,False
85896,0,328000.0,Master,M,1,47472,engineering,reaches_CEO,5,0,False
57275,1,218000.0,Bachelor,M,3,147249,engineering,reaches_CEO,5,0,False
135938,0,81000.0,Master,F,5,150189,HR,reaches_CEO,5,0,False
108622,0,93000.0,PhD,M,4,109254,sales,reaches_CEO,5,0,False
3260,1,151000.0,PhD,M,2,33814,engineering,reaches_CEO,4,9,True
122023,0,83000.0,PhD,F,6,80043,HR,reaches_CEO,5,0,False
81166,0,223000.0,Bachelor,M,2,162035,sales,reaches_CEO,5,0,False
123373,0,80000.0,Bachelor,M,4,68222,HR,reaches_CEO,5,0,False
193493,0,147000.0,Bachelor,F,1,15277,engineering,reaches_CEO,5,0,False
158374,0,139000.0,PhD,M,4,34714,sales,reaches_CEO,5,0,False
92475,0,125000.0,High_School,M,5,110508,engineering,reaches_CEO,5,0,False
105395,0,248000.0,Bachelor,M,4,17837,engineering,reaches_CEO,4,6,True
199184,1,105000.0,Master,M,6,66119,sales,reaches_CEO,4,15,True
71120,0,116000.0,PhD,F,1,154375,HR,reaches_CEO,5,0,False
151205,1,183000.0,High_School,M,6,134658,sales,reaches_CEO,5,0,False
29253,1,274000.0,PhD,M,2,167650,engineering,reaches_CEO,5,0,False
33188,0,99000.0,PhD,F,5,90834,sales,reaches_CEO,5,0,False
14339,0,133000.0,PhD,M,2,68821,engineering,reaches_CEO,5,0,False
147062,0,91000.0,Master,F,3,140838,HR,reaches_CEO,5,0,False
21555,1,214000.0,Bachelor,F,4,156927,marketing,reaches_CEO,5,0,False
3737,0,86000.0,Master,F,3,98931,marketing,reaches_CEO,5,0,False
77448,0,229000.0,Bachelor,F,2,158777,marketing,reaches_CEO,5,0,False
128031,1,370000.0,Master,F,2,18312,engineering,reaches_CEO,5,0,False
145268,0,93000.0,High_School,F,2,129778,HR,reaches_CEO,5,0,False
111850,0,221000.0,Master,F,5,55883,engineering,reaches_CEO,5,0,False
69550,1,294000.0,PhD,F,20,74062,marketing,reaches_CEO,3,5,True
165424,0,83000.0,High_School,F,2,119231,HR,reaches_CEO,5,0,False
58946,0,66000.0,High_School,F,2,97422,HR,reaches_CEO,5,0,False
148358,0,395000.0,Bachelor,F,6,159098,engineering,reaches_CEO,5,0,False
16419,1,67000.0,PhD,F,2,41808,HR,reaches_CEO,5,0,False
47730,1,79000.0,High_School,M,3,5222,sales,reaches_CEO,5,0,False
18312,0,84000.0,Master,M,11,147555,engineering,reaches_CEO,4,10,True
144810,0,181000.0,Master,F,4,182531,sales,reaches_CEO,5,0,False
146500,0,298000.0,Master,F,2,165442,sales,reaches_CEO,5,0,False
57124,0,308000.0,Bachelor,M,1,192369,sales,reaches_CEO,5,0,False
126609,1,298000.0,Master,M,1,73489,sales,reaches_CEO,5,0,False
61377,1,205000.0,Bachelor,M,5,119991,engineering,reaches_CEO,5,0,False
182995,0,180000.0,Master,M,2,172947,marketing,reaches_CEO,5,0,False
123190,0,197000.0,PhD,M,4,133420,sales,reaches_CEO,5,0,False
118885,1,134000.0,Bachelor,F,2,190566,marketing,reaches_CEO,5,0,False
197315,0,270000.0,PhD,M,3,113578,marketing,reaches_CEO,5,0,False
71379,0,65000.0,Bachelor,F,7,168415,HR,reaches_CEO,5,0,False
190551,0,332000.0,High_School,M,1,119658,engineering,reaches_CEO,5,0,False
19703,0,190000.0,High_School,M,1,132026,marketing,reaches_CEO,5,0,False
126119,0,212000.0,PhD,M,4,79193,sales,reaches_CEO,5,0,False
61593,0,142000.0,High_School,M,8,55858,engineering,reaches_CEO,5,0,False
193032,1,137000.0,PhD,F,1,179459,marketing,reaches_CEO,5,0,False
150634,0,359000.0,PhD,M,2,175558,engineering,reaches_CEO,5,0,False
119085,1,117000.0,PhD,M,2,23120,marketing,reaches_CEO,5,0,False
70153,0,89000.0,Master,F,4,130135,HR,reaches_CEO,5,0,False
17604,1,123000.0,High_School,F,2,181886,sales,reaches_CEO,5,0,False
105315,0,100000.0,PhD,M,4,181421,sales,reaches_CEO,5,0,False
25130,0,222000.0,Master,F,4,92845,engineering,reaches_CEO,5,0,False
193818,0,123000.0,Bachelor,F,8,136905,HR,reaches_CEO,4,12,True
96475,1,237000.0,High_School,M,3,64724,marketing,reaches_CEO,5,0,False
21846,0,96000.0,Master,M,4,102026,sales,reaches_CEO,5,0,False
185945,0,171000.0,PhD,M,5,127266,marketing,reaches_CEO,5,0,False
192348,0,380000.0,PhD,F,5,142926,engineering,reaches_CEO,5,0,False
51159,0,88000.0,High_School,M,3,109102,sales,reaches_CEO,5,0,False
104596,0,222000.0,Bachelor,M,1,180924,marketing,reaches_CEO,5,0,False
63134,0,204000.0,Bachelor,M,2,71945,engineering,reaches_CEO,5,0,False
40132,1,382000.0,Bachelor,M,15,190801,engineering,reaches_CEO,3,2,True
199398,1,80000.0,Bachelor,M,1,82698,sales,reaches_CEO,5,0,False
72699,0,246000.0,PhD,F,3,179212,marketing,reaches_CEO,5,0,False
101808,1,396000.0,PhD,M,1,79807,engineering,reaches_CEO,5,0,False
49638,0,152000.0,PhD,F,3,164439,marketing,reaches_CEO,5,0,False
23798,1,289000.0,Bachelor,M,6,74170,sales,reaches_CEO,5,0,False
140228,0,131000.0,Bachelor,F,5,113578,marketing,reaches_CEO,5,0,False
132939,0,247000.0,Bachelor,M,7,65126,marketing,reaches_CEO,5,0,False
52889,0,144000.0,PhD,F,3,147106,sales,reaches_CEO,5,0,False
23095,0,182000.0,Master,F,4,102632,marketing,reaches_CEO,5,0,False
199439,0,186000.0,PhD,M,3,161132,marketing,reaches_CEO,5,0,False
94507,0,227000.0,Master,M,14,145161,engineering,reaches_CEO,4,13,True
64858,0,80000.0,High_School,F,5,24015,HR,reaches_CEO,4,9,True
15851,0,166000.0,PhD,M,1,20901,engineering,reaches_CEO,5,0,False
22980,0,184000.0,PhD,M,6,68821,engineering,reaches_CEO,5,0,False
102,1,238000.0,High_School,M,5,1050,engineering,reaches_CEO,5,0,False
181537,0,175000.0,Bachelor,F,1,140542,sales,reaches_CEO,5,0,False
116211,1,261000.0,PhD,F,6,56451,sales,reaches_CEO,5,0,False
122620,0,297000.0,PhD,F,7,4440,marketing,reaches_CEO,5,0,False
70786,1,66000.0,Bachelor,F,2,103884,HR,reaches_CEO,5,0,False
143033,0,311000.0,High_School,F,3,183528,engineering,reaches_CEO,5,0,False
8741,1,181000.0,PhD,F,5,142926,engineering,reaches_CEO,5,0,False
112524,0,186000.0,PhD,M,1,198879,sales,reaches_CEO,5,0,False
190747,0,84000.0,PhD,F,5,9400,HR,reaches_CEO,5,0,False
96671,0,109000.0,Bachelor,M,1,179212,marketing,reaches_CEO,5,0,False
83634,0,112000.0,Bachelor,M,3,127769,engineering,reaches_CEO,5,0,False
172947,0,254000.0,Bachelor,M,4,166741,marketing,reaches_CEO,4,3,True
191604,1,213000.0,High_School,F,2,111082,sales,reaches_CEO,5,0,False
164573,0,262000.0,Bachelor,F,3,177166,engineering,reaches_CEO,5,0,False
90214,0,92000.0,PhD,F,6,4384,HR,reaches_CEO,5,0,False
52951,0,204000.0,Master,F,1,54997,sales,reaches_CEO,5,0,False
66149,0,229000.0,High_School,M,1,21470,marketing,reaches_CEO,5,0,False
18699,0,198000.0,Bachelor,M,6,111082,sales,reaches_CEO,5,0,False
14618,0,136000.0,Bachelor,F,2,98419,marketing,reaches_CEO,5,0,False
121721,1,353000.0,Bachelor,F,4,127623,engineering,reaches_CEO,5,0,False
131280,0,289000.0,PhD,F,3,41335,engineering,reaches_CEO,5,0,False
29072,1,231000.0,PhD,M,1,193621,sales,reaches_CEO,5,0,False
16241,0,101000.0,PhD,M,3,87733,sales,reaches_CEO,5,0,False
162085,1,175000.0,High_School,M,5,90639,marketing,reaches_CEO,5,0,False
62167,0,130000.0,Master,F,3,126515,HR,reaches_CEO,5,0,False
99397,0,120000.0,Bachelor,M,16,71889,HR,reaches_CEO,3,4,True
14967,0,190000.0,Bachelor,M,3,182996,sales,reaches_CEO,5,0,False
129633,0,289000.0,Master,M,9,118769,engineering,reaches_CEO,5,0,False
197896,0,84000.0,PhD,F,11,110260,HR,reaches_CEO,4,13,True
36597,1,322000.0,Master,F,2,88936,sales,reaches_CEO,5,0,False
82543,1,315000.0,High_School,M,4,110091,engineering,reaches_CEO,5,0,False
174342,1,253000.0,Bachelor,F,2,42096,sales,reaches_CEO,5,0,False
191279,1,243000.0,PhD,M,1,154891,engineering,reaches_CEO,5,0,False
96170,0,169000.0,PhD,M,6,118329,sales,reaches_CEO,5,0,False
113965,1,305000.0,High_School,M,2,92765,engineering,reaches_CEO,5,0,False
100278,0,62000.0,Bachelor,F,2,21086,HR,reaches_CEO,5,0,False
21163,0,94000.0,High_School,F,5,43704,HR,reaches_CEO,5,0,False
94750,1,279000.0,Bachelor,M,1,37434,sales,reaches_CEO,5,0,False
179352,0,201000.0,High_School,M,4,165717,sales,reaches_CEO,5,0,False
120833,0,75000.0,PhD,M,4,172717,HR,reaches_CEO,5,0,False
2433,0,182000.0,PhD,F,2,112750,engineering,reaches_CEO,5,0,False
11291,0,222000.0,Master,F,7,80128,sales,reaches_CEO,5,0,False
72846,0,94000.0,Master,F,4,100373,HR,reaches_CEO,5,0,False
131236,0,68000.0,Bachelor,M,2,21086,HR,reaches_CEO,5,0,False
143306,0,181000.0,Bachelor,M,2,2644,sales,reaches_CEO,5,0,False
151768,1,226000.0,Bachelor,M,3,160476,sales,reaches_CEO,5,0,False
38198,0,91000.0,Bachelor,F,1,171461,HR,reaches_CEO,5,0,False
75268,1,71000.0,Bachelor,F,1,140393,engineering,reaches_CEO,5,0,False
32268,0,202000.0,PhD,M,4,16510,sales,reaches_CEO,5,0,False
23751,0,272000.0,Master,M,1,187053,engineering,reaches_CEO,5,0,False
138285,0,194000.0,Bachelor,M,8,114572,marketing,reaches_CEO,5,0,False
158823,1,393000.0,Bachelor,M,5,63785,engineering,reaches_CEO,5,0,False
121706,1,274000.0,High_School,F,1,77844,sales,reaches_CEO,5,0,False
180060,0,176000.0,Master,M,5,145710,engineering,reaches_CEO,5,0,False
144732,0,70000.0,Master,F,1,169849,HR,reaches_CEO,5,0,False
191391,1,125000.0,Master,M,20,138045,marketing,reaches_CEO,3,4,True
15367,1,252000.0,Bachelor,F,1,59705,sales,reaches_CEO,5,0,False
38184,0,188000.0,High_School,M,1,147103,engineering,reaches_CEO,5,0,False
140984,0,252000.0,Master,M,6,192369,sales,reaches_CEO,5,0,False
29161,0,309000.0,High_School,M,1,110878,engineering,reaches_CEO,5,0,False
182243,0,278000.0,Bachelor,M,4,65883,marketing,reaches_CEO,5,0,False
117334,0,78000.0,Master,F,4,62298,HR,reaches_CEO,5,0,False
127997,1,210000.0,PhD,F,4,72965,sales,reaches_CEO,5,0,False
149352,1,64000.0,Master,F,6,43704,HR,reaches_CEO,5,0,False
10913,1,197000.0,High_School,M,1,156010,engineering,reaches_CEO,5,0,False
35610,0,313000.0,Bachelor,F,8,144928,sales,reaches_CEO,5,0,False
145830,1,267000.0,Master,M,1,59705,sales,reaches_CEO,5,0,False
158253,0,62000.0,Master,F,2,94447,HR,reaches_CEO,5,0,False
124842,1,128000.0,Bachelor,M,3,90639,marketing,reaches_CEO,5,0,False
72928,0,253000.0,PhD,M,5,120638,engineering,reaches_CEO,5,0,False
94173,0,93000.0,Bachelor,M,4,73254,HR,reaches_CEO,5,0,False
31506,0,209000.0,PhD,M,5,53390,sales,reaches_CEO,5,0,False
102102,0,203000.0,Master,M,2,78493,sales,reaches_CEO,4,11,True
43079,1,316000.0,PhD,M,5,112302,engineering,reaches_CEO,5,0,False
196556,0,153000.0,Bachelor,M,5,52319,sales,reaches_CEO,5,0,False
199282,0,311000.0,Master,M,11,82419,marketing,reaches_CEO,4,12,True
13272,1,160000.0,Bachelor,M,4,81490,sales,reaches_CEO,5,0,False
69536,1,255000.0,Master,M,4,138432,sales,reaches_CEO,5,0,False
148032,1,145000.0,High_School,M,3,172989,sales,reaches_CEO,4,19,True
180706,1,187000.0,Master,M,4,94507,engineering,reaches_CEO,5,0,False
114784,0,176000.0,PhD,M,5,188118,sales,reaches_CEO,5,0,False
44421,1,231000.0,Bachelor,F,2,8856,marketing,reaches_CEO,5,0,False
99606,0,313000.0,High_School,M,2,14299,engineering,reaches_CEO,5,0,False
52665,0,159000.0,Bachelor,M,5,103981,marketing,reaches_CEO,5,0,False
175365,1,128000.0,Master,F,2,166741,marketing,reaches_CEO,4,13,True
172899,1,91000.0,Bachelor,M,4,65883,marketing,reaches_CEO,5,0,False
2905,0,198000.0,PhD,M,4,8711,marketing,reaches_CEO,5,0,False
18030,0,139000.0,PhD,M,1,172246,sales,reaches_CEO,5,0,False
109517,0,159000.0,PhD,M,2,46997,sales,reaches_CEO,5,0,False
15253,0,168000.0,PhD,F,5,130204,marketing,reaches_CEO,5,0,False
155241,0,105000.0,PhD,F,4,130204,marketing,reaches_CEO,5,0,False
2737,0,189000.0,PhD,M,4,186086,engineering,reaches_CEO,5,0,False
161230,0,98000.0,Master,F,2,81421,HR,reaches_CEO,5,0,False
146159,0,195000.0,Bachelor,M,3,7966,sales,reaches_CEO,5,0,False
81362,1,285000.0,Bachelor,M,1,5875,marketing,reaches_CEO,5,0,False
132866,0,75000.0,PhD,M,4,51331,HR,reaches_CEO,5,0,False
164761,1,313000.0,PhD,M,4,142926,engineering,reaches_CEO,5,0,False
95149,1,138000.0,PhD,M,3,29410,engineering,reaches_CEO,5,0,False
155204,0,101000.0,High_School,F,5,71152,HR,reaches_CEO,5,0,False
62707,0,159000.0,Bachelor,F,1,73649,sales,reaches_CEO,5,0,False
178427,0,284000.0,Bachelor,F,1,91002,marketing,reaches_CEO,5,0,False
188389,0,125000.0,High_School,M,2,72965,sales,reaches_CEO,5,0,False
141424,0,67000.0,PhD,F,3,123154,HR,reaches_CEO,5,0,False
154118,0,278000.0,Master,M,2,26505,marketing,reaches_CEO,5,0,False
118133,0,122000.0,High_School,F,2,66420,HR,reaches_CEO,5,0,False
194121,0,188000.0,PhD,M,15,176367,engineering,reaches_CEO,3,6,True
8989,1,98000.0,Master,M,1,198814,marketing,reaches_CEO,5,0,False
92446,0,120000.0,PhD,M,2,168742,sales,reaches_CEO,5,0,False
9226,0,95000.0,PhD,M,3,142276,HR,reaches_CEO,5,0,False
179890,1,193000.0,PhD,M,3,129734,engineering,reaches_CEO,5,0,False
21960,0,70000.0,PhD,F,3,132192,HR,reaches_CEO,5,0,False
88453,0,281000.0,Bachelor,M,1,55883,engineering,reaches_CEO,5,0,False
128525,1,63000.0,PhD,F,2,64087,HR,reaches_CEO,5,0,False
181869,0,262000.0,Bachelor,M,5,48912,engineering,reaches_CEO,5,0,False
122759,0,100000.0,Bachelor,M,7,160618,sales,reaches_CEO,5,0,False
125894,0,89000.0,Master,F,1,97422,HR,reaches_CEO,5,0,False
99521,0,158000.0,High_School,M,3,192369,sales,reaches_CEO,5,0,False
129790,1,159000.0,Bachelor,M,1,192132,marketing,reaches_CEO,5,0,False
159164,1,268000.0,PhD,M,7,5743,sales,reaches_CEO,5,0,False
87073,0,132000.0,PhD,M,5,59862,engineering,reaches_CEO,5,0,False
29343,1,206000.0,Master,M,4,43858,engineering,reaches_CEO,5,0,False
170643,0,256000.0,PhD,F,5,109671,marketing,reaches_CEO,5,0,False
56869,1,343000.0,Master,F,6,76641,engineering,reaches_CEO,5,0,False
189937,0,307000.0,Bachelor,F,11,55537,engineering,reaches_CEO,3,7,True
153422,0,269000.0,High_School,M,1,47863,engineering,reaches_CEO,5,0,False
117341,1,258000.0,PhD,M,6,167389,sales,reaches_CEO,5,0,False
113108,0,187000.0,PhD,M,4,7966,sales,reaches_CEO,5,0,False
15946,0,329000.0,Master,M,1,191495,sales,reaches_CEO,5,0,False
41869,0,212000.0,High_School,M,1,113618,marketing,reaches_CEO,5,0,False
81323,0,392000.0,Master,M,6,69903,engineering,reaches_CEO,5,0,False
65451,0,277000.0,Master,M,18,139032,sales,reaches_CEO,3,7,True
27378,0,232000.0,Bachelor,M,1,149970,marketing,reaches_CEO,5,0,False
190264,0,304000.0,High_School,M,3,149485,sales,reaches_CEO,5,0,False
83361,0,302000.0,High_School,M,3,191351,marketing,reaches_CEO,5,0,False
150522,0,98000.0,Bachelor,M,2,10786,HR,reaches_CEO,5,0,False
90451,0,184000.0,PhD,M,5,32938,engineering,reaches_CEO,5,0,False
184130,0,297000.0,Master,M,4,148418,engineering,reaches_CEO,5,0,False
112901,0,133000.0,Bachelor,M,7,109102,sales,reaches_CEO,5,0,False
187990,1,156000.0,Bachelor,F,5,88007,sales,reaches_CEO,5,0,False
2870,1,341000.0,Master,F,3,158056,engineering,reaches_CEO,5,0,False
55858,0,190000.0,Master,M,14,119832,engineering,reaches_CEO,4,10,True
62853,0,164000.0,Master,F,1,71585,sales,reaches_CEO,5,0,False
154913,0,160000.0,Bachelor,M,6,170431,marketing,reaches_CEO,5,0,False
8165,0,72000.0,High_School,F,5,141211,HR,reaches_CEO,5,0,False
83263,0,129000.0,Bachelor,M,1,10922,sales,reaches_CEO,5,0,False
141090,0,123000.0,PhD,F,2,29410,engineering,reaches_CEO,5,0,False
108648,0,127000.0,High_School,F,5,153551,sales,reaches_CEO,5,0,False
56294,1,389000.0,High_School,M,1,183065,engineering,reaches_CEO,5,0,False
38326,1,212000.0,Master,M,1,81811,sales,reaches_CEO,5,0,False
124334,0,66000.0,PhD,M,2,10922,sales,reaches_CEO,5,0,False
57654,1,243000.0,Bachelor,F,1,149135,engineering,reaches_CEO,5,0,False
43023,0,73000.0,Master,M,2,152960,sales,reaches_CEO,5,0,False
133236,0,138000.0,High_School,M,4,6536,marketing,reaches_CEO,5,0,False
100730,0,319000.0,Bachelor,M,1,8198,engineering,reaches_CEO,5,0,False
74635,0,191000.0,High_School,M,1,62161,marketing,reaches_CEO,5,0,False
43773,0,85000.0,Master,F,2,177805,marketing,reaches_CEO,5,0,False
16785,1,366000.0,Master,M,3,33814,engineering,reaches_CEO,4,6,True
52313,0,207000.0,PhD,F,10,135238,sales,reaches_CEO,4,11,True
113635,0,364000.0,PhD,M,3,67151,engineering,reaches_CEO,5,0,False
156015,0,167000.0,PhD,M,1,101484,engineering,reaches_CEO,5,0,False
37936,0,182000.0,Bachelor,F,3,197832,marketing,reaches_CEO,5,0,False
31063,0,63000.0,Bachelor,F,7,99397,HR,reaches_CEO,4,9,True
184681,1,185000.0,Bachelor,F,2,154292,engineering,reaches_CEO,5,0,False
69773,0,85000.0,Bachelor,M,6,181787,marketing,reaches_CEO,5,0,False
181853,1,339000.0,Master,F,2,58522,engineering,reaches_CEO,5,0,False
45739,0,147000.0,PhD,M,1,168951,sales,reaches_CEO,5,0,False
185933,0,264000.0,Bachelor,F,7,113124,sales,reaches_CEO,5,0,False
127011,0,230000.0,Bachelor,F,2,34134,sales,reaches_CEO,5,0,False
80435,0,159000.0,PhD,M,5,136861,sales,reaches_CEO,5,0,False
153357,1,68000.0,Master,M,2,162196,engineering,reaches_CEO,5,0,False
25891,1,344000.0,Master,M,1,64750,engineering,reaches_CEO,5,0,False
24238,1,289000.0,Master,F,8,73489,sales,reaches_CEO,5,0,False
76435,1,264000.0,Bachelor,F,9,183175,sales,reaches_CEO,4,7,True
88655,0,131000.0,PhD,M,7,171940,marketing,reaches_CEO,5,0,False
177296,0,144000.0,Master,M,2,186086,engineering,reaches_CEO,5,0,False
81304,0,260000.0,High_School,F,1,51738,engineering,reaches_CEO,5,0,False
188732,0,91000.0,PhD,M,2,169833,HR,reaches_CEO,5,0,False
159197,0,238000.0,Bachelor,M,5,62043,engineering,reaches_CEO,5,0,False
19683,0,149000.0,Master,M,3,142367,sales,reaches_CEO,5,0,False
82390,0,179000.0,Master,M,2,76073,engineering,reaches_CEO,5,0,False
88370,1,61000.0,Master,M,7,110260,HR,reaches_CEO,4,12,True
82971,0,142000.0,PhD,M,6,16510,sales,reaches_CEO,5,0,False
196388,0,275000.0,PhD,M,4,27781,marketing,reaches_CEO,5,0,False
32223,0,234000.0,Bachelor,M,1,5875,marketing,reaches_CEO,5,0,False
11832,0,272000.0,Master,F,1,131063,marketing,reaches_CEO,5,0,False
70809,0,62000.0,PhD,F,2,15768,HR,reaches_CEO,5,0,False
141508,0,152000.0,PhD,M,1,66591,sales,reaches_CEO,5,0,False
53572,1,77000.0,PhD,F,4,5743,sales,reaches_CEO,5,0,False
75193,1,135000.0,PhD,M,3,172889,sales,reaches_CEO,5,0,False
43706,1,215000.0,PhD,F,2,55883,engineering,reaches_CEO,5,0,False
127119,0,82000.0,High_School,M,6,71152,HR,reaches_CEO,5,0,False
101061,0,223000.0,High_School,M,7,79934,engineering,reaches_CEO,5,0,False
118887,0,364000.0,Master,M,5,77766,marketing,reaches_CEO,5,0,False
83700,1,267000.0,PhD,M,1,143317,sales,reaches_CEO,5,0,False
100503,0,182000.0,Master,M,5,183824,engineering,reaches_CEO,5,0,False
114666,0,257000.0,Bachelor,F,4,12649,engineering,reaches_CEO,5,0,False
121402,0,61000.0,High_School,F,3,194078,marketing,reaches_CEO,5,0,False
145741,1,174000.0,Bachelor,F,4,193518,sales,reaches_CEO,5,0,False
147593,0,64000.0,Master,F,7,23737,HR,reaches_CEO,5,0,False
73573,0,151000.0,PhD,M,8,167877,sales,reaches_CEO,5,0,False
132109,0,190000.0,High_School,M,2,167877,sales,reaches_CEO,5,0,False
43628,0,76000.0,PhD,M,6,115591,sales,reaches_CEO,5,0,False
168336,1,101000.0,Bachelor,F,7,168415,HR,reaches_CEO,5,0,False
83948,0,390000.0,Master,M,2,149135,engineering,reaches_CEO,5,0,False
32248,0,126000.0,PhD,M,7,34280,sales,reaches_CEO,3,5,True
67178,0,77000.0,PhD,M,5,20378,HR,reaches_CEO,4,9,True
85308,0,260000.0,Bachelor,M,1,56316,sales,reaches_CEO,5,0,False
167836,0,324000.0,PhD,M,9,7212,marketing,reaches_CEO,5,0,False
154029,0,264000.0,PhD,M,4,119991,engineering,reaches_CEO,5,0,False
186207,1,346000.0,Bachelor,F,3,70547,marketing,reaches_CEO,5,0,False
76846,0,61000.0,Bachelor,F,3,194904,HR,reaches_CEO,5,0,False
71046,0,296000.0,PhD,M,8,51738,engineering,reaches_CEO,5,0,False
141926,0,363000.0,High_School,F,4,160261,marketing,reaches_CEO,5,0,False
171417,0,166000.0,Master,M,6,120638,engineering,reaches_CEO,5,0,False
173778,0,106000.0,PhD,F,6,88007,sales,reaches_CEO,5,0,False
194076,1,256000.0,Master,M,1,168951,sales,reaches_CEO,5,0,False
85701,0,149000.0,High_School,F,5,73649,sales,reaches_CEO,5,0,False
109102,1,217000.0,PhD,M,2,65451,sales,reaches_CEO,4,13,True
130128,0,139000.0,Master,M,3,113618,marketing,reaches_CEO,5,0,False
84808,0,231000.0,Bachelor,M,5,98967,marketing,reaches_CEO,5,0,False
51229,1,266000.0,Bachelor,M,5,119658,engineering,reaches_CEO,5,0,False
19135,0,343000.0,Bachelor,M,4,30640,engineering,reaches_CEO,5,0,False
76135,0,209000.0,High_School,M,4,5692,marketing,reaches_CEO,4,16,True
44800,0,103000.0,Master,F,5,127544,sales,reaches_CEO,5,0,False
193281,0,137000.0,High_School,F,2,143050,marketing,reaches_CEO,5,0,False
91254,0,298000.0,PhD,M,8,23830,marketing,reaches_CEO,4,7,True
122905,0,269000.0,Master,M,2,52920,sales,reaches_CEO,5,0,False
72267,0,71000.0,Bachelor,M,1,23100,engineering,reaches_CEO,5,0,False
43888,0,98000.0,Master,F,5,41808,HR,reaches_CEO,5,0,False
53205,1,240000.0,Bachelor,M,2,178954,engineering,reaches_CEO,5,0,False
5196,0,143000.0,PhD,M,3,168791,engineering,reaches_CEO,5,0,False
99085,1,334000.0,Master,F,2,71115,engineering,reaches_CEO,5,0,False
113062,1,143000.0,High_School,M,3,160618,sales,reaches_CEO,5,0,False
58064,0,147000.0,Master,F,2,138772,sales,reaches_CEO,5,0,False
89656,0,191000.0,Master,M,5,55431,sales,reaches_CEO,5,0,False
121712,1,209000.0,Master,M,5,4394,marketing,reaches_CEO,5,0,False
57314,0,185000.0,Bachelor,M,6,27781,marketing,reaches_CEO,5,0,False
8627,0,170000.0,Bachelor,M,1,111082,sales,reaches_CEO,5,0,False
186634,1,81000.0,PhD,M,1,92210,sales,reaches_CEO,5,0,False
139073,0,284000.0,Master,M,2,181772,sales,reaches_CEO,5,0,False
197010,0,61000.0,Master,F,4,142630,HR,reaches_CEO,5,0,False
172365,0,299000.0,Master,F,4,103912,sales,reaches_CEO,5,0,False
107213,1,221000.0,Master,M,3,159098,engineering,reaches_CEO,5,0,False
164141,0,174000.0,Master,F,4,190778,marketing,reaches_CEO,5,0,False
63757,1,97000.0,PhD,F,3,27781,marketing,reaches_CEO,5,0,False
145349,0,170000.0,Master,M,5,74066,engineering,reaches_CEO,5,0,False
120642,0,269000.0,Master,F,4,154170,engineering,reaches_CEO,5,0,False
12869,0,235000.0,PhD,M,3,29410,engineering,reaches_CEO,5,0,False
131345,0,277000.0,PhD,F,7,90834,sales,reaches_CEO,5,0,False
181353,0,344000.0,Master,M,2,48352,engineering,reaches_CEO,5,0,False
45040,0,205000.0,PhD,F,5,95609,sales,reaches_CEO,5,0,False
186896,1,136000.0,PhD,F,4,142850,sales,reaches_CEO,5,0,False
56351,0,223000.0,Master,F,2,167877,sales,reaches_CEO,5,0,False
156394,0,103000.0,High_School,F,1,148865,sales,reaches_CEO,5,0,False
144928,0,60000.0,High_School,M,11,134865,sales,reaches_CEO,4,11,True
196319,0,94000.0,Bachelor,M,1,141317,sales,reaches_CEO,5,0,False
160056,0,68000.0,PhD,F,4,29508,HR,reaches_CEO,5,0,False
133425,1,94000.0,High_School,F,2,123358,sales,reaches_CEO,5,0,False
17558,0,107000.0,PhD,F,2,110091,engineering,reaches_CEO,5,0,False
192467,0,209000.0,Master,M,3,156927,marketing,reaches_CEO,5,0,False
25076,0,87000.0,Master,F,2,151005,marketing,reaches_CEO,5,0,False
34376,1,265000.0,High_School,F,6,10922,sales,reaches_CEO,5,0,False
47170,0,187000.0,Master,M,3,61811,sales,reaches_CEO,5,0,False
121934,0,158000.0,Bachelor,M,4,116119,marketing,reaches_CEO,5,0,False
86090,0,119000.0,Master,M,1,175434,sales,reaches_CEO,5,0,False
2704,1,342000.0,Bachelor,M,4,182556,sales,reaches_CEO,5,0,False
111678,1,153000.0,High_School,F,2,90065,engineering,reaches_CEO,5,0,False
49237,0,233000.0,PhD,M,6,162035,sales,reaches_CEO,5,0,False
24543,0,177000.0,High_School,M,9,76310,engineering,reaches_CEO,5,0,False
127549,1,225000.0,PhD,M,5,127275,engineering,reaches_CEO,5,0,False
147819,0,377000.0,Bachelor,F,3,120639,sales,reaches_CEO,4,12,True
143202,0,222000.0,High_School,M,2,76073,engineering,reaches_CEO,5,0,False
179625,0,73000.0,Master,F,1,140838,HR,reaches_CEO,5,0,False
22145,1,242000.0,PhD,M,13,134865,sales,reaches_CEO,4,7,True
19381,0,139000.0,Bachelor,M,5,78997,engineering,reaches_CEO,5,0,False
146244,0,384000.0,PhD,F,1,185976,engineering,reaches_CEO,5,0,False
107694,1,72000.0,PhD,M,9,50665,HR,reaches_CEO,4,10,True
181080,0,87000.0,PhD,F,1,180925,sales,reaches_CEO,5,0,False
112997,1,126000.0,Master,F,5,87929,sales,reaches_CEO,5,0,False
119374,0,73000.0,High_School,F,5,150290,HR,reaches_CEO,5,0,False
156027,0,335000.0,High_School,M,1,103448,sales,reaches_CEO,5,0,False
169720,0,72000.0,Master,M,1,32159,sales,reaches_CEO,5,0,False
30973,0,128000.0,Bachelor,M,4,132309,sales,reaches_CEO,5,0,False
32288,0,96000.0,High_School,M,1,29733,HR,reaches_CEO,5,0,False
51053,0,162000.0,Master,F,5,105542,marketing,reaches_CEO,5,0,False
46770,0,127000.0,PhD,M,2,177805,marketing,reaches_CEO,5,0,False
110846,1,173000.0,Bachelor,M,5,6335,sales,reaches_CEO,5,0,False
185642,0,115000.0,High_School,M,2,55653,sales,reaches_CEO,5,0,False
25080,0,82000.0,Bachelor,F,8,43937,HR,reaches_CEO,5,0,False
137015,0,191000.0,Bachelor,F,5,102026,sales,reaches_CEO,5,0,False
44068,0,229000.0,Bachelor,M,3,110878,engineering,reaches_CEO,5,0,False
128938,0,397000.0,Master,M,3,64750,engineering,reaches_CEO,5,0,False
33060,0,111000.0,High_School,F,3,78516,sales,reaches_CEO,5,0,False
68318,1,225000.0,High_School,F,1,51293,sales,reaches_CEO,5,0,False
136646,0,213000.0,Master,M,5,56451,sales,reaches_CEO,5,0,False
159098,0,183000.0,PhD,F,4,5342,engineering,reaches_CEO,4,22,True
104329,0,134000.0,Master,M,8,61988,engineering,reaches_CEO,5,0,False
49751,1,184000.0,Master,F,7,49729,sales,reaches_CEO,5,0,False
49161,0,273000.0,PhD,M,1,5374,sales,reaches_CEO,5,0,False
85722,0,146000.0,Master,M,7,116119,marketing,reaches_CEO,5,0,False
58583,1,328000.0,High_School,F,3,144976,sales,reaches_CEO,5,0,False
91124,0,155000.0,PhD,M,4,167941,sales,reaches_CEO,4,7,True
60394,0,87000.0,Master,F,2,22977,HR,reaches_CEO,5,0,False
189125,0,209000.0,Bachelor,M,3,79,sales,reaches_CEO,5,0,False
112784,1,252000.0,Bachelor,M,1,147249,engineering,reaches_CEO,5,0,False
124697,1,143000.0,Master,F,4,49729,sales,reaches_CEO,5,0,False
185962,1,153000.0,Bachelor,F,1,95522,marketing,reaches_CEO,5,0,False
150250,0,199000.0,PhD,M,3,73663,marketing,reaches_CEO,5,0,False
188171,1,82000.0,Bachelor,M,1,139180,marketing,reaches_CEO,5,0,False
114526,0,171000.0,Bachelor,M,1,30640,engineering,reaches_CEO,5,0,False
121791,0,144000.0,PhD,M,3,146473,marketing,reaches_CEO,5,0,False
97146,0,131000.0,High_School,F,2,46957,sales,reaches_CEO,5,0,False
149380,1,378000.0,PhD,M,6,122145,engineering,reaches_CEO,5,0,False
41909,1,89000.0,High_School,M,3,168797,marketing,reaches_CEO,5,0,False
38033,0,109000.0,High_School,F,1,181996,engineering,reaches_CEO,5,0,False
36629,0,124000.0,High_School,F,3,198624,HR,reaches_CEO,5,0,False
85006,0,295000.0,High_School,M,3,127544,sales,reaches_CEO,5,0,False
10109,0,296000.0,PhD,F,1,127544,sales,reaches_CEO,5,0,False
144435,0,139000.0,High_School,M,2,79934,engineering,reaches_CEO,5,0,False
43213,0,63000.0,PhD,M,3,174009,HR,reaches_CEO,5,0,False
41352,1,181000.0,Master,M,4,77844,sales,reaches_CEO,5,0,False
199698,0,204000.0,High_School,M,1,73106,engineering,reaches_CEO,5,0,False
63435,0,361000.0,High_School,F,5,108428,engineering,reaches_CEO,5,0,False
98413,1,314000.0,Master,M,3,87762,sales,reaches_CEO,5,0,False
89862,0,284000.0,Master,M,3,134944,sales,reaches_CEO,5,0,False
8145,0,243000.0,PhD,M,2,69379,sales,reaches_CEO,5,0,False
130204,0,224000.0,PhD,M,8,115907,marketing,reaches_CEO,4,9,True
31646,1,278000.0,Bachelor,M,6,53109,sales,reaches_CEO,5,0,False
38822,0,195000.0,PhD,M,1,60489,marketing,reaches_CEO,5,0,False
99321,0,136000.0,Master,M,1,55883,engineering,reaches_CEO,5,0,False
64131,0,251000.0,PhD,M,1,27781,marketing,reaches_CEO,5,0,False
80820,1,154000.0,Bachelor,M,4,19806,sales,reaches_CEO,5,0,False
68984,1,142000.0,Bachelor,M,1,7966,sales,reaches_CEO,5,0,False
160233,0,230000.0,Bachelor,M,5,168951,sales,reaches_CEO,5,0,False
54251,0,83000.0,Bachelor,M,3,126368,sales,reaches_CEO,5,0,False
192806,1,274000.0,Master,F,3,48120,engineering,reaches_CEO,5,0,False
184582,1,114000.0,Bachelor,F,1,198240,sales,reaches_CEO,5,0,False
187055,1,138000.0,Master,M,5,8711,marketing,reaches_CEO,5,0,False
82657,0,368000.0,High_School,F,12,171907,sales,reaches_CEO,4,12,True
6474,0,294000.0,High_School,M,4,90639,marketing,reaches_CEO,5,0,False
92936,1,238000.0,High_School,M,4,53012,marketing,reaches_CEO,5,0,False
131264,1,63000.0,High_School,F,5,39231,HR,reaches_CEO,5,0,False
170821,1,227000.0,Bachelor,M,4,198879,sales,reaches_CEO,5,0,False
177864,0,66000.0,Master,M,4,94683,marketing,reaches_CEO,5,0,False
162617,1,248000.0,PhD,M,5,26183,sales,reaches_CEO,5,0,False
123376,0,111000.0,PhD,F,4,97422,HR,reaches_CEO,5,0,False
185603,1,271000.0,High_School,M,2,15277,engineering,reaches_CEO,5,0,False
178561,1,287000.0,Bachelor,M,2,145126,sales,reaches_CEO,5,0,False
90238,0,204000.0,Master,M,4,178314,marketing,reaches_CEO,5,0,False
56363,0,65000.0,Master,F,2,77556,HR,reaches_CEO,5,0,False
170922,0,132000.0,PhD,M,10,129381,sales,reaches_CEO,4,8,True
27656,0,147000.0,Master,M,2,81490,sales,reaches_CEO,5,0,False
78902,0,334000.0,PhD,M,1,5743,sales,reaches_CEO,5,0,False
41589,1,154000.0,PhD,F,2,48877,marketing,reaches_CEO,5,0,False
47697,0,166000.0,Bachelor,F,7,152791,sales,reaches_CEO,5,0,False
167243,0,144000.0,PhD,M,4,148984,sales,reaches_CEO,5,0,False
172741,0,96000.0,Bachelor,M,4,7349,marketing,reaches_CEO,5,0,False
149878,0,96000.0,Master,F,3,142630,HR,reaches_CEO,5,0,False
48225,0,252000.0,Bachelor,F,2,68201,sales,reaches_CEO,5,0,False
107169,0,71000.0,High_School,M,2,114011,engineering,reaches_CEO,5,0,False
101116,0,94000.0,PhD,M,2,41721,marketing,reaches_CEO,5,0,False
165002,0,117000.0,High_School,F,1,114011,engineering,reaches_CEO,5,0,False
89935,0,234000.0,Master,M,4,87613,engineering,reaches_CEO,5,0,False
73132,0,83000.0,PhD,F,3,19806,sales,reaches_CEO,5,0,False
86808,0,80000.0,Bachelor,F,1,168564,sales,reaches_CEO,5,0,False
172160,1,252000.0,Master,F,7,146220,marketing,reaches_CEO,5,0,False
16812,0,131000.0,Bachelor,F,9,126257,engineering,reaches_CEO,5,0,False
3745,0,144000.0,Bachelor,M,3,178314,marketing,reaches_CEO,5,0,False
186123,1,171000.0,High_School,F,8,79934,engineering,reaches_CEO,5,0,False
139035,0,98000.0,Bachelor,M,3,175548,HR,reaches_CEO,5,0,False
138601,0,100000.0,Master,M,4,111363,sales,reaches_CEO,5,0,False
122318,0,359000.0,Bachelor,M,2,129734,engineering,reaches_CEO,5,0,False
194890,0,128000.0,Bachelor,M,1,172717,HR,reaches_CEO,5,0,False
189658,1,335000.0,Master,F,4,92403,sales,reaches_CEO,5,0,False
11243,0,71000.0,Bachelor,M,3,67151,engineering,reaches_CEO,5,0,False
116337,1,90000.0,Bachelor,F,9,125755,marketing,reaches_CEO,5,0,False
10238,1,190000.0,Bachelor,M,1,126257,engineering,reaches_CEO,5,0,False
78574,0,285000.0,PhD,M,5,191083,marketing,reaches_CEO,5,0,False
234,1,252000.0,Master,F,2,171499,engineering,reaches_CEO,5,0,False
165730,0,364000.0,PhD,M,4,147249,engineering,reaches_CEO,5,0,False
62588,1,212000.0,Master,F,7,120381,sales,reaches_CEO,5,0,False
116901,1,247000.0,PhD,M,3,4394,marketing,reaches_CEO,5,0,False
24461,0,176000.0,Master,M,3,148260,marketing,reaches_CEO,5,0,False
41993,1,69000.0,PhD,F,2,62298,HR,reaches_CEO,5,0,False
104539,0,93000.0,Master,M,2,138823,HR,reaches_CEO,4,14,True
114620,1,139000.0,Master,M,5,33266,marketing,reaches_CEO,5,0,False
101443,0,200000.0,Master,M,1,180854,sales,reaches_CEO,5,0,False
97605,0,173000.0,Master,M,1,150722,marketing,reaches_CEO,5,0,False
67753,0,209000.0,Master,F,2,34977,sales,reaches_CEO,5,0,False
106015,0,275000.0,PhD,M,4,144211,engineering,reaches_CEO,5,0,False
35841,1,141000.0,Master,M,1,191649,sales,reaches_CEO,5,0,False
156130,0,190000.0,Bachelor,M,4,87929,sales,reaches_CEO,5,0,False
129213,0,283000.0,Bachelor,M,2,127623,engineering,reaches_CEO,5,0,False
185421,1,307000.0,PhD,M,5,167389,sales,reaches_CEO,5,0,False
34265,0,321000.0,Master,M,3,168791,engineering,reaches_CEO,5,0,False
102275,1,84000.0,Bachelor,M,5,41808,HR,reaches_CEO,5,0,False
68589,1,247000.0,Master,M,3,174092,sales,reaches_CEO,5,0,False
59609,0,172000.0,PhD,F,2,58365,marketing,reaches_CEO,5,0,False
196401,0,344000.0,Bachelor,M,1,94611,engineering,reaches_CEO,5,0,False
11845,1,280000.0,Bachelor,M,6,134982,sales,reaches_CEO,5,0,False
160632,0,184000.0,Master,M,1,191454,marketing,reaches_CEO,5,0,False
90155,0,65000.0,Bachelor,M,1,41808,HR,reaches_CEO,5,0,False
164947,0,201000.0,High_School,M,1,143317,sales,reaches_CEO,5,0,False
113589,0,336000.0,Bachelor,M,11,190801,engineering,reaches_CEO,3,5,True
132163,0,168000.0,PhD,M,5,160289,sales,reaches_CEO,5,0,False
191843,0,255000.0,Bachelor,M,4,157931,engineering,reaches_CEO,5,0,False
113731,0,97000.0,Master,M,2,11507,HR,reaches_CEO,5,0,False
68821,0,127000.0,Master,M,2,183869,engineering,reaches_CEO,4,15,True
149710,1,130000.0,PhD,F,3,4110,sales,reaches_CEO,5,0,False
29851,0,169000.0,Bachelor,F,1,158609,sales,reaches_CEO,5,0,False
42163,0,68000.0,PhD,F,1,189742,HR,reaches_CEO,5,0,False
198291,0,211000.0,Bachelor,F,8,148236,sales,reaches_CEO,5,0,False
127590,1,366000.0,PhD,M,7,76310,engineering,reaches_CEO,5,0,False
196767,0,65000.0,PhD,M,4,16445,HR,reaches_CEO,5,0,False
137469,0,271000.0,PhD,M,3,88779,sales,reaches_CEO,5,0,False
52525,0,210000.0,PhD,F,6,192589,engineering,reaches_CEO,4,16,True
61928,0,223000.0,PhD,F,1,180037,sales,reaches_CEO,5,0,False
80604,0,177000.0,PhD,F,3,125755,marketing,reaches_CEO,5,0,False
190146,0,62000.0,Bachelor,F,1,138772,sales,reaches_CEO,5,0,False
150890,0,78000.0,Bachelor,F,1,97919,HR,reaches_CEO,5,0,False
138502,0,155000.0,Master,F,9,159996,sales,reaches_CEO,5,0,False
198403,0,319000.0,Bachelor,F,7,78493,sales,reaches_CEO,4,9,True
36347,0,348000.0,PhD,M,1,47472,engineering,reaches_CEO,5,0,False
52625,1,340000.0,PhD,F,4,191073,sales,reaches_CEO,5,0,False
23866,1,64000.0,PhD,F,6,146111,HR,reaches_CEO,5,0,False
46343,0,290000.0,PhD,M,5,132683,engineering,reaches_CEO,5,0,False
123666,1,177000.0,Master,M,1,112245,sales,reaches_CEO,5,0,False
100319,0,251000.0,Master,M,3,198531,sales,reaches_CEO,5,0,False
82533,0,185000.0,Bachelor,M,1,103981,marketing,reaches_CEO,5,0,False
49181,1,323000.0,Master,F,1,122567,engineering,reaches_CEO,5,0,False
55741,1,248000.0,High_School,M,1,175558,engineering,reaches_CEO,5,0,False
85353,1,93000.0,Bachelor,F,2,84230,marketing,reaches_CEO,5,0,False
9648,0,74000.0,PhD,M,2,81421,HR,reaches_CEO,5,0,False
108163,1,387000.0,PhD,M,8,69903,engineering,reaches_CEO,5,0,False
133562,0,191000.0,Bachelor,M,2,84828,engineering,reaches_CEO,5,0,False
179384,0,205000.0,PhD,F,1,147106,sales,reaches_CEO,5,0,False
198517,1,334000.0,High_School,M,2,20828,marketing,reaches_CEO,5,0,False
74397,0,151000.0,Master,M,2,144211,engineering,reaches_CEO,5,0,False
151005,0,186000.0,PhD,F,7,134556,marketing,reaches_CEO,4,11,True
16445,0,75000.0,PhD,F,4,136905,HR,reaches_CEO,4,15,True
65722,0,67000.0,PhD,M,2,125114,HR,reaches_CEO,5,0,False
188650,0,323000.0,PhD,M,1,135846,sales,reaches_CEO,5,0,False
191635,0,223000.0,High_School,F,1,154381,sales,reaches_CEO,5,0,False
24563,0,91000.0,Master,F,3,29749,HR,reaches_CEO,5,0,False
71545,0,274000.0,Bachelor,M,2,198032,sales,reaches_CEO,5,0,False
130949,0,129000.0,PhD,F,6,87762,sales,reaches_CEO,5,0,False
144738,0,129000.0,PhD,M,2,121527,marketing,reaches_CEO,5,0,False
106936,0,109000.0,High_School,F,2,51121,HR,reaches_CEO,5,0,False
85198,0,211000.0,PhD,M,3,73846,sales,reaches_CEO,5,0,False
155875,0,97000.0,Bachelor,F,4,171461,HR,reaches_CEO,5,0,False
53812,1,81000.0,Master,F,2,46178,engineering,reaches_CEO,5,0,False
43891,0,135000.0,Bachelor,F,1,37434,sales,reaches_CEO,5,0,False
36588,0,208000.0,Master,F,4,124014,sales,reaches_CEO,5,0,False
133512,1,161000.0,Master,M,6,16073,marketing,reaches_CEO,5,0,False
40059,0,194000.0,Master,M,3,136313,engineering,reaches_CEO,5,0,False
72505,0,112000.0,Master,M,4,98520,marketing,reaches_CEO,5,0,False
142718,1,213000.0,Bachelor,M,4,47863,engineering,reaches_CEO,5,0,False
39460,0,112000.0,Bachelor,F,12,192056,HR,reaches_CEO,4,11,True
47540,0,378000.0,High_School,M,3,55481,engineering,reaches_CEO,5,0,False
144361,0,205000.0,PhD,M,3,52923,sales,reaches_CEO,5,0,False
77791,0,189000.0,PhD,F,5,168742,sales,reaches_CEO,5,0,False
4390,0,229000.0,High_School,M,4,194078,marketing,reaches_CEO,5,0,False
194716,0,128000.0,Bachelor,M,5,162518,sales,reaches_CEO,5,0,False
171850,0,298000.0,Master,M,6,47863,engineering,reaches_CEO,5,0,False
198961,0,63000.0,Bachelor,F,8,39460,HR,reaches_CEO,5,0,False
64029,0,68000.0,Bachelor,M,5,11507,HR,reaches_CEO,5,0,False
38926,0,282000.0,Bachelor,M,1,59939,marketing,reaches_CEO,5,0,False
47519,1,155000.0,Master,F,1,165442,sales,reaches_CEO,5,0,False
194606,0,68000.0,Bachelor,M,3,194078,marketing,reaches_CEO,5,0,False
197806,0,82000.0,PhD,M,4,130135,HR,reaches_CEO,5,0,False
188063,0,390000.0,PhD,F,1,67151,engineering,reaches_CEO,5,0,False
161782,1,179000.0,High_School,M,2,53390,sales,reaches_CEO,5,0,False
165675,0,85000.0,Bachelor,F,3,15768,HR,reaches_CEO,5,0,False
125214,0,134000.0,Bachelor,M,1,198879,sales,reaches_CEO,5,0,False
147103,0,222000.0,Master,M,8,152076,engineering,reaches_CEO,4,8,True
96771,1,346000.0,Bachelor,M,2,116774,engineering,reaches_CEO,5,0,False
57468,0,207000.0,PhD,M,2,32572,marketing,reaches_CEO,5,0,False
107937,0,303000.0,Bachelor,F,3,191289,engineering,reaches_CEO,5,0,False
999,0,62000.0,Bachelor,F,3,44056,HR,reaches_CEO,5,0,False
152791,1,168000.0,Bachelor,M,3,154897,sales,reaches_CEO,4,8,True
43870,0,117000.0,Bachelor,M,2,79193,sales,reaches_CEO,5,0,False
127732,0,171000.0,Bachelor,M,8,124186,marketing,reaches_CEO,5,0,False
65485,0,320000.0,PhD,F,2,191073,sales,reaches_CEO,5,0,False
174891,1,144000.0,Bachelor,M,2,181787,marketing,reaches_CEO,5,0,False
187154,1,170000.0,Bachelor,F,4,118329,sales,reaches_CEO,5,0,False
6517,1,124000.0,Bachelor,M,1,159906,sales,reaches_CEO,5,0,False
113592,0,387000.0,Master,M,1,79237,marketing,reaches_CEO,5,0,False
55709,1,265000.0,PhD,F,6,160261,marketing,reaches_CEO,5,0,False
139309,0,98000.0,Bachelor,F,6,81421,HR,reaches_CEO,5,0,False
65717,0,274000.0,Bachelor,M,2,136861,sales,reaches_CEO,5,0,False
195895,0,83000.0,Bachelor,F,6,126515,HR,reaches_CEO,5,0,False
66874,0,152000.0,Bachelor,M,3,78215,sales,reaches_CEO,5,0,False
9241,0,195000.0,PhD,M,3,132309,sales,reaches_CEO,5,0,False
177805,1,79000.0,Bachelor,M,5,87344,marketing,reaches_CEO,4,9,True
165845,0,71000.0,Master,F,2,173939,marketing,reaches_CEO,5,0,False
44192,1,339000.0,Bachelor,M,2,126330,engineering,reaches_CEO,5,0,False
106872,0,332000.0,High_School,M,3,123103,engineering,reaches_CEO,5,0,False
175618,0,65000.0,High_School,M,2,199950,HR,reaches_CEO,5,0,False
49563,1,325000.0,Master,M,1,140393,engineering,reaches_CEO,5,0,False
123428,0,72000.0,Bachelor,F,1,142276,HR,reaches_CEO,5,0,False
174009,0,63000.0,Bachelor,F,7,39785,HR,reaches_CEO,4,9,True
55115,0,298000.0,Master,M,2,173939,marketing,reaches_CEO,5,0,False
38028,0,195000.0,Bachelor,M,5,167389,sales,reaches_CEO,5,0,False
96466,0,272000.0,Master,M,1,115856,sales,reaches_CEO,5,0,False
84193,0,255000.0,PhD,M,3,115539,marketing,reaches_CEO,4,10,True
80609,0,260000.0,PhD,M,5,87330,engineering,reaches_CEO,5,0,False
174578,0,180000.0,High_School,M,1,40904,engineering,reaches_CEO,5,0,False
1857,1,312000.0,High_School,F,3,154170,engineering,reaches_CEO,5,0,False
25036,0,139000.0,PhD,F,11,152500,HR,reaches_CEO,3,3,True
155144,1,246000.0,PhD,M,3,126368,sales,reaches_CEO,5,0,False
43279,1,77000.0,PhD,F,7,193920,sales,reaches_CEO,5,0,False
169368,0,150000.0,High_School,F,2,91345,sales,reaches_CEO,5,0,False
125257,0,108000.0,Bachelor,F,2,154375,HR,reaches_CEO,5,0,False
77844,1,232000.0,Bachelor,F,9,3917,sales,reaches_CEO,4,13,True
191351,1,218000.0,Bachelor,M,4,87344,marketing,reaches_CEO,4,12,True
25164,0,198000.0,PhD,M,5,98520,marketing,reaches_CEO,5,0,False
15847,0,231000.0,PhD,M,1,160618,sales,reaches_CEO,5,0,False
4598,1,354000.0,Master,M,3,110508,engineering,reaches_CEO,5,0,False
115077,0,208000.0,Master,M,2,39388,sales,reaches_CEO,5,0,False
28030,0,207000.0,Bachelor,F,7,110878,engineering,reaches_CEO,5,0,False
26340,0,117000.0,High_School,M,2,142926,engineering,reaches_CEO,5,0,False
101883,0,275000.0,Master,M,3,77613,sales,reaches_CEO,5,0,False
55465,1,263000.0,PhD,M,5,110508,engineering,reaches_CEO,5,0,False
19371,0,167000.0,High_School,M,1,32159,sales,reaches_CEO,5,0,False
151511,0,140000.0,Master,F,2,160169,sales,reaches_CEO,5,0,False
189349,1,141000.0,Bachelor,M,1,99121,marketing,reaches_CEO,5,0,False
166319,0,317000.0,Bachelor,M,1,147016,sales,reaches_CEO,5,0,False
87380,0,89000.0,Bachelor,F,4,132360,sales,reaches_CEO,5,0,False
98663,0,96000.0,Bachelor,F,2,39460,HR,reaches_CEO,5,0,False
35263,0,151000.0,High_School,M,2,73106,engineering,reaches_CEO,5,0,False
113189,0,135000.0,Bachelor,M,8,193088,sales,reaches_CEO,4,8,True
115921,0,69000.0,Master,M,2,143317,sales,reaches_CEO,5,0,False
45596,0,188000.0,High_School,F,4,108164,sales,reaches_CEO,5,0,False
65174,1,244000.0,PhD,M,23,154041,sales,reaches_CEO,3,6,True
110326,0,151000.0,Bachelor,M,2,102712,sales,reaches_CEO,5,0,False
112928,1,269000.0,Bachelor,M,6,76310,engineering,reaches_CEO,5,0,False
22374,1,250000.0,Bachelor,M,8,126257,engineering,reaches_CEO,5,0,False
145508,0,148000.0,Master,M,4,59705,sales,reaches_CEO,5,0,False
48546,1,178000.0,High_School,M,3,196058,marketing,reaches_CEO,5,0,False
121562,0,129000.0,Master,F,6,61517,HR,reaches_CEO,5,0,False
137203,1,183000.0,Bachelor,M,4,91124,sales,reaches_CEO,5,0,False
170076,0,301000.0,Master,F,8,3802,engineering,reaches_CEO,4,16,True
167734,0,209000.0,PhD,M,1,101484,engineering,reaches_CEO,5,0,False
65929,0,248000.0,Master,M,2,182556,sales,reaches_CEO,5,0,False
194164,0,74000.0,Bachelor,F,1,193818,HR,reaches_CEO,5,0,False
180465,1,151000.0,PhD,F,9,139180,marketing,reaches_CEO,5,0,False
193141,1,267000.0,Master,F,5,77613,sales,reaches_CEO,5,0,False
157181,1,125000.0,Master,M,7,43602,engineering,reaches_CEO,5,0,False
180854,1,182000.0,Master,M,10,65451,sales,reaches_CEO,4,12,True
59039,0,134000.0,High_School,M,1,8198,engineering,reaches_CEO,5,0,False
194722,1,60000.0,High_School,F,4,4384,HR,reaches_CEO,5,0,False
131777,0,308000.0,Master,M,6,84828,engineering,reaches_CEO,5,0,False
49822,1,157000.0,Bachelor,F,3,154292,engineering,reaches_CEO,5,0,False
130342,0,99000.0,PhD,F,14,20378,HR,reaches_CEO,4,7,True
58808,1,398000.0,Bachelor,F,4,124014,sales,reaches_CEO,5,0,False
62413,0,331000.0,High_School,M,6,113618,marketing,reaches_CEO,5,0,False
110892,0,62000.0,Bachelor,M,2,22977,HR,reaches_CEO,5,0,False
136034,0,116000.0,Master,M,1,147783,sales,reaches_CEO,5,0,False
178692,0,115000.0,Bachelor,M,3,191289,engineering,reaches_CEO,5,0,False
102632,0,80000.0,PhD,M,13,167223,marketing,reaches_CEO,4,18,True
102994,0,171000.0,PhD,F,2,1050,engineering,reaches_CEO,5,0,False
158220,0,154000.0,Bachelor,M,2,53390,sales,reaches_CEO,5,0,False
94009,0,287000.0,Master,M,3,41080,sales,reaches_CEO,5,0,False
99511,0,70000.0,High_School,M,2,171499,engineering,reaches_CEO,5,0,False
156074,0,145000.0,Bachelor,M,2,156927,marketing,reaches_CEO,5,0,False
50764,0,117000.0,Master,M,1,107547,sales,reaches_CEO,5,0,False
98389,0,224000.0,Bachelor,M,6,37220,engineering,reaches_CEO,5,0,False
140013,0,160000.0,Bachelor,M,1,27704,sales,reaches_CEO,5,0,False
195150,1,92000.0,PhD,M,4,128447,engineering,reaches_CEO,5,0,False
137290,1,210000.0,Bachelor,M,3,94611,engineering,reaches_CEO,5,0,False
4365,0,295000.0,Bachelor,M,1,59353,engineering,reaches_CEO,5,0,False
43707,1,241000.0,Bachelor,F,5,175361,sales,reaches_CEO,5,0,False
44121,0,79000.0,Bachelor,M,2,53826,HR,reaches_CEO,5,0,False
76269,0,190000.0,Master,M,4,119964,marketing,reaches_CEO,5,0,False
136737,1,99000.0,PhD,F,5,115856,sales,reaches_CEO,5,0,False
19056,0,108000.0,PhD,M,2,150194,engineering,reaches_CEO,5,0,False
192216,1,214000.0,Master,F,4,194078,marketing,reaches_CEO,5,0,False
197180,1,121000.0,Master,M,2,96420,sales,reaches_CEO,5,0,False
99661,0,207000.0,Bachelor,F,3,57316,sales,reaches_CEO,5,0,False
52510,0,214000.0,PhD,M,2,66591,sales,reaches_CEO,5,0,False
167586,0,269000.0,High_School,M,1,66591,sales,reaches_CEO,5,0,False
67027,0,222000.0,PhD,M,6,189222,engineering,reaches_CEO,5,0,False
4384,0,72000.0,Master,F,4,138823,HR,reaches_CEO,4,16,True
160605,0,306000.0,Master,F,7,168342,engineering,reaches_CEO,5,0,False
144401,0,210000.0,PhD,M,3,94362,sales,reaches_CEO,4,15,True
23830,1,177000.0,Bachelor,F,24,74062,marketing,reaches_CEO,3,4,True
193439,0,106000.0,PhD,F,3,42096,sales,reaches_CEO,5,0,False
160169,1,264000.0,Bachelor,M,6,172989,sales,reaches_CEO,4,12,True
121073,0,225000.0,PhD,M,1,197832,marketing,reaches_CEO,5,0,False
51331,0,156000.0,PhD,M,8,89619,HR,reaches_CEO,4,5,True
38800,1,180000.0,PhD,F,8,10922,sales,reaches_CEO,5,0,False
160362,1,181000.0,Master,M,7,57316,sales,reaches_CEO,5,0,False
134787,0,61000.0,PhD,M,7,53012,marketing,reaches_CEO,5,0,False
23120,0,104000.0,Master,M,6,155485,marketing,reaches_CEO,4,9,True
147000,0,274000.0,Master,M,1,29410,engineering,reaches_CEO,5,0,False
19695,0,397000.0,High_School,F,1,75246,engineering,reaches_CEO,5,0,False
61315,1,274000.0,Master,F,6,118769,engineering,reaches_CEO,5,0,False
34931,1,113000.0,Bachelor,M,5,162381,engineering,reaches_CEO,5,0,False
109624,0,275000.0,Master,M,6,157931,engineering,reaches_CEO,5,0,False
37325,0,162000.0,Bachelor,F,2,26505,marketing,reaches_CEO,5,0,False
7911,0,67000.0,PhD,M,5,9706,sales,reaches_CEO,5,0,False
95057,0,236000.0,PhD,M,3,181996,engineering,reaches_CEO,5,0,False
198,1,299000.0,Master,M,7,144219,engineering,reaches_CEO,5,0,False
130871,0,91000.0,Bachelor,M,3,168797,marketing,reaches_CEO,5,0,False
53069,0,134000.0,Master,F,1,159996,sales,reaches_CEO,5,0,False
113555,0,68000.0,High_School,F,4,104759,HR,reaches_CEO,5,0,False
46408,1,142000.0,Bachelor,F,6,130834,engineering,reaches_CEO,5,0,False
43886,0,269000.0,Master,F,5,168797,marketing,reaches_CEO,5,0,False
36401,0,61000.0,High_School,F,1,62298,HR,reaches_CEO,5,0,False
47863,0,291000.0,Master,M,13,40132,engineering,reaches_CEO,4,11,True
100722,0,66000.0,PhD,F,2,115765,HR,reaches_CEO,5,0,False
23520,0,217000.0,Bachelor,M,5,95473,sales,reaches_CEO,5,0,False
43705,0,136000.0,Master,M,4,164501,HR,reaches_CEO,5,0,False
197605,0,247000.0,PhD,F,4,12877,engineering,reaches_CEO,5,0,False
59526,0,208000.0,Master,F,4,192369,sales,reaches_CEO,5,0,False
99138,1,61000.0,Bachelor,M,2,79807,engineering,reaches_CEO,5,0,False
105796,0,64000.0,Master,F,1,8812,HR,reaches_CEO,5,0,False
144192,1,384000.0,High_School,M,4,76641,engineering,reaches_CEO,5,0,False
33796,0,154000.0,Bachelor,M,1,181311,sales,reaches_CEO,5,0,False
13728,0,92000.0,Master,F,1,193818,HR,reaches_CEO,5,0,False
92715,1,195000.0,PhD,F,4,114572,marketing,reaches_CEO,5,0,False
68532,1,142000.0,Bachelor,M,13,61403,engineering,reaches_CEO,4,7,True
105439,0,289000.0,High_School,M,1,90639,marketing,reaches_CEO,5,0,False
57810,0,218000.0,Bachelor,M,5,52525,engineering,reaches_CEO,5,0,False
188895,0,145000.0,Bachelor,M,3,115856,sales,reaches_CEO,5,0,False
192842,0,80000.0,PhD,M,4,103448,sales,reaches_CEO,5,0,False
24936,0,259000.0,Master,M,1,181421,sales,reaches_CEO,5,0,False
22518,1,207000.0,PhD,F,6,198875,engineering,reaches_CEO,5,0,False
136528,0,169000.0,PhD,M,3,167650,engineering,reaches_CEO,5,0,False
144320,1,319000.0,Bachelor,F,4,47472,engineering,reaches_CEO,5,0,False
78493,0,250000.0,High_School,M,3,197876,sales,reaches_CEO,3,13,True
25427,1,307000.0,Bachelor,M,1,126368,sales,reaches_CEO,5,0,False
163434,1,86000.0,Bachelor,F,5,148865,sales,reaches_CEO,5,0,False
59894,0,71000.0,Bachelor,M,4,159098,engineering,reaches_CEO,5,0,False
67383,0,100000.0,Master,M,1,27704,sales,reaches_CEO,5,0,False
134048,0,184000.0,PhD,M,14,78493,sales,reaches_CEO,4,14,True
101140,0,264000.0,PhD,M,2,190065,marketing,reaches_CEO,5,0,False
183353,0,161000.0,High_School,M,9,88779,sales,reaches_CEO,5,0,False
149164,1,235000.0,PhD,M,3,101484,engineering,reaches_CEO,5,0,False
108338,0,243000.0,PhD,M,8,113566,engineering,reaches_CEO,5,0,False
7963,0,69000.0,PhD,F,2,123263,HR,reaches_CEO,5,0,False
189575,1,93000.0,PhD,F,4,27718,HR,reaches_CEO,5,0,False
20524,1,157000.0,PhD,M,1,147783,sales,reaches_CEO,5,0,False
199080,0,242000.0,Bachelor,M,5,64750,engineering,reaches_CEO,5,0,False
40923,0,90000.0,Bachelor,M,2,81421,HR,reaches_CEO,5,0,False
34224,1,243000.0,Bachelor,M,3,61811,sales,reaches_CEO,5,0,False
95253,0,216000.0,High_School,M,1,47863,engineering,reaches_CEO,5,0,False
60877,0,76000.0,PhD,M,4,66420,HR,reaches_CEO,5,0,False
185,1,95000.0,Bachelor,M,4,43420,sales,reaches_CEO,5,0,False
105656,1,238000.0,High_School,M,4,58365,marketing,reaches_CEO,5,0,False
128060,1,120000.0,Master,F,1,64452,sales,reaches_CEO,5,0,False
17347,0,62000.0,High_School,F,4,81421,HR,reaches_CEO,5,0,False
123921,1,129000.0,Bachelor,F,5,8198,engineering,reaches_CEO,5,0,False
177224,1,266000.0,PhD,M,1,30749,engineering,reaches_CEO,5,0,False
164322,0,122000.0,Bachelor,M,3,177166,engineering,reaches_CEO,5,0,False
149966,0,79000.0,High_School,F,2,130342,HR,reaches_CEO,5,0,False
107493,0,230000.0,PhD,M,3,132307,engineering,reaches_CEO,4,8,True
94319,0,63000.0,High_School,F,3,169833,HR,reaches_CEO,5,0,False
86458,0,235000.0,PhD,M,1,123387,sales,reaches_CEO,5,0,False
61918,0,261000.0,PhD,F,2,193518,sales,reaches_CEO,5,0,False
117588,1,72000.0,High_School,M,5,115593,HR,reaches_CEO,5,0,False
31096,0,205000.0,PhD,M,2,131063,marketing,reaches_CEO,5,0,False
85623,1,134000.0,High_School,F,1,11507,HR,reaches_CEO,5,0,False
92277,0,72000.0,Master,M,1,129287,HR,reaches_CEO,5,0,False
104600,0,135000.0,PhD,F,2,53012,marketing,reaches_CEO,5,0,False
148254,1,292000.0,Master,F,1,178954,engineering,reaches_CEO,5,0,False
129525,0,94000.0,PhD,F,3,51331,HR,reaches_CEO,5,0,False
182815,1,201000.0,PhD,F,4,113124,sales,reaches_CEO,5,0,False
92713,0,225000.0,Master,M,18,96752,sales,reaches_CEO,3,4,True
6745,0,218000.0,PhD,M,3,169223,engineering,reaches_CEO,5,0,False
189238,1,217000.0,PhD,M,1,132360,sales,reaches_CEO,5,0,False
153717,0,78000.0,High_School,F,2,129778,HR,reaches_CEO,5,0,False
78847,1,270000.0,Bachelor,M,1,123358,sales,reaches_CEO,5,0,False
47017,0,112000.0,High_School,M,3,112245,sales,reaches_CEO,5,0,False
30466,0,209000.0,High_School,F,2,89523,sales,reaches_CEO,5,0,False
41991,0,296000.0,Bachelor,M,6,171907,sales,reaches_CEO,4,12,True
132829,0,196000.0,PhD,F,1,48742,engineering,reaches_CEO,5,0,False
171175,0,136000.0,Bachelor,M,5,79735,engineering,reaches_CEO,5,0,False
139801,1,179000.0,Master,M,5,70819,engineering,reaches_CEO,5,0,False
99817,0,91000.0,Bachelor,F,2,164326,sales,reaches_CEO,5,0,False
138443,1,175000.0,High_School,M,1,147642,sales,reaches_CEO,5,0,False
133226,0,192000.0,Bachelor,M,3,169223,engineering,reaches_CEO,5,0,False
76954,1,217000.0,Master,F,1,4394,marketing,reaches_CEO,5,0,False
28084,1,253000.0,Bachelor,M,3,94030,sales,reaches_CEO,5,0,False
92273,0,262000.0,High_School,M,3,191073,sales,reaches_CEO,5,0,False
59536,0,158000.0,PhD,M,1,144211,engineering,reaches_CEO,5,0,False
14956,0,186000.0,High_School,M,2,12877,engineering,reaches_CEO,5,0,False
11713,0,346000.0,PhD,F,1,108428,engineering,reaches_CEO,5,0,False
176703,0,74000.0,Master,F,8,32405,HR,reaches_CEO,5,0,False
107480,0,65000.0,Master,F,6,29749,HR,reaches_CEO,5,0,False
114484,0,289000.0,Bachelor,M,3,178797,sales,reaches_CEO,5,0,False
175434,1,190000.0,PhD,F,10,157492,sales,reaches_CEO,4,12,True
38045,0,152000.0,Bachelor,F,6,48877,marketing,reaches_CEO,5,0,False
180851,1,160000.0,Bachelor,F,3,191485,sales,reaches_CEO,5,0,False
49350,0,193000.0,Bachelor,M,3,149485,sales,reaches_CEO,5,0,False
53939,0,74000.0,PhD,F,3,125114,HR,reaches_CEO,5,0,False
48260,0,66000.0,PhD,M,1,189742,HR,reaches_CEO,5,0,False
52858,1,175000.0,Bachelor,M,2,96420,sales,reaches_CEO,5,0,False
104514,0,85000.0,PhD,F,7,96060,HR,reaches_CEO,5,0,False
179443,0,241000.0,High_School,M,5,147819,sales,reaches_CEO,5,0,False
97422,0,67000.0,Master,M,12,7531,HR,reaches_CEO,4,11,True
150845,0,224000.0,Master,F,3,46997,sales,reaches_CEO,5,0,False
13641,0,244000.0,Bachelor,F,2,118329,sales,reaches_CEO,5,0,False
104364,1,360000.0,Bachelor,M,4,186283,engineering,reaches_CEO,5,0,False
194720,0,78000.0,PhD,F,8,29733,HR,reaches_CEO,5,0,False
97153,0,182000.0,PhD,F,5,118329,sales,reaches_CEO,5,0,False
135804,1,81000.0,Master,F,6,95935,HR,reaches_CEO,4,8,True
193233,0,231000.0,High_School,M,1,195795,sales,reaches_CEO,5,0,False
127714,1,218000.0,High_School,M,1,196637,engineering,reaches_CEO,5,0,False
96175,0,124000.0,Bachelor,M,4,144401,sales,reaches_CEO,5,0,False
188330,0,286000.0,Bachelor,M,3,187183,marketing,reaches_CEO,5,0,False
162320,0,361000.0,Master,F,3,127769,engineering,reaches_CEO,5,0,False
76326,1,268000.0,High_School,M,4,142104,engineering,reaches_CEO,5,0,False
167020,0,103000.0,Bachelor,F,1,7255,engineering,reaches_CEO,5,0,False
21830,0,76000.0,PhD,F,5,44056,HR,reaches_CEO,5,0,False
31945,0,74000.0,High_School,F,1,24287,HR,reaches_CEO,5,0,False
187725,0,90000.0,Bachelor,F,9,180037,sales,reaches_CEO,5,0,False
61894,0,291000.0,PhD,M,5,186086,engineering,reaches_CEO,5,0,False
133544,0,74000.0,Master,F,4,186086,engineering,reaches_CEO,5,0,False
153291,0,215000.0,Bachelor,F,6,141808,sales,reaches_CEO,4,10,True
81720,0,79000.0,Bachelor,F,9,113189,sales,reaches_CEO,5,0,False
147551,0,119000.0,PhD,M,1,68201,sales,reaches_CEO,5,0,False
119555,0,121000.0,Master,F,3,115591,sales,reaches_CEO,5,0,False
22453,0,92000.0,PhD,F,6,113578,marketing,reaches_CEO,5,0,False
135796,0,190000.0,Master,M,2,29712,engineering,reaches_CEO,5,0,False
146251,0,164000.0,High_School,M,3,181996,engineering,reaches_CEO,5,0,False
126357,0,104000.0,Master,F,3,53677,HR,reaches_CEO,5,0,False
74376,1,145000.0,Master,F,3,71130,engineering,reaches_CEO,5,0,False
160420,0,255000.0,Bachelor,M,2,1610,engineering,reaches_CEO,5,0,False
124004,0,101000.0,Bachelor,M,1,77670,sales,reaches_CEO,5,0,False
48174,0,243000.0,Master,M,5,19524,marketing,reaches_CEO,5,0,False
54067,0,231000.0,High_School,M,3,148418,engineering,reaches_CEO,5,0,False
177875,0,228000.0,Master,M,2,14470,sales,reaches_CEO,5,0,False
76073,0,279000.0,Master,F,13,184512,engineering,reaches_CEO,4,12,True
61988,1,336000.0,Master,M,8,49002,engineering,reaches_CEO,4,12,True
72683,0,247000.0,PhD,F,2,92765,engineering,reaches_CEO,5,0,False
33540,0,76000.0,PhD,M,2,55972,HR,reaches_CEO,5,0,False
27263,0,100000.0,PhD,M,3,34977,sales,reaches_CEO,5,0,False
119774,1,262000.0,Master,F,2,66119,sales,reaches_CEO,4,7,True
87367,0,69000.0,High_School,M,8,198403,sales,reaches_CEO,5,0,False
61405,0,61000.0,Master,M,2,96060,HR,reaches_CEO,5,0,False
183084,1,207000.0,High_School,F,4,39417,engineering,reaches_CEO,5,0,False
134984,0,220000.0,Master,M,2,151838,sales,reaches_CEO,5,0,False
173939,0,147000.0,Master,F,10,156036,marketing,reaches_CEO,4,16,True
121217,0,78000.0,Bachelor,M,5,191351,marketing,reaches_CEO,5,0,False
59390,0,187000.0,Master,M,2,165717,sales,reaches_CEO,5,0,False
125456,0,158000.0,PhD,F,5,127544,sales,reaches_CEO,5,0,False
21110,0,266000.0,PhD,F,1,87733,sales,reaches_CEO,5,0,False
105738,0,284000.0,PhD,M,3,73106,engineering,reaches_CEO,5,0,False
123768,1,115000.0,PhD,M,8,152960,sales,reaches_CEO,5,0,False
145667,0,174000.0,Master,M,17,142146,sales,reaches_CEO,3,4,True
44794,1,201000.0,Bachelor,M,1,18627,marketing,reaches_CEO,5,0,False
180621,0,266000.0,Master,M,5,121527,marketing,reaches_CEO,5,0,False
196160,0,70000.0,Bachelor,M,7,107694,HR,reaches_CEO,5,0,False
109044,0,392000.0,PhD,F,5,174122,engineering,reaches_CEO,5,0,False
45609,0,67000.0,High_School,F,4,71987,HR,reaches_CEO,5,0,False
94379,0,153000.0,Master,M,2,123258,marketing,reaches_CEO,5,0,False
175120,1,215000.0,High_School,F,5,169574,marketing,reaches_CEO,5,0,False
82240,0,75000.0,High_School,F,5,119302,HR,reaches_CEO,5,0,False
183035,0,101000.0,PhD,F,1,180037,sales,reaches_CEO,5,0,False
34666,0,96000.0,Bachelor,F,4,91002,marketing,reaches_CEO,5,0,False
35534,0,117000.0,Bachelor,F,4,181886,sales,reaches_CEO,5,0,False
159437,1,182000.0,Master,M,6,61038,sales,reaches_CEO,5,0,False
303,0,132000.0,Master,M,3,95473,sales,reaches_CEO,5,0,False
80247,0,73000.0,PhD,F,1,71152,HR,reaches_CEO,5,0,False
130584,0,161000.0,Bachelor,F,6,60489,marketing,reaches_CEO,5,0,False
111082,0,155000.0,Bachelor,M,9,8665,sales,reaches_CEO,4,10,True
158622,0,102000.0,High_School,M,2,191495,sales,reaches_CEO,5,0,False
35765,0,138000.0,Bachelor,F,4,148032,sales,reaches_CEO,5,0,False
72506,0,275000.0,Master,M,1,161727,engineering,reaches_CEO,5,0,False
61447,0,196000.0,Bachelor,M,4,8182,sales,reaches_CEO,5,0,False
132784,0,82000.0,Bachelor,F,5,104539,HR,reaches_CEO,5,0,False
196411,0,85000.0,PhD,F,1,80043,HR,reaches_CEO,5,0,False
162551,0,72000.0,High_School,M,7,53826,HR,reaches_CEO,5,0,False
68890,1,282000.0,Bachelor,M,2,60373,marketing,reaches_CEO,5,0,False
67026,0,116000.0,Master,F,9,20828,marketing,reaches_CEO,5,0,False
194879,1,83000.0,Bachelor,M,5,59327,HR,reaches_CEO,5,0,False
93126,1,260000.0,PhD,F,2,189890,engineering,reaches_CEO,5,0,False
12344,1,107000.0,Bachelor,F,2,123387,sales,reaches_CEO,5,0,False
30468,0,376000.0,Master,F,6,39726,engineering,reaches_CEO,4,12,True
84097,0,398000.0,Bachelor,M,3,55883,engineering,reaches_CEO,5,0,False
175781,1,360000.0,Master,F,4,182531,sales,reaches_CEO,5,0,False
85237,0,234000.0,Bachelor,M,2,67151,engineering,reaches_CEO,5,0,False
160432,0,235000.0,Master,M,2,88303,sales,reaches_CEO,5,0,False
182247,0,127000.0,Master,M,2,156927,marketing,reaches_CEO,5,0,False
91485,0,247000.0,PhD,M,6,178797,sales,reaches_CEO,5,0,False
152661,0,107000.0,PhD,M,3,185982,sales,reaches_CEO,5,0,False
109452,1,291000.0,Bachelor,F,3,169231,sales,reaches_CEO,5,0,False
15457,1,225000.0,PhD,F,2,73649,sales,reaches_CEO,5,0,False
129247,0,161000.0,PhD,M,4,179569,sales,reaches_CEO,5,0,False
52022,1,256000.0,PhD,M,5,142367,sales,reaches_CEO,5,0,False
94687,0,64000.0,Master,M,4,111082,sales,reaches_CEO,5,0,False
2740,1,345000.0,Bachelor,M,3,136468,sales,reaches_CEO,5,0,False
176907,0,100000.0,Master,F,6,113245,sales,reaches_CEO,5,0,False
85080,1,100000.0,High_School,F,6,8812,HR,reaches_CEO,5,0,False
132004,1,155000.0,Bachelor,M,1,90834,sales,reaches_CEO,5,0,False
55376,0,155000.0,Master,M,1,173939,marketing,reaches_CEO,5,0,False
54599,1,131000.0,PhD,M,1,160289,sales,reaches_CEO,5,0,False
86077,1,143000.0,PhD,M,3,175434,sales,reaches_CEO,5,0,False
64392,0,140000.0,Master,F,5,117376,HR,reaches_CEO,5,0,False
86152,0,260000.0,High_School,F,4,65883,marketing,reaches_CEO,5,0,False
188245,0,62000.0,PhD,F,1,139278,HR,reaches_CEO,5,0,False
112005,0,280000.0,High_School,M,3,116774,engineering,reaches_CEO,5,0,False
88543,0,117000.0,Bachelor,F,8,84230,marketing,reaches_CEO,5,0,False
183853,0,115000.0,High_School,M,6,48730,marketing,reaches_CEO,5,0,False
90257,0,161000.0,Master,M,2,75198,marketing,reaches_CEO,5,0,False
158959,0,117000.0,Bachelor,M,3,58522,engineering,reaches_CEO,5,0,False
175285,1,172000.0,Master,M,4,131525,sales,reaches_CEO,5,0,False
30603,0,190000.0,Master,M,8,150300,marketing,reaches_CEO,5,0,False
93708,1,500000.0,PhD,F,28,61554,HR,reaches_CEO,1,6,True
8075,1,325000.0,Bachelor,M,6,175593,sales,reaches_CEO,5,0,False
39322,1,70000.0,Bachelor,F,6,98419,marketing,reaches_CEO,5,0,False
70117,0,73000.0,Master,F,6,52796,sales,reaches_CEO,5,0,False
168393,0,363000.0,Master,F,5,30640,engineering,reaches_CEO,5,0,False
166011,0,105000.0,Bachelor,F,4,25934,engineering,reaches_CEO,5,0,False
66847,0,279000.0,PhD,M,1,192145,sales,reaches_CEO,5,0,False
78127,0,122000.0,High_School,M,2,64452,sales,reaches_CEO,5,0,False
112643,0,162000.0,PhD,F,10,119833,sales,reaches_CEO,4,15,True
23247,0,65000.0,PhD,M,4,43937,HR,reaches_CEO,5,0,False
69201,0,101000.0,Bachelor,F,1,120638,engineering,reaches_CEO,5,0,False
114923,0,177000.0,Bachelor,M,6,23565,sales,reaches_CEO,5,0,False
41533,1,173000.0,PhD,M,17,177860,HR,reaches_CEO,3,8,True
159838,0,101000.0,Master,F,7,167223,marketing,reaches_CEO,4,13,True
69615,0,95000.0,PhD,F,7,159638,HR,reaches_CEO,5,0,False
68596,0,115000.0,High_School,M,5,146473,marketing,reaches_CEO,5,0,False
152422,0,110000.0,PhD,M,4,125114,HR,reaches_CEO,5,0,False
146111,0,81000.0,Master,F,14,21604,HR,reaches_CEO,4,13,True
158639,0,361000.0,Bachelor,M,4,39417,engineering,reaches_CEO,5,0,False
173494,0,312000.0,Bachelor,F,3,87929,sales,reaches_CEO,5,0,False
60752,1,227000.0,Bachelor,M,3,71585,sales,reaches_CEO,5,0,False
96679,0,264000.0,Master,M,2,182531,sales,reaches_CEO,5,0,False
77236,1,175000.0,Master,M,2,35499,sales,reaches_CEO,5,0,False
46687,0,100000.0,PhD,M,1,43937,HR,reaches_CEO,5,0,False
74825,0,80000.0,Bachelor,M,5,167188,HR,reaches_CEO,5,0,False
199857,1,241000.0,Bachelor,M,3,21470,marketing,reaches_CEO,5,0,False
196080,1,216000.0,Bachelor,M,3,159838,marketing,reaches_CEO,5,0,False
108604,0,96000.0,Bachelor,M,5,10786,HR,reaches_CEO,5,0,False
98496,0,126000.0,Master,F,4,81860,engineering,reaches_CEO,5,0,False
77489,0,253000.0,High_School,M,6,134048,sales,reaches_CEO,5,0,False
103919,0,88000.0,Master,F,2,81421,HR,reaches_CEO,5,0,False
42892,0,65000.0,Master,M,5,118506,HR,reaches_CEO,5,0,False
63694,0,111000.0,Master,M,3,175361,sales,reaches_CEO,5,0,False
45758,0,280000.0,Bachelor,F,7,66160,sales,reaches_CEO,5,0,False
14515,0,186000.0,PhD,M,3,110091,engineering,reaches_CEO,5,0,False
41581,0,242000.0,Bachelor,M,6,109671,marketing,reaches_CEO,5,0,False
2894,0,60000.0,High_School,F,2,174009,HR,reaches_CEO,5,0,False
199870,0,71000.0,Bachelor,F,4,33665,HR,reaches_CEO,5,0,False
121875,1,76000.0,High_School,M,4,779,marketing,reaches_CEO,5,0,False
36501,0,297000.0,Master,F,1,103421,engineering,reaches_CEO,5,0,False
186254,0,141000.0,High_School,M,3,65126,marketing,reaches_CEO,5,0,False
19290,1,124000.0,PhD,M,6,141317,sales,reaches_CEO,5,0,False
179426,0,124000.0,PhD,M,5,91002,marketing,reaches_CEO,5,0,False
138583,0,272000.0,PhD,M,3,88936,sales,reaches_CEO,5,0,False
8476,0,223000.0,High_School,M,1,29410,engineering,reaches_CEO,5,0,False
76518,0,394000.0,PhD,F,1,32938,engineering,reaches_CEO,5,0,False
64270,0,60000.0,Master,M,1,62298,HR,reaches_CEO,5,0,False
8926,0,173000.0,PhD,F,3,181311,sales,reaches_CEO,5,0,False
107437,1,360000.0,PhD,F,2,150194,engineering,reaches_CEO,5,0,False
65856,0,268000.0,High_School,F,8,120639,sales,reaches_CEO,4,13,True
117401,1,262000.0,PhD,M,1,95169,sales,reaches_CEO,5,0,False
51535,1,650000.0,PhD,M,33,61554,engineering,reaches_CEO,1,10,True
90756,0,377000.0,Master,M,4,144927,sales,reaches_CEO,5,0,False
128244,0,190000.0,High_School,M,5,54136,marketing,reaches_CEO,5,0,False
65558,0,284000.0,High_School,F,1,58365,marketing,reaches_CEO,5,0,False
164288,0,211000.0,Bachelor,M,2,142685,sales,reaches_CEO,5,0,False
192034,0,79000.0,PhD,M,6,104539,HR,reaches_CEO,5,0,False
61472,0,255000.0,PhD,M,2,144219,engineering,reaches_CEO,5,0,False
109843,1,79000.0,PhD,F,7,172717,HR,reaches_CEO,5,0,False
152427,1,83000.0,PhD,M,1,7255,engineering,reaches_CEO,5,0,False
46312,0,209000.0,Master,M,3,29960,marketing,reaches_CEO,5,0,False
114769,0,193000.0,Master,M,2,123258,marketing,reaches_CEO,5,0,False
191215,0,252000.0,Master,M,2,182531,sales,reaches_CEO,5,0,False
18348,1,140000.0,PhD,M,1,76435,sales,reaches_CEO,5,0,False
184722,0,151000.0,PhD,M,2,37434,sales,reaches_CEO,5,0,False
156589,0,219000.0,Bachelor,M,6,150408,engineering,reaches_CEO,5,0,False
97839,0,210000.0,PhD,M,3,23120,marketing,reaches_CEO,5,0,False
140399,0,260000.0,Bachelor,M,2,51288,engineering,reaches_CEO,5,0,False
603,0,267000.0,PhD,M,1,189890,engineering,reaches_CEO,5,0,False
191438,0,149000.0,PhD,F,3,27781,marketing,reaches_CEO,5,0,False
177143,0,77000.0,Bachelor,F,7,66420,HR,reaches_CEO,5,0,False
179335,0,201000.0,Master,M,2,78997,engineering,reaches_CEO,5,0,False
123542,0,174000.0,Bachelor,M,2,115591,sales,reaches_CEO,5,0,False
59856,0,229000.0,PhD,F,3,77844,sales,reaches_CEO,5,0,False
163887,0,182000.0,High_School,F,5,59555,marketing,reaches_CEO,5,0,False
129197,0,322000.0,PhD,F,3,26183,sales,reaches_CEO,5,0,False
2111,1,103000.0,Master,M,1,149485,sales,reaches_CEO,5,0,False
79080,1,163000.0,Bachelor,F,4,79735,engineering,reaches_CEO,5,0,False
169375,1,81000.0,Bachelor,F,2,115593,HR,reaches_CEO,5,0,False
94397,0,109000.0,PhD,M,5,129734,engineering,reaches_CEO,5,0,False
139758,1,140000.0,PhD,M,3,95609,sales,reaches_CEO,5,0,False
168315,0,194000.0,PhD,M,2,73893,sales,reaches_CEO,5,0,False
172948,0,93000.0,PhD,F,14,39785,HR,reaches_CEO,4,5,True
90513,0,192000.0,High_School,M,4,111508,marketing,reaches_CEO,5,0,False
143700,1,192000.0,PhD,M,4,169574,marketing,reaches_CEO,5,0,False
144817,0,301000.0,PhD,M,2,74264,marketing,reaches_CEO,5,0,False
178341,0,230000.0,Bachelor,F,7,56451,sales,reaches_CEO,5,0,False
160440,0,270000.0,High_School,M,2,133927,engineering,reaches_CEO,5,0,False
120638,0,336000.0,High_School,F,7,27660,engineering,reaches_CEO,4,10,True
91327,1,125000.0,Bachelor,M,3,98520,marketing,reaches_CEO,5,0,False
156016,0,335000.0,High_School,M,1,5374,sales,reaches_CEO,5,0,False
182397,1,293000.0,Bachelor,M,2,97878,sales,reaches_CEO,5,0,False
65273,0,111000.0,Bachelor,F,3,183283,HR,reaches_CEO,5,0,False
180874,0,272000.0,Bachelor,M,3,91345,sales,reaches_CEO,5,0,False
150836,0,100000.0,Bachelor,M,3,32405,HR,reaches_CEO,5,0,False
10095,1,66000.0,Master,M,3,116119,marketing,reaches_CEO,5,0,False
42362,0,195000.0,Master,M,5,179929,sales,reaches_CEO,5,0,False
7266,0,167000.0,Master,M,6,61988,engineering,reaches_CEO,5,0,False
109543,0,280000.0,Master,M,3,95841,engineering,reaches_CEO,5,0,False
17785,0,256000.0,Bachelor,M,2,48120,engineering,reaches_CEO,5,0,False
143404,1,225000.0,Master,F,1,194078,marketing,reaches_CEO,5,0,False
154285,0,358000.0,PhD,M,14,107152,engineering,reaches_CEO,3,4,True
27436,1,124000.0,PhD,M,6,81644,engineering,reaches_CEO,5,0,False
12374,1,221000.0,High_School,M,3,180925,sales,reaches_CEO,5,0,False
158020,0,155000.0,High_School,M,2,168564,sales,reaches_CEO,5,0,False
120850,0,94000.0,PhD,F,4,44056,HR,reaches_CEO,5,0,False
23789,0,162000.0,Master,F,2,157966,marketing,reaches_CEO,5,0,False
38657,1,63000.0,Bachelor,M,4,1872,engineering,reaches_CEO,5,0,False
22209,0,191000.0,Bachelor,M,6,142926,engineering,reaches_CEO,5,0,False
60120,0,219000.0,PhD,F,5,65883,marketing,reaches_CEO,5,0,False
175928,0,142000.0,Bachelor,M,3,118769,engineering,reaches_CEO,5,0,False
60197,1,278000.0,Master,M,8,158888,sales,reaches_CEO,5,0,False
2083,1,211000.0,PhD,M,3,174122,engineering,reaches_CEO,5,0,False
98912,0,98000.0,Bachelor,F,4,193818,HR,reaches_CEO,5,0,False
167116,1,148000.0,Master,M,1,113578,marketing,reaches_CEO,5,0,False
78473,1,297000.0,Bachelor,M,3,177805,marketing,reaches_CEO,5,0,False
1367,1,126000.0,Bachelor,F,1,193518,sales,reaches_CEO,5,0,False
67122,1,333000.0,Master,F,4,154292,engineering,reaches_CEO,5,0,False
75786,0,103000.0,Master,M,3,151005,marketing,reaches_CEO,5,0,False
55593,0,291000.0,Master,M,1,177772,marketing,reaches_CEO,5,0,False
132298,0,259000.0,Master,F,3,160289,sales,reaches_CEO,5,0,False
168472,1,206000.0,High_School,M,8,181421,sales,reaches_CEO,5,0,False
72312,1,223000.0,Master,F,3,18939,sales,reaches_CEO,5,0,False
146677,1,92000.0,Master,F,2,47748,HR,reaches_CEO,5,0,False
156010,1,342000.0,PhD,M,8,28697,engineering,reaches_CEO,4,9,True
85485,1,303000.0,PhD,M,1,124014,sales,reaches_CEO,5,0,False
69621,1,204000.0,High_School,F,8,158609,sales,reaches_CEO,5,0,False
164154,0,76000.0,PhD,M,1,14226,HR,reaches_CEO,5,0,False
113245,0,137000.0,Master,F,10,198366,sales,reaches_CEO,4,16,True
71902,0,82000.0,Master,F,3,146111,HR,reaches_CEO,5,0,False
6444,1,69000.0,High_School,F,3,130342,HR,reaches_CEO,5,0,False
106220,0,74000.0,PhD,M,1,180006,HR,reaches_CEO,5,0,False
113310,0,114000.0,PhD,M,1,71585,sales,reaches_CEO,5,0,False
64113,0,181000.0,High_School,M,3,129410,sales,reaches_CEO,5,0,False
140596,1,214000.0,Master,M,1,82463,marketing,reaches_CEO,5,0,False
145949,0,216000.0,PhD,M,2,175593,sales,reaches_CEO,5,0,False
30901,0,68000.0,Master,F,2,68222,HR,reaches_CEO,5,0,False
155125,1,182000.0,High_School,M,2,175361,sales,reaches_CEO,5,0,False
17351,0,84000.0,Bachelor,F,2,75705,HR,reaches_CEO,5,0,False
55653,1,206000.0,PhD,M,7,47755,sales,reaches_CEO,4,10,True
121671,0,65000.0,Master,M,5,16445,HR,reaches_CEO,5,0,False
34430,1,81000.0,PhD,F,4,55972,HR,reaches_CEO,5,0,False
63205,1,183000.0,PhD,F,4,70819,engineering,reaches_CEO,5,0,False
37954,0,195000.0,Bachelor,M,6,123000,sales,reaches_CEO,5,0,False
15905,0,197000.0,Master,M,1,27704,sales,reaches_CEO,5,0,False
187782,0,173000.0,Master,F,4,50761,marketing,reaches_CEO,5,0,False
95127,0,371000.0,Master,F,2,191289,engineering,reaches_CEO,5,0,False
185579,0,222000.0,Master,M,4,87762,sales,reaches_CEO,5,0,False
50734,1,267000.0,High_School,M,1,197832,marketing,reaches_CEO,5,0,False
7204,0,290000.0,Master,M,6,94611,engineering,reaches_CEO,5,0,False
147973,1,176000.0,PhD,M,2,84193,marketing,reaches_CEO,5,0,False
75281,0,241000.0,Bachelor,M,8,60609,sales,reaches_CEO,5,0,False
123546,0,247000.0,High_School,F,5,125755,marketing,reaches_CEO,5,0,False
76433,0,341000.0,Bachelor,M,1,1651,engineering,reaches_CEO,5,0,False
5514,1,158000.0,Bachelor,M,6,175593,sales,reaches_CEO,5,0,False
172246,0,241000.0,PhD,M,7,49727,sales,reaches_CEO,4,5,True
170153,0,280000.0,Bachelor,M,2,33266,marketing,reaches_CEO,5,0,False
166328,1,200000.0,High_School,M,6,110878,engineering,reaches_CEO,5,0,False
14275,0,212000.0,High_School,M,5,37220,engineering,reaches_CEO,5,0,False
95933,0,61000.0,Bachelor,F,3,41808,HR,reaches_CEO,5,0,False
27128,1,62000.0,High_School,F,5,97919,HR,reaches_CEO,5,0,False
93792,0,196000.0,PhD,M,4,61988,engineering,reaches_CEO,5,0,False
85912,0,172000.0,PhD,F,6,158888,sales,reaches_CEO,5,0,False
46370,0,125000.0,High_School,F,4,147106,sales,reaches_CEO,5,0,False
136425,0,76000.0,Master,M,2,16445,HR,reaches_CEO,5,0,False
14484,0,60000.0,High_School,M,8,55972,HR,reaches_CEO,5,0,False
145480,0,143000.0,Master,F,4,59705,sales,reaches_CEO,5,0,False
90400,1,113000.0,Master,F,1,62081,sales,reaches_CEO,5,0,False
108285,1,153000.0,PhD,M,6,129734,engineering,reaches_CEO,5,0,False
14241,0,257000.0,PhD,M,4,37154,marketing,reaches_CEO,4,9,True
183402,0,291000.0,PhD,M,1,189222,engineering,reaches_CEO,5,0,False
177988,1,185000.0,Master,F,1,34714,sales,reaches_CEO,5,0,False
53121,0,97000.0,Master,M,1,102043,marketing,reaches_CEO,5,0,False
10906,0,173000.0,High_School,F,2,82657,sales,reaches_CEO,5,0,False
29251,0,371000.0,PhD,F,3,115349,sales,reaches_CEO,5,0,False
178945,0,279000.0,PhD,M,1,98558,engineering,reaches_CEO,5,0,False
156927,1,250000.0,Bachelor,M,7,181566,marketing,reaches_CEO,4,14,True
12448,1,216000.0,PhD,M,4,56316,sales,reaches_CEO,5,0,False
167264,0,135000.0,Bachelor,M,3,75045,marketing,reaches_CEO,5,0,False
164998,1,219000.0,Bachelor,M,1,147103,engineering,reaches_CEO,5,0,False
25548,1,102000.0,Bachelor,F,2,194904,HR,reaches_CEO,5,0,False
74860,1,199000.0,Bachelor,M,1,95169,sales,reaches_CEO,5,0,False
32658,1,275000.0,PhD,M,3,168905,engineering,reaches_CEO,5,0,False
106304,0,279000.0,Bachelor,M,3,147715,sales,reaches_CEO,5,0,False
195311,0,215000.0,Master,M,6,164326,sales,reaches_CEO,5,0,False
140664,1,149000.0,PhD,M,3,8198,engineering,reaches_CEO,5,0,False
22785,0,76000.0,High_School,F,1,180006,HR,reaches_CEO,5,0,False
53566,0,252000.0,Bachelor,M,5,164547,sales,reaches_CEO,5,0,False
123670,0,131000.0,PhD,F,1,16073,marketing,reaches_CEO,5,0,False
139396,0,73000.0,PhD,F,8,197896,HR,reaches_CEO,5,0,False
174702,0,206000.0,PhD,F,6,23120,marketing,reaches_CEO,5,0,False
189844,0,165000.0,PhD,M,4,162381,engineering,reaches_CEO,5,0,False
120825,0,163000.0,High_School,F,1,124014,sales,reaches_CEO,5,0,False
111040,0,98000.0,Master,M,6,5374,sales,reaches_CEO,5,0,False
189398,0,112000.0,Master,M,6,164501,HR,reaches_CEO,5,0,False
138983,1,392000.0,Bachelor,F,4,157064,marketing,reaches_CEO,5,0,False
35074,0,284000.0,PhD,M,4,195165,engineering,reaches_CEO,5,0,False
136861,1,88000.0,Master,M,8,157492,sales,reaches_CEO,4,7,True
84660,1,390000.0,Bachelor,F,1,149135,engineering,reaches_CEO,5,0,False
133849,0,221000.0,High_School,M,2,71130,engineering,reaches_CEO,5,0,False
119564,0,69000.0,High_School,F,3,194904,HR,reaches_CEO,5,0,False
15971,0,205000.0,PhD,M,2,102102,sales,reaches_CEO,5,0,False
152856,0,233000.0,PhD,M,2,59705,sales,reaches_CEO,5,0,False
183920,0,245000.0,Bachelor,M,2,149245,marketing,reaches_CEO,5,0,False
72644,0,391000.0,High_School,M,3,126257,engineering,reaches_CEO,5,0,False
48724,0,81000.0,High_School,F,2,8182,sales,reaches_CEO,5,0,False
129930,1,96000.0,High_School,M,4,101981,sales,reaches_CEO,5,0,False
52253,0,125000.0,Master,M,2,102632,marketing,reaches_CEO,5,0,False
191274,0,245000.0,High_School,M,1,55858,engineering,reaches_CEO,5,0,False
71682,0,236000.0,PhD,F,1,67522,sales,reaches_CEO,5,0,False
36431,0,388000.0,Master,M,7,8193,engineering,reaches_CEO,5,0,False
24278,1,226000.0,High_School,M,1,129626,marketing,reaches_CEO,5,0,False
129679,1,360000.0,Master,M,2,76310,engineering,reaches_CEO,5,0,False
196768,0,106000.0,Master,M,1,67178,HR,reaches_CEO,5,0,False
24300,0,198000.0,PhD,M,5,87613,engineering,reaches_CEO,5,0,False
60862,1,225000.0,Bachelor,M,3,147249,engineering,reaches_CEO,5,0,False
161010,0,249000.0,PhD,F,3,49729,sales,reaches_CEO,5,0,False
83947,0,196000.0,High_School,F,1,77766,marketing,reaches_CEO,5,0,False
158329,0,355000.0,PhD,F,3,29547,engineering,reaches_CEO,5,0,False
78704,1,209000.0,High_School,F,3,179569,sales,reaches_CEO,5,0,False
149696,0,218000.0,PhD,M,6,135238,sales,reaches_CEO,4,12,True
87613,0,145000.0,Master,M,12,140317,engineering,reaches_CEO,4,14,True
4630,0,123000.0,Master,M,2,124186,marketing,reaches_CEO,5,0,False
119576,1,154000.0,Master,M,7,27660,engineering,reaches_CEO,4,16,True
181438,0,304000.0,PhD,M,3,159838,marketing,reaches_CEO,5,0,False
98556,0,66000.0,PhD,F,4,61517,HR,reaches_CEO,5,0,False
6211,0,186000.0,PhD,M,1,193920,sales,reaches_CEO,5,0,False
171280,1,71000.0,PhD,F,4,80240,HR,reaches_CEO,5,0,False
97919,1,71000.0,Master,F,2,110260,HR,reaches_CEO,4,6,True
865,0,212000.0,Bachelor,M,3,48690,sales,reaches_CEO,5,0,False
75966,0,159000.0,Master,M,3,159996,sales,reaches_CEO,5,0,False
27283,1,136000.0,Bachelor,M,3,133927,engineering,reaches_CEO,5,0,False
4156,0,162000.0,PhD,F,5,37434,sales,reaches_CEO,5,0,False
56137,0,73000.0,Master,M,5,191083,marketing,reaches_CEO,5,0,False
3917,1,236000.0,Master,M,16,139032,sales,reaches_CEO,3,7,True
191413,0,278000.0,Master,F,3,63832,marketing,reaches_CEO,5,0,False
130449,1,141000.0,PhD,M,11,47755,sales,reaches_CEO,4,7,True
88619,0,331000.0,Master,M,5,48690,sales,reaches_CEO,5,0,False
115329,0,376000.0,Bachelor,M,6,112750,engineering,reaches_CEO,5,0,False
161727,0,340000.0,PhD,M,7,28697,engineering,reaches_CEO,4,14,True
90423,0,107000.0,High_School,F,2,53856,HR,reaches_CEO,5,0,False
185673,0,271000.0,Master,M,16,51535,engineering,reaches_CEO,2,3,True
27769,0,80000.0,High_School,F,3,178147,HR,reaches_CEO,5,0,False
155834,0,158000.0,High_School,M,1,198879,sales,reaches_CEO,5,0,False
196146,1,66000.0,High_School,F,4,102684,sales,reaches_CEO,5,0,False
33224,0,177000.0,Bachelor,M,6,14470,sales,reaches_CEO,5,0,False
136209,1,76000.0,Bachelor,F,5,193818,HR,reaches_CEO,5,0,False
192230,1,235000.0,Master,F,8,143050,marketing,reaches_CEO,5,0,False
149410,0,229000.0,PhD,F,3,88303,sales,reaches_CEO,5,0,False
91074,0,204000.0,Master,M,5,168564,sales,reaches_CEO,5,0,False
188646,0,292000.0,Master,M,3,55653,sales,reaches_CEO,5,0,False
171446,1,256000.0,Bachelor,M,2,148418,engineering,reaches_CEO,5,0,False
158309,0,173000.0,PhD,M,2,198778,engineering,reaches_CEO,5,0,False
51401,0,242000.0,Master,F,1,140542,sales,reaches_CEO,5,0,False
100509,0,119000.0,Bachelor,M,5,105395,engineering,reaches_CEO,5,0,False
143008,0,277000.0,PhD,F,1,169231,sales,reaches_CEO,5,0,False
182116,1,246000.0,Master,M,5,3235,sales,reaches_CEO,4,13,True
54984,0,167000.0,Bachelor,M,6,191649,sales,reaches_CEO,5,0,False
22802,1,106000.0,Bachelor,M,3,150290,HR,reaches_CEO,5,0,False
172889,0,105000.0,Master,M,2,49727,sales,reaches_CEO,4,6,True
56743,0,61000.0,Master,M,2,74170,sales,reaches_CEO,5,0,False
45953,0,321000.0,High_School,M,2,168342,engineering,reaches_CEO,5,0,False
182404,1,149000.0,High_School,M,2,161132,marketing,reaches_CEO,5,0,False
126454,1,175000.0,Master,M,1,90834,sales,reaches_CEO,5,0,False
34423,0,68000.0,Bachelor,F,2,160289,sales,reaches_CEO,5,0,False
38576,0,220000.0,Master,M,1,191485,sales,reaches_CEO,5,0,False
108178,1,214000.0,High_School,M,4,155437,engineering,reaches_CEO,5,0,False
149600,0,79000.0,Bachelor,F,5,171461,HR,reaches_CEO,5,0,False
43688,0,86000.0,PhD,F,3,149245,marketing,reaches_CEO,5,0,False
18581,1,66000.0,PhD,M,5,87884,engineering,reaches_CEO,5,0,False
137440,0,106000.0,PhD,F,1,62298,HR,reaches_CEO,5,0,False
23088,0,180000.0,Master,M,1,88936,sales,reaches_CEO,5,0,False
67962,0,246000.0,Bachelor,M,2,159996,sales,reaches_CEO,5,0,False
80072,0,218000.0,Bachelor,M,4,138772,sales,reaches_CEO,5,0,False
81421,0,102000.0,High_School,F,10,45969,HR,reaches_CEO,4,17,True
5633,0,176000.0,Bachelor,M,2,149696,sales,reaches_CEO,5,0,False
152341,0,387000.0,High_School,M,1,159098,engineering,reaches_CEO,5,0,False
198226,1,192000.0,PhD,M,3,21377,sales,reaches_CEO,5,0,False
16760,1,95000.0,PhD,F,3,125114,HR,reaches_CEO,5,0,False
170917,1,228000.0,Master,M,5,147249,engineering,reaches_CEO,5,0,False
118252,1,137000.0,Bachelor,M,2,34714,sales,reaches_CEO,5,0,False
106808,0,135000.0,PhD,F,1,54136,marketing,reaches_CEO,5,0,False
52371,0,203000.0,PhD,F,6,140542,sales,reaches_CEO,5,0,False
113606,0,72000.0,High_School,F,1,24287,HR,reaches_CEO,5,0,False
162444,0,67000.0,Bachelor,F,1,11507,HR,reaches_CEO,5,0,False
68201,1,299000.0,Master,M,9,41945,sales,reaches_CEO,4,8,True
52307,0,69000.0,Master,M,1,70406,marketing,reaches_CEO,5,0,False
152436,1,112000.0,High_School,M,6,167650,engineering,reaches_CEO,5,0,False
160018,1,319000.0,Bachelor,M,2,48352,engineering,reaches_CEO,5,0,False
107860,0,108000.0,Bachelor,M,3,147016,sales,reaches_CEO,5,0,False
24568,0,337000.0,High_School,F,3,98967,marketing,reaches_CEO,5,0,False
78169,0,106000.0,PhD,M,2,59705,sales,reaches_CEO,5,0,False
54546,0,95000.0,Master,M,4,14226,HR,reaches_CEO,5,0,False
199068,0,282000.0,PhD,M,4,54315,sales,reaches_CEO,5,0,False
169664,0,215000.0,Master,M,4,184512,engineering,reaches_CEO,4,6,True
71858,1,158000.0,Master,M,2,196637,engineering,reaches_CEO,5,0,False
166170,1,77000.0,Master,F,1,59705,sales,reaches_CEO,5,0,False
76603,0,95000.0,Bachelor,F,3,134944,sales,reaches_CEO,5,0,False
161091,0,148000.0,Bachelor,F,3,75045,marketing,reaches_CEO,5,0,False
121127,0,69000.0,Master,M,1,9400,HR,reaches_CEO,5,0,False
76955,0,301000.0,PhD,F,4,136313,engineering,reaches_CEO,5,0,False
130445,0,112000.0,Master,F,2,65883,marketing,reaches_CEO,5,0,False
63365,0,98000.0,Master,F,5,11507,HR,reaches_CEO,5,0,False
129146,0,205000.0,Bachelor,F,2,191073,sales,reaches_CEO,5,0,False
7730,1,271000.0,PhD,M,1,73489,sales,reaches_CEO,5,0,False
93579,1,82000.0,Bachelor,M,4,113245,sales,reaches_CEO,5,0,False
163807,1,94000.0,Master,F,7,171461,HR,reaches_CEO,5,0,False
137823,0,75000.0,PhD,F,3,32405,HR,reaches_CEO,5,0,False
91961,0,199000.0,Master,M,2,191649,sales,reaches_CEO,5,0,False
187643,0,78000.0,Bachelor,F,2,68222,HR,reaches_CEO,5,0,False
194802,1,87000.0,Master,M,6,191351,marketing,reaches_CEO,5,0,False
90169,0,138000.0,Master,M,4,81490,sales,reaches_CEO,5,0,False
104708,0,79000.0,Bachelor,F,3,29733,HR,reaches_CEO,5,0,False
184998,1,149000.0,PhD,M,10,183175,sales,reaches_CEO,4,13,True
37210,0,218000.0,Master,M,4,113566,engineering,reaches_CEO,5,0,False
88173,0,224000.0,PhD,M,2,147819,sales,reaches_CEO,5,0,False
12909,0,69000.0,PhD,F,4,129626,marketing,reaches_CEO,5,0,False
153627,0,247000.0,Master,M,5,79193,sales,reaches_CEO,5,0,False
76318,0,273000.0,Bachelor,M,5,148418,engineering,reaches_CEO,5,0,False
167738,1,164000.0,PhD,M,1,79,sales,reaches_CEO,5,0,False
127138,1,317000.0,Bachelor,F,1,156010,engineering,reaches_CEO,5,0,False
167130,1,310000.0,High_School,F,3,39388,sales,reaches_CEO,5,0,False
113415,0,303000.0,Bachelor,M,2,191485,sales,reaches_CEO,5,0,False
57280,1,167000.0,Master,M,2,119991,engineering,reaches_CEO,5,0,False
177489,0,223000.0,Bachelor,M,14,71532,marketing,reaches_CEO,4,4,True
44055,0,73000.0,PhD,F,3,180006,HR,reaches_CEO,5,0,False
179117,0,100000.0,Bachelor,M,5,118506,HR,reaches_CEO,5,0,False
14373,1,89000.0,PhD,M,9,147642,sales,reaches_CEO,5,0,False
13972,0,73000.0,Master,M,2,754,HR,reaches_CEO,5,0,False
145867,0,298000.0,PhD,M,5,147249,engineering,reaches_CEO,5,0,False
84129,0,106000.0,Bachelor,F,2,169574,marketing,reaches_CEO,5,0,False
167877,1,213000.0,Master,M,5,119833,sales,reaches_CEO,4,17,True
196803,0,207000.0,High_School,M,7,77670,sales,reaches_CEO,5,0,False
185778,0,238000.0,PhD,F,2,79,sales,reaches_CEO,5,0,False
79125,0,299000.0,PhD,M,1,73663,marketing,reaches_CEO,5,0,False
131888,0,223000.0,PhD,M,4,127544,sales,reaches_CEO,5,0,False
164285,1,134000.0,PhD,M,1,149135,engineering,reaches_CEO,5,0,False
42198,0,95000.0,Bachelor,F,8,77556,HR,reaches_CEO,5,0,False
75372,0,347000.0,PhD,F,3,55858,engineering,reaches_CEO,5,0,False
28643,0,151000.0,High_School,F,1,75198,marketing,reaches_CEO,5,0,False
101940,0,81000.0,PhD,M,1,130342,HR,reaches_CEO,5,0,False
14011,0,207000.0,PhD,F,2,48120,engineering,reaches_CEO,5,0,False
90835,0,374000.0,PhD,F,6,168905,engineering,reaches_CEO,5,0,False
66306,0,255000.0,PhD,M,5,183869,engineering,reaches_CEO,4,6,True
172351,0,99000.0,Bachelor,F,1,123502,HR,reaches_CEO,5,0,False
186961,1,286000.0,High_School,M,9,124014,sales,reaches_CEO,5,0,False
31440,0,91000.0,Bachelor,F,4,174009,HR,reaches_CEO,5,0,False
48129,0,191000.0,Bachelor,M,4,87762,sales,reaches_CEO,5,0,False
24425,1,168000.0,High_School,F,7,66692,sales,reaches_CEO,5,0,False
170092,0,79000.0,Bachelor,F,1,164501,HR,reaches_CEO,5,0,False
145036,0,62000.0,Bachelor,M,5,75705,HR,reaches_CEO,5,0,False
33450,0,88000.0,PhD,F,5,10773,engineering,reaches_CEO,5,0,False
78375,0,372000.0,High_School,M,3,111974,engineering,reaches_CEO,5,0,False
132678,1,175000.0,Master,M,1,43858,engineering,reaches_CEO,5,0,False
92629,0,230000.0,Bachelor,F,6,120638,engineering,reaches_CEO,5,0,False
39031,0,196000.0,Master,F,3,170922,sales,reaches_CEO,5,0,False
111615,0,158000.0,PhD,F,2,7212,marketing,reaches_CEO,5,0,False
154375,1,172000.0,PhD,F,12,24015,HR,reaches_CEO,4,9,True
127756,0,308000.0,High_School,F,1,4259,engineering,reaches_CEO,5,0,False
166380,0,239000.0,PhD,M,1,67931,engineering,reaches_CEO,5,0,False
32159,0,361000.0,Master,M,5,176804,sales,reaches_CEO,4,18,True
174893,0,147000.0,Master,F,2,49729,sales,reaches_CEO,5,0,False
36931,0,385000.0,Master,M,3,6536,marketing,reaches_CEO,5,0,False
89523,0,210000.0,PhD,F,14,66119,sales,reaches_CEO,4,7,True
136171,1,286000.0,PhD,M,1,7255,engineering,reaches_CEO,5,0,False
115731,1,335000.0,Bachelor,M,7,19424,engineering,reaches_CEO,5,0,False
119514,1,297000.0,Master,F,2,108428,engineering,reaches_CEO,5,0,False
30131,0,63000.0,Master,F,5,43937,HR,reaches_CEO,5,0,False
108372,1,267000.0,PhD,M,2,8182,sales,reaches_CEO,5,0,False
69734,0,388000.0,PhD,M,2,187053,engineering,reaches_CEO,5,0,False
164772,0,316000.0,PhD,F,1,119991,engineering,reaches_CEO,5,0,False
124728,0,293000.0,High_School,M,4,158888,sales,reaches_CEO,5,0,False
34393,1,255000.0,High_School,M,4,148795,engineering,reaches_CEO,5,0,False
127904,1,321000.0,Bachelor,M,3,45803,sales,reaches_CEO,5,0,False
28979,0,175000.0,Master,M,12,198366,sales,reaches_CEO,4,10,True
24965,0,286000.0,PhD,M,7,177166,engineering,reaches_CEO,5,0,False
120586,0,270000.0,PhD,M,5,87929,sales,reaches_CEO,5,0,False
185721,0,162000.0,PhD,F,2,87929,sales,reaches_CEO,5,0,False
199084,1,339000.0,PhD,M,4,98558,engineering,reaches_CEO,5,0,False
177860,0,202000.0,PhD,M,6,93708,HR,reaches_CEO,2,2,True
101547,0,156000.0,PhD,M,3,143317,sales,reaches_CEO,5,0,False
45615,1,321000.0,PhD,F,2,156927,marketing,reaches_CEO,5,0,False
30620,0,137000.0,Master,M,1,112750,engineering,reaches_CEO,5,0,False
7314,0,330000.0,Master,M,1,101484,engineering,reaches_CEO,5,0,False
48330,0,245000.0,PhD,F,3,46997,sales,reaches_CEO,5,0,False
179301,1,87000.0,Master,F,4,29749,HR,reaches_CEO,5,0,False
57274,0,123000.0,Master,F,5,188118,sales,reaches_CEO,5,0,False
197206,0,98000.0,Master,M,2,91869,marketing,reaches_CEO,4,12,True
132451,0,239000.0,High_School,M,6,137776,engineering,reaches_CEO,5,0,False
35461,1,316000.0,High_School,M,1,73663,marketing,reaches_CEO,5,0,False
130578,1,134000.0,Bachelor,F,1,145126,sales,reaches_CEO,5,0,False
35594,0,122000.0,Bachelor,F,1,102026,sales,reaches_CEO,5,0,False
19934,0,91000.0,High_School,F,3,199950,HR,reaches_CEO,5,0,False
169024,1,108000.0,Bachelor,M,1,70406,marketing,reaches_CEO,5,0,False
25392,0,68000.0,Master,F,8,141211,HR,reaches_CEO,5,0,False
83064,0,217000.0,High_School,F,4,99139,sales,reaches_CEO,5,0,False
150406,0,62000.0,Bachelor,M,2,102498,HR,reaches_CEO,5,0,False
112479,0,180000.0,High_School,M,3,190566,marketing,reaches_CEO,5,0,False
67504,0,268000.0,PhD,M,1,62043,engineering,reaches_CEO,5,0,False
115496,0,237000.0,PhD,M,4,149245,marketing,reaches_CEO,5,0,False
79613,0,79000.0,Master,M,5,184236,HR,reaches_CEO,5,0,False
76091,0,342000.0,Master,M,4,60373,marketing,reaches_CEO,5,0,False
142985,0,198000.0,Master,F,3,1651,engineering,reaches_CEO,5,0,False
191879,1,186000.0,PhD,F,5,144928,sales,reaches_CEO,5,0,False
198424,0,232000.0,PhD,M,8,115539,marketing,reaches_CEO,4,7,True
24985,0,80000.0,Master,F,4,123154,HR,reaches_CEO,5,0,False
194535,0,151000.0,Bachelor,M,5,149135,engineering,reaches_CEO,5,0,False
178582,0,379000.0,Master,M,1,137776,engineering,reaches_CEO,5,0,False
171217,1,99000.0,Master,F,2,8711,marketing,reaches_CEO,5,0,False
189399,0,194000.0,PhD,F,4,169223,engineering,reaches_CEO,5,0,False
32580,1,230000.0,High_School,M,8,148032,sales,reaches_CEO,5,0,False
22133,0,316000.0,Master,F,5,97878,sales,reaches_CEO,5,0,False
135154,0,178000.0,Bachelor,F,2,169223,engineering,reaches_CEO,5,0,False
99262,0,142000.0,High_School,M,3,8182,sales,reaches_CEO,5,0,False
114015,1,175000.0,High_School,M,7,84193,marketing,reaches_CEO,5,0,False
16507,0,117000.0,PhD,M,8,80240,HR,reaches_CEO,5,0,False
22976,1,314000.0,PhD,M,7,181787,marketing,reaches_CEO,5,0,False
24764,0,62000.0,Bachelor,F,2,123154,HR,reaches_CEO,5,0,False
100356,1,382000.0,Bachelor,M,1,132283,engineering,reaches_CEO,5,0,False
181472,1,341000.0,High_School,M,5,29547,engineering,reaches_CEO,5,0,False
79034,0,118000.0,Bachelor,M,5,10786,HR,reaches_CEO,5,0,False
32228,1,297000.0,Master,M,7,4259,engineering,reaches_CEO,5,0,False
92958,0,256000.0,PhD,M,1,91002,marketing,reaches_CEO,5,0,False
64773,0,235000.0,Bachelor,M,2,172250,marketing,reaches_CEO,5,0,False
69817,0,60000.0,Bachelor,F,1,189742,HR,reaches_CEO,5,0,False
19674,0,307000.0,High_School,F,6,68821,engineering,reaches_CEO,5,0,False
177579,0,295000.0,Master,M,2,187053,engineering,reaches_CEO,5,0,False
29084,0,108000.0,High_School,M,2,76135,marketing,reaches_CEO,5,0,False
87050,0,74000.0,Bachelor,F,5,43937,HR,reaches_CEO,5,0,False
13731,1,148000.0,High_School,F,1,193518,sales,reaches_CEO,5,0,False
181062,1,134000.0,Master,F,6,55476,marketing,reaches_CEO,5,0,False
126326,0,118000.0,High_School,M,3,107694,HR,reaches_CEO,5,0,False
46036,0,135000.0,PhD,M,2,75198,marketing,reaches_CEO,5,0,False
53872,0,206000.0,PhD,M,4,126257,engineering,reaches_CEO,5,0,False
12877,0,114000.0,Master,F,13,57693,engineering,reaches_CEO,4,10,True
100373,0,127000.0,PhD,F,11,192056,HR,reaches_CEO,4,15,True
162002,0,167000.0,Bachelor,M,4,87929,sales,reaches_CEO,5,0,False
172227,1,218000.0,PhD,M,1,35499,sales,reaches_CEO,5,0,False
172031,0,315000.0,Bachelor,M,5,119576,engineering,reaches_CEO,5,0,False
87884,0,147000.0,PhD,M,4,145161,engineering,reaches_CEO,4,10,True
62116,1,79000.0,Bachelor,F,2,62161,marketing,reaches_CEO,5,0,False
124148,0,212000.0,Master,F,1,57185,engineering,reaches_CEO,5,0,False
34952,0,288000.0,Bachelor,F,3,48742,engineering,reaches_CEO,5,0,False
150829,1,186000.0,PhD,M,5,173939,marketing,reaches_CEO,5,0,False
144843,1,292000.0,Master,M,4,189627,sales,reaches_CEO,5,0,False
89368,1,188000.0,Bachelor,M,8,4110,sales,reaches_CEO,5,0,False
29358,1,239000.0,Master,M,2,63785,engineering,reaches_CEO,5,0,False
10808,0,375000.0,Master,M,2,90237,sales,reaches_CEO,5,0,False
147096,1,316000.0,Bachelor,M,1,112750,engineering,reaches_CEO,5,0,False
105197,1,161000.0,Bachelor,F,1,10357,marketing,reaches_CEO,5,0,False
37562,0,93000.0,Master,M,4,5889,HR,reaches_CEO,5,0,False
128892,0,118000.0,Master,M,3,166729,marketing,reaches_CEO,5,0,False
102724,0,234000.0,Master,M,4,1610,engineering,reaches_CEO,5,0,False
157876,0,99000.0,PhD,M,2,155570,marketing,reaches_CEO,5,0,False
174106,1,160000.0,High_School,M,1,199184,sales,reaches_CEO,5,0,False
35867,0,151000.0,Bachelor,F,3,134728,marketing,reaches_CEO,5,0,False
109610,0,73000.0,Master,F,4,29733,HR,reaches_CEO,5,0,False
134137,1,144000.0,High_School,F,7,182531,sales,reaches_CEO,5,0,False
197299,0,131000.0,Master,F,3,2644,sales,reaches_CEO,5,0,False
14387,0,278000.0,PhD,F,7,159906,sales,reaches_CEO,5,0,False
141330,1,212000.0,High_School,M,3,190060,sales,reaches_CEO,5,0,False
19028,1,293000.0,PhD,M,2,116180,engineering,reaches_CEO,5,0,False
21449,0,81000.0,PhD,F,3,37124,sales,reaches_CEO,5,0,False
151341,1,96000.0,High_School,F,2,100373,HR,reaches_CEO,5,0,False
135422,1,93000.0,PhD,F,4,189038,engineering,reaches_CEO,5,0,False
155427,0,205000.0,PhD,M,2,175361,sales,reaches_CEO,5,0,False
165568,0,81000.0,Bachelor,F,7,179149,HR,reaches_CEO,5,0,False
189305,0,385000.0,PhD,M,1,189890,engineering,reaches_CEO,5,0,False
122272,0,177000.0,PhD,M,1,65856,sales,reaches_CEO,5,0,False
89940,0,186000.0,PhD,F,3,182028,engineering,reaches_CEO,5,0,False
131850,0,66000.0,Master,F,4,150189,HR,reaches_CEO,5,0,False
170685,1,91000.0,Master,M,2,54315,sales,reaches_CEO,5,0,False
72056,0,78000.0,PhD,F,1,61443,HR,reaches_CEO,5,0,False
164655,0,88000.0,Master,F,1,135804,HR,reaches_CEO,5,0,False
141484,1,76000.0,High_School,M,2,7095,HR,reaches_CEO,5,0,False
34425,0,111000.0,PhD,M,2,20828,marketing,reaches_CEO,5,0,False
73338,0,156000.0,Bachelor,M,4,7212,marketing,reaches_CEO,5,0,False
42494,1,154000.0,PhD,M,4,81644,engineering,reaches_CEO,5,0,False
56316,0,210000.0,PhD,M,4,32248,sales,reaches_CEO,4,10,True
47643,0,62000.0,Bachelor,F,1,754,HR,reaches_CEO,5,0,False
142107,1,108000.0,Bachelor,M,3,191289,engineering,reaches_CEO,5,0,False
82698,0,178000.0,Bachelor,M,3,49727,sales,reaches_CEO,4,9,True
147611,1,293000.0,Master,F,6,73663,marketing,reaches_CEO,5,0,False
154426,0,205000.0,Master,M,4,134728,marketing,reaches_CEO,5,0,False
119832,0,129000.0,Master,M,4,190801,engineering,reaches_CEO,3,4,True
352,0,72000.0,Bachelor,F,4,29749,HR,reaches_CEO,5,0,False
175240,0,67000.0,Bachelor,F,1,171461,HR,reaches_CEO,5,0,False
30515,0,75000.0,PhD,F,1,51923,HR,reaches_CEO,5,0,False
129318,0,298000.0,Bachelor,M,1,132283,engineering,reaches_CEO,5,0,False
19806,0,142000.0,PhD,M,6,32510,sales,reaches_CEO,4,11,True
145385,1,198000.0,Bachelor,M,2,94039,sales,reaches_CEO,5,0,False
122541,1,140000.0,Master,M,2,166591,sales,reaches_CEO,5,0,False
99006,0,64000.0,PhD,M,1,47472,engineering,reaches_CEO,5,0,False
72070,0,134000.0,Bachelor,M,3,116180,engineering,reaches_CEO,5,0,False
192671,1,312000.0,Bachelor,F,5,81111,engineering,reaches_CEO,5,0,False
148725,0,149000.0,PhD,M,5,161132,marketing,reaches_CEO,5,0,False
120243,0,259000.0,High_School,M,5,67931,engineering,reaches_CEO,5,0,False
115199,0,86000.0,PhD,M,3,87733,sales,reaches_CEO,5,0,False
94496,1,319000.0,Master,M,6,39388,sales,reaches_CEO,5,0,False
130793,0,338000.0,PhD,M,2,1808,engineering,reaches_CEO,5,0,False
33665,0,65000.0,Bachelor,F,4,110260,HR,reaches_CEO,4,10,True
105877,0,264000.0,PhD,F,3,43602,engineering,reaches_CEO,5,0,False
138745,0,367000.0,High_School,M,1,6335,sales,reaches_CEO,5,0,False
179786,1,91000.0,PhD,M,3,8856,marketing,reaches_CEO,5,0,False
25726,0,61000.0,Master,M,1,51331,HR,reaches_CEO,5,0,False
166574,0,103000.0,Master,M,4,10357,marketing,reaches_CEO,5,0,False
54997,0,206000.0,PhD,F,8,66119,sales,reaches_CEO,4,13,True
60230,1,350000.0,High_School,M,3,61988,engineering,reaches_CEO,5,0,False
152533,0,185000.0,PhD,F,1,65856,sales,reaches_CEO,5,0,False
109136,0,346000.0,PhD,M,1,192369,sales,reaches_CEO,5,0,False
122208,1,302000.0,Master,M,3,59353,engineering,reaches_CEO,5,0,False
74349,1,378000.0,Bachelor,M,5,166591,sales,reaches_CEO,5,0,False
103081,1,244000.0,High_School,F,3,184998,sales,reaches_CEO,5,0,False
176932,0,92000.0,Bachelor,F,1,175548,HR,reaches_CEO,5,0,False
26625,0,370000.0,PhD,M,1,59353,engineering,reaches_CEO,5,0,False
102033,0,308000.0,Bachelor,F,1,7255,engineering,reaches_CEO,5,0,False
150163,0,270000.0,High_School,F,4,142367,sales,reaches_CEO,5,0,False
171239,0,306000.0,Bachelor,M,7,9239,sales,reaches_CEO,5,0,False
85251,0,123000.0,Bachelor,M,5,4110,sales,reaches_CEO,5,0,False
191971,0,186000.0,PhD,M,3,63077,sales,reaches_CEO,5,0,False
187038,0,114000.0,Bachelor,M,9,60319,sales,reaches_CEO,5,0,False
149331,0,178000.0,PhD,F,1,153551,sales,reaches_CEO,5,0,False
49348,0,133000.0,Bachelor,M,3,87707,sales,reaches_CEO,5,0,False
138948,0,215000.0,PhD,F,8,24489,marketing,reaches_CEO,4,9,True
102721,1,192000.0,Bachelor,M,5,66591,sales,reaches_CEO,5,0,False
181047,0,392000.0,Bachelor,M,2,113566,engineering,reaches_CEO,5,0,False
68128,0,261000.0,PhD,M,4,157064,marketing,reaches_CEO,5,0,False
118417,0,135000.0,PhD,M,2,14299,engineering,reaches_CEO,5,0,False
72948,0,270000.0,Bachelor,M,2,179929,sales,reaches_CEO,5,0,False
146410,0,108000.0,Bachelor,M,5,754,HR,reaches_CEO,5,0,False
171293,1,312000.0,PhD,M,1,52923,sales,reaches_CEO,5,0,False
64334,0,152000.0,Master,M,3,51293,sales,reaches_CEO,5,0,False
85723,0,80000.0,Master,F,1,68222,HR,reaches_CEO,5,0,False
77142,0,214000.0,Bachelor,F,2,177489,marketing,reaches_CEO,5,0,False
76565,0,235000.0,Bachelor,M,3,53390,sales,reaches_CEO,5,0,False
179160,0,312000.0,Bachelor,F,3,6536,marketing,reaches_CEO,5,0,False
177603,1,146000.0,PhD,M,1,181311,sales,reaches_CEO,5,0,False
170761,0,82000.0,High_School,M,1,115591,sales,reaches_CEO,5,0,False
125737,0,87000.0,PhD,F,1,189742,HR,reaches_CEO,5,0,False
20230,0,200000.0,PhD,M,1,132399,sales,reaches_CEO,5,0,False
70238,0,357000.0,Bachelor,M,1,75246,engineering,reaches_CEO,5,0,False
83431,0,86000.0,Bachelor,F,6,51121,HR,reaches_CEO,5,0,False
196796,0,229000.0,Bachelor,F,5,94030,sales,reaches_CEO,5,0,False
89846,0,304000.0,High_School,F,6,115349,sales,reaches_CEO,5,0,False
104805,0,89000.0,PhD,F,5,177495,HR,reaches_CEO,5,0,False
72864,0,208000.0,PhD,F,2,102684,sales,reaches_CEO,5,0,False
121491,1,158000.0,Master,M,3,191649,sales,reaches_CEO,5,0,False
186177,0,114000.0,High_School,F,4,119302,HR,reaches_CEO,5,0,False
142317,0,153000.0,Master,M,3,60373,marketing,reaches_CEO,5,0,False
34280,1,195000.0,Master,M,26,11277,sales,reaches_CEO,2,7,True
163507,0,268000.0,PhD,M,5,52920,sales,reaches_CEO,5,0,False
173517,0,96000.0,PhD,M,5,164547,sales,reaches_CEO,5,0,False
43626,0,284000.0,Bachelor,M,3,75246,engineering,reaches_CEO,5,0,False
126686,0,226000.0,Bachelor,F,1,157966,marketing,reaches_CEO,5,0,False
20008,0,350000.0,PhD,M,1,79934,engineering,reaches_CEO,5,0,False
150235,0,263000.0,High_School,M,6,132683,engineering,reaches_CEO,5,0,False
44242,1,180000.0,High_School,M,8,111508,marketing,reaches_CEO,5,0,False
147949,0,316000.0,PhD,M,2,84828,engineering,reaches_CEO,5,0,False
86568,0,73000.0,Master,M,2,91979,HR,reaches_CEO,5,0,False
106433,1,286000.0,High_School,M,5,131525,sales,reaches_CEO,5,0,False
27393,0,120000.0,Master,F,12,198366,sales,reaches_CEO,4,9,True
25224,0,269000.0,Master,F,3,102632,marketing,reaches_CEO,5,0,False
175558,1,282000.0,Bachelor,F,10,72243,engineering,reaches_CEO,4,12,True
127385,0,83000.0,Master,M,2,77766,marketing,reaches_CEO,5,0,False
52982,0,175000.0,Master,F,2,9239,sales,reaches_CEO,5,0,False
113349,0,321000.0,PhD,M,1,162196,engineering,reaches_CEO,5,0,False
100337,0,121000.0,Master,M,4,116180,engineering,reaches_CEO,5,0,False
18343,0,216000.0,PhD,M,5,98967,marketing,reaches_CEO,5,0,False
65222,0,142000.0,PhD,M,1,177166,engineering,reaches_CEO,5,0,False
21377,0,160000.0,Bachelor,F,7,65174,sales,reaches_CEO,4,8,True
74255,0,117000.0,High_School,M,3,60489,marketing,reaches_CEO,5,0,False
116347,0,155000.0,Bachelor,M,2,110091,engineering,reaches_CEO,5,0,False
50887,0,200000.0,High_School,M,5,35499,sales,reaches_CEO,5,0,False
181832,0,160000.0,PhD,F,4,51288,engineering,reaches_CEO,5,0,False
8411,0,204000.0,Bachelor,F,2,87330,engineering,reaches_CEO,5,0,False
52920,0,68000.0,PhD,M,8,65522,sales,reaches_CEO,4,10,True
34960,1,260000.0,Bachelor,M,2,180037,sales,reaches_CEO,5,0,False
136336,0,237000.0,High_School,M,4,159838,marketing,reaches_CEO,5,0,False
50602,1,288000.0,Bachelor,M,5,116180,engineering,reaches_CEO,5,0,False
68766,0,61000.0,Master,F,1,88370,HR,reaches_CEO,5,0,False
78000,1,395000.0,Master,F,5,103421,engineering,reaches_CEO,5,0,False
144802,0,332000.0,Master,M,5,160618,sales,reaches_CEO,5,0,False
95077,1,186000.0,PhD,F,4,185976,engineering,reaches_CEO,5,0,False
39895,1,181000.0,PhD,F,1,81490,sales,reaches_CEO,5,0,False
72349,0,147000.0,Master,M,3,191649,sales,reaches_CEO,5,0,False
197975,0,128000.0,Bachelor,M,2,164501,HR,reaches_CEO,5,0,False
43246,0,243000.0,PhD,F,3,123103,engineering,reaches_CEO,5,0,False
157304,0,78000.0,Bachelor,M,4,191073,sales,reaches_CEO,5,0,False
197606,0,119000.0,PhD,M,1,52796,sales,reaches_CEO,5,0,False
157336,0,285000.0,Master,M,5,144211,engineering,reaches_CEO,5,0,False
146412,0,172000.0,High_School,F,5,98931,marketing,reaches_CEO,5,0,False
122762,0,206000.0,Master,M,8,17395,sales,reaches_CEO,4,13,True
39704,0,217000.0,PhD,M,3,148260,marketing,reaches_CEO,5,0,False
31143,0,112000.0,Bachelor,M,2,77844,sales,reaches_CEO,5,0,False
96664,0,160000.0,PhD,M,11,125912,marketing,reaches_CEO,4,7,True
187213,0,308000.0,Master,M,2,192145,sales,reaches_CEO,5,0,False
144678,0,200000.0,Master,M,2,16785,engineering,reaches_CEO,5,0,False
158888,0,106000.0,Bachelor,M,2,176804,sales,reaches_CEO,4,16,True
67795,0,111000.0,Master,F,9,78874,sales,reaches_CEO,5,0,False
92708,0,186000.0,Master,F,3,79237,marketing,reaches_CEO,5,0,False
191109,1,135000.0,High_School,M,5,12649,engineering,reaches_CEO,5,0,False
43840,0,69000.0,PhD,F,4,68222,HR,reaches_CEO,5,0,False
60828,0,172000.0,Bachelor,M,4,198648,marketing,reaches_CEO,5,0,False
7212,0,179000.0,Master,M,5,69550,marketing,reaches_CEO,4,13,True
72228,0,236000.0,Master,F,1,91254,marketing,reaches_CEO,5,0,False
196478,0,285000.0,PhD,M,7,52313,sales,reaches_CEO,5,0,False
104255,0,286000.0,Bachelor,M,1,88779,sales,reaches_CEO,5,0,False
76205,1,240000.0,PhD,F,2,87847,sales,reaches_CEO,5,0,False
162560,0,171000.0,PhD,F,3,73106,engineering,reaches_CEO,5,0,False
114392,0,76000.0,Master,M,3,53677,HR,reaches_CEO,5,0,False
111895,0,159000.0,High_School,M,1,153291,sales,reaches_CEO,5,0,False
135200,0,133000.0,Master,F,2,78516,sales,reaches_CEO,5,0,False
176729,0,160000.0,PhD,M,4,17291,sales,reaches_CEO,5,0,False
183566,0,363000.0,Bachelor,F,6,179929,sales,reaches_CEO,5,0,False
79111,0,251000.0,Bachelor,F,1,160476,sales,reaches_CEO,5,0,False
93025,0,294000.0,Bachelor,M,1,74066,engineering,reaches_CEO,5,0,False
166228,0,187000.0,High_School,M,6,175593,sales,reaches_CEO,5,0,False
72359,1,240000.0,Bachelor,M,2,182116,sales,reaches_CEO,5,0,False
89672,0,196000.0,PhD,M,2,89837,marketing,reaches_CEO,5,0,False
180199,0,238000.0,High_School,M,2,160289,sales,reaches_CEO,5,0,False
126908,0,313000.0,PhD,F,2,189627,sales,reaches_CEO,5,0,False
167568,0,283000.0,Master,M,2,61038,sales,reaches_CEO,5,0,False
91624,1,99000.0,PhD,M,1,53677,HR,reaches_CEO,5,0,False
19973,0,154000.0,Master,F,3,148032,sales,reaches_CEO,5,0,False
59535,0,142000.0,High_School,M,11,154041,sales,reaches_CEO,3,4,True
10955,0,185000.0,Master,M,3,87929,sales,reaches_CEO,5,0,False
45139,0,113000.0,Bachelor,F,8,144976,sales,reaches_CEO,5,0,False
56451,0,164000.0,Master,M,10,193088,sales,reaches_CEO,4,14,True
183824,1,260000.0,PhD,M,14,113589,engineering,reaches_CEO,4,9,True
155337,0,259000.0,PhD,M,3,114572,marketing,reaches_CEO,5,0,False
19079,0,140000.0,Bachelor,F,3,59555,marketing,reaches_CEO,5,0,False
10303,0,79000.0,Master,M,2,172541,HR,reaches_CEO,5,0,False
61340,1,148000.0,Master,F,4,180930,sales,reaches_CEO,5,0,False
14054,1,277000.0,Bachelor,M,1,50761,marketing,reaches_CEO,5,0,False
29892,0,153000.0,Bachelor,F,6,34714,sales,reaches_CEO,5,0,False
55087,0,258000.0,Master,M,1,48912,engineering,reaches_CEO,5,0,False
150412,0,218000.0,PhD,M,1,70406,marketing,reaches_CEO,5,0,False
77038,1,225000.0,High_School,M,3,193763,engineering,reaches_CEO,5,0,False
147694,0,280000.0,Master,M,5,114011,engineering,reaches_CEO,5,0,False
133131,0,74000.0,Bachelor,M,5,43420,sales,reaches_CEO,5,0,False
46997,1,254000.0,Master,M,11,167941,sales,reaches_CEO,4,13,True
113068,0,207000.0,PhD,M,4,157966,marketing,reaches_CEO,5,0,False
11817,0,298000.0,High_School,F,6,190249,marketing,reaches_CEO,5,0,False
107547,0,261000.0,Master,F,5,83356,sales,reaches_CEO,4,7,True
164916,0,341000.0,Master,M,4,115694,engineering,reaches_CEO,5,0,False
43559,1,122000.0,Master,M,4,51288,engineering,reaches_CEO,5,0,False
70328,0,78000.0,Master,M,4,66420,HR,reaches_CEO,5,0,False
155671,0,197000.0,High_School,M,2,181772,sales,reaches_CEO,5,0,False
146136,1,206000.0,PhD,M,2,67522,sales,reaches_CEO,5,0,False
99860,1,108000.0,Master,M,1,125755,marketing,reaches_CEO,5,0,False
142151,0,90000.0,Bachelor,F,6,170922,sales,reaches_CEO,5,0,False
70594,0,309000.0,Bachelor,F,5,92585,marketing,reaches_CEO,5,0,False
53452,0,187000.0,Bachelor,M,5,111974,engineering,reaches_CEO,5,0,False
80730,0,260000.0,Master,M,4,81811,sales,reaches_CEO,5,0,False
122470,0,235000.0,PhD,M,2,128966,sales,reaches_CEO,5,0,False
134158,1,96000.0,High_School,F,2,80043,HR,reaches_CEO,5,0,False
30498,0,300000.0,Bachelor,F,4,50761,marketing,reaches_CEO,5,0,False
125855,1,361000.0,PhD,M,30,93708,HR,reaches_CEO,2,3,True
15936,0,173000.0,PhD,F,5,124186,marketing,reaches_CEO,5,0,False
6729,0,88000.0,Bachelor,F,2,51121,HR,reaches_CEO,5,0,False
163305,0,123000.0,Master,F,2,189148,HR,reaches_CEO,5,0,False
181219,1,347000.0,PhD,F,11,196484,marketing,reaches_CEO,4,15,True
131552,1,333000.0,Master,M,1,81860,engineering,reaches_CEO,5,0,False
96801,0,72000.0,High_School,F,2,61443,HR,reaches_CEO,5,0,False
123441,1,190000.0,Bachelor,M,3,132399,sales,reaches_CEO,5,0,False
60753,0,93000.0,Master,F,3,47748,HR,reaches_CEO,5,0,False
52011,0,196000.0,High_School,M,4,75242,engineering,reaches_CEO,5,0,False
111363,0,290000.0,Bachelor,F,5,89002,sales,reaches_CEO,4,9,True
85955,0,267000.0,High_School,F,1,191495,sales,reaches_CEO,5,0,False
183820,0,76000.0,Bachelor,M,2,167188,HR,reaches_CEO,5,0,False
113541,0,96000.0,High_School,F,1,151696,HR,reaches_CEO,5,0,False
2589,0,70000.0,PhD,F,5,197896,HR,reaches_CEO,5,0,False
64814,0,216000.0,PhD,M,1,186086,engineering,reaches_CEO,5,0,False
92431,0,69000.0,Master,M,4,132192,HR,reaches_CEO,5,0,False
189742,1,136000.0,Master,F,10,116660,HR,reaches_CEO,4,14,True
167663,0,112000.0,Master,F,1,34977,sales,reaches_CEO,5,0,False
153457,1,240000.0,Master,F,3,77866,marketing,reaches_CEO,5,0,False
35528,0,78000.0,Master,M,3,189148,HR,reaches_CEO,5,0,False
73533,0,163000.0,High_School,M,2,102712,sales,reaches_CEO,5,0,False
11476,0,60000.0,Bachelor,F,1,51121,HR,reaches_CEO,5,0,False
88126,0,370000.0,High_School,M,1,73649,sales,reaches_CEO,5,0,False
75860,0,140000.0,Bachelor,M,11,91654,engineering,reaches_CEO,4,7,True
123611,0,369000.0,Bachelor,M,4,122145,engineering,reaches_CEO,5,0,False
181015,0,146000.0,Bachelor,M,2,169271,marketing,reaches_CEO,5,0,False
193763,0,158000.0,PhD,F,9,194121,engineering,reaches_CEO,4,9,True
192726,0,64000.0,Master,F,4,100373,HR,reaches_CEO,5,0,False
68069,0,70000.0,Bachelor,F,2,194904,HR,reaches_CEO,5,0,False
47405,1,168000.0,Master,M,4,179212,marketing,reaches_CEO,5,0,False
48833,0,206000.0,Master,F,1,14241,marketing,reaches_CEO,5,0,False
189450,0,198000.0,PhD,F,4,160289,sales,reaches_CEO,5,0,False
60219,0,160000.0,PhD,M,1,162035,sales,reaches_CEO,5,0,False
70638,0,78000.0,Master,F,4,23737,HR,reaches_CEO,5,0,False
7849,1,70000.0,PhD,M,2,95473,sales,reaches_CEO,5,0,False
49892,0,328000.0,Master,M,1,191289,engineering,reaches_CEO,5,0,False
35843,0,107000.0,Master,M,3,17291,sales,reaches_CEO,5,0,False
20371,1,134000.0,PhD,F,1,63077,sales,reaches_CEO,5,0,False
46840,1,143000.0,Bachelor,M,3,60489,marketing,reaches_CEO,5,0,False
192043,1,93000.0,PhD,F,1,140838,HR,reaches_CEO,5,0,False
194688,0,346000.0,High_School,M,2,161727,engineering,reaches_CEO,5,0,False
94603,0,223000.0,Master,M,3,115856,sales,reaches_CEO,5,0,False
43404,1,63000.0,Bachelor,F,2,5889,HR,reaches_CEO,5,0,False
48328,1,312000.0,Master,M,1,54136,marketing,reaches_CEO,5,0,False
23747,0,73000.0,High_School,F,4,119302,HR,reaches_CEO,5,0,False
90639,0,121000.0,PhD,M,14,103443,marketing,reaches_CEO,4,16,True
184018,0,91000.0,Bachelor,F,3,185285,HR,reaches_CEO,5,0,False
17964,0,63000.0,High_School,F,2,150290,HR,reaches_CEO,5,0,False
79113,0,102000.0,High_School,F,5,129626,marketing,reaches_CEO,5,0,False
146118,0,102000.0,High_School,F,3,27718,HR,reaches_CEO,5,0,False
183825,0,70000.0,Master,M,4,168415,HR,reaches_CEO,5,0,False
3854,1,320000.0,Master,M,3,71130,engineering,reaches_CEO,5,0,False
128082,1,375000.0,Bachelor,M,2,68532,engineering,reaches_CEO,5,0,False
1810,0,207000.0,Master,M,2,52923,sales,reaches_CEO,5,0,False
137694,0,78000.0,High_School,F,5,61517,HR,reaches_CEO,5,0,False
4927,1,212000.0,Bachelor,M,8,148418,engineering,reaches_CEO,5,0,False
141564,0,206000.0,High_School,M,2,108164,sales,reaches_CEO,5,0,False
25293,0,146000.0,High_School,M,3,52319,sales,reaches_CEO,5,0,False
33426,0,137000.0,Master,M,6,64452,sales,reaches_CEO,5,0,False
23781,1,255000.0,Master,M,2,141317,sales,reaches_CEO,5,0,False
74811,1,279000.0,PhD,M,1,182038,sales,reaches_CEO,5,0,False
95935,1,107000.0,PhD,F,24,71889,HR,reaches_CEO,3,5,True
40904,0,276000.0,PhD,M,4,92567,engineering,reaches_CEO,4,19,True
112875,1,62000.0,Master,F,4,129778,HR,reaches_CEO,5,0,False
63245,0,85000.0,High_School,M,1,157966,marketing,reaches_CEO,5,0,False
159939,0,329000.0,Master,M,2,102102,sales,reaches_CEO,5,0,False
107425,0,186000.0,Master,M,2,15277,engineering,reaches_CEO,5,0,False
125845,0,120000.0,Bachelor,F,5,62298,HR,reaches_CEO,5,0,False
97058,0,121000.0,Bachelor,M,8,21470,marketing,reaches_CEO,5,0,False
61106,0,67000.0,High_School,M,3,46997,sales,reaches_CEO,5,0,False
155213,1,125000.0,Bachelor,M,1,75198,marketing,reaches_CEO,5,0,False
44705,0,64000.0,Bachelor,M,6,110508,engineering,reaches_CEO,5,0,False
81772,0,249000.0,PhD,M,4,73106,engineering,reaches_CEO,5,0,False
175540,0,69000.0,PhD,F,4,129778,HR,reaches_CEO,5,0,False
52181,0,151000.0,Master,F,5,108428,engineering,reaches_CEO,5,0,False
168296,0,295000.0,High_School,M,1,71945,engineering,reaches_CEO,5,0,False
20518,0,183000.0,Master,F,1,148236,sales,reaches_CEO,5,0,False
133198,0,88000.0,PhD,F,4,141211,HR,reaches_CEO,5,0,False
135984,0,172000.0,Master,M,1,27704,sales,reaches_CEO,5,0,False
81178,1,104000.0,Master,F,2,134658,sales,reaches_CEO,5,0,False
179410,0,67000.0,Master,M,1,742,HR,reaches_CEO,5,0,False
54152,1,215000.0,High_School,M,3,84230,marketing,reaches_CEO,5,0,False
122672,0,298000.0,PhD,M,1,195165,engineering,reaches_CEO,5,0,False
18437,0,389000.0,PhD,M,3,132187,engineering,reaches_CEO,5,0,False
113419,0,156000.0,High_School,F,2,10357,marketing,reaches_CEO,5,0,False
185058,0,139000.0,High_School,F,1,64452,sales,reaches_CEO,5,0,False
198342,0,116000.0,High_School,F,4,44056,HR,reaches_CEO,5,0,False
152521,0,222000.0,PhD,M,6,62161,marketing,reaches_CEO,5,0,False
92567,0,303000.0,Master,M,22,162476,engineering,reaches_CEO,3,7,True
90621,0,148000.0,Master,M,2,88779,sales,reaches_CEO,5,0,False
138687,0,233000.0,Bachelor,F,1,118769,engineering,reaches_CEO,5,0,False
140061,0,191000.0,Master,M,7,181201,sales,reaches_CEO,4,9,True
143476,0,232000.0,PhD,F,6,146473,marketing,reaches_CEO,5,0,False
2557,0,138000.0,High_School,M,1,90639,marketing,reaches_CEO,5,0,False
130405,0,159000.0,PhD,M,2,88303,sales,reaches_CEO,5,0,False
98228,0,158000.0,Master,M,6,50679,sales,reaches_CEO,5,0,False
176577,0,250000.0,High_School,F,4,27704,sales,reaches_CEO,5,0,False
53425,1,78000.0,PhD,M,3,198531,sales,reaches_CEO,5,0,False
93970,0,334000.0,High_School,M,9,81111,engineering,reaches_CEO,5,0,False
79735,1,317000.0,Bachelor,M,12,147555,engineering,reaches_CEO,4,13,True
182459,0,323000.0,Master,M,2,34977,sales,reaches_CEO,5,0,False
187918,0,287000.0,Bachelor,M,1,157931,engineering,reaches_CEO,5,0,False
142879,1,173000.0,PhD,M,5,102632,marketing,reaches_CEO,5,0,False
199669,1,363000.0,PhD,M,1,48120,engineering,reaches_CEO,5,0,False
23533,0,131000.0,PhD,F,3,199282,marketing,reaches_CEO,5,0,False
95805,1,160000.0,Master,F,1,113578,marketing,reaches_CEO,5,0,False
166381,0,263000.0,PhD,M,2,193518,sales,reaches_CEO,5,0,False
35974,1,114000.0,Master,M,1,129626,marketing,reaches_CEO,5,0,False
94682,1,237000.0,High_School,M,5,64750,engineering,reaches_CEO,5,0,False
76191,0,170000.0,High_School,M,5,123358,sales,reaches_CEO,5,0,False
16676,1,316000.0,PhD,M,4,110878,engineering,reaches_CEO,5,0,False
11080,0,213000.0,High_School,M,2,124014,sales,reaches_CEO,5,0,False
130394,1,325000.0,PhD,F,2,123103,engineering,reaches_CEO,5,0,False
136352,0,249000.0,PhD,M,1,113124,sales,reaches_CEO,5,0,False
130503,0,293000.0,PhD,F,3,58365,marketing,reaches_CEO,5,0,False
107011,0,216000.0,Master,F,3,1808,engineering,reaches_CEO,5,0,False
75842,1,197000.0,Master,M,2,101484,engineering,reaches_CEO,5,0,False
172709,0,98000.0,Master,F,8,47748,HR,reaches_CEO,5,0,False
114263,0,110000.0,Bachelor,F,1,118506,HR,reaches_CEO,5,0,False
11854,0,196000.0,Bachelor,F,5,156927,marketing,reaches_CEO,5,0,False
180930,1,301000.0,Bachelor,M,9,91117,sales,reaches_CEO,4,12,True
189627,1,208000.0,High_School,M,10,130489,sales,reaches_CEO,4,12,True
14226,0,95000.0,Bachelor,F,2,21604,HR,reaches_CEO,4,10,True
129700,0,69000.0,Master,F,1,61517,HR,reaches_CEO,5,0,False
22160,0,297000.0,Bachelor,F,9,48730,marketing,reaches_CEO,5,0,False
73620,1,151000.0,PhD,M,3,130449,sales,reaches_CEO,5,0,False
187120,0,322000.0,Master,M,1,88936,sales,reaches_CEO,5,0,False
49544,0,246000.0,PhD,M,6,113245,sales,reaches_CEO,5,0,False
153875,0,75000.0,PhD,M,2,113245,sales,reaches_CEO,5,0,False
74556,0,122000.0,PhD,F,3,151696,HR,reaches_CEO,5,0,False
47899,0,361000.0,Master,M,9,67931,engineering,reaches_CEO,5,0,False
98387,0,83000.0,Bachelor,M,3,123502,HR,reaches_CEO,5,0,False
151681,0,76000.0,PhD,M,3,73254,HR,reaches_CEO,5,0,False
105124,0,142000.0,Master,M,3,178314,marketing,reaches_CEO,5,0,False
174553,1,161000.0,PhD,M,4,149135,engineering,reaches_CEO,5,0,False
25452,1,95000.0,Bachelor,F,3,82657,sales,reaches_CEO,5,0,False
195454,0,67000.0,Master,F,5,168415,HR,reaches_CEO,5,0,False
74204,1,183000.0,Master,M,5,103014,engineering,reaches_CEO,5,0,False
133846,0,265000.0,Bachelor,M,2,55858,engineering,reaches_CEO,5,0,False
66453,0,131000.0,PhD,M,11,171351,engineering,reaches_CEO,4,9,True
10742,0,228000.0,PhD,M,5,85717,sales,reaches_CEO,5,0,False
138834,0,88000.0,Master,M,4,34977,sales,reaches_CEO,5,0,False
160273,1,135000.0,PhD,M,3,162196,engineering,reaches_CEO,5,0,False
42875,1,202000.0,Bachelor,M,2,48690,sales,reaches_CEO,5,0,False
59647,0,248000.0,Bachelor,F,4,51293,sales,reaches_CEO,5,0,False
48532,0,314000.0,Master,M,3,87613,engineering,reaches_CEO,5,0,False
174255,1,155000.0,Bachelor,M,6,5743,sales,reaches_CEO,5,0,False
191246,1,211000.0,Bachelor,M,7,88303,sales,reaches_CEO,5,0,False
35288,1,195000.0,PhD,M,1,87884,engineering,reaches_CEO,5,0,False
149482,0,362000.0,PhD,M,1,190778,marketing,reaches_CEO,5,0,False
94648,0,119000.0,Bachelor,F,2,102498,HR,reaches_CEO,5,0,False
107506,0,150000.0,PhD,M,4,34714,sales,reaches_CEO,5,0,False
163032,0,71000.0,Bachelor,F,6,146111,HR,reaches_CEO,5,0,False
32581,0,298000.0,PhD,M,4,127266,marketing,reaches_CEO,5,0,False
136517,0,68000.0,Bachelor,M,2,104759,HR,reaches_CEO,5,0,False
8247,1,120000.0,Master,M,4,17291,sales,reaches_CEO,5,0,False
85766,0,278000.0,Bachelor,F,5,7966,sales,reaches_CEO,5,0,False
195869,0,209000.0,High_School,M,1,20828,marketing,reaches_CEO,5,0,False
165011,0,68000.0,PhD,F,4,17211,HR,reaches_CEO,5,0,False
60858,1,121000.0,Bachelor,F,2,134944,sales,reaches_CEO,5,0,False
19861,1,62000.0,Bachelor,M,3,183283,HR,reaches_CEO,5,0,False
3076,1,184000.0,High_School,M,1,159996,sales,reaches_CEO,5,0,False
153894,0,62000.0,Master,F,4,185285,HR,reaches_CEO,5,0,False
189077,0,138000.0,PhD,M,2,193920,sales,reaches_CEO,5,0,False
50761,0,340000.0,Bachelor,M,9,114137,marketing,reaches_CEO,4,11,True
38325,0,187000.0,Master,M,8,193518,sales,reaches_CEO,5,0,False
55248,0,83000.0,Bachelor,F,6,98520,marketing,reaches_CEO,5,0,False
89938,1,192000.0,Bachelor,M,3,147819,sales,reaches_CEO,5,0,False
140473,1,103000.0,Master,F,2,64724,marketing,reaches_CEO,5,0,False
15714,0,289000.0,PhD,M,1,87929,sales,reaches_CEO,5,0,False
48405,1,227000.0,PhD,M,2,1808,engineering,reaches_CEO,5,0,False
94963,1,63000.0,Bachelor,M,2,80728,engineering,reaches_CEO,5,0,False
171182,0,120000.0,Master,M,3,41991,sales,reaches_CEO,5,0,False
138045,0,218000.0,Master,M,10,110464,marketing,reaches_CEO,2,4,True
87610,0,102000.0,Bachelor,M,1,69345,sales,reaches_CEO,5,0,False
31013,1,249000.0,Bachelor,F,1,149135,engineering,reaches_CEO,5,0,False
84203,0,235000.0,Bachelor,M,3,27393,sales,reaches_CEO,5,0,False
105677,0,148000.0,Master,F,2,113245,sales,reaches_CEO,5,0,False
28193,0,360000.0,PhD,M,3,81860,engineering,reaches_CEO,5,0,False
150974,0,253000.0,Bachelor,M,1,164638,sales,reaches_CEO,5,0,False
36202,0,240000.0,PhD,M,5,166653,engineering,reaches_CEO,5,0,False
81933,0,105000.0,High_School,F,2,27018,HR,reaches_CEO,5,0,False
18546,0,258000.0,High_School,M,4,180930,sales,reaches_CEO,5,0,False
121722,0,203000.0,PhD,M,5,148032,sales,reaches_CEO,5,0,False
171580,0,354000.0,Master,M,4,68821,engineering,reaches_CEO,5,0,False
187173,0,232000.0,Master,F,4,55481,engineering,reaches_CEO,5,0,False
62951,0,322000.0,Bachelor,M,3,126330,engineering,reaches_CEO,5,0,False
40864,1,92000.0,PhD,M,2,74818,sales,reaches_CEO,5,0,False
167566,0,88000.0,Bachelor,M,1,84193,marketing,reaches_CEO,5,0,False
48494,0,234000.0,Bachelor,F,5,63077,sales,reaches_CEO,5,0,False
78710,1,87000.0,Bachelor,F,3,102498,HR,reaches_CEO,5,0,False
93835,0,93000.0,Master,M,2,158777,marketing,reaches_CEO,5,0,False
150408,0,131000.0,PhD,M,10,61403,engineering,reaches_CEO,4,13,True
143955,0,95000.0,PhD,M,2,90834,sales,reaches_CEO,5,0,False
134500,1,156000.0,Bachelor,M,1,111974,engineering,reaches_CEO,5,0,False
136825,0,175000.0,PhD,M,4,55653,sales,reaches_CEO,5,0,False
175213,0,100000.0,PhD,F,5,142630,HR,reaches_CEO,5,0,False
62503,0,257000.0,Bachelor,M,2,193920,sales,reaches_CEO,5,0,False
112174,1,180000.0,Master,M,2,91345,sales,reaches_CEO,5,0,False
134042,1,192000.0,High_School,M,5,30468,engineering,reaches_CEO,5,0,False
23766,1,250000.0,PhD,M,3,132683,engineering,reaches_CEO,5,0,False
182873,0,65000.0,PhD,F,3,67178,HR,reaches_CEO,5,0,False
17209,0,279000.0,Master,M,1,180930,sales,reaches_CEO,5,0,False
155988,0,282000.0,Master,M,3,140061,sales,reaches_CEO,5,0,False
134455,0,88000.0,PhD,F,1,143473,HR,reaches_CEO,5,0,False
79656,0,77000.0,Bachelor,F,4,53856,HR,reaches_CEO,5,0,False
132702,0,168000.0,Master,F,1,61038,sales,reaches_CEO,5,0,False
7460,0,179000.0,High_School,M,1,137369,sales,reaches_CEO,5,0,False
4078,1,273000.0,PhD,F,6,85717,sales,reaches_CEO,5,0,False
167989,1,104000.0,Bachelor,F,6,102498,HR,reaches_CEO,5,0,False
42772,1,158000.0,Bachelor,F,4,153412,marketing,reaches_CEO,5,0,False
17309,1,296000.0,High_School,M,4,87613,engineering,reaches_CEO,5,0,False
78262,0,91000.0,PhD,M,8,41808,HR,reaches_CEO,5,0,False
161494,1,121000.0,Master,M,2,111974,engineering,reaches_CEO,5,0,False
21165,0,124000.0,Bachelor,F,3,73846,sales,reaches_CEO,5,0,False
117246,0,76000.0,Bachelor,F,3,29733,HR,reaches_CEO,5,0,False
56021,0,371000.0,Master,M,5,141317,sales,reaches_CEO,5,0,False
40557,0,134000.0,High_School,M,5,88007,sales,reaches_CEO,5,0,False
142926,0,210000.0,PhD,M,7,171351,engineering,reaches_CEO,4,8,True
109644,0,250000.0,PhD,F,4,112245,sales,reaches_CEO,5,0,False
67240,1,268000.0,Bachelor,M,2,20901,engineering,reaches_CEO,5,0,False
197498,1,184000.0,High_School,F,1,47618,marketing,reaches_CEO,5,0,False
174500,0,303000.0,High_School,F,1,46178,engineering,reaches_CEO,5,0,False
196872,0,176000.0,Bachelor,F,1,175558,engineering,reaches_CEO,5,0,False
155033,0,283000.0,Bachelor,M,4,157064,marketing,reaches_CEO,5,0,False
133598,0,206000.0,High_School,M,5,64750,engineering,reaches_CEO,5,0,False
15752,0,199000.0,Master,M,5,136147,sales,reaches_CEO,5,0,False
155593,1,183000.0,High_School,M,3,183045,engineering,reaches_CEO,5,0,False
139943,1,375000.0,PhD,F,3,185976,engineering,reaches_CEO,5,0,False
130150,1,145000.0,Bachelor,F,6,59705,sales,reaches_CEO,5,0,False
149032,1,293000.0,Bachelor,M,3,27704,sales,reaches_CEO,5,0,False
35762,0,269000.0,Master,M,5,61811,sales,reaches_CEO,5,0,False
62856,1,207000.0,High_School,M,4,46178,engineering,reaches_CEO,5,0,False
3755,0,278000.0,High_School,M,1,87733,sales,reaches_CEO,5,0,False
77670,1,104000.0,PhD,M,3,66119,sales,reaches_CEO,4,15,True
40838,0,198000.0,Bachelor,F,1,123358,sales,reaches_CEO,5,0,False
89771,0,79000.0,Master,M,4,199184,sales,reaches_CEO,5,0,False
98380,0,326000.0,Bachelor,M,4,159098,engineering,reaches_CEO,5,0,False
39569,1,240000.0,PhD,M,4,144401,sales,reaches_CEO,5,0,False
185459,1,167000.0,Bachelor,M,3,46997,sales,reaches_CEO,5,0,False
19795,0,274000.0,PhD,M,3,153551,sales,reaches_CEO,5,0,False
82227,0,85000.0,Bachelor,F,4,129778,HR,reaches_CEO,5,0,False
87519,0,192000.0,Master,M,1,50761,marketing,reaches_CEO,5,0,False
184470,1,98000.0,Master,M,6,184236,HR,reaches_CEO,5,0,False
38873,0,92000.0,Bachelor,F,4,23737,HR,reaches_CEO,5,0,False
104619,0,167000.0,Bachelor,F,4,188118,sales,reaches_CEO,5,0,False
87625,0,228000.0,PhD,M,2,142104,engineering,reaches_CEO,5,0,False
80853,0,299000.0,PhD,M,6,1872,engineering,reaches_CEO,5,0,False
42103,0,193000.0,PhD,M,4,113578,marketing,reaches_CEO,5,0,False
137602,0,89000.0,Bachelor,M,1,69200,sales,reaches_CEO,5,0,False
5875,0,177000.0,Master,M,14,146600,marketing,reaches_CEO,4,9,True
118115,0,177000.0,Master,M,7,148984,sales,reaches_CEO,5,0,False
136000,0,208000.0,Bachelor,F,4,85717,sales,reaches_CEO,5,0,False
118506,0,93000.0,Bachelor,M,2,25036,HR,reaches_CEO,4,8,True
33020,0,68000.0,High_School,F,6,80240,HR,reaches_CEO,5,0,False
193599,0,223000.0,Master,F,2,112302,engineering,reaches_CEO,5,0,False
164085,0,135000.0,PhD,F,1,59555,marketing,reaches_CEO,5,0,False
151073,0,67000.0,Bachelor,F,1,47260,HR,reaches_CEO,5,0,False
147974,1,182000.0,Master,M,8,25934,engineering,reaches_CEO,5,0,False
189411,0,281000.0,Bachelor,M,1,8198,engineering,reaches_CEO,5,0,False
21575,1,67000.0,PhD,F,6,151838,sales,reaches_CEO,5,0,False
124441,1,285000.0,Bachelor,M,6,67151,engineering,reaches_CEO,5,0,False
152080,0,79000.0,High_School,F,2,73649,sales,reaches_CEO,5,0,False
179436,0,153000.0,PhD,F,1,197206,marketing,reaches_CEO,5,0,False
40375,1,334000.0,Bachelor,M,2,101819,engineering,reaches_CEO,5,0,False
39388,0,130000.0,Master,M,10,66119,sales,reaches_CEO,4,7,True
23982,0,226000.0,High_School,M,3,140542,sales,reaches_CEO,5,0,False
142408,1,182000.0,Master,M,3,175558,engineering,reaches_CEO,5,0,False
122506,0,108000.0,Master,F,2,80043,HR,reaches_CEO,5,0,False
50668,0,82000.0,Master,M,6,94039,sales,reaches_CEO,5,0,False
104454,1,290000.0,Bachelor,M,1,28979,sales,reaches_CEO,5,0,False
139971,0,166000.0,Bachelor,M,1,41080,sales,reaches_CEO,5,0,False
158315,1,213000.0,PhD,F,1,181311,sales,reaches_CEO,5,0,False
93496,0,210000.0,PhD,M,4,77670,sales,reaches_CEO,5,0,False
167256,0,246000.0,Bachelor,F,2,134658,sales,reaches_CEO,5,0,False
168727,0,357000.0,Bachelor,M,3,52525,engineering,reaches_CEO,5,0,False
15747,0,291000.0,PhD,M,4,75242,engineering,reaches_CEO,5,0,False
11277,1,550000.0,Master,M,22,61554,sales,reaches_CEO,1,10,True
78215,0,219000.0,Master,M,3,181201,sales,reaches_CEO,4,12,True
104120,0,181000.0,High_School,F,2,70406,marketing,reaches_CEO,5,0,False
20837,1,79000.0,PhD,F,3,102632,marketing,reaches_CEO,5,0,False
104101,0,281000.0,PhD,M,6,181219,marketing,reaches_CEO,5,0,False
112404,1,237000.0,High_School,M,4,167650,engineering,reaches_CEO,5,0,False
32432,0,281000.0,PhD,M,2,183824,engineering,reaches_CEO,5,0,False
118233,1,249000.0,Master,M,23,149778,marketing,reaches_CEO,3,3,True
191630,1,206000.0,PhD,M,5,162381,engineering,reaches_CEO,5,0,False
53211,0,136000.0,Bachelor,M,6,165442,sales,reaches_CEO,5,0,False
22478,1,81000.0,Master,F,2,149245,marketing,reaches_CEO,5,0,False
194602,1,113000.0,Master,M,3,16510,sales,reaches_CEO,5,0,False
188719,0,135000.0,Bachelor,F,2,132399,sales,reaches_CEO,5,0,False
117939,1,203000.0,Master,M,7,87330,engineering,reaches_CEO,5,0,False
155138,0,82000.0,Master,F,3,189148,HR,reaches_CEO,5,0,False
140097,0,308000.0,High_School,M,7,182556,sales,reaches_CEO,5,0,False
49780,0,238000.0,PhD,F,4,8711,marketing,reaches_CEO,5,0,False
91050,0,129000.0,High_School,F,7,175361,sales,reaches_CEO,5,0,False
153782,0,89000.0,High_School,F,1,193818,HR,reaches_CEO,5,0,False
118329,0,157000.0,Master,F,10,181201,sales,reaches_CEO,4,12,True
97930,1,215000.0,High_School,F,3,62990,sales,reaches_CEO,5,0,False
97195,1,167000.0,PhD,M,4,191351,marketing,reaches_CEO,5,0,False
136356,0,172000.0,Master,F,6,55476,marketing,reaches_CEO,5,0,False
98212,1,321000.0,High_School,M,7,69903,engineering,reaches_CEO,5,0,False
52209,0,210000.0,PhD,M,3,79193,sales,reaches_CEO,5,0,False
185589,0,237000.0,Bachelor,M,6,75045,marketing,reaches_CEO,5,0,False
189222,1,320000.0,Bachelor,F,10,3802,engineering,reaches_CEO,4,14,True
23940,1,200000.0,Master,M,1,74264,marketing,reaches_CEO,5,0,False
137776,0,311000.0,Master,F,11,40132,engineering,reaches_CEO,4,10,True
83854,0,237000.0,Bachelor,M,3,114572,marketing,reaches_CEO,5,0,False
111646,0,70000.0,Bachelor,F,7,172948,HR,reaches_CEO,5,0,False
183283,0,143000.0,Master,M,5,20378,HR,reaches_CEO,4,13,True
69556,1,221000.0,High_School,M,4,186283,engineering,reaches_CEO,5,0,False
77514,0,276000.0,PhD,M,4,1050,engineering,reaches_CEO,5,0,False
99936,0,69000.0,PhD,M,1,144401,sales,reaches_CEO,5,0,False
32306,0,353000.0,Bachelor,M,1,41335,engineering,reaches_CEO,5,0,False
168526,1,111000.0,Bachelor,F,7,142926,engineering,reaches_CEO,5,0,False
76764,1,113000.0,High_School,M,4,153412,marketing,reaches_CEO,5,0,False
17376,0,248000.0,Master,M,4,116750,engineering,reaches_CEO,5,0,False
16423,0,96000.0,Bachelor,M,4,190566,marketing,reaches_CEO,5,0,False
62587,0,277000.0,Master,M,3,168791,engineering,reaches_CEO,5,0,False
60570,0,329000.0,Bachelor,M,3,198424,marketing,reaches_CEO,5,0,False
27661,0,101000.0,Master,F,1,154375,HR,reaches_CEO,5,0,False
22574,0,75000.0,Master,M,2,143473,HR,reaches_CEO,5,0,False
130489,0,284000.0,Master,M,19,36075,sales,reaches_CEO,3,2,True
73244,0,144000.0,PhD,M,4,115591,sales,reaches_CEO,5,0,False
168567,1,266000.0,Master,M,6,186283,engineering,reaches_CEO,5,0,False
181882,0,62000.0,Bachelor,M,4,104539,HR,reaches_CEO,5,0,False
49727,1,91000.0,PhD,F,17,84011,sales,reaches_CEO,3,7,True
123922,0,190000.0,PhD,M,2,157931,engineering,reaches_CEO,5,0,False
18953,0,393000.0,Bachelor,M,1,43602,engineering,reaches_CEO,5,0,False
60956,0,263000.0,High_School,M,5,4259,engineering,reaches_CEO,5,0,False
197547,0,155000.0,Master,F,4,164638,sales,reaches_CEO,5,0,False
194656,0,159000.0,High_School,M,4,136468,sales,reaches_CEO,5,0,False
157966,0,361000.0,PhD,M,7,134556,marketing,reaches_CEO,4,10,True
32194,0,117000.0,Bachelor,M,9,166591,sales,reaches_CEO,5,0,False
165417,0,270000.0,Master,F,5,119991,engineering,reaches_CEO,5,0,False
172591,0,234000.0,Master,F,3,65856,sales,reaches_CEO,5,0,False
199487,0,157000.0,Bachelor,M,2,80728,engineering,reaches_CEO,5,0,False
42948,0,92000.0,High_School,F,5,139278,HR,reaches_CEO,5,0,False
31956,1,120000.0,Master,M,4,77613,sales,reaches_CEO,5,0,False
114591,0,62000.0,Bachelor,F,4,23737,HR,reaches_CEO,5,0,False
163659,1,252000.0,Bachelor,M,2,52313,sales,reaches_CEO,5,0,False
11540,0,331000.0,High_School,M,3,54315,sales,reaches_CEO,5,0,False
39534,1,131000.0,Bachelor,M,1,19524,marketing,reaches_CEO,5,0,False
161198,0,138000.0,High_School,M,1,17291,sales,reaches_CEO,5,0,False
45726,0,69000.0,Master,M,1,51121,HR,reaches_CEO,5,0,False
199956,1,133000.0,Bachelor,F,5,5282,sales,reaches_CEO,5,0,False
183120,0,377000.0,PhD,F,1,111508,marketing,reaches_CEO,5,0,False
108428,1,202000.0,Master,M,10,117030,engineering,reaches_CEO,4,16,True
142406,0,159000.0,High_School,F,2,27781,marketing,reaches_CEO,5,0,False
89002,1,189000.0,Master,M,15,34280,sales,reaches_CEO,3,5,True
41175,0,263000.0,PhD,M,5,61403,engineering,reaches_CEO,4,9,True
29608,0,135000.0,PhD,M,6,103421,engineering,reaches_CEO,5,0,False
1050,1,129000.0,Master,M,6,71595,engineering,reaches_CEO,4,14,True
165467,0,333000.0,Bachelor,M,2,66453,engineering,reaches_CEO,5,0,False
101576,1,272000.0,High_School,M,2,169574,marketing,reaches_CEO,5,0,False
57659,1,171000.0,PhD,M,4,122762,sales,reaches_CEO,5,0,False
64885,0,150000.0,PhD,M,3,199282,marketing,reaches_CEO,5,0,False
4845,0,216000.0,Bachelor,M,3,160289,sales,reaches_CEO,5,0,False
57453,0,236000.0,Master,F,4,91124,sales,reaches_CEO,5,0,False
76107,1,324000.0,PhD,M,6,199282,marketing,reaches_CEO,5,0,False
8142,1,179000.0,PhD,M,4,27393,sales,reaches_CEO,5,0,False
6089,0,218000.0,PhD,M,5,181311,sales,reaches_CEO,5,0,False
174074,0,157000.0,High_School,M,1,46997,sales,reaches_CEO,5,0,False
53269,0,235000.0,Master,M,3,142367,sales,reaches_CEO,5,0,False
169872,0,232000.0,PhD,F,3,98558,engineering,reaches_CEO,5,0,False
87077,0,85000.0,PhD,M,7,107694,HR,reaches_CEO,5,0,False
27471,0,112000.0,Master,M,2,92585,marketing,reaches_CEO,5,0,False
147696,1,354000.0,Bachelor,M,2,27393,sales,reaches_CEO,5,0,False
77258,0,77000.0,Bachelor,M,7,68222,HR,reaches_CEO,5,0,False
150668,0,112000.0,Master,M,3,171461,HR,reaches_CEO,5,0,False
37794,0,74000.0,PhD,M,2,139278,HR,reaches_CEO,5,0,False
80286,0,66000.0,High_School,M,5,67178,HR,reaches_CEO,5,0,False
139754,1,175000.0,PhD,F,4,21377,sales,reaches_CEO,5,0,False
101504,0,193000.0,Master,F,6,82698,sales,reaches_CEO,5,0,False
149855,0,72000.0,Bachelor,M,3,54997,sales,reaches_CEO,5,0,False
39543,1,192000.0,Bachelor,M,3,68998,marketing,reaches_CEO,5,0,False
7027,0,91000.0,Bachelor,F,6,168564,sales,reaches_CEO,5,0,False
148829,0,171000.0,Master,M,1,15277,engineering,reaches_CEO,5,0,False
1933,0,179000.0,PhD,M,7,7349,marketing,reaches_CEO,5,0,False
109075,0,246000.0,High_School,M,2,166928,engineering,reaches_CEO,5,0,False
192229,1,297000.0,Bachelor,M,5,197206,marketing,reaches_CEO,5,0,False
31561,1,149000.0,PhD,M,8,198032,sales,reaches_CEO,5,0,False
162586,1,266000.0,Bachelor,M,3,107493,engineering,reaches_CEO,5,0,False
80821,1,145000.0,Master,M,3,24071,engineering,reaches_CEO,5,0,False
69124,0,130000.0,Bachelor,F,6,94039,sales,reaches_CEO,5,0,False
106335,0,84000.0,High_School,M,4,169849,HR,reaches_CEO,5,0,False
137942,1,197000.0,PhD,M,4,48730,marketing,reaches_CEO,5,0,False
24656,1,137000.0,High_School,F,2,29547,engineering,reaches_CEO,5,0,False
12548,0,144000.0,PhD,M,4,4259,engineering,reaches_CEO,5,0,False
13430,1,260000.0,Master,M,3,175361,sales,reaches_CEO,5,0,False
32070,0,287000.0,PhD,M,4,122197,engineering,reaches_CEO,5,0,False
192666,1,72000.0,Bachelor,M,2,9239,sales,reaches_CEO,5,0,False
141002,1,168000.0,Master,M,3,162381,engineering,reaches_CEO,5,0,False
160961,0,304000.0,PhD,F,6,147819,sales,reaches_CEO,5,0,False
158826,0,321000.0,High_School,M,4,145710,engineering,reaches_CEO,5,0,False
41775,0,147000.0,Bachelor,M,1,78516,sales,reaches_CEO,5,0,False
31002,0,71000.0,PhD,F,4,252,HR,reaches_CEO,5,0,False
54963,0,97000.0,High_School,M,13,142146,sales,reaches_CEO,3,1,True
182154,0,313000.0,PhD,M,2,48120,engineering,reaches_CEO,5,0,False
197166,0,103000.0,Bachelor,M,4,182556,sales,reaches_CEO,5,0,False
46849,0,134000.0,Bachelor,F,4,88007,sales,reaches_CEO,5,0,False
23896,1,196000.0,PhD,M,1,82463,marketing,reaches_CEO,5,0,False
42822,0,98000.0,High_School,M,2,150290,HR,reaches_CEO,5,0,False
99642,0,82000.0,Bachelor,M,3,31063,HR,reaches_CEO,5,0,False
180371,0,95000.0,PhD,F,2,57701,HR,reaches_CEO,5,0,False
190181,0,233000.0,PhD,M,6,64724,marketing,reaches_CEO,5,0,False
23901,0,206000.0,Master,M,2,68998,marketing,reaches_CEO,5,0,False
179405,0,174000.0,Bachelor,F,3,23565,sales,reaches_CEO,5,0,False
88399,0,136000.0,Master,M,3,178797,sales,reaches_CEO,5,0,False
182142,0,141000.0,High_School,M,4,66160,sales,reaches_CEO,5,0,False
130616,1,299000.0,High_School,M,2,91254,marketing,reaches_CEO,5,0,False
119833,1,283000.0,Master,M,15,84011,sales,reaches_CEO,3,3,True
71484,0,213000.0,Bachelor,M,2,140061,sales,reaches_CEO,5,0,False
48298,0,136000.0,High_School,M,9,91254,marketing,reaches_CEO,5,0,False
171106,0,320000.0,Master,F,6,107547,sales,reaches_CEO,5,0,False
132234,0,241000.0,Bachelor,M,2,65856,sales,reaches_CEO,5,0,False
116992,1,204000.0,Bachelor,F,2,147819,sales,reaches_CEO,5,0,False
170717,0,386000.0,Bachelor,M,2,167650,engineering,reaches_CEO,5,0,False
183971,1,351000.0,PhD,M,2,24071,engineering,reaches_CEO,5,0,False
104953,0,61000.0,Bachelor,F,1,119231,HR,reaches_CEO,5,0,False
109928,0,68000.0,Bachelor,F,7,179149,HR,reaches_CEO,5,0,False
88583,0,212000.0,High_School,F,4,131620,sales,reaches_CEO,5,0,False
177608,0,82000.0,High_School,M,4,167389,sales,reaches_CEO,5,0,False
84011,0,328000.0,Bachelor,F,30,11277,sales,reaches_CEO,2,9,True
106594,1,272000.0,PhD,F,1,143317,sales,reaches_CEO,5,0,False
146584,0,360000.0,Bachelor,M,2,52319,sales,reaches_CEO,5,0,False
73598,0,291000.0,High_School,M,1,179212,marketing,reaches_CEO,5,0,False
164657,1,187000.0,Bachelor,M,6,82657,sales,reaches_CEO,5,0,False
173330,0,234000.0,Bachelor,F,2,41335,engineering,reaches_CEO,5,0,False
120852,0,255000.0,Bachelor,M,1,10773,engineering,reaches_CEO,5,0,False
133269,1,359000.0,Bachelor,M,3,183045,engineering,reaches_CEO,5,0,False
139252,0,131000.0,Bachelor,F,3,182531,sales,reaches_CEO,5,0,False
52189,0,118000.0,Bachelor,F,1,193920,sales,reaches_CEO,5,0,False
113874,1,198000.0,High_School,M,1,126368,sales,reaches_CEO,5,0,False
75045,0,181000.0,PhD,F,2,124893,marketing,reaches_CEO,4,11,True
43412,0,196000.0,High_School,M,7,182116,sales,reaches_CEO,5,0,False
181020,1,383000.0,High_School,M,1,169664,engineering,reaches_CEO,5,0,False
71130,0,304000.0,PhD,M,8,8207,engineering,reaches_CEO,4,14,True
181781,0,110000.0,Bachelor,F,6,110260,HR,reaches_CEO,4,11,True
41862,0,136000.0,High_School,M,4,132360,sales,reaches_CEO,5,0,False
190361,1,97000.0,Bachelor,M,2,142850,sales,reaches_CEO,5,0,False
69379,1,191000.0,Master,M,10,183175,sales,reaches_CEO,4,12,True
141763,0,74000.0,Bachelor,M,3,132192,HR,reaches_CEO,5,0,False
158095,0,262000.0,High_School,M,3,152791,sales,reaches_CEO,5,0,False
15019,1,119000.0,Bachelor,M,2,153412,marketing,reaches_CEO,5,0,False
99038,1,379000.0,High_School,M,2,66453,engineering,reaches_CEO,5,0,False
91202,0,338000.0,Master,M,3,59353,engineering,reaches_CEO,5,0,False
97241,0,264000.0,Master,F,2,191083,marketing,reaches_CEO,5,0,False
164878,0,222000.0,Master,M,7,10357,marketing,reaches_CEO,5,0,False
63563,0,126000.0,PhD,M,3,105542,marketing,reaches_CEO,5,0,False
98538,0,138000.0,PhD,M,2,164439,marketing,reaches_CEO,5,0,False
128205,0,72000.0,Master,F,1,9400,HR,reaches_CEO,5,0,False
171765,0,154000.0,Bachelor,M,4,37124,sales,reaches_CEO,5,0,False
193920,0,217000.0,Bachelor,F,14,141808,sales,reaches_CEO,4,13,True
137439,0,119000.0,Master,F,2,168415,HR,reaches_CEO,5,0,False
4542,0,147000.0,High_School,F,4,125775,marketing,reaches_CEO,5,0,False
186368,1,128000.0,High_School,M,5,41721,marketing,reaches_CEO,5,0,False
80294,0,199000.0,Bachelor,M,3,79807,engineering,reaches_CEO,5,0,False
102258,0,169000.0,High_School,F,6,62990,sales,reaches_CEO,5,0,False
178408,0,253000.0,Master,M,2,7212,marketing,reaches_CEO,5,0,False
143691,0,244000.0,High_School,M,2,24071,engineering,reaches_CEO,5,0,False
46727,1,115000.0,PhD,M,2,158777,marketing,reaches_CEO,5,0,False
154781,0,198000.0,PhD,M,2,87613,engineering,reaches_CEO,5,0,False
12214,0,190000.0,Master,M,14,171907,sales,reaches_CEO,4,11,True
165454,0,83000.0,High_School,F,2,8812,HR,reaches_CEO,5,0,False
149162,0,245000.0,Bachelor,F,1,134671,sales,reaches_CEO,5,0,False
18710,1,150000.0,PhD,M,5,189222,engineering,reaches_CEO,5,0,False
14477,0,205000.0,PhD,M,2,6335,sales,reaches_CEO,5,0,False
13449,0,191000.0,PhD,M,4,46178,engineering,reaches_CEO,5,0,False
129740,1,250000.0,PhD,M,4,196058,marketing,reaches_CEO,5,0,False
51447,0,122000.0,PhD,F,1,144976,sales,reaches_CEO,5,0,False
3249,0,241000.0,PhD,F,3,66453,engineering,reaches_CEO,5,0,False
180216,1,72000.0,Master,M,3,182116,sales,reaches_CEO,5,0,False
79594,0,79000.0,Bachelor,F,3,4384,HR,reaches_CEO,5,0,False
128456,1,310000.0,Master,M,1,142367,sales,reaches_CEO,5,0,False
133012,0,172000.0,Bachelor,F,6,84230,marketing,reaches_CEO,5,0,False
192542,0,106000.0,High_School,M,5,169223,engineering,reaches_CEO,5,0,False
133628,0,186000.0,High_School,M,2,26183,sales,reaches_CEO,5,0,False
8893,1,203000.0,PhD,F,2,130449,sales,reaches_CEO,5,0,False
156380,0,64000.0,Bachelor,M,3,53856,HR,reaches_CEO,5,0,False
57316,0,260000.0,Master,M,13,157492,sales,reaches_CEO,4,13,True
6220,0,250000.0,Bachelor,M,1,87847,sales,reaches_CEO,5,0,False
44985,0,90000.0,Bachelor,F,8,51121,HR,reaches_CEO,5,0,False
71947,0,124000.0,PhD,F,3,179212,marketing,reaches_CEO,5,0,False
170663,0,88000.0,Master,M,5,134728,marketing,reaches_CEO,5,0,False
112679,1,136000.0,Master,M,3,71585,sales,reaches_CEO,5,0,False
34457,0,259000.0,PhD,F,1,180925,sales,reaches_CEO,5,0,False
144558,0,221000.0,Master,M,5,88779,sales,reaches_CEO,5,0,False
154451,1,112000.0,Master,M,5,171940,marketing,reaches_CEO,5,0,False
14146,1,279000.0,PhD,M,5,159098,engineering,reaches_CEO,5,0,False
199703,0,80000.0,Bachelor,F,3,51923,HR,reaches_CEO,5,0,False
145632,0,184000.0,PhD,M,4,103912,sales,reaches_CEO,5,0,False
50341,0,96000.0,PhD,F,3,169833,HR,reaches_CEO,5,0,False
99682,0,97000.0,High_School,F,1,43704,HR,reaches_CEO,5,0,False
48572,0,195000.0,Master,M,2,146220,marketing,reaches_CEO,5,0,False
138870,1,394000.0,Master,F,2,73106,engineering,reaches_CEO,5,0,False
177837,0,96000.0,Bachelor,M,4,80043,HR,reaches_CEO,5,0,False
117030,0,387000.0,Bachelor,F,19,109804,engineering,reaches_CEO,3,4,True
1199,1,277000.0,High_School,M,8,62081,sales,reaches_CEO,5,0,False
107020,0,67000.0,High_School,F,1,130135,HR,reaches_CEO,5,0,False
64097,0,182000.0,PhD,M,3,1610,engineering,reaches_CEO,5,0,False
117024,1,61000.0,PhD,M,1,126257,engineering,reaches_CEO,5,0,False
88360,1,260000.0,High_School,F,6,132283,engineering,reaches_CEO,5,0,False
101306,0,81000.0,PhD,F,1,29749,HR,reaches_CEO,5,0,False
163389,0,77000.0,High_School,F,5,22887,HR,reaches_CEO,5,0,False
23986,0,215000.0,Master,M,2,198778,engineering,reaches_CEO,5,0,False
129429,1,276000.0,Master,M,3,128447,engineering,reaches_CEO,5,0,False
169634,0,132000.0,Master,M,3,43704,HR,reaches_CEO,5,0,False
173538,0,369000.0,Bachelor,F,1,58522,engineering,reaches_CEO,5,0,False
58511,0,255000.0,PhD,M,2,188118,sales,reaches_CEO,5,0,False
22355,0,73000.0,High_School,F,1,10786,HR,reaches_CEO,5,0,False
32601,1,245000.0,Master,M,1,101819,engineering,reaches_CEO,5,0,False
9992,0,138000.0,Master,M,2,149485,sales,reaches_CEO,5,0,False
1334,0,76000.0,Bachelor,M,2,94447,HR,reaches_CEO,5,0,False
82323,0,381000.0,Bachelor,M,5,189038,engineering,reaches_CEO,5,0,False
71444,0,146000.0,Master,M,2,34163,sales,reaches_CEO,5,0,False
73807,0,219000.0,Bachelor,M,1,84828,engineering,reaches_CEO,5,0,False
132315,0,98000.0,Bachelor,F,4,16445,HR,reaches_CEO,5,0,False
124340,0,300000.0,PhD,F,7,91002,marketing,reaches_CEO,5,0,False
71569,1,209000.0,PhD,M,1,22090,marketing,reaches_CEO,5,0,False
174039,0,272000.0,Bachelor,M,1,170076,engineering,reaches_CEO,5,0,False
31055,1,393000.0,PhD,M,2,120638,engineering,reaches_CEO,5,0,False
112751,0,311000.0,PhD,M,2,43420,sales,reaches_CEO,5,0,False
85411,1,229000.0,Bachelor,F,3,169664,engineering,reaches_CEO,5,0,False
93803,0,93000.0,Master,F,3,117376,HR,reaches_CEO,5,0,False
34710,1,242000.0,High_School,F,6,61988,engineering,reaches_CEO,5,0,False
176264,0,310000.0,Master,M,2,30640,engineering,reaches_CEO,5,0,False
23565,0,97000.0,Master,F,5,78493,sales,reaches_CEO,4,12,True
64978,0,216000.0,PhD,M,1,4440,marketing,reaches_CEO,5,0,False
169917,0,315000.0,PhD,M,4,115694,engineering,reaches_CEO,5,0,False
46694,1,256000.0,PhD,F,5,196660,sales,reaches_CEO,5,0,False
89244,0,145000.0,Bachelor,F,2,129626,marketing,reaches_CEO,5,0,False
65224,0,95000.0,Master,M,1,62990,sales,reaches_CEO,5,0,False
112533,0,232000.0,High_School,F,9,109254,sales,reaches_CEO,5,0,False
86645,1,97000.0,Bachelor,M,1,55431,sales,reaches_CEO,5,0,False
192169,1,73000.0,Bachelor,M,3,51288,engineering,reaches_CEO,5,0,False
169331,0,228000.0,Master,F,6,12679,sales,reaches_CEO,5,0,False
165137,0,372000.0,PhD,M,3,61811,sales,reaches_CEO,5,0,False
177857,0,85000.0,PhD,F,2,4384,HR,reaches_CEO,5,0,False
172840,0,212000.0,PhD,M,7,18939,sales,reaches_CEO,5,0,False
119641,1,209000.0,Bachelor,M,3,62161,marketing,reaches_CEO,5,0,False
6371,0,260000.0,High_School,M,2,16073,marketing,reaches_CEO,5,0,False
96328,0,167000.0,High_School,M,3,158888,sales,reaches_CEO,5,0,False
120549,1,100000.0,Master,F,3,132026,marketing,reaches_CEO,5,0,False
149510,0,103000.0,Master,F,3,172321,sales,reaches_CEO,5,0,False
100884,0,167000.0,PhD,M,1,168905,engineering,reaches_CEO,5,0,False
196008,1,237000.0,Master,M,1,127275,engineering,reaches_CEO,5,0,False
188626,1,127000.0,High_School,M,4,180854,sales,reaches_CEO,5,0,False
190065,0,279000.0,PhD,M,3,143437,marketing,reaches_CEO,4,10,True
174808,1,260000.0,PhD,M,3,58365,marketing,reaches_CEO,5,0,False
18766,1,312000.0,Bachelor,M,4,43602,engineering,reaches_CEO,5,0,False
105637,0,148000.0,Master,M,2,48912,engineering,reaches_CEO,5,0,False
149926,1,266000.0,PhD,M,2,73106,engineering,reaches_CEO,5,0,False
100559,0,171000.0,High_School,M,1,91345,sales,reaches_CEO,5,0,False
86940,1,129000.0,High_School,M,6,188118,sales,reaches_CEO,5,0,False
27526,0,171000.0,PhD,F,5,116750,engineering,reaches_CEO,5,0,False
83409,0,220000.0,High_School,M,2,64750,engineering,reaches_CEO,5,0,False
27598,0,344000.0,Master,M,1,164638,sales,reaches_CEO,5,0,False
43490,1,351000.0,High_School,M,2,167921,engineering,reaches_CEO,5,0,False
185080,0,215000.0,Bachelor,M,6,180854,sales,reaches_CEO,5,0,False
162053,0,116000.0,Bachelor,F,1,66160,sales,reaches_CEO,5,0,False
124945,0,84000.0,PhD,F,1,54808,sales,reaches_CEO,5,0,False
55479,0,265000.0,Master,M,8,128447,engineering,reaches_CEO,5,0,False
2807,0,128000.0,Master,M,1,56316,sales,reaches_CEO,5,0,False
107523,0,173000.0,Master,F,3,180037,sales,reaches_CEO,5,0,False
155376,1,161000.0,Master,M,6,82698,sales,reaches_CEO,5,0,False
146309,0,221000.0,Master,M,1,123000,sales,reaches_CEO,5,0,False
90356,0,221000.0,High_School,M,1,113618,marketing,reaches_CEO,5,0,False
41207,0,129000.0,Bachelor,M,2,181772,sales,reaches_CEO,5,0,False
110464,1,550000.0,Master,M,21,61554,marketing,reaches_CEO,1,9,True
51288,0,97000.0,Master,M,14,140317,engineering,reaches_CEO,4,13,True
181164,0,357000.0,High_School,M,6,186283,engineering,reaches_CEO,5,0,False
50495,1,109000.0,Master,M,2,175365,marketing,reaches_CEO,5,0,False
141934,1,261000.0,Master,M,4,52319,sales,reaches_CEO,5,0,False
72937,0,350000.0,PhD,M,5,158777,marketing,reaches_CEO,5,0,False
27680,0,161000.0,PhD,M,3,112750,engineering,reaches_CEO,5,0,False
154235,0,73000.0,High_School,M,5,149135,engineering,reaches_CEO,5,0,False
192826,0,286000.0,PhD,M,2,60489,marketing,reaches_CEO,5,0,False
147438,0,164000.0,PhD,M,1,197832,marketing,reaches_CEO,5,0,False
73101,0,78000.0,Bachelor,F,3,61443,HR,reaches_CEO,5,0,False
199566,0,68000.0,Master,F,6,73254,HR,reaches_CEO,5,0,False
35434,0,322000.0,High_School,M,1,56316,sales,reaches_CEO,5,0,False
32316,0,284000.0,Bachelor,F,4,191073,sales,reaches_CEO,5,0,False
110760,0,75000.0,Bachelor,F,6,113618,marketing,reaches_CEO,5,0,False
194271,0,240000.0,Master,M,5,199184,sales,reaches_CEO,5,0,False
10414,1,395000.0,PhD,M,3,26468,engineering,reaches_CEO,5,0,False
106693,1,135000.0,Bachelor,F,2,54315,sales,reaches_CEO,5,0,False
79958,0,384000.0,Bachelor,F,5,61988,engineering,reaches_CEO,5,0,False
147268,0,102000.0,Bachelor,F,5,85426,HR,reaches_CEO,5,0,False
27327,0,131000.0,PhD,F,3,198424,marketing,reaches_CEO,5,0,False
150110,0,176000.0,Master,F,2,184998,sales,reaches_CEO,5,0,False
143832,0,79000.0,Master,F,3,5889,HR,reaches_CEO,5,0,False
140528,0,64000.0,PhD,M,1,66420,HR,reaches_CEO,5,0,False
121048,0,143000.0,PhD,F,3,144401,sales,reaches_CEO,5,0,False
34569,1,124000.0,High_School,M,5,191351,marketing,reaches_CEO,5,0,False
152011,1,78000.0,High_School,M,1,91124,sales,reaches_CEO,5,0,False
59806,1,85000.0,Master,M,3,42096,sales,reaches_CEO,5,0,False
51266,0,282000.0,Bachelor,M,1,47472,engineering,reaches_CEO,5,0,False
188711,0,66000.0,High_School,M,2,16445,HR,reaches_CEO,5,0,False
170363,0,104000.0,PhD,F,3,14226,HR,reaches_CEO,5,0,False
80670,0,61000.0,PhD,F,6,57701,HR,reaches_CEO,5,0,False
136986,0,203000.0,High_School,M,2,187053,engineering,reaches_CEO,5,0,False
13862,1,196000.0,Master,M,2,92210,sales,reaches_CEO,5,0,False
80032,0,226000.0,High_School,M,1,33266,marketing,reaches_CEO,5,0,False
100440,1,218000.0,PhD,M,4,178797,sales,reaches_CEO,5,0,False
54798,0,64000.0,Master,M,6,80240,HR,reaches_CEO,5,0,False
165229,0,100000.0,Master,F,2,29733,HR,reaches_CEO,5,0,False
131223,0,72000.0,Master,M,1,50679,sales,reaches_CEO,5,0,False
70581,0,141000.0,PhD,F,2,131525,sales,reaches_CEO,5,0,False
137744,0,327000.0,PhD,F,3,68532,engineering,reaches_CEO,5,0,False
107468,0,210000.0,Bachelor,M,3,18312,engineering,reaches_CEO,5,0,False
7813,1,135000.0,Master,F,1,192145,sales,reaches_CEO,5,0,False
158056,0,338000.0,PhD,M,4,33814,engineering,reaches_CEO,4,9,True
16125,1,138000.0,High_School,M,6,100373,HR,reaches_CEO,5,0,False
127661,1,220000.0,High_School,F,1,112643,sales,reaches_CEO,5,0,False
16768,0,160000.0,Master,M,7,143317,sales,reaches_CEO,5,0,False
46573,0,177000.0,Master,F,4,183065,engineering,reaches_CEO,5,0,False
64675,0,228000.0,Master,M,3,21377,sales,reaches_CEO,5,0,False
52008,1,175000.0,High_School,M,4,122145,engineering,reaches_CEO,5,0,False
154703,0,363000.0,PhD,M,10,18295,engineering,reaches_CEO,4,6,True
66942,1,78000.0,Bachelor,M,6,103421,engineering,reaches_CEO,5,0,False
52191,0,167000.0,PhD,M,4,63832,marketing,reaches_CEO,5,0,False
11426,1,289000.0,Bachelor,M,1,198875,engineering,reaches_CEO,5,0,False
2689,1,249000.0,High_School,M,5,60489,marketing,reaches_CEO,5,0,False
73509,0,243000.0,PhD,M,3,9239,sales,reaches_CEO,5,0,False
13281,0,115000.0,High_School,M,2,66453,engineering,reaches_CEO,5,0,False
1406,1,346000.0,Bachelor,M,1,174122,engineering,reaches_CEO,5,0,False
176126,1,196000.0,PhD,M,4,51738,engineering,reaches_CEO,5,0,False
119480,0,172000.0,High_School,M,9,127275,engineering,reaches_CEO,5,0,False
75275,0,75000.0,PhD,F,2,80043,HR,reaches_CEO,5,0,False
1697,0,220000.0,Bachelor,F,2,32159,sales,reaches_CEO,5,0,False
109467,0,222000.0,PhD,M,1,81860,engineering,reaches_CEO,5,0,False
24293,0,229000.0,Master,M,2,142850,sales,reaches_CEO,5,0,False
104484,1,130000.0,Bachelor,M,6,61811,sales,reaches_CEO,5,0,False
149902,1,219000.0,Master,M,5,129734,engineering,reaches_CEO,5,0,False
130321,0,217000.0,Master,M,4,82698,sales,reaches_CEO,5,0,False
52484,0,77000.0,Bachelor,F,3,175548,HR,reaches_CEO,5,0,False
6160,1,185000.0,PhD,M,2,67931,engineering,reaches_CEO,5,0,False
76792,0,80000.0,Bachelor,F,5,80240,HR,reaches_CEO,5,0,False
46955,0,339000.0,Bachelor,M,1,198648,marketing,reaches_CEO,5,0,False
88419,0,60000.0,PhD,F,7,126515,HR,reaches_CEO,5,0,False
30783,0,365000.0,PhD,M,1,132309,sales,reaches_CEO,5,0,False
128913,1,148000.0,Master,M,3,116119,marketing,reaches_CEO,5,0,False
22109,0,271000.0,Bachelor,F,2,181311,sales,reaches_CEO,5,0,False
5901,0,73000.0,PhD,M,2,180925,sales,reaches_CEO,5,0,False
127076,1,245000.0,PhD,M,3,81644,engineering,reaches_CEO,5,0,False
51838,1,77000.0,High_School,M,2,154375,HR,reaches_CEO,5,0,False
157313,1,250000.0,Master,M,2,60489,marketing,reaches_CEO,5,0,False
38000,1,375000.0,PhD,M,2,154891,engineering,reaches_CEO,5,0,False
91876,0,214000.0,PhD,M,2,114572,marketing,reaches_CEO,5,0,False
16207,0,110000.0,Bachelor,F,2,199950,HR,reaches_CEO,5,0,False
171705,0,104000.0,PhD,F,1,61443,HR,reaches_CEO,5,0,False
67690,0,150000.0,Master,M,6,167877,sales,reaches_CEO,5,0,False
41721,0,176000.0,PhD,M,10,162889,marketing,reaches_CEO,4,9,True
160675,0,136000.0,PhD,F,6,35499,sales,reaches_CEO,5,0,False
162864,0,85000.0,Master,M,1,153412,marketing,reaches_CEO,5,0,False
85350,0,237000.0,Master,M,4,48352,engineering,reaches_CEO,5,0,False
62787,0,173000.0,Master,M,1,26757,marketing,reaches_CEO,5,0,False
36586,0,191000.0,Master,F,4,49729,sales,reaches_CEO,5,0,False
6083,0,246000.0,PhD,M,8,152960,sales,reaches_CEO,5,0,False
135064,0,223000.0,Bachelor,M,1,47618,marketing,reaches_CEO,5,0,False
65583,0,198000.0,Master,F,1,24979,marketing,reaches_CEO,5,0,False
67673,1,242000.0,High_School,M,3,23120,marketing,reaches_CEO,5,0,False
32177,1,212000.0,PhD,M,6,48690,sales,reaches_CEO,5,0,False
77369,1,173000.0,High_School,M,2,164326,sales,reaches_CEO,5,0,False
83032,1,98000.0,PhD,M,11,87344,marketing,reaches_CEO,4,12,True
187398,0,148000.0,Master,M,1,137776,engineering,reaches_CEO,5,0,False
8559,0,92000.0,Master,F,4,172541,HR,reaches_CEO,5,0,False
22042,0,266000.0,Bachelor,M,2,62081,sales,reaches_CEO,5,0,False
103286,0,177000.0,High_School,F,2,3260,engineering,reaches_CEO,5,0,False
18667,0,108000.0,High_School,M,7,118329,sales,reaches_CEO,5,0,False
108474,0,62000.0,Bachelor,M,4,22887,HR,reaches_CEO,5,0,False
130782,1,88000.0,PhD,M,4,175558,engineering,reaches_CEO,5,0,False
86123,1,397000.0,Bachelor,M,6,122145,engineering,reaches_CEO,5,0,False
23331,0,179000.0,PhD,M,3,90834,sales,reaches_CEO,5,0,False
175738,1,163000.0,Master,M,3,102815,sales,reaches_CEO,5,0,False
3605,0,210000.0,PhD,M,2,59939,marketing,reaches_CEO,5,0,False
193030,1,85000.0,Master,F,2,79934,engineering,reaches_CEO,5,0,False
82636,1,101000.0,Master,F,1,130449,sales,reaches_CEO,5,0,False
71735,0,390000.0,PhD,M,4,167921,engineering,reaches_CEO,5,0,False
103080,1,302000.0,Master,M,2,160169,sales,reaches_CEO,5,0,False
190503,1,95000.0,Master,F,1,168415,HR,reaches_CEO,5,0,False
35156,0,75000.0,High_School,M,4,184885,HR,reaches_CEO,5,0,False
134541,0,110000.0,PhD,M,2,79934,engineering,reaches_CEO,5,0,False
86533,0,79000.0,Bachelor,F,2,102498,HR,reaches_CEO,5,0,False
125556,1,183000.0,Bachelor,M,3,12214,sales,reaches_CEO,5,0,False
196283,0,285000.0,Master,F,2,71945,engineering,reaches_CEO,5,0,False
43287,1,80000.0,Bachelor,M,3,16785,engineering,reaches_CEO,5,0,False
57181,1,170000.0,Master,M,3,120638,engineering,reaches_CEO,5,0,False
29218,1,334000.0,Master,M,5,126330,engineering,reaches_CEO,5,0,False
100976,0,266000.0,PhD,M,3,18939,sales,reaches_CEO,5,0,False
47938,0,252000.0,PhD,M,3,91124,sales,reaches_CEO,5,0,False
168191,0,255000.0,Master,F,5,69943,sales,reaches_CEO,5,0,False
123669,0,260000.0,High_School,M,2,79934,engineering,reaches_CEO,5,0,False
148230,0,161000.0,Master,F,1,99121,marketing,reaches_CEO,5,0,False
191097,0,139000.0,High_School,F,7,52923,sales,reaches_CEO,5,0,False
172625,0,120000.0,PhD,M,1,195165,engineering,reaches_CEO,5,0,False
56558,0,78000.0,High_School,F,1,47260,HR,reaches_CEO,5,0,False
123103,0,381000.0,PhD,M,14,72243,engineering,reaches_CEO,4,7,True
156020,0,164000.0,Master,M,7,94507,engineering,reaches_CEO,5,0,False
147859,0,150000.0,Master,M,1,53390,sales,reaches_CEO,5,0,False
194221,0,95000.0,Master,F,3,75045,marketing,reaches_CEO,5,0,False
12345,1,83000.0,PhD,M,2,191073,sales,reaches_CEO,5,0,False
109378,1,120000.0,High_School,M,1,90065,engineering,reaches_CEO,5,0,False
190683,0,149000.0,Bachelor,M,4,8856,marketing,reaches_CEO,5,0,False
27980,0,231000.0,PhD,M,2,102727,marketing,reaches_CEO,5,0,False
99556,0,75000.0,Bachelor,F,1,59327,HR,reaches_CEO,5,0,False
43858,1,191000.0,PhD,F,5,171351,engineering,reaches_CEO,4,9,True
118743,0,130000.0,Master,F,3,68998,marketing,reaches_CEO,5,0,False
20013,0,192000.0,PhD,M,3,128966,sales,reaches_CEO,5,0,False
143163,1,227000.0,PhD,F,4,198879,sales,reaches_CEO,5,0,False
2308,0,284000.0,Bachelor,M,15,84011,sales,reaches_CEO,3,3,True
59484,0,61000.0,PhD,F,6,4384,HR,reaches_CEO,5,0,False
113640,1,106000.0,PhD,F,4,56451,sales,reaches_CEO,5,0,False
139377,0,193000.0,PhD,M,7,87613,engineering,reaches_CEO,5,0,False
108467,0,194000.0,Bachelor,F,2,162518,sales,reaches_CEO,5,0,False
51210,0,120000.0,PhD,M,1,126368,sales,reaches_CEO,5,0,False
166146,0,68000.0,High_School,M,1,4259,engineering,reaches_CEO,5,0,False
120023,0,240000.0,Master,M,4,134944,sales,reaches_CEO,5,0,False
123791,0,246000.0,Bachelor,M,1,183528,engineering,reaches_CEO,5,0,False
17431,0,357000.0,Master,F,3,64724,marketing,reaches_CEO,5,0,False
3248,0,184000.0,Master,M,2,45803,sales,reaches_CEO,5,0,False
60121,0,354000.0,Master,F,21,109804,engineering,reaches_CEO,3,2,True
92188,0,125000.0,PhD,M,1,34714,sales,reaches_CEO,5,0,False
110343,1,270000.0,High_School,F,1,147249,engineering,reaches_CEO,5,0,False
173347,1,285000.0,PhD,M,3,193518,sales,reaches_CEO,5,0,False
197690,0,135000.0,High_School,M,1,168564,sales,reaches_CEO,5,0,False
85847,0,236000.0,Bachelor,M,2,60609,sales,reaches_CEO,5,0,False
169005,0,105000.0,Master,M,2,168742,sales,reaches_CEO,5,0,False
170004,0,153000.0,Bachelor,M,5,119964,marketing,reaches_CEO,5,0,False
51919,0,258000.0,Bachelor,M,5,175593,sales,reaches_CEO,5,0,False
151902,1,228000.0,High_School,F,4,103421,engineering,reaches_CEO,5,0,False
88033,1,303000.0,Master,M,3,91254,marketing,reaches_CEO,5,0,False
11186,0,238000.0,High_School,M,5,148865,sales,reaches_CEO,5,0,False
19325,1,142000.0,Bachelor,M,1,52313,sales,reaches_CEO,5,0,False
65235,0,152000.0,Bachelor,M,7,181996,engineering,reaches_CEO,5,0,False
95812,0,73000.0,High_School,F,1,172246,sales,reaches_CEO,5,0,False
171500,1,164000.0,Bachelor,M,3,57185,engineering,reaches_CEO,5,0,False
148188,0,283000.0,PhD,M,1,4394,marketing,reaches_CEO,5,0,False
138458,1,138000.0,Master,M,1,47863,engineering,reaches_CEO,5,0,False
141003,0,209000.0,High_School,M,5,127623,engineering,reaches_CEO,5,0,False
160799,0,150000.0,High_School,M,5,77844,sales,reaches_CEO,5,0,False
71438,0,215000.0,High_School,M,5,130834,engineering,reaches_CEO,5,0,False
89458,1,178000.0,Master,F,1,122145,engineering,reaches_CEO,5,0,False
194775,0,85000.0,PhD,F,1,100373,HR,reaches_CEO,5,0,False
76962,0,130000.0,Bachelor,F,4,129000,marketing,reaches_CEO,5,0,False
126532,0,146000.0,High_School,M,7,145710,engineering,reaches_CEO,5,0,False
57643,0,73000.0,High_School,M,6,119231,HR,reaches_CEO,5,0,False
175593,0,152000.0,Master,M,3,167941,sales,reaches_CEO,4,11,True
138402,0,380000.0,PhD,F,3,137369,sales,reaches_CEO,5,0,False
155578,0,96000.0,PhD,M,6,128511,engineering,reaches_CEO,5,0,False
97043,1,163000.0,Bachelor,F,3,115591,sales,reaches_CEO,5,0,False
23246,1,65000.0,PhD,M,3,5282,sales,reaches_CEO,5,0,False
75846,0,173000.0,Master,F,1,134671,sales,reaches_CEO,5,0,False
81293,0,79000.0,High_School,F,5,157931,engineering,reaches_CEO,5,0,False
24691,0,95000.0,Master,M,11,56068,sales,reaches_CEO,3,4,True
158154,1,153000.0,Master,F,3,51293,sales,reaches_CEO,5,0,False
154512,1,361000.0,Master,M,2,75860,engineering,reaches_CEO,5,0,False
21610,0,106000.0,Master,F,8,179929,sales,reaches_CEO,5,0,False
49407,1,188000.0,PhD,M,3,154170,engineering,reaches_CEO,5,0,False
61589,0,214000.0,High_School,M,3,183065,engineering,reaches_CEO,5,0,False
35932,0,264000.0,Master,M,1,161727,engineering,reaches_CEO,5,0,False
131228,0,87000.0,Bachelor,F,1,153412,marketing,reaches_CEO,5,0,False
80910,1,109000.0,PhD,M,2,179569,sales,reaches_CEO,5,0,False
146509,1,76000.0,PhD,M,1,161132,marketing,reaches_CEO,5,0,False
110091,1,185000.0,PhD,M,6,117030,engineering,reaches_CEO,4,16,True
61634,0,246000.0,Bachelor,M,1,108164,sales,reaches_CEO,5,0,False
102304,0,244000.0,PhD,M,1,146404,marketing,reaches_CEO,5,0,False
8968,0,62000.0,PhD,M,2,166591,sales,reaches_CEO,5,0,False
191913,0,78000.0,PhD,M,5,754,HR,reaches_CEO,5,0,False
98874,0,89000.0,PhD,F,3,180006,HR,reaches_CEO,5,0,False
116539,0,76000.0,High_School,F,3,37434,sales,reaches_CEO,5,0,False
96051,0,199000.0,PhD,F,2,52319,sales,reaches_CEO,5,0,False
193330,0,246000.0,Bachelor,M,10,162476,engineering,reaches_CEO,3,5,True
99336,0,67000.0,High_School,F,4,29508,HR,reaches_CEO,5,0,False
89311,0,254000.0,Master,M,1,71130,engineering,reaches_CEO,5,0,False
80045,0,74000.0,Bachelor,M,4,196490,HR,reaches_CEO,5,0,False
198882,1,207000.0,PhD,M,1,147819,sales,reaches_CEO,5,0,False
56153,0,315000.0,PhD,M,5,103014,engineering,reaches_CEO,5,0,False
118165,1,383000.0,PhD,M,1,167650,engineering,reaches_CEO,5,0,False
32217,0,243000.0,High_School,M,1,78997,engineering,reaches_CEO,5,0,False
160558,0,127000.0,PhD,M,7,172250,marketing,reaches_CEO,5,0,False
131134,0,312000.0,Bachelor,F,1,58522,engineering,reaches_CEO,5,0,False
74671,1,116000.0,Bachelor,F,2,94683,marketing,reaches_CEO,5,0,False
139266,0,191000.0,PhD,F,8,65883,marketing,reaches_CEO,5,0,False
164224,0,204000.0,Bachelor,M,1,134536,engineering,reaches_CEO,5,0,False
184934,0,203000.0,Bachelor,M,4,142685,sales,reaches_CEO,5,0,False
172599,0,130000.0,High_School,M,2,5222,sales,reaches_CEO,5,0,False
61768,0,101000.0,High_School,M,6,144401,sales,reaches_CEO,5,0,False
26241,0,75000.0,Bachelor,M,4,26183,sales,reaches_CEO,5,0,False
137912,0,233000.0,High_School,M,5,193621,sales,reaches_CEO,5,0,False
89092,0,228000.0,Bachelor,M,2,90639,marketing,reaches_CEO,5,0,False
127374,1,107000.0,PhD,M,3,168742,sales,reaches_CEO,5,0,False
157530,0,110000.0,Bachelor,M,5,71889,HR,reaches_CEO,3,1,True
67931,0,253000.0,Bachelor,M,13,119481,engineering,reaches_CEO,4,14,True
176205,0,81000.0,Bachelor,M,2,74170,sales,reaches_CEO,5,0,False
36939,1,339000.0,Bachelor,M,1,98558,engineering,reaches_CEO,5,0,False
121096,0,287000.0,Master,F,13,40920,marketing,reaches_CEO,3,1,True
144668,0,253000.0,PhD,M,3,108428,engineering,reaches_CEO,5,0,False
194005,1,140000.0,High_School,F,2,20828,marketing,reaches_CEO,5,0,False
75025,0,152000.0,PhD,F,1,129410,sales,reaches_CEO,5,0,False
128065,0,371000.0,Bachelor,M,14,192589,engineering,reaches_CEO,4,7,True
130139,0,278000.0,PhD,M,5,167389,sales,reaches_CEO,5,0,False
43738,0,270000.0,PhD,M,1,167650,engineering,reaches_CEO,5,0,False
154470,0,380000.0,Master,M,3,93223,engineering,reaches_CEO,5,0,False
189576,1,224000.0,Master,M,5,165442,sales,reaches_CEO,5,0,False
120151,0,66000.0,High_School,F,3,196660,sales,reaches_CEO,5,0,False
87716,0,80000.0,Master,F,3,88370,HR,reaches_CEO,5,0,False
187057,0,348000.0,Master,F,2,94030,sales,reaches_CEO,5,0,False
176519,0,126000.0,PhD,M,1,8193,engineering,reaches_CEO,5,0,False
75878,0,64000.0,Bachelor,F,2,17211,HR,reaches_CEO,5,0,False
172223,0,103000.0,PhD,M,1,113245,sales,reaches_CEO,5,0,False
42937,0,307000.0,High_School,M,1,55431,sales,reaches_CEO,5,0,False
155437,0,254000.0,PhD,M,13,119481,engineering,reaches_CEO,4,12,True
57185,1,352000.0,PhD,M,8,57693,engineering,reaches_CEO,4,13,True
41679,1,230000.0,Bachelor,M,1,80128,sales,reaches_CEO,5,0,False
73117,0,319000.0,Bachelor,M,2,198424,marketing,reaches_CEO,5,0,False
38528,1,141000.0,Bachelor,M,2,169223,engineering,reaches_CEO,5,0,False
79703,1,84000.0,High_School,M,2,168564,sales,reaches_CEO,5,0,False
89779,1,355000.0,Master,F,1,62043,engineering,reaches_CEO,5,0,False
138872,0,240000.0,Master,F,4,102712,sales,reaches_CEO,5,0,False
90405,0,225000.0,Master,F,5,65883,marketing,reaches_CEO,5,0,False
16083,0,86000.0,High_School,F,4,159638,HR,reaches_CEO,5,0,False
29836,0,186000.0,Master,M,2,8182,sales,reaches_CEO,5,0,False
187704,0,68000.0,Master,F,5,140838,HR,reaches_CEO,5,0,False
121025,0,82000.0,PhD,M,7,89837,marketing,reaches_CEO,5,0,False
195991,1,165000.0,PhD,M,1,79193,sales,reaches_CEO,5,0,False
22977,0,77000.0,High_School,F,5,41533,HR,reaches_CEO,4,9,True
67151,0,301000.0,Bachelor,F,3,49002,engineering,reaches_CEO,4,15,True
199810,1,324000.0,PhD,M,1,171499,engineering,reaches_CEO,5,0,False
87649,0,157000.0,Master,M,2,192132,marketing,reaches_CEO,5,0,False
127503,1,221000.0,PhD,M,4,162381,engineering,reaches_CEO,5,0,False
627,0,126000.0,Master,M,1,181886,sales,reaches_CEO,5,0,False
51168,0,119000.0,Master,M,7,193518,sales,reaches_CEO,5,0,False
134599,0,302000.0,PhD,F,3,127769,engineering,reaches_CEO,5,0,False
94454,1,83000.0,PhD,M,10,84011,sales,reaches_CEO,3,8,True
153953,1,108000.0,High_School,F,4,26183,sales,reaches_CEO,5,0,False
50066,1,98000.0,High_School,M,3,97422,HR,reaches_CEO,5,0,False
148623,0,85000.0,PhD,F,9,194904,HR,reaches_CEO,5,0,False
92918,0,147000.0,High_School,M,2,182028,engineering,reaches_CEO,5,0,False
61704,0,196000.0,High_School,M,3,53109,sales,reaches_CEO,5,0,False
63077,0,344000.0,Master,M,7,49727,sales,reaches_CEO,4,13,True
26214,0,133000.0,Bachelor,F,1,47748,HR,reaches_CEO,5,0,False
163330,0,69000.0,High_School,F,4,126515,HR,reaches_CEO,5,0,False
107833,0,82000.0,Master,F,3,1791,HR,reaches_CEO,5,0,False
191032,0,262000.0,PhD,M,1,111508,marketing,reaches_CEO,5,0,False
141012,0,88000.0,Master,F,2,179149,HR,reaches_CEO,5,0,False
167021,1,225000.0,PhD,M,5,149970,marketing,reaches_CEO,5,0,False
9554,0,183000.0,High_School,M,1,37124,sales,reaches_CEO,5,0,False
49116,0,94000.0,High_School,M,1,41808,HR,reaches_CEO,5,0,False
166577,1,90000.0,High_School,F,3,71987,HR,reaches_CEO,5,0,False
71264,1,317000.0,PhD,M,7,32159,sales,reaches_CEO,5,0,False
671,1,191000.0,High_School,M,2,136147,sales,reaches_CEO,5,0,False
150432,1,255000.0,Bachelor,M,1,181996,engineering,reaches_CEO,5,0,False
109029,0,201000.0,Bachelor,M,4,7255,engineering,reaches_CEO,5,0,False
86119,1,98000.0,Master,M,7,15768,HR,reaches_CEO,5,0,False
90696,0,305000.0,Bachelor,M,5,113578,marketing,reaches_CEO,5,0,False
139756,1,178000.0,High_School,M,3,79934,engineering,reaches_CEO,5,0,False
82225,0,280000.0,PhD,M,2,157966,marketing,reaches_CEO,5,0,False
57116,1,147000.0,Master,M,4,181311,sales,reaches_CEO,5,0,False
155778,1,217000.0,Bachelor,M,3,81490,sales,reaches_CEO,5,0,False
69175,1,167000.0,High_School,M,1,46178,engineering,reaches_CEO,5,0,False
58171,0,82000.0,Bachelor,M,2,53856,HR,reaches_CEO,5,0,False
110516,0,173000.0,Bachelor,M,6,184998,sales,reaches_CEO,5,0,False
114624,1,220000.0,Master,M,5,90237,sales,reaches_CEO,5,0,False
47339,0,60000.0,PhD,M,8,118506,HR,reaches_CEO,5,0,False
121714,0,66000.0,Master,F,5,41808,HR,reaches_CEO,5,0,False
6935,0,169000.0,Master,M,4,122762,sales,reaches_CEO,5,0,False
188611,1,231000.0,PhD,M,2,120638,engineering,reaches_CEO,5,0,False
117298,0,240000.0,PhD,M,5,199282,marketing,reaches_CEO,5,0,False
49002,0,178000.0,Master,F,12,109804,engineering,reaches_CEO,3,7,True
105542,0,360000.0,PhD,M,2,162889,marketing,reaches_CEO,4,10,True
109061,0,222000.0,Bachelor,F,3,175434,sales,reaches_CEO,5,0,False
132360,0,161000.0,Bachelor,M,10,120639,sales,reaches_CEO,4,13,True
129122,1,312000.0,High_School,M,1,189890,engineering,reaches_CEO,5,0,False
43365,0,112000.0,Bachelor,F,3,158609,sales,reaches_CEO,5,0,False
103958,0,108000.0,Bachelor,M,7,191073,sales,reaches_CEO,5,0,False
192705,1,215000.0,High_School,F,4,56451,sales,reaches_CEO,5,0,False
65237,1,192000.0,Master,M,2,67522,sales,reaches_CEO,5,0,False
106277,0,367000.0,Bachelor,M,2,84828,engineering,reaches_CEO,5,0,False
106004,0,61000.0,High_School,F,2,118506,HR,reaches_CEO,5,0,False
70667,0,204000.0,Bachelor,M,2,144927,sales,reaches_CEO,5,0,False
135380,1,79000.0,PhD,M,1,159838,marketing,reaches_CEO,5,0,False
20827,0,232000.0,Bachelor,M,3,102632,marketing,reaches_CEO,5,0,False
171340,1,98000.0,High_School,M,1,12214,sales,reaches_CEO,5,0,False
35443,0,118000.0,Bachelor,M,1,115765,HR,reaches_CEO,5,0,False
15849,1,169000.0,PhD,M,3,191083,marketing,reaches_CEO,5,0,False
179692,0,88000.0,PhD,F,2,169833,HR,reaches_CEO,5,0,False
150711,1,155000.0,Bachelor,M,3,81644,engineering,reaches_CEO,5,0,False
29952,1,179000.0,Master,M,5,70406,marketing,reaches_CEO,5,0,False
56276,1,253000.0,Bachelor,M,2,67151,engineering,reaches_CEO,5,0,False
135069,1,149000.0,Bachelor,M,7,177805,marketing,reaches_CEO,5,0,False
141088,1,293000.0,High_School,M,4,21377,sales,reaches_CEO,5,0,False
174541,0,79000.0,Master,F,3,104539,HR,reaches_CEO,5,0,False
115724,0,103000.0,PhD,F,7,61517,HR,reaches_CEO,5,0,False
21585,1,290000.0,Master,M,2,73649,sales,reaches_CEO,5,0,False
156627,1,126000.0,Bachelor,M,4,89523,sales,reaches_CEO,5,0,False
26618,0,202000.0,Master,F,7,52319,sales,reaches_CEO,5,0,False
130928,0,162000.0,Master,F,8,90639,marketing,reaches_CEO,5,0,False
67501,1,347000.0,Master,F,1,71115,engineering,reaches_CEO,5,0,False
76786,1,374000.0,Master,M,1,127275,engineering,reaches_CEO,5,0,False
161809,0,226000.0,PhD,F,5,54997,sales,reaches_CEO,5,0,False
121021,0,343000.0,Master,M,6,8182,sales,reaches_CEO,5,0,False
190414,0,66000.0,High_School,M,3,115765,HR,reaches_CEO,5,0,False
93969,0,90000.0,Master,F,5,125114,HR,reaches_CEO,5,0,False
192708,1,204000.0,Master,M,6,69200,sales,reaches_CEO,5,0,False
19213,0,153000.0,PhD,M,4,70819,engineering,reaches_CEO,5,0,False
160128,0,168000.0,Master,M,5,48742,engineering,reaches_CEO,5,0,False
197876,1,325000.0,PhD,M,7,11277,sales,reaches_CEO,2,5,True
100601,0,216000.0,PhD,M,2,71585,sales,reaches_CEO,5,0,False
126429,0,83000.0,Bachelor,F,2,43937,HR,reaches_CEO,5,0,False
170677,1,83000.0,Master,F,3,164501,HR,reaches_CEO,5,0,False
25605,1,150000.0,PhD,F,3,94030,sales,reaches_CEO,5,0,False
147555,0,93000.0,PhD,M,17,107152,engineering,reaches_CEO,3,3,True
162839,0,308000.0,PhD,F,1,54808,sales,reaches_CEO,5,0,False
178314,0,151000.0,Bachelor,F,8,115539,marketing,reaches_CEO,4,7,True
111537,0,111000.0,PhD,M,8,102815,sales,reaches_CEO,5,0,False
135111,1,156000.0,PhD,F,3,60489,marketing,reaches_CEO,5,0,False
121591,0,82000.0,Bachelor,M,1,53390,sales,reaches_CEO,5,0,False
95433,0,306000.0,Master,M,3,132683,engineering,reaches_CEO,5,0,False
122542,0,108000.0,High_School,M,4,4440,marketing,reaches_CEO,5,0,False
120632,0,337000.0,High_School,M,5,73663,marketing,reaches_CEO,5,0,False
80589,0,132000.0,Bachelor,M,4,194078,marketing,reaches_CEO,5,0,False
116660,0,89000.0,PhD,M,8,26053,HR,reaches_CEO,3,8,True
16358,1,349000.0,Bachelor,F,1,98967,marketing,reaches_CEO,5,0,False
192145,0,136000.0,PhD,F,5,145667,sales,reaches_CEO,4,12,True
134191,0,69000.0,Bachelor,M,4,168942,HR,reaches_CEO,5,0,False
136406,0,165000.0,Bachelor,M,5,101819,engineering,reaches_CEO,5,0,False
8103,0,142000.0,Bachelor,F,2,135848,marketing,reaches_CEO,5,0,False
178395,0,70000.0,Master,M,6,119302,HR,reaches_CEO,5,0,False
96793,1,357000.0,Master,M,2,68821,engineering,reaches_CEO,5,0,False
52117,0,65000.0,Master,F,6,135804,HR,reaches_CEO,5,0,False
30862,0,60000.0,Bachelor,F,4,85426,HR,reaches_CEO,5,0,False
187259,0,85000.0,High_School,M,2,95522,marketing,reaches_CEO,5,0,False
91357,0,107000.0,Master,F,8,127769,engineering,reaches_CEO,5,0,False
33031,1,314000.0,High_School,F,8,185976,engineering,reaches_CEO,5,0,False
68568,1,141000.0,PhD,M,7,83032,marketing,reaches_CEO,5,0,False
140542,0,301000.0,Master,F,3,2308,sales,reaches_CEO,4,10,True
1586,0,296000.0,High_School,M,4,96420,sales,reaches_CEO,5,0,False
48912,0,247000.0,PhD,M,7,171351,engineering,reaches_CEO,4,10,True
155936,0,85000.0,High_School,F,6,179149,HR,reaches_CEO,5,0,False
13465,1,202000.0,Master,M,8,168797,marketing,reaches_CEO,5,0,False
122285,1,318000.0,PhD,F,4,112750,engineering,reaches_CEO,5,0,False
167945,0,131000.0,Bachelor,M,2,92210,sales,reaches_CEO,5,0,False
85790,1,317000.0,PhD,F,1,122197,engineering,reaches_CEO,5,0,False
29427,1,288000.0,Bachelor,M,6,168564,sales,reaches_CEO,5,0,False
17952,0,63000.0,Master,F,1,194904,HR,reaches_CEO,5,0,False
14185,0,212000.0,PhD,M,1,152791,sales,reaches_CEO,5,0,False
14159,0,368000.0,High_School,F,1,176415,engineering,reaches_CEO,5,0,False
59353,1,148000.0,Bachelor,M,6,152076,engineering,reaches_CEO,4,11,True
78430,0,159000.0,Bachelor,M,4,89837,marketing,reaches_CEO,5,0,False
193336,1,373000.0,Bachelor,M,6,166928,engineering,reaches_CEO,5,0,False
159638,0,98000.0,PhD,F,9,116660,HR,reaches_CEO,4,12,True
114260,1,97000.0,Bachelor,M,6,53109,sales,reaches_CEO,5,0,False
93818,0,88000.0,Master,M,2,43858,engineering,reaches_CEO,5,0,False
134248,1,327000.0,PhD,F,4,115694,engineering,reaches_CEO,5,0,False
53627,0,103000.0,Master,M,3,754,HR,reaches_CEO,5,0,False
147749,0,287000.0,PhD,M,5,161132,marketing,reaches_CEO,5,0,False
11128,0,164000.0,Master,M,4,160289,sales,reaches_CEO,5,0,False
18445,1,214000.0,Bachelor,F,3,46997,sales,reaches_CEO,5,0,False
171883,0,149000.0,Bachelor,M,2,4421,sales,reaches_CEO,5,0,False
126304,1,299000.0,Master,M,1,55883,engineering,reaches_CEO,5,0,False
7636,0,281000.0,PhD,M,1,101484,engineering,reaches_CEO,5,0,False
44283,0,101000.0,High_School,M,7,180925,sales,reaches_CEO,5,0,False
10347,0,252000.0,PhD,M,5,30488,marketing,reaches_CEO,5,0,False
176931,0,184000.0,High_School,F,3,27393,sales,reaches_CEO,5,0,False
29673,0,317000.0,Bachelor,M,3,154170,engineering,reaches_CEO,5,0,False
142999,0,120000.0,Bachelor,M,4,164326,sales,reaches_CEO,5,0,False
92286,0,200000.0,PhD,M,5,166591,sales,reaches_CEO,5,0,False
22254,0,103000.0,Master,F,6,14465,HR,reaches_CEO,5,0,False
9830,1,372000.0,PhD,F,2,183065,engineering,reaches_CEO,5,0,False
143538,0,358000.0,Master,M,1,1610,engineering,reaches_CEO,5,0,False
56215,0,112000.0,Master,M,2,147783,sales,reaches_CEO,5,0,False
178661,0,161000.0,Master,M,4,143317,sales,reaches_CEO,5,0,False
137925,0,124000.0,Bachelor,M,4,30468,engineering,reaches_CEO,5,0,False
98095,0,237000.0,PhD,M,1,61038,sales,reaches_CEO,5,0,False
4110,1,68000.0,PhD,M,13,94454,sales,reaches_CEO,4,18,True
71585,0,281000.0,Master,F,13,65174,sales,reaches_CEO,4,10,True
36075,0,265000.0,Master,M,16,11277,sales,reaches_CEO,2,4,True
196050,0,73000.0,Master,F,8,180006,HR,reaches_CEO,5,0,False
183547,0,215000.0,PhD,M,2,130834,engineering,reaches_CEO,5,0,False
145228,0,73000.0,PhD,F,2,64087,HR,reaches_CEO,5,0,False
129839,0,105000.0,Bachelor,M,7,126515,HR,reaches_CEO,5,0,False
86130,1,151000.0,High_School,M,1,12649,engineering,reaches_CEO,5,0,False
164612,0,115000.0,PhD,F,2,104759,HR,reaches_CEO,5,0,False
194565,1,299000.0,PhD,F,5,29410,engineering,reaches_CEO,5,0,False
23108,1,142000.0,Bachelor,F,3,79237,marketing,reaches_CEO,5,0,False
57569,1,288000.0,Bachelor,M,1,107493,engineering,reaches_CEO,5,0,False
58893,0,324000.0,Bachelor,M,5,64750,engineering,reaches_CEO,5,0,False
70840,0,110000.0,PhD,F,1,187053,engineering,reaches_CEO,5,0,False
93998,0,399000.0,Master,M,2,101484,engineering,reaches_CEO,5,0,False
74149,0,84000.0,Bachelor,F,3,168415,HR,reaches_CEO,5,0,False
109541,1,166000.0,Bachelor,M,1,152960,sales,reaches_CEO,5,0,False
142685,1,362000.0,Master,M,7,157492,sales,reaches_CEO,4,16,True
48352,0,336000.0,Bachelor,M,7,161284,engineering,reaches_CEO,4,13,True
18154,0,121000.0,High_School,F,1,172541,HR,reaches_CEO,5,0,False
196156,0,140000.0,PhD,F,4,41991,sales,reaches_CEO,5,0,False
48547,1,102000.0,PhD,F,1,84230,marketing,reaches_CEO,5,0,False
167310,0,292000.0,Master,M,3,140542,sales,reaches_CEO,5,0,False
167100,0,154000.0,Bachelor,F,2,37434,sales,reaches_CEO,5,0,False
181841,1,386000.0,PhD,M,1,116774,engineering,reaches_CEO,5,0,False
41178,0,72000.0,Master,M,1,29749,HR,reaches_CEO,5,0,False
169382,0,83000.0,High_School,F,4,77556,HR,reaches_CEO,5,0,False
148676,0,199000.0,Master,M,3,134536,engineering,reaches_CEO,5,0,False
59179,0,77000.0,PhD,M,2,104759,HR,reaches_CEO,5,0,False
189388,0,211000.0,Master,M,1,102026,sales,reaches_CEO,5,0,False
15932,1,301000.0,Bachelor,M,2,54315,sales,reaches_CEO,5,0,False
137504,0,176000.0,PhD,M,6,149245,marketing,reaches_CEO,5,0,False
168773,0,278000.0,PhD,M,6,110508,engineering,reaches_CEO,5,0,False
8812,0,74000.0,Master,F,6,171266,HR,reaches_CEO,4,16,True
154572,1,91000.0,High_School,M,1,8182,sales,reaches_CEO,5,0,False
150863,0,63000.0,Bachelor,M,4,48730,marketing,reaches_CEO,5,0,False
74783,1,383000.0,PhD,M,3,16785,engineering,reaches_CEO,5,0,False
33704,1,185000.0,High_School,M,4,182038,sales,reaches_CEO,5,0,False
1961,0,169000.0,High_School,M,4,68821,engineering,reaches_CEO,5,0,False
88176,0,131000.0,Bachelor,M,7,73663,marketing,reaches_CEO,5,0,False
5060,0,348000.0,High_School,F,4,157931,engineering,reaches_CEO,5,0,False
118344,1,276000.0,PhD,F,2,162518,sales,reaches_CEO,5,0,False
169623,1,258000.0,High_School,M,1,158609,sales,reaches_CEO,5,0,False
167326,1,124000.0,High_School,M,3,124186,marketing,reaches_CEO,5,0,False
174632,0,283000.0,PhD,F,5,59705,sales,reaches_CEO,5,0,False
142963,0,157000.0,Master,M,3,87707,sales,reaches_CEO,5,0,False
150194,0,301000.0,PhD,F,10,132307,engineering,reaches_CEO,4,9,True
153418,1,90000.0,PhD,M,1,67151,engineering,reaches_CEO,5,0,False
29661,0,157000.0,PhD,M,3,191495,sales,reaches_CEO,5,0,False
50445,0,227000.0,Bachelor,M,2,8856,marketing,reaches_CEO,5,0,False
129098,1,137000.0,Bachelor,M,3,190065,marketing,reaches_CEO,5,0,False
125960,0,239000.0,PhD,M,2,130449,sales,reaches_CEO,5,0,False
30712,0,79000.0,Bachelor,M,3,60489,marketing,reaches_CEO,5,0,False
70688,0,70000.0,Master,F,3,194904,HR,reaches_CEO,5,0,False
34980,0,105000.0,Master,M,2,127769,engineering,reaches_CEO,5,0,False
23338,0,162000.0,PhD,M,3,176415,engineering,reaches_CEO,5,0,False
50408,0,288000.0,Master,M,2,152960,sales,reaches_CEO,5,0,False
156614,0,202000.0,High_School,M,9,95522,marketing,reaches_CEO,5,0,False
8473,0,60000.0,Bachelor,M,23,26053,HR,reaches_CEO,3,0,False
117545,0,292000.0,PhD,M,7,67151,engineering,reaches_CEO,5,0,False
76270,1,274000.0,Master,F,2,191485,sales,reaches_CEO,5,0,False
64895,1,209000.0,Bachelor,F,2,109254,sales,reaches_CEO,5,0,False
195882,0,79000.0,Bachelor,F,2,47260,HR,reaches_CEO,5,0,False
112440,0,62000.0,High_School,M,5,112245,sales,reaches_CEO,5,0,False
148916,0,207000.0,PhD,F,4,45803,sales,reaches_CEO,5,0,False
142156,0,106000.0,Bachelor,M,5,98419,marketing,reaches_CEO,5,0,False
46407,1,129000.0,PhD,F,4,162196,engineering,reaches_CEO,5,0,False
123717,0,234000.0,Bachelor,F,2,119991,engineering,reaches_CEO,5,0,False
116022,1,377000.0,Master,F,2,94507,engineering,reaches_CEO,5,0,False
187192,1,286000.0,PhD,M,1,57938,engineering,reaches_CEO,5,0,False
195057,0,139000.0,Master,F,3,190060,sales,reaches_CEO,5,0,False
23183,0,270000.0,PhD,M,1,89523,sales,reaches_CEO,5,0,False
185390,1,238000.0,PhD,M,2,194078,marketing,reaches_CEO,5,0,False
115349,1,146000.0,PhD,M,5,41945,sales,reaches_CEO,4,5,True
69728,0,283000.0,Master,M,14,51535,engineering,reaches_CEO,2,8,True
103220,0,366000.0,High_School,M,2,109254,sales,reaches_CEO,5,0,False
95334,1,83000.0,PhD,F,5,75705,HR,reaches_CEO,5,0,False
45381,0,125000.0,Master,M,3,198403,sales,reaches_CEO,5,0,False
126058,0,79000.0,PhD,M,1,32405,HR,reaches_CEO,5,0,False
143357,0,89000.0,PhD,F,4,47748,HR,reaches_CEO,5,0,False
152960,0,264000.0,High_School,F,7,157492,sales,reaches_CEO,4,9,True
148225,0,222000.0,Master,M,1,122197,engineering,reaches_CEO,5,0,False
197898,1,190000.0,PhD,M,2,77670,sales,reaches_CEO,5,0,False
153821,0,70000.0,Master,F,2,107694,HR,reaches_CEO,5,0,False
28478,0,90000.0,Master,F,3,47260,HR,reaches_CEO,5,0,False
86648,0,149000.0,PhD,M,4,165442,sales,reaches_CEO,5,0,False
27326,0,109000.0,PhD,M,2,54315,sales,reaches_CEO,5,0,False
169253,0,155000.0,Bachelor,F,2,157966,marketing,reaches_CEO,5,0,False
113281,0,196000.0,High_School,M,1,167921,engineering,reaches_CEO,5,0,False
36525,0,70000.0,Master,M,1,53826,HR,reaches_CEO,5,0,False
174687,1,221000.0,PhD,M,3,95609,sales,reaches_CEO,5,0,False
21212,1,141000.0,Master,F,2,126368,sales,reaches_CEO,5,0,False
153747,0,72000.0,Bachelor,F,5,11507,HR,reaches_CEO,5,0,False
181886,0,136000.0,Bachelor,M,4,181201,sales,reaches_CEO,4,11,True
1222,0,213000.0,High_School,M,5,171499,engineering,reaches_CEO,5,0,False
112701,1,161000.0,PhD,F,5,177772,marketing,reaches_CEO,5,0,False
48344,1,296000.0,High_School,F,3,1651,engineering,reaches_CEO,5,0,False
194072,0,200000.0,Bachelor,M,1,75242,engineering,reaches_CEO,5,0,False
85046,0,60000.0,PhD,F,4,130135,HR,reaches_CEO,5,0,False
153838,1,278000.0,PhD,F,5,21470,marketing,reaches_CEO,5,0,False
1020,0,388000.0,Master,M,4,159098,engineering,reaches_CEO,5,0,False
36968,1,102000.0,PhD,F,1,130135,HR,reaches_CEO,5,0,False
70906,0,70000.0,Bachelor,F,5,29508,HR,reaches_CEO,5,0,False
157609,0,171000.0,High_School,F,2,142685,sales,reaches_CEO,5,0,False
14443,0,309000.0,Bachelor,F,5,145710,engineering,reaches_CEO,5,0,False
166089,0,139000.0,PhD,M,1,53390,sales,reaches_CEO,5,0,False
139631,0,164000.0,Bachelor,M,3,8182,sales,reaches_CEO,5,0,False
53559,0,154000.0,Master,M,4,68821,engineering,reaches_CEO,5,0,False
83542,1,154000.0,PhD,F,5,48690,sales,reaches_CEO,5,0,False
155603,0,142000.0,PhD,M,5,37220,engineering,reaches_CEO,5,0,False
148989,0,193000.0,High_School,F,8,127623,engineering,reaches_CEO,5,0,False
30332,0,60000.0,Master,M,2,119231,HR,reaches_CEO,5,0,False
161048,1,144000.0,PhD,M,3,134982,sales,reaches_CEO,5,0,False
121612,0,159000.0,PhD,F,3,132026,marketing,reaches_CEO,5,0,False
143447,0,186000.0,Master,M,2,54997,sales,reaches_CEO,5,0,False
181733,0,86000.0,Master,F,4,169833,HR,reaches_CEO,5,0,False
40371,0,225000.0,PhD,F,2,115591,sales,reaches_CEO,5,0,False
129471,0,120000.0,High_School,M,4,113578,marketing,reaches_CEO,5,0,False
144003,0,111000.0,Bachelor,F,4,197896,HR,reaches_CEO,5,0,False
97535,0,245000.0,Bachelor,F,2,148236,sales,reaches_CEO,5,0,False
46589,1,154000.0,PhD,M,1,189038,engineering,reaches_CEO,5,0,False
75461,0,160000.0,Bachelor,M,3,98931,marketing,reaches_CEO,5,0,False
46894,0,146000.0,Bachelor,M,3,56316,sales,reaches_CEO,5,0,False
63976,1,60000.0,Master,F,3,96664,marketing,reaches_CEO,5,0,False
23065,0,321000.0,PhD,F,6,171940,marketing,reaches_CEO,5,0,False
50300,0,221000.0,High_School,M,5,166729,marketing,reaches_CEO,5,0,False
151256,0,195000.0,PhD,F,2,43602,engineering,reaches_CEO,5,0,False
69217,0,326000.0,Master,M,2,69345,sales,reaches_CEO,5,0,False
179398,0,377000.0,High_School,F,3,79807,engineering,reaches_CEO,5,0,False
60407,0,233000.0,Bachelor,M,2,42096,sales,reaches_CEO,5,0,False
125076,0,78000.0,Bachelor,M,2,169833,HR,reaches_CEO,5,0,False
190748,0,172000.0,Master,F,2,102815,sales,reaches_CEO,5,0,False
44998,0,109000.0,PhD,M,1,26505,marketing,reaches_CEO,5,0,False
37880,0,204000.0,Master,M,1,109254,sales,reaches_CEO,5,0,False
196871,0,281000.0,Bachelor,F,3,8711,marketing,reaches_CEO,5,0,False
130153,0,70000.0,Master,M,2,102712,sales,reaches_CEO,5,0,False
120878,0,316000.0,Bachelor,F,1,69463,marketing,reaches_CEO,5,0,False
145823,1,320000.0,High_School,M,2,167921,engineering,reaches_CEO,5,0,False
164439,0,175000.0,PhD,M,3,191391,marketing,reaches_CEO,4,9,True
160214,0,365000.0,Bachelor,F,7,78516,sales,reaches_CEO,5,0,False
11915,0,62000.0,High_School,M,6,742,HR,reaches_CEO,5,0,False
21378,0,329000.0,Master,F,9,1808,engineering,reaches_CEO,5,0,False
18831,0,257000.0,High_School,M,1,156010,engineering,reaches_CEO,5,0,False
168218,0,211000.0,High_School,M,2,71115,engineering,reaches_CEO,5,0,False
82736,0,314000.0,Bachelor,M,3,101819,engineering,reaches_CEO,5,0,False
105999,0,276000.0,High_School,F,2,113245,sales,reaches_CEO,5,0,False
1114,0,163000.0,PhD,F,5,168342,engineering,reaches_CEO,5,0,False
187492,0,279000.0,Master,F,4,1050,engineering,reaches_CEO,5,0,False
63436,0,217000.0,PhD,M,2,92210,sales,reaches_CEO,5,0,False
131640,1,281000.0,Master,F,1,81490,sales,reaches_CEO,5,0,False
51788,1,305000.0,High_School,M,4,172250,marketing,reaches_CEO,5,0,False
185516,0,271000.0,PhD,M,4,82657,sales,reaches_CEO,5,0,False
196368,0,246000.0,PhD,M,1,93223,engineering,reaches_CEO,5,0,False
153261,0,64000.0,Bachelor,M,1,742,HR,reaches_CEO,5,0,False
89806,0,84000.0,Master,F,1,5889,HR,reaches_CEO,5,0,False
85324,0,314000.0,Bachelor,M,2,168905,engineering,reaches_CEO,5,0,False
27766,0,133000.0,Bachelor,M,4,129000,marketing,reaches_CEO,5,0,False
123169,0,80000.0,Bachelor,M,4,193818,HR,reaches_CEO,5,0,False
24968,1,74000.0,Master,M,2,191495,sales,reaches_CEO,5,0,False
20323,0,175000.0,High_School,M,2,134658,sales,reaches_CEO,5,0,False
129410,0,309000.0,High_School,M,13,3917,sales,reaches_CEO,4,14,True
59749,0,60000.0,Master,M,3,33665,HR,reaches_CEO,5,0,False
177978,0,213000.0,Master,M,4,198814,marketing,reaches_CEO,5,0,False
186728,0,267000.0,Master,F,2,94030,sales,reaches_CEO,5,0,False
185824,0,120000.0,PhD,F,9,5374,sales,reaches_CEO,5,0,False
166912,0,280000.0,PhD,M,4,24979,marketing,reaches_CEO,5,0,False
99363,0,75000.0,Bachelor,F,4,132192,HR,reaches_CEO,5,0,False
11177,0,74000.0,Master,F,1,52923,sales,reaches_CEO,5,0,False
5104,0,93000.0,High_School,M,4,119231,HR,reaches_CEO,5,0,False
168722,0,294000.0,High_School,M,7,19524,marketing,reaches_CEO,5,0,False
74324,0,257000.0,Master,F,7,121527,marketing,reaches_CEO,5,0,False
14567,0,382000.0,Master,M,5,114572,marketing,reaches_CEO,5,0,False
151092,0,195000.0,Bachelor,F,4,79934,engineering,reaches_CEO,5,0,False
156473,0,265000.0,Master,M,5,149970,marketing,reaches_CEO,5,0,False
95883,0,202000.0,PhD,M,5,154292,engineering,reaches_CEO,5,0,False
155674,0,165000.0,High_School,F,3,65126,marketing,reaches_CEO,5,0,False
26073,0,98000.0,Master,M,3,142630,HR,reaches_CEO,5,0,False
174604,0,93000.0,PhD,F,1,128966,sales,reaches_CEO,5,0,False
55261,0,307000.0,Bachelor,M,4,81111,engineering,reaches_CEO,5,0,False
84604,0,302000.0,PhD,M,6,83032,marketing,reaches_CEO,5,0,False
193115,1,132000.0,Bachelor,M,4,8663,sales,reaches_CEO,5,0,False
14249,0,77000.0,PhD,M,4,121527,marketing,reaches_CEO,5,0,False
72227,0,178000.0,Master,M,1,193518,sales,reaches_CEO,5,0,False
